[
{
  "model": "automation.automationevent",
  "pk": "04cd0957-079a-41c9-b365-c78ea8ae587e",
  "fields": {
    "created": "2016-11-21T19:16:25.749Z",
    "modified": "2016-11-21T19:16:25.749Z",
    "deleted": null,
    "key": "automation.event.ticket_status_deferred"
  }
},
{
  "model": "automation.automationevent",
  "pk": "08d66131-b51f-468f-9328-c7daf734d606",
  "fields": {
    "created": "2016-11-21T19:16:25.734Z",
    "modified": "2016-11-21T19:16:25.734Z",
    "deleted": null,
    "key": "automation.event.ticket_attachment_add"
  }
},
{
  "model": "automation.automationevent",
  "pk": "28b85d1b-adb5-47f0-a9c7-08ad3a709be6",
  "fields": {
    "created": "2016-11-21T19:16:25.757Z",
    "modified": "2016-11-21T19:16:25.757Z",
    "deleted": null,
    "key": "automation.event.ticket_status_unsatisfactory"
  }
},
{
  "model": "automation.automationevent",
  "pk": "2c60a3a5-94e6-4086-aad7-686e442795b4",
  "fields": {
    "created": "2016-11-21T19:16:25.754Z",
    "modified": "2016-11-21T19:16:25.754Z",
    "deleted": null,
    "key": "automation.event.ticket_status_new"
  }
},
{
  "model": "automation.automationevent",
  "pk": "2ff479e6-718e-4d1f-83fd-4017b58c1529",
  "fields": {
    "created": "2016-11-21T19:16:25.755Z",
    "modified": "2016-11-21T19:16:25.755Z",
    "deleted": null,
    "key": "automation.event.ticket_status_pending"
  }
},
{
  "model": "automation.automationevent",
  "pk": "394acaca-1615-4ca0-a39a-0502e935519d",
  "fields": {
    "created": "2016-11-21T19:16:25.738Z",
    "modified": "2016-11-21T19:16:25.738Z",
    "deleted": null,
    "key": "automation.event.ticket_cc_add"
  }
},
{
  "model": "automation.automationevent",
  "pk": "80a13d7d-fa10-461b-9d0e-9aa6c441fdf1",
  "fields": {
    "created": "2016-11-21T19:16:25.736Z",
    "modified": "2016-11-21T19:16:25.736Z",
    "deleted": null,
    "key": "automation.event.ticket_category_change"
  }
},
{
  "model": "automation.automationevent",
  "pk": "902b7daf-6a8c-4c12-a222-53927bffde29",
  "fields": {
    "created": "2016-11-21T19:16:25.746Z",
    "modified": "2016-11-21T19:16:25.746Z",
    "deleted": null,
    "key": "automation.event.ticket_status_cancelled"
  }
},
{
  "model": "automation.automationevent",
  "pk": "96fa4038-faaa-4734-8712-be1ba03f2c94",
  "fields": {
    "created": "2016-11-21T19:16:25.744Z",
    "modified": "2016-11-21T19:16:25.744Z",
    "deleted": null,
    "key": "automation.event.ticket_priority_change"
  }
},
{
  "model": "automation.automationevent",
  "pk": "af77c603-aaac-4865-8717-3e52a07386ea",
  "fields": {
    "created": "2016-11-21T19:16:25.752Z",
    "modified": "2016-11-21T19:16:25.752Z",
    "deleted": null,
    "key": "automation.event.ticket_status_in_progress"
  }
},
{
  "model": "automation.automationevent",
  "pk": "c4d113e4-eaaf-4b93-be2f-c6e3cd56a231",
  "fields": {
    "created": "2016-11-21T19:16:25.751Z",
    "modified": "2016-11-21T19:16:25.751Z",
    "deleted": null,
    "key": "automation.event.ticket_status_denied"
  }
},
{
  "model": "automation.automationevent",
  "pk": "ce39c0ad-3687-47b1-bb1c-5d8dcc1f646a",
  "fields": {
    "created": "2016-11-21T19:16:25.740Z",
    "modified": "2016-11-21T19:16:25.740Z",
    "deleted": null,
    "key": "automation.event.ticket_comment"
  }
},
{
  "model": "automation.automationevent",
  "pk": "d3727ba2-e8e9-4e5e-a9ec-0b209fbb29fc",
  "fields": {
    "created": "2016-11-21T19:16:25.748Z",
    "modified": "2016-11-21T19:16:25.748Z",
    "deleted": null,
    "key": "automation.event.ticket_status_complete"
  }
},
{
  "model": "automation.automationevent",
  "pk": "d95f8d61-1683-410e-8bcc-7a51148c9cfb",
  "fields": {
    "created": "2016-11-21T19:16:25.741Z",
    "modified": "2016-11-21T19:16:25.741Z",
    "deleted": null,
    "key": "automation.event.ticket_location_change"
  }
},
{
  "model": "automation.automationevent",
  "pk": "f564554f-8f59-482f-834b-04ed4a29b871",
  "fields": {
    "created": "2016-11-21T19:16:25.731Z",
    "modified": "2016-11-21T19:16:25.731Z",
    "deleted": null,
    "key": "automation.event.ticket_assignee_change"
  }
},
{
  "model": "automation.automationactiontype",
  "pk": "45a0bbf2-58c0-494f-9518-9235ae13cb5b",
  "fields": {
    "created": "2016-11-21T19:16:25.766Z",
    "modified": "2016-11-21T19:16:25.766Z",
    "deleted": null,
    "key": "automation.actions.ticket_priority"
  }
},
{
  "model": "automation.automationactiontype",
  "pk": "8ddf44b9-32ad-4b0e-bf5c-ec1432aef323",
  "fields": {
    "created": "2016-11-21T19:16:25.758Z",
    "modified": "2016-11-21T19:16:25.759Z",
    "deleted": null,
    "key": "automation.actions.ticket_assignee"
  }
},
{
  "model": "automation.automationactiontype",
  "pk": "a5df8003-f891-4802-92e0-6d4f6c763658",
  "fields": {
    "created": "2016-11-21T19:16:25.763Z",
    "modified": "2016-11-21T19:16:25.763Z",
    "deleted": null,
    "key": "automation.actions.send_sms"
  }
},
{
  "model": "automation.automationactiontype",
  "pk": "b00924d5-33f7-46b3-9fb0-61cc10ff3af3",
  "fields": {
    "created": "2016-11-21T19:16:25.769Z",
    "modified": "2016-11-21T19:16:25.769Z",
    "deleted": null,
    "key": "automation.actions.ticket_status"
  }
},
{
  "model": "automation.automationactiontype",
  "pk": "e21cda88-8ba5-4fda-9da6-92a64e565830",
  "fields": {
    "created": "2016-11-21T19:16:25.764Z",
    "modified": "2016-11-21T19:16:25.764Z",
    "deleted": null,
    "key": "automation.actions.ticket_cc"
  }
},
{
  "model": "automation.automationactiontype",
  "pk": "f18bef50-fa39-47ce-850c-a228d9336964",
  "fields": {
    "created": "2016-11-21T19:16:25.767Z",
    "modified": "2016-11-21T19:16:25.768Z",
    "deleted": null,
    "key": "automation.actions.ticket_request"
  }
},
{
  "model": "automation.automationactiontype",
  "pk": "f8dd1191-66a4-46c1-984c-3d7f7defaa00",
  "fields": {
    "created": "2016-11-21T19:16:25.760Z",
    "modified": "2016-11-21T19:16:25.761Z",
    "deleted": null,
    "key": "automation.actions.send_email"
  }
},
{
  "model": "automation.automationaction",
  "pk": "0231fa48-16eb-4747-bfa6-7d274231e629",
  "fields": {
    "created": "2016-11-21T19:16:26.363Z",
    "modified": "2016-11-21T19:16:26.364Z",
    "deleted": null,
    "type": "f8dd1191-66a4-46c1-984c-3d7f7defaa00",
    "automation": "8ce3fc0b-f89b-47fa-88f6-ffbd7dd02854",
    "content": {
      "body": "bar",
      "recipients": [
        {
          "id": "040530c4-ce6c-4724-9cfd-37a16e787019",
          "type": "person"
        },
        {
          "id": "27b2ea4b-368d-4314-ae65-bb9270a912ad",
          "type": "role"
        }
      ],
      "subject": "foo"
    }
  }
},
{
  "model": "automation.automationaction",
  "pk": "092e6db1-750c-40df-8b88-a0f979647961",
  "fields": {
    "created": "2016-11-21T19:16:25.878Z",
    "modified": "2016-11-21T19:16:25.878Z",
    "deleted": null,
    "type": "8ddf44b9-32ad-4b0e-bf5c-ec1432aef323",
    "automation": "c6324065-23f1-41f3-a3d2-1801d5983713",
    "content": {
      "assignee": "040530c4-ce6c-4724-9cfd-37a16e787163"
    }
  }
},
{
  "model": "automation.automationaction",
  "pk": "2e87d48a-b637-4048-a605-deeb95fdf207",
  "fields": {
    "created": "2016-11-21T19:16:26.303Z",
    "modified": "2016-11-21T19:16:26.303Z",
    "deleted": null,
    "type": "8ddf44b9-32ad-4b0e-bf5c-ec1432aef323",
    "automation": "a75fabe5-58e1-4471-8d2a-23b70b1416dc",
    "content": {
      "assignee": "040530c4-ce6c-4724-9cfd-37a16e787012"
    }
  }
},
{
  "model": "automation.automationaction",
  "pk": "4099ed81-381b-4c31-af4c-911e9959256f",
  "fields": {
    "created": "2016-11-21T19:16:26.525Z",
    "modified": "2016-11-21T19:16:26.525Z",
    "deleted": null,
    "type": "e21cda88-8ba5-4fda-9da6-92a64e565830",
    "automation": "c65ad17d-43c8-49dc-a729-c6307d1e26cc",
    "content": {
      "ccs": [
        "040530c4-ce6c-4724-9cfd-37a16e787180"
      ]
    }
  }
},
{
  "model": "automation.automationaction",
  "pk": "6a6bdebd-8f30-4f55-a71d-629d94fb8242",
  "fields": {
    "created": "2016-11-21T19:16:26.221Z",
    "modified": "2016-11-21T19:16:26.222Z",
    "deleted": null,
    "type": "8ddf44b9-32ad-4b0e-bf5c-ec1432aef323",
    "automation": "2276684a-04d8-4e04-947f-280f42fe8208",
    "content": {
      "assignee": "040530c4-ce6c-4724-9cfd-37a16e787066"
    }
  }
},
{
  "model": "automation.automationaction",
  "pk": "79003e8b-fece-42c7-8127-10c2d9e18a10",
  "fields": {
    "created": "2016-11-21T19:16:26.424Z",
    "modified": "2016-11-21T19:16:26.424Z",
    "deleted": null,
    "type": "a5df8003-f891-4802-92e0-6d4f6c763658",
    "automation": "89a205cb-81f0-43e3-9ba3-7f75e13dd65f",
    "content": {
      "body": "bar",
      "recipients": [
        {
          "id": "040530c4-ce6c-4724-9cfd-37a16e787074",
          "type": "person"
        },
        {
          "id": "27b2ea4b-368d-4314-ae65-bb9270a912ad",
          "type": "role"
        }
      ]
    }
  }
},
{
  "model": "automation.automationaction",
  "pk": "96996ca5-dea1-4460-aca4-814cdfe50a94",
  "fields": {
    "created": "2016-11-21T19:16:26.050Z",
    "modified": "2016-11-21T19:16:26.051Z",
    "deleted": null,
    "type": "8ddf44b9-32ad-4b0e-bf5c-ec1432aef323",
    "automation": "168f4d65-8b88-49c4-888d-7d439179d9e6",
    "content": {
      "assignee": "040530c4-ce6c-4724-9cfd-37a16e787060"
    }
  }
},
{
  "model": "automation.automationaction",
  "pk": "c67cb49e-0db0-42a8-82ac-fcb27f4af39d",
  "fields": {
    "created": "2016-11-21T19:16:26.438Z",
    "modified": "2016-11-21T19:16:26.438Z",
    "deleted": null,
    "type": "45a0bbf2-58c0-494f-9518-9235ae13cb5b",
    "automation": "e1feba6b-fb17-4569-b159-6e856e18fa74",
    "content": {
      "priority": "048530c4-ce6c-4724-9cfd-37a16e787003"
    }
  }
},
{
  "model": "automation.automationaction",
  "pk": "e7c41c34-74d4-4da2-bbfa-0b2ef242e11a",
  "fields": {
    "created": "2016-11-21T19:16:26.157Z",
    "modified": "2016-11-21T19:16:26.157Z",
    "deleted": null,
    "type": "8ddf44b9-32ad-4b0e-bf5c-ec1432aef323",
    "automation": "717db999-c1ea-42e6-980a-79764e319356",
    "content": {
      "assignee": "040530c4-ce6c-4724-9cfd-37a16e787182"
    }
  }
},
{
  "model": "automation.automationaction",
  "pk": "eb421d41-ce69-489b-80ca-bf506b7364a5",
  "fields": {
    "created": "2016-11-21T19:16:26.467Z",
    "modified": "2016-11-21T19:16:26.467Z",
    "deleted": null,
    "type": "f18bef50-fa39-47ce-850c-a228d9336964",
    "automation": "faa70748-a089-4f4f-983f-ee7f83088e7a",
    "content": {
      "request": "foo"
    }
  }
},
{
  "model": "automation.automationaction",
  "pk": "ec20c209-13fd-4bc4-803d-8619f1d76902",
  "fields": {
    "created": "2016-11-21T19:16:25.945Z",
    "modified": "2016-11-21T19:16:25.945Z",
    "deleted": null,
    "type": "8ddf44b9-32ad-4b0e-bf5c-ec1432aef323",
    "automation": "0779361a-4386-440a-a719-5dbb774ae5ac",
    "content": {
      "assignee": "040530c4-ce6c-4724-9cfd-37a16e787138"
    }
  }
},
{
  "model": "automation.automationaction",
  "pk": "f0927f2b-24a1-4755-82f0-f22383d926c9",
  "fields": {
    "created": "2016-11-21T19:16:26.452Z",
    "modified": "2016-11-21T19:16:26.452Z",
    "deleted": null,
    "type": "b00924d5-33f7-46b3-9fb0-61cc10ff3af3",
    "automation": "bebc9126-bc03-470a-a06d-4d03a9efbca8",
    "content": {
      "status": "051530c4-ce6c-4724-9cfd-37a16e787001"
    }
  }
},
{
  "model": "automation.automation",
  "pk": "0779361a-4386-440a-a719-5dbb774ae5ac",
  "fields": {
    "created": "2016-11-21T19:16:25.892Z",
    "modified": "2016-11-21T19:16:26.233Z",
    "deleted": null,
    "tenant": "037530c4-ce6c-4724-9cfd-37a16e787001",
    "description": "admin.placeholder.category_filter_select",
    "events": [
      "2c60a3a5-94e6-4086-aad7-686e442795b4"
    ]
  }
},
{
  "model": "automation.automation",
  "pk": "168f4d65-8b88-49c4-888d-7d439179d9e6",
  "fields": {
    "created": "2016-11-21T19:16:25.957Z",
    "modified": "2016-11-21T19:16:26.230Z",
    "deleted": null,
    "tenant": "037530c4-ce6c-4724-9cfd-37a16e787001",
    "description": "location",
    "events": [
      "2c60a3a5-94e6-4086-aad7-686e442795b4"
    ]
  }
},
{
  "model": "automation.automation",
  "pk": "2276684a-04d8-4e04-947f-280f42fe8208",
  "fields": {
    "created": "2016-11-21T19:16:26.172Z",
    "modified": "2016-11-21T19:16:26.241Z",
    "deleted": null,
    "tenant": "037530c4-ce6c-4724-9cfd-37a16e787001",
    "description": "admin.placeholder.country_filter_select",
    "events": [
      "2c60a3a5-94e6-4086-aad7-686e442795b4"
    ]
  }
},
{
  "model": "automation.automation",
  "pk": "717db999-c1ea-42e6-980a-79764e319356",
  "fields": {
    "created": "2016-11-21T19:16:26.101Z",
    "modified": "2016-11-21T19:16:26.244Z",
    "deleted": null,
    "tenant": "037530c4-ce6c-4724-9cfd-37a16e787001",
    "description": "admin.placeholder.state_filter_select",
    "events": [
      "2c60a3a5-94e6-4086-aad7-686e442795b4"
    ]
  }
},
{
  "model": "automation.automation",
  "pk": "89a205cb-81f0-43e3-9ba3-7f75e13dd65f",
  "fields": {
    "created": "2016-11-21T19:16:26.372Z",
    "modified": "2016-11-21T19:16:26.372Z",
    "deleted": null,
    "tenant": "037530c4-ce6c-4724-9cfd-37a16e787001",
    "description": "ipsum",
    "events": [
      "2c60a3a5-94e6-4086-aad7-686e442795b4"
    ]
  }
},
{
  "model": "automation.automation",
  "pk": "8ce3fc0b-f89b-47fa-88f6-ffbd7dd02854",
  "fields": {
    "created": "2016-11-21T19:16:26.312Z",
    "modified": "2016-11-21T19:16:26.312Z",
    "deleted": null,
    "tenant": "037530c4-ce6c-4724-9cfd-37a16e787001",
    "description": "platea",
    "events": [
      "2c60a3a5-94e6-4086-aad7-686e442795b4"
    ]
  }
},
{
  "model": "automation.automation",
  "pk": "a75fabe5-58e1-4471-8d2a-23b70b1416dc",
  "fields": {
    "created": "2016-11-21T19:16:26.253Z",
    "modified": "2016-11-21T19:16:26.253Z",
    "deleted": null,
    "tenant": "037530c4-ce6c-4724-9cfd-37a16e787001",
    "description": "montes",
    "events": [
      "2c60a3a5-94e6-4086-aad7-686e442795b4"
    ]
  }
},
{
  "model": "automation.automation",
  "pk": "bebc9126-bc03-470a-a06d-4d03a9efbca8",
  "fields": {
    "created": "2016-11-21T19:16:26.447Z",
    "modified": "2016-11-21T19:16:26.447Z",
    "deleted": null,
    "tenant": "037530c4-ce6c-4724-9cfd-37a16e787001",
    "description": "tristique",
    "events": [
      "2c60a3a5-94e6-4086-aad7-686e442795b4"
    ]
  }
},
{
  "model": "automation.automation",
  "pk": "c6324065-23f1-41f3-a3d2-1801d5983713",
  "fields": {
    "created": "2016-11-21T19:16:25.782Z",
    "modified": "2016-11-21T19:16:26.237Z",
    "deleted": null,
    "tenant": "037530c4-ce6c-4724-9cfd-37a16e787001",
    "description": "admin.placeholder.priority_filter_select",
    "events": [
      "2c60a3a5-94e6-4086-aad7-686e442795b4"
    ]
  }
},
{
  "model": "automation.automation",
  "pk": "c65ad17d-43c8-49dc-a729-c6307d1e26cc",
  "fields": {
    "created": "2016-11-21T19:16:26.476Z",
    "modified": "2016-11-21T19:16:26.476Z",
    "deleted": null,
    "tenant": "037530c4-ce6c-4724-9cfd-37a16e787001",
    "description": "vivamus",
    "events": [
      "2c60a3a5-94e6-4086-aad7-686e442795b4"
    ]
  }
},
{
  "model": "automation.automation",
  "pk": "e1feba6b-fb17-4569-b159-6e856e18fa74",
  "fields": {
    "created": "2016-11-21T19:16:26.433Z",
    "modified": "2016-11-21T19:16:26.433Z",
    "deleted": null,
    "tenant": "037530c4-ce6c-4724-9cfd-37a16e787001",
    "description": "cras",
    "events": [
      "2c60a3a5-94e6-4086-aad7-686e442795b4"
    ]
  }
},
{
  "model": "automation.automation",
  "pk": "faa70748-a089-4f4f-983f-ee7f83088e7a",
  "fields": {
    "created": "2016-11-21T19:16:26.462Z",
    "modified": "2016-11-21T19:16:26.462Z",
    "deleted": null,
    "tenant": "037530c4-ce6c-4724-9cfd-37a16e787001",
    "description": "at",
    "events": [
      "2c60a3a5-94e6-4086-aad7-686e442795b4"
    ]
  }
},
{
  "model": "automation.automationfiltertype",
  "pk": "0516304a-d29a-4535-bc27-396289984460",
  "fields": {
    "created": "2016-11-21T19:16:26.073Z",
    "modified": "2016-11-21T19:16:26.073Z",
    "deleted": null,
    "key": "",
    "context": "ticket.ticket",
    "field": "location",
    "lookups": {
      "filters": "location_level"
    }
  }
},
{
  "model": "automation.automationfiltertype",
  "pk": "09e1fd36-0516-4998-bdc6-c02554554e3b",
  "fields": {
    "created": "2016-11-21T19:16:25.882Z",
    "modified": "2016-11-21T19:16:25.882Z",
    "deleted": null,
    "key": "admin.placeholder.priority_filter_select",
    "context": "ticket.ticket",
    "field": "priority",
    "lookups": {}
  }
},
{
  "model": "automation.automationfiltertype",
  "pk": "1e612fe3-8951-4005-9f99-841393b162f3",
  "fields": {
    "created": "2016-11-21T19:16:25.948Z",
    "modified": "2016-11-21T19:16:25.948Z",
    "deleted": null,
    "key": "admin.placeholder.category_filter_select",
    "context": "ticket.ticket",
    "field": "categories",
    "lookups": {}
  }
},
{
  "model": "automation.automationfiltertype",
  "pk": "86c0b70a-796b-4147-aade-aabaf8737661",
  "fields": {
    "created": "2016-11-21T19:16:26.162Z",
    "modified": "2016-11-21T19:16:26.162Z",
    "deleted": null,
    "key": "admin.placeholder.state_filter_select",
    "context": "ticket.ticket",
    "field": "state",
    "lookups": {}
  }
},
{
  "model": "automation.automationfiltertype",
  "pk": "dce92674-f916-4ebb-97de-67446eb20957",
  "fields": {
    "created": "2016-11-21T19:16:26.225Z",
    "modified": "2016-11-21T19:16:26.225Z",
    "deleted": null,
    "key": "admin.placeholder.country_filter_select",
    "context": "ticket.ticket",
    "field": "country",
    "lookups": {}
  }
},
{
  "model": "automation.automationfilter",
  "pk": "71601e1d-f1da-46d8-86c5-026def420d39",
  "fields": {
    "created": "2016-11-21T19:16:26.079Z",
    "modified": "2016-11-21T19:16:26.079Z",
    "deleted": null,
    "automation": "168f4d65-8b88-49c4-888d-7d439179d9e6",
    "source": "0516304a-d29a-4535-bc27-396289984460",
    "lookups": {
      "id": "f04f3ccf-405e-4cb6-a5d2-4586d01d8cc4",
      "name": "Company",
      "filters": "location_level"
    },
    "criteria": [
      "2a3721d2-ef99-4696-8c2b-bcd5c8f4ae7c"
    ]
  }
},
{
  "model": "automation.automationfilter",
  "pk": "be309653-1214-468e-ba84-b55e77f6acf8",
  "fields": {
    "created": "2016-11-21T19:16:25.949Z",
    "modified": "2016-11-21T19:16:25.949Z",
    "deleted": null,
    "automation": "0779361a-4386-440a-a719-5dbb774ae5ac",
    "source": "1e612fe3-8951-4005-9f99-841393b162f3",
    "lookups": {},
    "criteria": [
      "025530c4-ce6c-4724-9cfd-37a16e787001"
    ]
  }
},
{
  "model": "automation.automationfilter",
  "pk": "da7bf7d6-14c4-4870-bfa1-a8898a1c72e6",
  "fields": {
    "created": "2016-11-21T19:16:25.883Z",
    "modified": "2016-11-21T19:16:25.883Z",
    "deleted": null,
    "automation": "c6324065-23f1-41f3-a3d2-1801d5983713",
    "source": "09e1fd36-0516-4998-bdc6-c02554554e3b",
    "lookups": {},
    "criteria": [
      "048530c4-ce6c-4724-9cfd-37a16e787003"
    ]
  }
},
{
  "model": "automation.automationfilter",
  "pk": "e358fc6f-d886-4d97-aa74-3ebf93f118c2",
  "fields": {
    "created": "2016-11-21T19:16:26.226Z",
    "modified": "2016-11-21T19:16:26.226Z",
    "deleted": null,
    "automation": "2276684a-04d8-4e04-947f-280f42fe8208",
    "source": "dce92674-f916-4ebb-97de-67446eb20957",
    "lookups": {},
    "criteria": [
      "61760373-0b13-4a1e-8abe-8166ca841e01"
    ]
  }
},
{
  "model": "automation.automationfilter",
  "pk": "e4132df6-0a67-482f-b9e7-7f3691b4b9dd",
  "fields": {
    "created": "2016-11-21T19:16:26.163Z",
    "modified": "2016-11-21T19:16:26.163Z",
    "deleted": null,
    "automation": "717db999-c1ea-42e6-980a-79764e319356",
    "source": "86c0b70a-796b-4147-aade-aabaf8737661",
    "lookups": {},
    "criteria": [
      "2f193a90-a270-48b7-8752-b4c5ad19156c"
    ]
  }
}
]
