[
{
  "model": "automation.automationevent",
  "pk": "037eea6d-1829-4043-89cd-0a9b49292db4",
  "fields": {
    "created": "2017-02-02T17:13:21.810Z",
    "modified": "2017-02-02T17:13:21.810Z",
    "deleted": null,
    "key": "automation.event.ticket_status_cancelled"
  }
},
{
  "model": "automation.automationevent",
  "pk": "0694e8ee-71fa-4fce-85bf-358021f8becf",
  "fields": {
    "created": "2017-02-02T17:13:21.821Z",
    "modified": "2017-02-02T17:13:21.822Z",
    "deleted": null,
    "key": "automation.event.ticket_status_pending"
  }
},
{
  "model": "automation.automationevent",
  "pk": "0e2b5a5d-2bf7-4247-9548-daadfee7a725",
  "fields": {
    "created": "2017-02-02T17:13:21.800Z",
    "modified": "2017-02-02T17:13:21.800Z",
    "deleted": null,
    "key": "automation.event.ticket_attachment_add"
  }
},
{
  "model": "automation.automationevent",
  "pk": "164001f7-e557-4ba1-9134-5a15c8583c51",
  "fields": {
    "created": "2017-02-02T17:13:21.802Z",
    "modified": "2017-02-02T17:13:21.802Z",
    "deleted": null,
    "key": "automation.event.ticket_category_change"
  }
},
{
  "model": "automation.automationevent",
  "pk": "352c035c-575c-4ddf-9a84-f70ecd00f224",
  "fields": {
    "created": "2017-02-02T17:13:21.804Z",
    "modified": "2017-02-02T17:13:21.804Z",
    "deleted": null,
    "key": "automation.event.ticket_cc_add"
  }
},
{
  "model": "automation.automationevent",
  "pk": "36abb795-7cef-4831-be3f-ac111194edb7",
  "fields": {
    "created": "2017-02-02T17:13:21.815Z",
    "modified": "2017-02-02T17:13:21.815Z",
    "deleted": null,
    "key": "automation.event.ticket_status_denied"
  }
},
{
  "model": "automation.automationevent",
  "pk": "3a16baee-1f61-40bc-a040-afd9e9d0385c",
  "fields": {
    "created": "2017-02-02T17:13:21.795Z",
    "modified": "2017-02-02T17:13:21.795Z",
    "deleted": null,
    "key": "automation.event.ticket_assignee_change"
  }
},
{
  "model": "automation.automationevent",
  "pk": "426480cf-f4ee-4d08-a590-fae177abadf8",
  "fields": {
    "created": "2017-02-02T17:13:21.813Z",
    "modified": "2017-02-02T17:13:21.813Z",
    "deleted": null,
    "key": "automation.event.ticket_status_deferred"
  }
},
{
  "model": "automation.automationevent",
  "pk": "637973ac-7329-46cd-b911-65a1dc9bf2f5",
  "fields": {
    "created": "2017-02-02T17:13:21.818Z",
    "modified": "2017-02-02T17:13:21.818Z",
    "deleted": null,
    "key": "automation.event.ticket_status_in_progress"
  }
},
{
  "model": "automation.automationevent",
  "pk": "74b9094b-4d4d-4918-9a4e-9f0a3d9a2605",
  "fields": {
    "created": "2017-02-02T17:13:21.823Z",
    "modified": "2017-02-02T17:13:21.823Z",
    "deleted": null,
    "key": "automation.event.ticket_status_solved"
  }
},
{
  "model": "automation.automationevent",
  "pk": "8bc91c86-da69-4002-96d0-51e69b3e8e0c",
  "fields": {
    "created": "2017-02-02T17:13:21.824Z",
    "modified": "2017-02-02T17:13:21.825Z",
    "deleted": null,
    "key": "automation.event.ticket_status_unsatisfactory"
  }
},
{
  "model": "automation.automationevent",
  "pk": "91140226-a4bc-4316-a1f5-3ec5b7ab23f5",
  "fields": {
    "created": "2017-02-02T17:13:21.805Z",
    "modified": "2017-02-02T17:13:21.805Z",
    "deleted": null,
    "key": "automation.event.ticket_comment"
  }
},
{
  "model": "automation.automationevent",
  "pk": "a434e68b-1b33-4ed7-82ff-8ba0060f008d",
  "fields": {
    "created": "2017-02-02T17:13:21.817Z",
    "modified": "2017-02-02T17:13:21.817Z",
    "deleted": null,
    "key": "automation.event.ticket_status_draft"
  }
},
{
  "model": "automation.automationevent",
  "pk": "a4d1d9b9-e4cf-4eb6-afea-7b885b58c1ef",
  "fields": {
    "created": "2017-02-02T17:13:21.812Z",
    "modified": "2017-02-02T17:13:21.812Z",
    "deleted": null,
    "key": "automation.event.ticket_status_complete"
  }
},
{
  "model": "automation.automationevent",
  "pk": "b76ac53e-778a-4086-a031-3e32ed125996",
  "fields": {
    "created": "2017-02-02T17:13:21.807Z",
    "modified": "2017-02-02T17:13:21.807Z",
    "deleted": null,
    "key": "automation.event.ticket_location_change"
  }
},
{
  "model": "automation.automationevent",
  "pk": "c30f9947-83e3-4ef1-888e-3c2c07938663",
  "fields": {
    "created": "2017-02-02T17:13:21.809Z",
    "modified": "2017-02-02T17:13:21.809Z",
    "deleted": null,
    "key": "automation.event.ticket_priority_change"
  }
},
{
  "model": "automation.automationevent",
  "pk": "f8a799e3-91d8-4dc7-baf5-48a3e04fc2c2",
  "fields": {
    "created": "2017-02-02T17:13:21.820Z",
    "modified": "2017-02-02T17:13:21.820Z",
    "deleted": null,
    "key": "automation.event.ticket_status_new"
  }
},
{
  "model": "automation.automationactiontype",
  "pk": "0c595888-0df6-4b06-8882-31d751f1c05f",
  "fields": {
    "created": "2017-02-02T17:13:21.828Z",
    "modified": "2017-02-02T17:13:21.828Z",
    "deleted": null,
    "key": "automation.actions.send_email"
  }
},
{
  "model": "automation.automationactiontype",
  "pk": "3043c97a-639a-4121-bd0a-27f0f3928f67",
  "fields": {
    "created": "2017-02-02T17:13:21.831Z",
    "modified": "2017-02-02T17:13:21.831Z",
    "deleted": null,
    "key": "automation.actions.ticket_cc"
  }
},
{
  "model": "automation.automationactiontype",
  "pk": "5a36b546-15ae-47d9-96ec-71bdfdf8e0bb",
  "fields": {
    "created": "2017-02-02T17:13:21.834Z",
    "modified": "2017-02-02T17:13:21.834Z",
    "deleted": null,
    "key": "automation.actions.ticket_request"
  }
},
{
  "model": "automation.automationactiontype",
  "pk": "679994ca-8bde-49f4-a082-da7b6fc38755",
  "fields": {
    "created": "2017-02-02T17:13:21.830Z",
    "modified": "2017-02-02T17:13:21.830Z",
    "deleted": null,
    "key": "automation.actions.send_sms"
  }
},
{
  "model": "automation.automationactiontype",
  "pk": "7d87de81-500d-4be8-ad6c-f30dab1b6ec6",
  "fields": {
    "created": "2017-02-02T17:13:21.833Z",
    "modified": "2017-02-02T17:13:21.833Z",
    "deleted": null,
    "key": "automation.actions.ticket_priority"
  }
},
{
  "model": "automation.automationactiontype",
  "pk": "89101dc7-36e5-4240-aa88-a9092d041dcc",
  "fields": {
    "created": "2017-02-02T17:13:21.836Z",
    "modified": "2017-02-02T17:13:21.836Z",
    "deleted": null,
    "key": "automation.actions.ticket_status"
  }
},
{
  "model": "automation.automationactiontype",
  "pk": "a161f217-4df1-4e9d-94f3-34b1f3a0f897",
  "fields": {
    "created": "2017-02-02T17:13:21.826Z",
    "modified": "2017-02-02T17:13:21.826Z",
    "deleted": null,
    "key": "automation.actions.ticket_assignee"
  }
},
{
  "model": "automation.automationaction",
  "pk": "1076150a-989e-468d-85f0-633f283047fc",
  "fields": {
    "created": "2017-02-02T17:13:22.424Z",
    "modified": "2017-02-02T17:13:22.424Z",
    "deleted": null,
    "type": "0c595888-0df6-4b06-8882-31d751f1c05f",
    "automation": "1ff0ffda-7bd3-4fd8-aa08-2a9d68c2f88e",
    "content": {
      "recipients": [
        {
          "type": "person",
          "id": "041530c4-ce6c-4724-9cfd-37a16e787200"
        },
        {
          "type": "role",
          "id": "054b1407-c2f7-4576-8cb1-42b7f2ac9d05"
        }
      ],
      "subject": "foo",
      "body": "bar"
    }
  }
},
{
  "model": "automation.automationaction",
  "pk": "158ccb38-7488-4474-bcdb-b4740ab79578",
  "fields": {
    "created": "2017-02-02T17:13:22.529Z",
    "modified": "2017-02-02T17:13:22.530Z",
    "deleted": null,
    "type": "89101dc7-36e5-4240-aa88-a9092d041dcc",
    "automation": "d5a943e1-e812-4673-a2d4-4e80f276d15a",
    "content": {
      "status": "052530c4-ce6c-4724-9cfd-37a16e787007"
    }
  }
},
{
  "model": "automation.automationaction",
  "pk": "3a3b1b2c-b03d-460b-a43c-e659d77778d0",
  "fields": {
    "created": "2017-02-02T17:13:21.921Z",
    "modified": "2017-02-02T17:13:21.921Z",
    "deleted": null,
    "type": "a161f217-4df1-4e9d-94f3-34b1f3a0f897",
    "automation": "0a24d97d-dbea-4acd-94fa-721c67bed72b",
    "content": {
      "assignee": "041530c4-ce6c-4724-9cfd-37a16e787200"
    }
  }
},
{
  "model": "automation.automationaction",
  "pk": "456b36aa-cc3f-45de-8fa4-010159f93a12",
  "fields": {
    "created": "2017-02-02T17:13:22.499Z",
    "modified": "2017-02-02T17:13:22.499Z",
    "deleted": null,
    "type": "679994ca-8bde-49f4-a082-da7b6fc38755",
    "automation": "5f22a764-5234-459f-8944-73cb8da160e2",
    "content": {
      "recipients": [
        {
          "type": "person",
          "id": "041530c4-ce6c-4724-9cfd-37a16e787200"
        },
        {
          "type": "role",
          "id": "054b1407-c2f7-4576-8cb1-42b7f2ac9d05"
        }
      ],
      "body": "bar"
    }
  }
},
{
  "model": "automation.automationaction",
  "pk": "4e1a0dc1-c5e0-473d-8784-2989b88c16a8",
  "fields": {
    "created": "2017-02-02T17:13:22.349Z",
    "modified": "2017-02-02T17:13:22.349Z",
    "deleted": null,
    "type": "a161f217-4df1-4e9d-94f3-34b1f3a0f897",
    "automation": "e9ce7e1f-1ca5-4889-ab74-d3baec4cb35d",
    "content": {
      "assignee": "041530c4-ce6c-4724-9cfd-37a16e787200"
    }
  }
},
{
  "model": "automation.automationaction",
  "pk": "4ee59cf1-5b40-4199-a037-ace078770599",
  "fields": {
    "created": "2017-02-02T17:13:22.615Z",
    "modified": "2017-02-02T17:13:22.615Z",
    "deleted": null,
    "type": "3043c97a-639a-4121-bd0a-27f0f3928f67",
    "automation": "d063e7f0-64f9-45f2-a299-98a78d2db7ac",
    "content": {
      "ccs": [
        "041530c4-ce6c-4724-9cfd-37a16e787200"
      ]
    }
  }
},
{
  "model": "automation.automationaction",
  "pk": "7b5d2dde-03e9-40fa-bb9d-7734f0feaab2",
  "fields": {
    "created": "2017-02-02T17:13:22.256Z",
    "modified": "2017-02-02T17:13:22.256Z",
    "deleted": null,
    "type": "a161f217-4df1-4e9d-94f3-34b1f3a0f897",
    "automation": "e661dc6a-720d-4d48-8d37-80ed61d34fcb",
    "content": {
      "assignee": "041530c4-ce6c-4724-9cfd-37a16e787200"
    }
  }
},
{
  "model": "automation.automationaction",
  "pk": "7d0aa521-e75f-47f4-8b31-8c2adb5a6e34",
  "fields": {
    "created": "2017-02-02T17:13:22.543Z",
    "modified": "2017-02-02T17:13:22.543Z",
    "deleted": null,
    "type": "5a36b546-15ae-47d9-96ec-71bdfdf8e0bb",
    "automation": "bc8f2932-040e-487c-8849-9b42d98f20fd",
    "content": {
      "request": "foo"
    }
  }
},
{
  "model": "automation.automationaction",
  "pk": "a9c29b7e-8a37-436d-8ea7-25e000d9d13c",
  "fields": {
    "created": "2017-02-02T17:13:22.514Z",
    "modified": "2017-02-02T17:13:22.514Z",
    "deleted": null,
    "type": "7d87de81-500d-4be8-ad6c-f30dab1b6ec6",
    "automation": "08bc7a48-b360-433a-88e0-5b4979283839",
    "content": {
      "priority": "049530c4-ce6c-4724-9cfd-37a16e787003"
    }
  }
},
{
  "model": "automation.automationaction",
  "pk": "ad9470ce-b9b2-4e8f-bd12-912f5e38894e",
  "fields": {
    "created": "2017-02-02T17:13:22.093Z",
    "modified": "2017-02-02T17:13:22.093Z",
    "deleted": null,
    "type": "a161f217-4df1-4e9d-94f3-34b1f3a0f897",
    "automation": "cfdcdf93-ab74-4d68-9d7b-1487b7521182",
    "content": {
      "assignee": "041530c4-ce6c-4724-9cfd-37a16e787200"
    }
  }
},
{
  "model": "automation.automationaction",
  "pk": "d7f8d561-efba-4c80-9a57-a86f3c228062",
  "fields": {
    "created": "2017-02-02T17:13:22.175Z",
    "modified": "2017-02-02T17:13:22.175Z",
    "deleted": null,
    "type": "a161f217-4df1-4e9d-94f3-34b1f3a0f897",
    "automation": "2039dc14-7864-4a60-b098-1c2fdafdf356",
    "content": {
      "assignee": "041530c4-ce6c-4724-9cfd-37a16e787200"
    }
  }
},
{
  "model": "automation.automationaction",
  "pk": "d98ad3fd-2822-4ee6-907a-e29e96e27364",
  "fields": {
    "created": "2017-02-02T17:13:21.998Z",
    "modified": "2017-02-02T17:13:21.999Z",
    "deleted": null,
    "type": "a161f217-4df1-4e9d-94f3-34b1f3a0f897",
    "automation": "0d9b8840-75e3-46b5-a491-76085f11c259",
    "content": {
      "assignee": "041530c4-ce6c-4724-9cfd-37a16e787200"
    }
  }
},
{
  "model": "automation.automation",
  "pk": "08bc7a48-b360-433a-88e0-5b4979283839",
  "fields": {
    "created": "2017-02-02T17:13:22.508Z",
    "modified": "2017-02-02T17:13:22.646Z",
    "deleted": null,
    "tenant": "044530c4-ce6c-4724-9cfd-37a16e787001",
    "description": "Filter: None --- Action: automation.actions.ticket_priority",
    "events": [
      "f8a799e3-91d8-4dc7-baf5-48a3e04fc2c2"
    ]
  }
},
{
  "model": "automation.automation",
  "pk": "0a24d97d-dbea-4acd-94fa-721c67bed72b",
  "fields": {
    "created": "2017-02-02T17:13:21.847Z",
    "modified": "2017-02-02T17:13:22.632Z",
    "deleted": null,
    "tenant": "044530c4-ce6c-4724-9cfd-37a16e787001",
    "description": "Filter: admin.placeholder.priority_filter_select --- Action: automation.actions.ticket_assignee",
    "events": [
      "f8a799e3-91d8-4dc7-baf5-48a3e04fc2c2"
    ]
  }
},
{
  "model": "automation.automation",
  "pk": "0d9b8840-75e3-46b5-a491-76085f11c259",
  "fields": {
    "created": "2017-02-02T17:13:21.935Z",
    "modified": "2017-02-02T17:13:22.622Z",
    "deleted": null,
    "tenant": "044530c4-ce6c-4724-9cfd-37a16e787001",
    "description": "Filter: admin.placeholder.category_filter_select --- Action: automation.actions.ticket_assignee",
    "events": [
      "f8a799e3-91d8-4dc7-baf5-48a3e04fc2c2"
    ]
  }
},
{
  "model": "automation.automation",
  "pk": "1ff0ffda-7bd3-4fd8-aa08-2a9d68c2f88e",
  "fields": {
    "created": "2017-02-02T17:13:22.358Z",
    "modified": "2017-02-02T17:13:22.642Z",
    "deleted": null,
    "tenant": "044530c4-ce6c-4724-9cfd-37a16e787001",
    "description": "Filter: None --- Action: automation.actions.send_email",
    "events": [
      "f8a799e3-91d8-4dc7-baf5-48a3e04fc2c2"
    ]
  }
},
{
  "model": "automation.automation",
  "pk": "2039dc14-7864-4a60-b098-1c2fdafdf356",
  "fields": {
    "created": "2017-02-02T17:13:22.109Z",
    "modified": "2017-02-02T17:13:22.638Z",
    "deleted": null,
    "tenant": "044530c4-ce6c-4724-9cfd-37a16e787001",
    "description": "Filter: admin.placeholder.state_filter_select --- Action: automation.actions.ticket_assignee",
    "events": [
      "f8a799e3-91d8-4dc7-baf5-48a3e04fc2c2"
    ]
  }
},
{
  "model": "automation.automation",
  "pk": "5f22a764-5234-459f-8944-73cb8da160e2",
  "fields": {
    "created": "2017-02-02T17:13:22.433Z",
    "modified": "2017-02-02T17:13:22.651Z",
    "deleted": null,
    "tenant": "044530c4-ce6c-4724-9cfd-37a16e787001",
    "description": "Filter: None --- Action: automation.actions.send_sms",
    "events": [
      "f8a799e3-91d8-4dc7-baf5-48a3e04fc2c2"
    ]
  }
},
{
  "model": "automation.automation",
  "pk": "bc8f2932-040e-487c-8849-9b42d98f20fd",
  "fields": {
    "created": "2017-02-02T17:13:22.538Z",
    "modified": "2017-02-02T17:13:22.669Z",
    "deleted": null,
    "tenant": "044530c4-ce6c-4724-9cfd-37a16e787001",
    "description": "Filter: None --- Action: automation.actions.ticket_request",
    "events": [
      "f8a799e3-91d8-4dc7-baf5-48a3e04fc2c2"
    ]
  }
},
{
  "model": "automation.automation",
  "pk": "cfdcdf93-ab74-4d68-9d7b-1487b7521182",
  "fields": {
    "created": "2017-02-02T17:13:22.016Z",
    "modified": "2017-02-02T17:13:22.660Z",
    "deleted": null,
    "tenant": "044530c4-ce6c-4724-9cfd-37a16e787001",
    "description": "Filter: None --- Action: automation.actions.ticket_assignee",
    "events": [
      "f8a799e3-91d8-4dc7-baf5-48a3e04fc2c2"
    ]
  }
},
{
  "model": "automation.automation",
  "pk": "d063e7f0-64f9-45f2-a299-98a78d2db7ac",
  "fields": {
    "created": "2017-02-02T17:13:22.552Z",
    "modified": "2017-02-02T17:13:22.664Z",
    "deleted": null,
    "tenant": "044530c4-ce6c-4724-9cfd-37a16e787001",
    "description": "Filter: None --- Action: automation.actions.ticket_cc",
    "events": [
      "f8a799e3-91d8-4dc7-baf5-48a3e04fc2c2"
    ]
  }
},
{
  "model": "automation.automation",
  "pk": "d5a943e1-e812-4673-a2d4-4e80f276d15a",
  "fields": {
    "created": "2017-02-02T17:13:22.523Z",
    "modified": "2017-02-02T17:13:22.673Z",
    "deleted": null,
    "tenant": "044530c4-ce6c-4724-9cfd-37a16e787001",
    "description": "Filter: None --- Action: automation.actions.ticket_status",
    "events": [
      "f8a799e3-91d8-4dc7-baf5-48a3e04fc2c2"
    ]
  }
},
{
  "model": "automation.automation",
  "pk": "e661dc6a-720d-4d48-8d37-80ed61d34fcb",
  "fields": {
    "created": "2017-02-02T17:13:22.192Z",
    "modified": "2017-02-02T17:13:22.627Z",
    "deleted": null,
    "tenant": "044530c4-ce6c-4724-9cfd-37a16e787001",
    "description": "Filter: admin.placeholder.country_filter_select --- Action: automation.actions.ticket_assignee",
    "events": [
      "f8a799e3-91d8-4dc7-baf5-48a3e04fc2c2"
    ]
  }
},
{
  "model": "automation.automation",
  "pk": "e9ce7e1f-1ca5-4889-ab74-d3baec4cb35d",
  "fields": {
    "created": "2017-02-02T17:13:22.285Z",
    "modified": "2017-02-02T17:13:22.655Z",
    "deleted": null,
    "tenant": "044530c4-ce6c-4724-9cfd-37a16e787001",
    "description": "Filter: None --- Action: automation.actions.ticket_assignee",
    "events": [
      "f8a799e3-91d8-4dc7-baf5-48a3e04fc2c2"
    ]
  }
},
{
  "model": "automation.automationfiltertype",
  "pk": "1fbd1b83-49a0-4d66-912b-c6b46caeea92",
  "fields": {
    "created": "2017-02-02T17:13:22.099Z",
    "modified": "2017-02-02T17:13:22.099Z",
    "deleted": null,
    "key": "",
    "context": "ticket.ticket",
    "field": "location",
    "lookups": {
      "filters": "location_level"
    }
  }
},
{
  "model": "automation.automationfiltertype",
  "pk": "662505aa-716e-4468-ac05-217b484a32fb",
  "fields": {
    "created": "2017-02-02T17:13:21.925Z",
    "modified": "2017-02-02T17:13:21.925Z",
    "deleted": null,
    "key": "admin.placeholder.priority_filter_select",
    "context": "ticket.ticket",
    "field": "priority",
    "lookups": {}
  }
},
{
  "model": "automation.automationfiltertype",
  "pk": "7177d1d9-aa2e-4d45-9e44-10115dc5444c",
  "fields": {
    "created": "2017-02-02T17:13:22.002Z",
    "modified": "2017-02-02T17:13:22.002Z",
    "deleted": null,
    "key": "admin.placeholder.category_filter_select",
    "context": "ticket.ticket",
    "field": "categories",
    "lookups": {}
  }
},
{
  "model": "automation.automationfiltertype",
  "pk": "8d684d41-6d27-4ea6-99e5-cd858b211c13",
  "fields": {
    "created": "2017-02-02T17:13:22.181Z",
    "modified": "2017-02-02T17:13:22.181Z",
    "deleted": null,
    "key": "admin.placeholder.state_filter_select",
    "context": "ticket.ticket",
    "field": "state",
    "lookups": {}
  }
},
{
  "model": "automation.automationfiltertype",
  "pk": "9a3e1945-7921-48b6-b20f-92b7c985e1f5",
  "fields": {
    "created": "2017-02-02T17:13:22.260Z",
    "modified": "2017-02-02T17:13:22.260Z",
    "deleted": null,
    "key": "admin.placeholder.country_filter_select",
    "context": "ticket.ticket",
    "field": "country",
    "lookups": {}
  }
},
{
  "model": "automation.automationfilter",
  "pk": "0f7b3759-c991-4d7f-929c-b58093309d7f",
  "fields": {
    "created": "2017-02-02T17:13:22.183Z",
    "modified": "2017-02-02T17:13:22.183Z",
    "deleted": null,
    "automation": "2039dc14-7864-4a60-b098-1c2fdafdf356",
    "source": "8d684d41-6d27-4ea6-99e5-cd858b211c13",
    "lookups": {},
    "criteria": [
      "2f193a90-a270-48b7-8752-b4c5ad19156c"
    ]
  }
},
{
  "model": "automation.automationfilter",
  "pk": "5e888352-e091-446a-be31-f3a96f86fd71",
  "fields": {
    "created": "2017-02-02T17:13:22.100Z",
    "modified": "2017-02-02T17:13:22.100Z",
    "deleted": null,
    "automation": "cfdcdf93-ab74-4d68-9d7b-1487b7521182",
    "source": "1fbd1b83-49a0-4d66-912b-c6b46caeea92",
    "lookups": {
      "id": "05aad766-5cd6-4423-83ab-5740c896489b",
      "name": "Company",
      "filters": "location_level"
    },
    "criteria": [
      "5d45dae9-9b7b-4741-b693-b365e53d4db6"
    ]
  }
},
{
  "model": "automation.automationfilter",
  "pk": "7e8dc6b4-15ab-4327-af79-714f54842fce",
  "fields": {
    "created": "2017-02-02T17:13:22.003Z",
    "modified": "2017-02-02T17:13:22.003Z",
    "deleted": null,
    "automation": "0d9b8840-75e3-46b5-a491-76085f11c259",
    "source": "7177d1d9-aa2e-4d45-9e44-10115dc5444c",
    "lookups": {},
    "criteria": [
      "023530c4-ce6c-4724-9cfd-37a16e787001"
    ]
  }
},
{
  "model": "automation.automationfilter",
  "pk": "b5259790-20fb-41d2-9139-dae368947dd5",
  "fields": {
    "created": "2017-02-02T17:13:21.926Z",
    "modified": "2017-02-02T17:13:21.926Z",
    "deleted": null,
    "automation": "0a24d97d-dbea-4acd-94fa-721c67bed72b",
    "source": "662505aa-716e-4468-ac05-217b484a32fb",
    "lookups": {},
    "criteria": [
      "049530c4-ce6c-4724-9cfd-37a16e787003"
    ]
  }
},
{
  "model": "automation.automationfilter",
  "pk": "ba91f206-f9c4-4d73-9cee-3346d0b669e1",
  "fields": {
    "created": "2017-02-02T17:13:22.261Z",
    "modified": "2017-02-02T17:13:22.261Z",
    "deleted": null,
    "automation": "e661dc6a-720d-4d48-8d37-80ed61d34fcb",
    "source": "9a3e1945-7921-48b6-b20f-92b7c985e1f5",
    "lookups": {},
    "criteria": [
      "61760373-0b13-4a1e-8abe-8166ca841e01"
    ]
  }
}
]
