[
{
  "model": "automation.automationevent",
  "pk": "239441a1-43bb-4c25-b9f9-dd57c704ec57",
  "fields": {
    "created": "2016-11-28T23:22:58.275Z",
    "modified": "2016-11-28T23:22:58.275Z",
    "deleted": null,
    "key": "automation.event.ticket_cc_add"
  }
},
{
  "model": "automation.automationevent",
  "pk": "3cc732c6-0029-4173-abed-29cd1d146f3d",
  "fields": {
    "created": "2016-11-28T23:22:58.271Z",
    "modified": "2016-11-28T23:22:58.271Z",
    "deleted": null,
    "key": "automation.event.ticket_attachment_add"
  }
},
{
  "model": "automation.automationevent",
  "pk": "49d57c4e-2344-49c4-9015-a9a336dcbc25",
  "fields": {
    "created": "2016-11-28T23:22:58.283Z",
    "modified": "2016-11-28T23:22:58.283Z",
    "deleted": null,
    "key": "automation.event.ticket_status_complete"
  }
},
{
  "model": "automation.automationevent",
  "pk": "6025dc82-fc8d-4e8f-9cd9-9b68f3ec54fd",
  "fields": {
    "created": "2016-11-28T23:22:58.289Z",
    "modified": "2016-11-28T23:22:58.289Z",
    "deleted": null,
    "key": "automation.event.ticket_status_new"
  }
},
{
  "model": "automation.automationevent",
  "pk": "67f0ccd0-4e3d-4b38-bdf2-af8555c80fbc",
  "fields": {
    "created": "2016-11-28T23:22:58.285Z",
    "modified": "2016-11-28T23:22:58.285Z",
    "deleted": null,
    "key": "automation.event.ticket_status_deferred"
  }
},
{
  "model": "automation.automationevent",
  "pk": "6b32da8c-b51d-430b-b835-b1643aeb1453",
  "fields": {
    "created": "2016-11-28T23:22:58.278Z",
    "modified": "2016-11-28T23:22:58.278Z",
    "deleted": null,
    "key": "automation.event.ticket_location_change"
  }
},
{
  "model": "automation.automationevent",
  "pk": "7c52ac96-230a-4409-996a-faa4b8ff2cbd",
  "fields": {
    "created": "2016-11-28T23:22:58.280Z",
    "modified": "2016-11-28T23:22:58.280Z",
    "deleted": null,
    "key": "automation.event.ticket_priority_change"
  }
},
{
  "model": "automation.automationevent",
  "pk": "93e6964e-a91d-4676-ba29-44692473c2f1",
  "fields": {
    "created": "2016-11-28T23:22:58.288Z",
    "modified": "2016-11-28T23:22:58.288Z",
    "deleted": null,
    "key": "automation.event.ticket_status_in_progress"
  }
},
{
  "model": "automation.automationevent",
  "pk": "960a02f2-f8ae-4351-9ba5-d7a9cb8c4028",
  "fields": {
    "created": "2016-11-28T23:22:58.286Z",
    "modified": "2016-11-28T23:22:58.286Z",
    "deleted": null,
    "key": "automation.event.ticket_status_denied"
  }
},
{
  "model": "automation.automationevent",
  "pk": "987d72bd-6372-49ab-9b34-0386c19f5d42",
  "fields": {
    "created": "2016-11-28T23:22:58.281Z",
    "modified": "2016-11-28T23:22:58.281Z",
    "deleted": null,
    "key": "automation.event.ticket_status_cancelled"
  }
},
{
  "model": "automation.automationevent",
  "pk": "c4bd6732-e73a-4df0-85a5-5569c6ecde6a",
  "fields": {
    "created": "2016-11-28T23:22:58.273Z",
    "modified": "2016-11-28T23:22:58.273Z",
    "deleted": null,
    "key": "automation.event.ticket_category_change"
  }
},
{
  "model": "automation.automationevent",
  "pk": "ca56f931-7348-4fe2-a5fc-265bd3d26ac6",
  "fields": {
    "created": "2016-11-28T23:22:58.267Z",
    "modified": "2016-11-28T23:22:58.267Z",
    "deleted": null,
    "key": "automation.event.ticket_assignee_change"
  }
},
{
  "model": "automation.automationevent",
  "pk": "e6a84859-2ebb-4ebd-89d7-42eb1a06c880",
  "fields": {
    "created": "2016-11-28T23:22:58.291Z",
    "modified": "2016-11-28T23:22:58.291Z",
    "deleted": null,
    "key": "automation.event.ticket_status_pending"
  }
},
{
  "model": "automation.automationevent",
  "pk": "f165b239-5f48-4812-afcd-06561a6f2247",
  "fields": {
    "created": "2016-11-28T23:22:58.276Z",
    "modified": "2016-11-28T23:22:58.276Z",
    "deleted": null,
    "key": "automation.event.ticket_comment"
  }
},
{
  "model": "automation.automationevent",
  "pk": "f2136dae-d681-4da8-a92a-18e00c38bc93",
  "fields": {
    "created": "2016-11-28T23:22:58.292Z",
    "modified": "2016-11-28T23:22:58.292Z",
    "deleted": null,
    "key": "automation.event.ticket_status_unsatisfactory"
  }
},
{
  "model": "automation.automationactiontype",
  "pk": "34ebaf15-83f5-4bd5-9bfe-855e7dfdc5ee",
  "fields": {
    "created": "2016-11-28T23:22:58.301Z",
    "modified": "2016-11-28T23:22:58.301Z",
    "deleted": null,
    "key": "automation.actions.ticket_priority"
  }
},
{
  "model": "automation.automationactiontype",
  "pk": "3e13e136-baa8-42a3-856f-61cd963183ff",
  "fields": {
    "created": "2016-11-28T23:22:58.303Z",
    "modified": "2016-11-28T23:22:58.303Z",
    "deleted": null,
    "key": "automation.actions.ticket_request"
  }
},
{
  "model": "automation.automationactiontype",
  "pk": "4f888cdb-46b7-4cdd-bf62-6c273709d8c6",
  "fields": {
    "created": "2016-11-28T23:22:58.294Z",
    "modified": "2016-11-28T23:22:58.295Z",
    "deleted": null,
    "key": "automation.actions.ticket_assignee"
  }
},
{
  "model": "automation.automationactiontype",
  "pk": "574c65fc-efc9-4f8f-b05f-30067e51e04e",
  "fields": {
    "created": "2016-11-28T23:22:58.299Z",
    "modified": "2016-11-28T23:22:58.300Z",
    "deleted": null,
    "key": "automation.actions.ticket_cc"
  }
},
{
  "model": "automation.automationactiontype",
  "pk": "acac49f2-3f31-4815-836b-fd94b8ece32c",
  "fields": {
    "created": "2016-11-28T23:22:58.304Z",
    "modified": "2016-11-28T23:22:58.304Z",
    "deleted": null,
    "key": "automation.actions.ticket_status"
  }
},
{
  "model": "automation.automationactiontype",
  "pk": "b79f1a7e-7db1-4b56-bd74-ec785c1df745",
  "fields": {
    "created": "2016-11-28T23:22:58.298Z",
    "modified": "2016-11-28T23:22:58.298Z",
    "deleted": null,
    "key": "automation.actions.send_sms"
  }
},
{
  "model": "automation.automationactiontype",
  "pk": "cc889ef6-d2e3-47e9-b574-d4b6c3037b6a",
  "fields": {
    "created": "2016-11-28T23:22:58.296Z",
    "modified": "2016-11-28T23:22:58.296Z",
    "deleted": null,
    "key": "automation.actions.send_email"
  }
},
{
  "model": "automation.automationaction",
  "pk": "06234961-c681-4fa0-9758-6e9163147eee",
  "fields": {
    "created": "2016-11-28T23:22:58.381Z",
    "modified": "2016-11-28T23:22:58.381Z",
    "deleted": null,
    "type": "4f888cdb-46b7-4cdd-bf62-6c273709d8c6",
    "automation": "919d0420-13ed-4508-8a61-ca1273950da1",
    "content": {
      "assignee": "040530c4-ce6c-4724-9cfd-37a16e787087"
    }
  }
},
{
  "model": "automation.automationaction",
  "pk": "191ae10f-e2b3-4cc8-b7b8-729e059bfe6e",
  "fields": {
    "created": "2016-11-28T23:22:58.876Z",
    "modified": "2016-11-28T23:22:58.876Z",
    "deleted": null,
    "type": "b79f1a7e-7db1-4b56-bd74-ec785c1df745",
    "automation": "7b7397cc-1d41-407e-a005-5e834c8e20f7",
    "content": {
      "body": "bar",
      "recipients": [
        {
          "id": "040530c4-ce6c-4724-9cfd-37a16e787178",
          "type": "person"
        },
        {
          "id": "78792246-84f1-4b35-ad0c-1c476f57c4a7",
          "type": "role"
        }
      ]
    }
  }
},
{
  "model": "automation.automationaction",
  "pk": "2f39a20a-3bff-4311-985e-50987ba46eb4",
  "fields": {
    "created": "2016-11-28T23:22:58.522Z",
    "modified": "2016-11-28T23:22:58.522Z",
    "deleted": null,
    "type": "4f888cdb-46b7-4cdd-bf62-6c273709d8c6",
    "automation": "99ec91a7-fc49-4319-b691-0671b31c9f68",
    "content": {
      "assignee": "040530c4-ce6c-4724-9cfd-37a16e787107"
    }
  }
},
{
  "model": "automation.automationaction",
  "pk": "33648e4e-2e5f-4cc7-9762-340c124726b2",
  "fields": {
    "created": "2016-11-28T23:22:58.452Z",
    "modified": "2016-11-28T23:22:58.452Z",
    "deleted": null,
    "type": "4f888cdb-46b7-4cdd-bf62-6c273709d8c6",
    "automation": "e40f3a5a-10dc-4251-8d1a-825207da719d",
    "content": {
      "assignee": "040530c4-ce6c-4724-9cfd-37a16e787118"
    }
  }
},
{
  "model": "automation.automationaction",
  "pk": "382b2ff2-13be-4b54-a116-7a080b8b1a44",
  "fields": {
    "created": "2016-11-28T23:22:58.813Z",
    "modified": "2016-11-28T23:22:58.813Z",
    "deleted": null,
    "type": "cc889ef6-d2e3-47e9-b574-d4b6c3037b6a",
    "automation": "b479633d-29d7-4cfd-aac9-37ed7cebbc20",
    "content": {
      "body": "bar",
      "subject": "foo",
      "recipients": [
        {
          "id": "040530c4-ce6c-4724-9cfd-37a16e787082",
          "type": "person"
        },
        {
          "id": "78792246-84f1-4b35-ad0c-1c476f57c4a7",
          "type": "role"
        }
      ]
    }
  }
},
{
  "model": "automation.automationaction",
  "pk": "3a16090d-42fb-4771-8f52-d4f0abe8c4cf",
  "fields": {
    "created": "2016-11-28T23:22:58.905Z",
    "modified": "2016-11-28T23:22:58.905Z",
    "deleted": null,
    "type": "acac49f2-3f31-4815-836b-fd94b8ece32c",
    "automation": "e7678fb9-119b-4557-bd40-3f589e186c23",
    "content": {
      "status": "049530c4-ce6c-4724-9cfd-37a16e787001"
    }
  }
},
{
  "model": "automation.automationaction",
  "pk": "4da61eb2-1479-4966-916b-6b395751a728",
  "fields": {
    "created": "2016-11-28T23:22:58.918Z",
    "modified": "2016-11-28T23:22:58.918Z",
    "deleted": null,
    "type": "3e13e136-baa8-42a3-856f-61cd963183ff",
    "automation": "640a51f1-ba6d-4a43-9527-bea81237ff6c",
    "content": {
      "request": "foo"
    }
  }
},
{
  "model": "automation.automationaction",
  "pk": "5093b318-68b4-4bbd-adac-49c9794b878d",
  "fields": {
    "created": "2016-11-28T23:22:58.980Z",
    "modified": "2016-11-28T23:22:58.980Z",
    "deleted": null,
    "type": "574c65fc-efc9-4f8f-b05f-30067e51e04e",
    "automation": "560bec52-949e-482e-8be4-216c752b6675",
    "content": {
      "ccs": [
        "040530c4-ce6c-4724-9cfd-37a16e787149"
      ]
    }
  }
},
{
  "model": "automation.automationaction",
  "pk": "5f7b0827-7ec9-4768-8644-116af8e6ffd2",
  "fields": {
    "created": "2016-11-28T23:22:58.890Z",
    "modified": "2016-11-28T23:22:58.890Z",
    "deleted": null,
    "type": "34ebaf15-83f5-4bd5-9bfe-855e7dfdc5ee",
    "automation": "ab63c752-cbdf-4641-a278-d0a5e60929c9",
    "content": {
      "priority": "048530c4-ce6c-4724-9cfd-37a16e787003"
    }
  }
},
{
  "model": "automation.automationaction",
  "pk": "6e48888d-c012-4bd4-ac5c-880b06da9c74",
  "fields": {
    "created": "2016-11-28T23:22:58.594Z",
    "modified": "2016-11-28T23:22:58.594Z",
    "deleted": null,
    "type": "4f888cdb-46b7-4cdd-bf62-6c273709d8c6",
    "automation": "511fb9db-fe6f-4dc0-8faa-874949afe2eb",
    "content": {
      "assignee": "040530c4-ce6c-4724-9cfd-37a16e787080"
    }
  }
},
{
  "model": "automation.automationaction",
  "pk": "ad410efe-0c07-4e3b-b9a9-ae531b856491",
  "fields": {
    "created": "2016-11-28T23:22:58.666Z",
    "modified": "2016-11-28T23:22:58.666Z",
    "deleted": null,
    "type": "4f888cdb-46b7-4cdd-bf62-6c273709d8c6",
    "automation": "fb8aaf0d-07c2-4ee6-ada3-87a413006118",
    "content": {
      "assignee": "040530c4-ce6c-4724-9cfd-37a16e787161"
    }
  }
},
{
  "model": "automation.automationaction",
  "pk": "df74ffe6-6f54-4bfe-ba18-f1333f357fcd",
  "fields": {
    "created": "2016-11-28T23:22:58.749Z",
    "modified": "2016-11-28T23:22:58.749Z",
    "deleted": null,
    "type": "4f888cdb-46b7-4cdd-bf62-6c273709d8c6",
    "automation": "9b6c02f2-0d35-436d-9885-7de6cbe96b8c",
    "content": {
      "assignee": "040530c4-ce6c-4724-9cfd-37a16e787064"
    }
  }
},
{
  "model": "automation.automation",
  "pk": "511fb9db-fe6f-4dc0-8faa-874949afe2eb",
  "fields": {
    "created": "2016-11-28T23:22:58.538Z",
    "modified": "2016-11-28T23:22:58.684Z",
    "deleted": null,
    "tenant": "037530c4-ce6c-4724-9cfd-37a16e787001",
    "description": "admin.placeholder.state_filter_select",
    "events": [
      "6025dc82-fc8d-4e8f-9cd9-9b68f3ec54fd"
    ]
  }
},
{
  "model": "automation.automation",
  "pk": "560bec52-949e-482e-8be4-216c752b6675",
  "fields": {
    "created": "2016-11-28T23:22:58.926Z",
    "modified": "2016-11-28T23:22:58.926Z",
    "deleted": null,
    "tenant": "037530c4-ce6c-4724-9cfd-37a16e787001",
    "description": "luctus",
    "events": [
      "6025dc82-fc8d-4e8f-9cd9-9b68f3ec54fd"
    ]
  }
},
{
  "model": "automation.automation",
  "pk": "640a51f1-ba6d-4a43-9527-bea81237ff6c",
  "fields": {
    "created": "2016-11-28T23:22:58.913Z",
    "modified": "2016-11-28T23:22:58.913Z",
    "deleted": null,
    "tenant": "037530c4-ce6c-4724-9cfd-37a16e787001",
    "description": "nascetur",
    "events": [
      "6025dc82-fc8d-4e8f-9cd9-9b68f3ec54fd"
    ]
  }
},
{
  "model": "automation.automation",
  "pk": "7b7397cc-1d41-407e-a005-5e834c8e20f7",
  "fields": {
    "created": "2016-11-28T23:22:58.821Z",
    "modified": "2016-11-28T23:22:58.822Z",
    "deleted": null,
    "tenant": "037530c4-ce6c-4724-9cfd-37a16e787001",
    "description": "fusce",
    "events": [
      "6025dc82-fc8d-4e8f-9cd9-9b68f3ec54fd"
    ]
  }
},
{
  "model": "automation.automation",
  "pk": "919d0420-13ed-4508-8a61-ca1273950da1",
  "fields": {
    "created": "2016-11-28T23:22:58.316Z",
    "modified": "2016-11-28T23:22:58.681Z",
    "deleted": null,
    "tenant": "037530c4-ce6c-4724-9cfd-37a16e787001",
    "description": "admin.placeholder.priority_filter_select",
    "events": [
      "6025dc82-fc8d-4e8f-9cd9-9b68f3ec54fd"
    ]
  }
},
{
  "model": "automation.automation",
  "pk": "99ec91a7-fc49-4319-b691-0671b31c9f68",
  "fields": {
    "created": "2016-11-28T23:22:58.465Z",
    "modified": "2016-11-28T23:22:58.686Z",
    "deleted": null,
    "tenant": "037530c4-ce6c-4724-9cfd-37a16e787001",
    "description": "location",
    "events": [
      "6025dc82-fc8d-4e8f-9cd9-9b68f3ec54fd"
    ]
  }
},
{
  "model": "automation.automation",
  "pk": "9b6c02f2-0d35-436d-9885-7de6cbe96b8c",
  "fields": {
    "created": "2016-11-28T23:22:58.695Z",
    "modified": "2016-11-28T23:22:58.695Z",
    "deleted": null,
    "tenant": "037530c4-ce6c-4724-9cfd-37a16e787001",
    "description": "dapibus",
    "events": [
      "6025dc82-fc8d-4e8f-9cd9-9b68f3ec54fd"
    ]
  }
},
{
  "model": "automation.automation",
  "pk": "ab63c752-cbdf-4641-a278-d0a5e60929c9",
  "fields": {
    "created": "2016-11-28T23:22:58.885Z",
    "modified": "2016-11-28T23:22:58.885Z",
    "deleted": null,
    "tenant": "037530c4-ce6c-4724-9cfd-37a16e787001",
    "description": "erat",
    "events": [
      "6025dc82-fc8d-4e8f-9cd9-9b68f3ec54fd"
    ]
  }
},
{
  "model": "automation.automation",
  "pk": "b479633d-29d7-4cfd-aac9-37ed7cebbc20",
  "fields": {
    "created": "2016-11-28T23:22:58.758Z",
    "modified": "2016-11-28T23:22:58.758Z",
    "deleted": null,
    "tenant": "037530c4-ce6c-4724-9cfd-37a16e787001",
    "description": "primis",
    "events": [
      "6025dc82-fc8d-4e8f-9cd9-9b68f3ec54fd"
    ]
  }
},
{
  "model": "automation.automation",
  "pk": "e40f3a5a-10dc-4251-8d1a-825207da719d",
  "fields": {
    "created": "2016-11-28T23:22:58.396Z",
    "modified": "2016-11-28T23:22:58.675Z",
    "deleted": null,
    "tenant": "037530c4-ce6c-4724-9cfd-37a16e787001",
    "description": "admin.placeholder.category_filter_select",
    "events": [
      "6025dc82-fc8d-4e8f-9cd9-9b68f3ec54fd"
    ]
  }
},
{
  "model": "automation.automation",
  "pk": "e7678fb9-119b-4557-bd40-3f589e186c23",
  "fields": {
    "created": "2016-11-28T23:22:58.899Z",
    "modified": "2016-11-28T23:22:58.899Z",
    "deleted": null,
    "tenant": "037530c4-ce6c-4724-9cfd-37a16e787001",
    "description": "nullam",
    "events": [
      "6025dc82-fc8d-4e8f-9cd9-9b68f3ec54fd"
    ]
  }
},
{
  "model": "automation.automation",
  "pk": "fb8aaf0d-07c2-4ee6-ada3-87a413006118",
  "fields": {
    "created": "2016-11-28T23:22:58.612Z",
    "modified": "2016-11-28T23:22:58.678Z",
    "deleted": null,
    "tenant": "037530c4-ce6c-4724-9cfd-37a16e787001",
    "description": "admin.placeholder.country_filter_select",
    "events": [
      "6025dc82-fc8d-4e8f-9cd9-9b68f3ec54fd"
    ]
  }
},
{
  "model": "automation.automationfiltertype",
  "pk": "3e32f79a-cc30-4476-9f0b-8258cf3fcd84",
  "fields": {
    "created": "2016-11-28T23:22:58.601Z",
    "modified": "2016-11-28T23:22:58.601Z",
    "deleted": null,
    "key": "admin.placeholder.state_filter_select",
    "context": "ticket.ticket",
    "field": "state",
    "lookups": {}
  }
},
{
  "model": "automation.automationfiltertype",
  "pk": "500fa7ae-1468-44e7-a8ad-3b06d6401779",
  "fields": {
    "created": "2016-11-28T23:22:58.670Z",
    "modified": "2016-11-28T23:22:58.670Z",
    "deleted": null,
    "key": "admin.placeholder.country_filter_select",
    "context": "ticket.ticket",
    "field": "country",
    "lookups": {}
  }
},
{
  "model": "automation.automationfiltertype",
  "pk": "a3971a0e-b92b-479d-9887-0bc869433eb3",
  "fields": {
    "created": "2016-11-28T23:22:58.385Z",
    "modified": "2016-11-28T23:22:58.385Z",
    "deleted": null,
    "key": "admin.placeholder.priority_filter_select",
    "context": "ticket.ticket",
    "field": "priority",
    "lookups": {}
  }
},
{
  "model": "automation.automationfiltertype",
  "pk": "aae7f3a9-e375-4ef8-b7a4-d0936aa0b7ec",
  "fields": {
    "created": "2016-11-28T23:22:58.455Z",
    "modified": "2016-11-28T23:22:58.455Z",
    "deleted": null,
    "key": "admin.placeholder.category_filter_select",
    "context": "ticket.ticket",
    "field": "categories",
    "lookups": {}
  }
},
{
  "model": "automation.automationfiltertype",
  "pk": "c311bff5-995a-434d-aa7d-e78a1d52e104",
  "fields": {
    "created": "2016-11-28T23:22:58.528Z",
    "modified": "2016-11-28T23:22:58.528Z",
    "deleted": null,
    "key": "",
    "context": "ticket.ticket",
    "field": "location",
    "lookups": {
      "filters": "location_level"
    }
  }
},
{
  "model": "automation.automationfilter",
  "pk": "0196bba5-f678-4d35-a3fb-4a758ce7fb4c",
  "fields": {
    "created": "2016-11-28T23:22:58.456Z",
    "modified": "2016-11-28T23:22:58.456Z",
    "deleted": null,
    "automation": "e40f3a5a-10dc-4251-8d1a-825207da719d",
    "source": "aae7f3a9-e375-4ef8-b7a4-d0936aa0b7ec",
    "lookups": {},
    "criteria": [
      "025530c4-ce6c-4724-9cfd-37a16e787001"
    ]
  }
},
{
  "model": "automation.automationfilter",
  "pk": "5312c503-da7f-4d92-9d9d-b7c3ac00c578",
  "fields": {
    "created": "2016-11-28T23:22:58.671Z",
    "modified": "2016-11-28T23:22:58.671Z",
    "deleted": null,
    "automation": "fb8aaf0d-07c2-4ee6-ada3-87a413006118",
    "source": "500fa7ae-1468-44e7-a8ad-3b06d6401779",
    "lookups": {},
    "criteria": [
      "61760373-0b13-4a1e-8abe-8166ca841e01"
    ]
  }
},
{
  "model": "automation.automationfilter",
  "pk": "65910599-7bb7-4fb7-ad62-8095b6d9ec9f",
  "fields": {
    "created": "2016-11-28T23:22:58.387Z",
    "modified": "2016-11-28T23:22:58.387Z",
    "deleted": null,
    "automation": "919d0420-13ed-4508-8a61-ca1273950da1",
    "source": "a3971a0e-b92b-479d-9887-0bc869433eb3",
    "lookups": {},
    "criteria": [
      "048530c4-ce6c-4724-9cfd-37a16e787003"
    ]
  }
},
{
  "model": "automation.automationfilter",
  "pk": "c48d4de9-7c10-4641-87e7-43694e9cb7af",
  "fields": {
    "created": "2016-11-28T23:22:58.603Z",
    "modified": "2016-11-28T23:22:58.603Z",
    "deleted": null,
    "automation": "511fb9db-fe6f-4dc0-8faa-874949afe2eb",
    "source": "3e32f79a-cc30-4476-9f0b-8258cf3fcd84",
    "lookups": {},
    "criteria": [
      "2f193a90-a270-48b7-8752-b4c5ad19156c"
    ]
  }
},
{
  "model": "automation.automationfilter",
  "pk": "d9d65986-d539-4b80-a669-5a93fa6466d3",
  "fields": {
    "created": "2016-11-28T23:22:58.529Z",
    "modified": "2016-11-28T23:22:58.529Z",
    "deleted": null,
    "automation": "99ec91a7-fc49-4319-b691-0671b31c9f68",
    "source": "c311bff5-995a-434d-aa7d-e78a1d52e104",
    "lookups": {
      "id": "d72f877d-ecc6-4500-9319-874a2345a87d",
      "name": "Company",
      "filters": "location_level"
    },
    "criteria": [
      "b2f85d4c-c6e3-4f28-9d24-238b0476d299"
    ]
  }
}
]
