[
{
  "model": "automation.automationevent",
  "pk": "01225058-4aee-4189-abf6-24f53aa07726",
  "fields": {
    "created": "2016-11-17T07:52:25.355Z",
    "modified": "2016-11-17T07:52:25.355Z",
    "deleted": null,
    "key": "automation.event.ticket_status_denied"
  }
},
{
  "model": "automation.automationevent",
  "pk": "0f99a881-d017-48fa-919d-02cc7c05d907",
  "fields": {
    "created": "2016-11-17T07:52:25.360Z",
    "modified": "2016-11-17T07:52:25.360Z",
    "deleted": null,
    "key": "automation.event.ticket_status_pending"
  }
},
{
  "model": "automation.automationevent",
  "pk": "1f412650-e95c-43ea-b649-d732ad266b85",
  "fields": {
    "created": "2016-11-17T07:52:25.346Z",
    "modified": "2016-11-17T07:52:25.346Z",
    "deleted": null,
    "key": "automation.event.ticket_comment"
  }
},
{
  "model": "automation.automationevent",
  "pk": "2aab9a70-1914-4d09-8a32-a1eb1899914d",
  "fields": {
    "created": "2016-11-17T07:52:25.362Z",
    "modified": "2016-11-17T07:52:25.362Z",
    "deleted": null,
    "key": "automation.event.ticket_status_unsatisfactory"
  }
},
{
  "model": "automation.automationevent",
  "pk": "3d9429ae-705c-48f4-8175-b561c24c6665",
  "fields": {
    "created": "2016-11-17T07:52:25.352Z",
    "modified": "2016-11-17T07:52:25.352Z",
    "deleted": null,
    "key": "automation.event.ticket_status_complete"
  }
},
{
  "model": "automation.automationevent",
  "pk": "52bb6ef3-bd2d-43e0-9f82-9c3f5be06849",
  "fields": {
    "created": "2016-11-17T07:52:25.357Z",
    "modified": "2016-11-17T07:52:25.357Z",
    "deleted": null,
    "key": "automation.event.ticket_status_in_progress"
  }
},
{
  "model": "automation.automationevent",
  "pk": "5d218518-0dab-42cc-9151-5756edb1a19e",
  "fields": {
    "created": "2016-11-17T07:52:25.354Z",
    "modified": "2016-11-17T07:52:25.354Z",
    "deleted": null,
    "key": "automation.event.ticket_status_deferred"
  }
},
{
  "model": "automation.automationevent",
  "pk": "6c124bca-ab32-4330-b6f4-cf7c8c0128f6",
  "fields": {
    "created": "2016-11-17T07:52:25.343Z",
    "modified": "2016-11-17T07:52:25.343Z",
    "deleted": null,
    "key": "automation.event.ticket_category_change"
  }
},
{
  "model": "automation.automationevent",
  "pk": "842a0917-486c-45c8-9305-733f9ec5bc54",
  "fields": {
    "created": "2016-11-17T07:52:25.341Z",
    "modified": "2016-11-17T07:52:25.341Z",
    "deleted": null,
    "key": "automation.event.ticket_attachment_add"
  }
},
{
  "model": "automation.automationevent",
  "pk": "9d77578a-8037-4d3d-ab3a-9c3cadbc1c63",
  "fields": {
    "created": "2016-11-17T07:52:25.359Z",
    "modified": "2016-11-17T07:52:25.359Z",
    "deleted": null,
    "key": "automation.event.ticket_status_new"
  }
},
{
  "model": "automation.automationevent",
  "pk": "afbc8200-76f1-4e7c-afdb-e92dfb84c6b2",
  "fields": {
    "created": "2016-11-17T07:52:25.348Z",
    "modified": "2016-11-17T07:52:25.348Z",
    "deleted": null,
    "key": "automation.event.ticket_location_change"
  }
},
{
  "model": "automation.automationevent",
  "pk": "b54c990d-afcf-4e0f-9275-5fb92df1ae63",
  "fields": {
    "created": "2016-11-17T07:52:25.349Z",
    "modified": "2016-11-17T07:52:25.349Z",
    "deleted": null,
    "key": "automation.event.ticket_priority_change"
  }
},
{
  "model": "automation.automationevent",
  "pk": "c70f1c34-b185-46a6-ac83-ac0711ebbf3c",
  "fields": {
    "created": "2016-11-17T07:52:25.351Z",
    "modified": "2016-11-17T07:52:25.351Z",
    "deleted": null,
    "key": "automation.event.ticket_status_cancelled"
  }
},
{
  "model": "automation.automationevent",
  "pk": "d8be020e-2592-4120-973e-2e564b11d869",
  "fields": {
    "created": "2016-11-17T07:52:25.337Z",
    "modified": "2016-11-17T07:52:25.337Z",
    "deleted": null,
    "key": "automation.event.ticket_assignee_change"
  }
},
{
  "model": "automation.automationevent",
  "pk": "e6f1bf0f-48ab-47fe-bc84-500c6c123af9",
  "fields": {
    "created": "2016-11-17T07:52:25.345Z",
    "modified": "2016-11-17T07:52:25.345Z",
    "deleted": null,
    "key": "automation.event.ticket_cc_add"
  }
},
{
  "model": "automation.automationactiontype",
  "pk": "4f3252ee-156f-4bd3-b9b4-399dbe86ef21",
  "fields": {
    "created": "2016-11-17T07:52:25.371Z",
    "modified": "2016-11-17T07:52:25.371Z",
    "deleted": null,
    "key": "automation.actions.ticket_priority"
  }
},
{
  "model": "automation.automationactiontype",
  "pk": "540415be-7c05-4385-b9c9-180873e43c42",
  "fields": {
    "created": "2016-11-17T07:52:25.364Z",
    "modified": "2016-11-17T07:52:25.364Z",
    "deleted": null,
    "key": "automation.actions.ticket_assignee"
  }
},
{
  "model": "automation.automationactiontype",
  "pk": "7cc18720-f439-4f64-9fca-3c67a8477151",
  "fields": {
    "created": "2016-11-17T07:52:25.369Z",
    "modified": "2016-11-17T07:52:25.369Z",
    "deleted": null,
    "key": "automation.actions.ticket_cc"
  }
},
{
  "model": "automation.automationactiontype",
  "pk": "d0b80797-8af1-4088-a14e-cd4014a958dd",
  "fields": {
    "created": "2016-11-17T07:52:25.374Z",
    "modified": "2016-11-17T07:52:25.374Z",
    "deleted": null,
    "key": "automation.actions.ticket_status"
  }
},
{
  "model": "automation.automationactiontype",
  "pk": "d6b97b07-b2b5-4645-8c9f-f3999b82e952",
  "fields": {
    "created": "2016-11-17T07:52:25.367Z",
    "modified": "2016-11-17T07:52:25.367Z",
    "deleted": null,
    "key": "automation.actions.send_sms"
  }
},
{
  "model": "automation.automationactiontype",
  "pk": "eda129db-054b-4807-b900-c96e930e4ae7",
  "fields": {
    "created": "2016-11-17T07:52:25.365Z",
    "modified": "2016-11-17T07:52:25.365Z",
    "deleted": null,
    "key": "automation.actions.send_email"
  }
},
{
  "model": "automation.automationactiontype",
  "pk": "f85107f0-139b-4166-bd74-cbbef1780535",
  "fields": {
    "created": "2016-11-17T07:52:25.372Z",
    "modified": "2016-11-17T07:52:25.372Z",
    "deleted": null,
    "key": "automation.actions.ticket_request"
  }
},
{
  "model": "automation.automationaction",
  "pk": "071af35d-50eb-4a83-a7ef-0983bd01fd6a",
  "fields": {
    "created": "2016-11-17T07:52:25.618Z",
    "modified": "2016-11-17T07:52:25.618Z",
    "deleted": null,
    "type": "540415be-7c05-4385-b9c9-180873e43c42",
    "automation": "f6683363-e5b6-44a6-9db6-f48b6c93ed6d",
    "content": {
      "assignee": "041530c4-ce6c-4724-9cfd-37a16e787204"
    }
  }
},
{
  "model": "automation.automationaction",
  "pk": "4b43fd1f-a64f-46e1-8823-a457953e5561",
  "fields": {
    "created": "2016-11-17T07:52:26.030Z",
    "modified": "2016-11-17T07:52:26.030Z",
    "deleted": null,
    "type": "f85107f0-139b-4166-bd74-cbbef1780535",
    "automation": "73052c62-b25b-4fdb-a968-b03ed7e3b45f",
    "content": {
      "request": "foo"
    }
  }
},
{
  "model": "automation.automationaction",
  "pk": "573ed633-b49b-4696-b902-91ab74a443f5",
  "fields": {
    "created": "2016-11-17T07:52:25.989Z",
    "modified": "2016-11-17T07:52:25.989Z",
    "deleted": null,
    "type": "d6b97b07-b2b5-4645-8c9f-f3999b82e952",
    "automation": "808d44f5-3ed3-43b9-9adb-6ff7164f8627",
    "content": {
      "body": "bar",
      "recipients": [
        {
          "type": "person",
          "id": "041530c4-ce6c-4724-9cfd-37a16e787208"
        },
        {
          "type": "role",
          "id": "0d9de8db-680e-4e76-b741-081393300b36"
        }
      ]
    }
  }
},
{
  "model": "automation.automationaction",
  "pk": "61dc52d1-8bfc-472a-88c2-2828a2d58857",
  "fields": {
    "created": "2016-11-17T07:52:25.761Z",
    "modified": "2016-11-17T07:52:25.761Z",
    "deleted": null,
    "type": "540415be-7c05-4385-b9c9-180873e43c42",
    "automation": "abb8fcf9-705c-4e8c-9f5c-a850aa26a3fc",
    "content": {
      "assignee": "041530c4-ce6c-4724-9cfd-37a16e787205"
    }
  }
},
{
  "model": "automation.automationaction",
  "pk": "7657e65d-8e5e-4c1d-a0f9-55ea41a94bc8",
  "fields": {
    "created": "2016-11-17T07:52:25.686Z",
    "modified": "2016-11-17T07:52:25.686Z",
    "deleted": null,
    "type": "540415be-7c05-4385-b9c9-180873e43c42",
    "automation": "c2471674-3d9e-45a6-9ff6-d24d779606ba",
    "content": {
      "assignee": "041530c4-ce6c-4724-9cfd-37a16e787204"
    }
  }
},
{
  "model": "automation.automationaction",
  "pk": "788ab0b7-7c3a-4853-8e34-3f8516c9d27c",
  "fields": {
    "created": "2016-11-17T07:52:26.004Z",
    "modified": "2016-11-17T07:52:26.004Z",
    "deleted": null,
    "type": "4f3252ee-156f-4bd3-b9b4-399dbe86ef21",
    "automation": "e9ab5619-0ba9-4ab7-bcfd-f0a86fedacec",
    "content": {
      "priority": "051530c4-ce6c-4724-9cfd-37a16e787003"
    }
  }
},
{
  "model": "automation.automationaction",
  "pk": "7aac08c3-43c8-4678-89e9-df7dcf61eb78",
  "fields": {
    "created": "2016-11-17T07:52:26.098Z",
    "modified": "2016-11-17T07:52:26.098Z",
    "deleted": null,
    "type": "7cc18720-f439-4f64-9fca-3c67a8477151",
    "automation": "5e603a4a-1420-4b97-a6c6-60bdf2e537ca",
    "content": {
      "ccs": [
        "041530c4-ce6c-4724-9cfd-37a16e787209"
      ]
    }
  }
},
{
  "model": "automation.automationaction",
  "pk": "af2a0516-da09-41d7-bb22-0d667e69fb24",
  "fields": {
    "created": "2016-11-17T07:52:25.918Z",
    "modified": "2016-11-17T07:52:25.919Z",
    "deleted": null,
    "type": "eda129db-054b-4807-b900-c96e930e4ae7",
    "automation": "7146d977-0327-4140-a8e4-243b6f6edc77",
    "content": {
      "subject": "foo",
      "body": "bar",
      "recipients": [
        {
          "type": "person",
          "id": "041530c4-ce6c-4724-9cfd-37a16e787207"
        },
        {
          "type": "role",
          "id": "5dd5cf30-28d8-4085-94af-ade679ad6d13"
        }
      ]
    }
  }
},
{
  "model": "automation.automationaction",
  "pk": "b134d02b-fa1c-4f48-acf5-6d25abb77294",
  "fields": {
    "created": "2016-11-17T07:52:25.542Z",
    "modified": "2016-11-17T07:52:25.542Z",
    "deleted": null,
    "type": "540415be-7c05-4385-b9c9-180873e43c42",
    "automation": "9959ffa6-d552-4126-8178-920fd0dea632",
    "content": {
      "assignee": "041530c4-ce6c-4724-9cfd-37a16e787203"
    }
  }
},
{
  "model": "automation.automationaction",
  "pk": "bdb2b865-6eb9-4c64-b04f-4d08ed341f16",
  "fields": {
    "created": "2016-11-17T07:52:25.463Z",
    "modified": "2016-11-17T07:52:25.463Z",
    "deleted": null,
    "type": "540415be-7c05-4385-b9c9-180873e43c42",
    "automation": "834bec53-0adf-43b6-91c9-9bf1233c24be",
    "content": {
      "assignee": "041530c4-ce6c-4724-9cfd-37a16e787202"
    }
  }
},
{
  "model": "automation.automationaction",
  "pk": "c047b7b1-d8ce-40d5-9407-bcedb9b994f0",
  "fields": {
    "created": "2016-11-17T07:52:25.850Z",
    "modified": "2016-11-17T07:52:25.850Z",
    "deleted": null,
    "type": "540415be-7c05-4385-b9c9-180873e43c42",
    "automation": "4057be04-f78e-4e74-b0b5-23784c67f8f8",
    "content": {
      "assignee": "041530c4-ce6c-4724-9cfd-37a16e787206"
    }
  }
},
{
  "model": "automation.automationaction",
  "pk": "c21810cc-0e9f-40f4-b204-f01a24314c88",
  "fields": {
    "created": "2016-11-17T07:52:26.018Z",
    "modified": "2016-11-17T07:52:26.018Z",
    "deleted": null,
    "type": "d0b80797-8af1-4088-a14e-cd4014a958dd",
    "automation": "a55f4c19-abb3-42c7-8b24-dd22e7ae1121",
    "content": {
      "status": "049530c4-ce6c-4724-9cfd-37a16e787001"
    }
  }
},
{
  "model": "automation.automation",
  "pk": "4057be04-f78e-4e74-b0b5-23784c67f8f8",
  "fields": {
    "created": "2016-11-17T07:52:25.790Z",
    "modified": "2016-11-17T07:52:25.790Z",
    "deleted": null,
    "tenant": "037530c4-ce6c-4724-9cfd-37a16e787001",
    "description": "maecenas",
    "events": [
      "9d77578a-8037-4d3d-ab3a-9c3cadbc1c63"
    ]
  }
},
{
  "model": "automation.automation",
  "pk": "5e603a4a-1420-4b97-a6c6-60bdf2e537ca",
  "fields": {
    "created": "2016-11-17T07:52:26.039Z",
    "modified": "2016-11-17T07:52:26.039Z",
    "deleted": null,
    "tenant": "037530c4-ce6c-4724-9cfd-37a16e787001",
    "description": "tristique",
    "events": [
      "9d77578a-8037-4d3d-ab3a-9c3cadbc1c63"
    ]
  }
},
{
  "model": "automation.automation",
  "pk": "7146d977-0327-4140-a8e4-243b6f6edc77",
  "fields": {
    "created": "2016-11-17T07:52:25.859Z",
    "modified": "2016-11-17T07:52:25.859Z",
    "deleted": null,
    "tenant": "037530c4-ce6c-4724-9cfd-37a16e787001",
    "description": "et",
    "events": [
      "9d77578a-8037-4d3d-ab3a-9c3cadbc1c63"
    ]
  }
},
{
  "model": "automation.automation",
  "pk": "73052c62-b25b-4fdb-a968-b03ed7e3b45f",
  "fields": {
    "created": "2016-11-17T07:52:26.026Z",
    "modified": "2016-11-17T07:52:26.026Z",
    "deleted": null,
    "tenant": "037530c4-ce6c-4724-9cfd-37a16e787001",
    "description": "vel",
    "events": [
      "9d77578a-8037-4d3d-ab3a-9c3cadbc1c63"
    ]
  }
},
{
  "model": "automation.automation",
  "pk": "808d44f5-3ed3-43b9-9adb-6ff7164f8627",
  "fields": {
    "created": "2016-11-17T07:52:25.927Z",
    "modified": "2016-11-17T07:52:25.927Z",
    "deleted": null,
    "tenant": "037530c4-ce6c-4724-9cfd-37a16e787001",
    "description": "phasellus",
    "events": [
      "9d77578a-8037-4d3d-ab3a-9c3cadbc1c63"
    ]
  }
},
{
  "model": "automation.automation",
  "pk": "834bec53-0adf-43b6-91c9-9bf1233c24be",
  "fields": {
    "created": "2016-11-17T07:52:25.385Z",
    "modified": "2016-11-17T07:52:25.769Z",
    "deleted": null,
    "tenant": "037530c4-ce6c-4724-9cfd-37a16e787001",
    "description": "admin.placeholder.priority_filter_select",
    "events": [
      "9d77578a-8037-4d3d-ab3a-9c3cadbc1c63"
    ]
  }
},
{
  "model": "automation.automation",
  "pk": "9959ffa6-d552-4126-8178-920fd0dea632",
  "fields": {
    "created": "2016-11-17T07:52:25.479Z",
    "modified": "2016-11-17T07:52:25.772Z",
    "deleted": null,
    "tenant": "037530c4-ce6c-4724-9cfd-37a16e787001",
    "description": "admin.placeholder.category_filter_select",
    "events": [
      "9d77578a-8037-4d3d-ab3a-9c3cadbc1c63"
    ]
  }
},
{
  "model": "automation.automation",
  "pk": "a55f4c19-abb3-42c7-8b24-dd22e7ae1121",
  "fields": {
    "created": "2016-11-17T07:52:26.012Z",
    "modified": "2016-11-17T07:52:26.012Z",
    "deleted": null,
    "tenant": "037530c4-ce6c-4724-9cfd-37a16e787001",
    "description": "elementum",
    "events": [
      "9d77578a-8037-4d3d-ab3a-9c3cadbc1c63"
    ]
  }
},
{
  "model": "automation.automation",
  "pk": "abb8fcf9-705c-4e8c-9f5c-a850aa26a3fc",
  "fields": {
    "created": "2016-11-17T07:52:25.700Z",
    "modified": "2016-11-17T07:52:25.780Z",
    "deleted": null,
    "tenant": "037530c4-ce6c-4724-9cfd-37a16e787001",
    "description": "admin.placeholder.country_filter_select",
    "events": [
      "9d77578a-8037-4d3d-ab3a-9c3cadbc1c63"
    ]
  }
},
{
  "model": "automation.automation",
  "pk": "c2471674-3d9e-45a6-9ff6-d24d779606ba",
  "fields": {
    "created": "2016-11-17T07:52:25.634Z",
    "modified": "2016-11-17T07:52:25.775Z",
    "deleted": null,
    "tenant": "037530c4-ce6c-4724-9cfd-37a16e787001",
    "description": "admin.placeholder.state_filter_select",
    "events": [
      "9d77578a-8037-4d3d-ab3a-9c3cadbc1c63"
    ]
  }
},
{
  "model": "automation.automation",
  "pk": "e9ab5619-0ba9-4ab7-bcfd-f0a86fedacec",
  "fields": {
    "created": "2016-11-17T07:52:25.998Z",
    "modified": "2016-11-17T07:52:25.998Z",
    "deleted": null,
    "tenant": "037530c4-ce6c-4724-9cfd-37a16e787001",
    "description": "tellus",
    "events": [
      "9d77578a-8037-4d3d-ab3a-9c3cadbc1c63"
    ]
  }
},
{
  "model": "automation.automation",
  "pk": "f6683363-e5b6-44a6-9db6-f48b6c93ed6d",
  "fields": {
    "created": "2016-11-17T07:52:25.555Z",
    "modified": "2016-11-17T07:52:25.777Z",
    "deleted": null,
    "tenant": "037530c4-ce6c-4724-9cfd-37a16e787001",
    "description": "location",
    "events": [
      "9d77578a-8037-4d3d-ab3a-9c3cadbc1c63"
    ]
  }
},
{
  "model": "automation.automationfiltertype",
  "pk": "004dfec0-d1ad-4f78-9d7b-939fbd6bc3a0",
  "fields": {
    "created": "2016-11-17T07:52:25.691Z",
    "modified": "2016-11-17T07:52:25.691Z",
    "deleted": null,
    "key": "admin.placeholder.state_filter_select",
    "context": "ticket.ticket",
    "field": "state",
    "lookups": {}
  }
},
{
  "model": "automation.automationfiltertype",
  "pk": "0ba38724-8b88-4c2f-aa58-69061789b769",
  "fields": {
    "created": "2016-11-17T07:52:25.466Z",
    "modified": "2016-11-17T07:52:25.466Z",
    "deleted": null,
    "key": "admin.placeholder.priority_filter_select",
    "context": "ticket.ticket",
    "field": "priority",
    "lookups": {}
  }
},
{
  "model": "automation.automationfiltertype",
  "pk": "161d478f-2ffa-4086-8e9c-a751821680b3",
  "fields": {
    "created": "2016-11-17T07:52:25.545Z",
    "modified": "2016-11-17T07:52:25.545Z",
    "deleted": null,
    "key": "admin.placeholder.category_filter_select",
    "context": "ticket.ticket",
    "field": "categories",
    "lookups": {}
  }
},
{
  "model": "automation.automationfiltertype",
  "pk": "ba4caa38-7b1a-41c4-9bbe-724fa21dcbf3",
  "fields": {
    "created": "2016-11-17T07:52:25.764Z",
    "modified": "2016-11-17T07:52:25.764Z",
    "deleted": null,
    "key": "admin.placeholder.country_filter_select",
    "context": "ticket.ticket",
    "field": "country",
    "lookups": {}
  }
},
{
  "model": "automation.automationfiltertype",
  "pk": "e246bab9-9b2d-486e-ada9-2fa41e8dd549",
  "fields": {
    "created": "2016-11-17T07:52:25.625Z",
    "modified": "2016-11-17T07:52:25.625Z",
    "deleted": null,
    "key": "",
    "context": "ticket.ticket",
    "field": "location",
    "lookups": {
      "filters": "location_level"
    }
  }
},
{
  "model": "automation.automationfilter",
  "pk": "3e61456a-bcb4-4d0e-878b-dff962d9df19",
  "fields": {
    "created": "2016-11-17T07:52:25.468Z",
    "modified": "2016-11-17T07:52:25.468Z",
    "deleted": null,
    "automation": "834bec53-0adf-43b6-91c9-9bf1233c24be",
    "source": "0ba38724-8b88-4c2f-aa58-69061789b769",
    "lookups": {},
    "criteria": [
      "051530c4-ce6c-4724-9cfd-37a16e787003"
    ]
  }
},
{
  "model": "automation.automationfilter",
  "pk": "64f34289-7fe5-4f53-9a80-7791d30784ee",
  "fields": {
    "created": "2016-11-17T07:52:25.546Z",
    "modified": "2016-11-17T07:52:25.546Z",
    "deleted": null,
    "automation": "9959ffa6-d552-4126-8178-920fd0dea632",
    "source": "161d478f-2ffa-4086-8e9c-a751821680b3",
    "lookups": {},
    "criteria": [
      "025530c4-ce6c-4724-9cfd-37a16e787001"
    ]
  }
},
{
  "model": "automation.automationfilter",
  "pk": "702c03f0-cf3b-44fc-9526-62151b972f43",
  "fields": {
    "created": "2016-11-17T07:52:25.692Z",
    "modified": "2016-11-17T07:52:25.692Z",
    "deleted": null,
    "automation": "c2471674-3d9e-45a6-9ff6-d24d779606ba",
    "source": "004dfec0-d1ad-4f78-9d7b-939fbd6bc3a0",
    "lookups": {},
    "criteria": [
      "2f193a90-a270-48b7-8752-b4c5ad19156c"
    ]
  }
},
{
  "model": "automation.automationfilter",
  "pk": "7d2e12e7-014c-4072-bf72-bbfd3091f856",
  "fields": {
    "created": "2016-11-17T07:52:25.626Z",
    "modified": "2016-11-17T07:52:25.626Z",
    "deleted": null,
    "automation": "f6683363-e5b6-44a6-9db6-f48b6c93ed6d",
    "source": "e246bab9-9b2d-486e-ada9-2fa41e8dd549",
    "lookups": {
      "name": "Company",
      "id": "329a6be0-9682-4fba-b813-f6440f715ea5",
      "filters": "location_level"
    },
    "criteria": [
      "fd103884-6659-44b5-bed4-e36c713d3599"
    ]
  }
},
{
  "model": "automation.automationfilter",
  "pk": "e925ab12-0782-4d0e-96a2-59b1f766aae3",
  "fields": {
    "created": "2016-11-17T07:52:25.765Z",
    "modified": "2016-11-17T07:52:25.765Z",
    "deleted": null,
    "automation": "abb8fcf9-705c-4e8c-9f5c-a850aa26a3fc",
    "source": "ba4caa38-7b1a-41c4-9bbe-724fa21dcbf3",
    "lookups": {},
    "criteria": [
      "61760373-0b13-4a1e-8abe-8166ca841e01"
    ]
  }
}
]
