[
{
  "model": "automation.automationevent",
  "pk": "093ef698-ee76-4ea7-bfd0-053c4380db6c",
  "fields": {
    "created": "2016-12-28T22:40:25.123Z",
    "modified": "2016-12-28T22:40:25.123Z",
    "deleted": null,
    "key": "automation.event.ticket_status_complete"
  }
},
{
  "model": "automation.automationevent",
  "pk": "0de279f1-cc8b-4b5b-8b87-f7c5a4654a40",
  "fields": {
    "created": "2016-12-28T22:40:25.115Z",
    "modified": "2016-12-28T22:40:25.115Z",
    "deleted": null,
    "key": "automation.event.ticket_cc_add"
  }
},
{
  "model": "automation.automationevent",
  "pk": "25d58939-04ae-482e-8267-81893a6ab9e7",
  "fields": {
    "created": "2016-12-28T22:40:25.131Z",
    "modified": "2016-12-28T22:40:25.131Z",
    "deleted": null,
    "key": "automation.event.ticket_status_new"
  }
},
{
  "model": "automation.automationevent",
  "pk": "27dd5f7f-cf8e-4d84-9dc5-865ef4f198cb",
  "fields": {
    "created": "2016-12-28T22:40:25.129Z",
    "modified": "2016-12-28T22:40:25.129Z",
    "deleted": null,
    "key": "automation.event.ticket_status_in_progress"
  }
},
{
  "model": "automation.automationevent",
  "pk": "2b416f6f-2e74-45a4-9c2d-a8112e09d844",
  "fields": {
    "created": "2016-12-28T22:40:25.117Z",
    "modified": "2016-12-28T22:40:25.117Z",
    "deleted": null,
    "key": "automation.event.ticket_comment"
  }
},
{
  "model": "automation.automationevent",
  "pk": "52d37415-1c23-4bb9-9d00-ce3a9fb1bd15",
  "fields": {
    "created": "2016-12-28T22:40:25.111Z",
    "modified": "2016-12-28T22:40:25.111Z",
    "deleted": null,
    "key": "automation.event.ticket_attachment_add"
  }
},
{
  "model": "automation.automationevent",
  "pk": "69a2d333-e4d6-46e5-9de3-3afb36a5a1c1",
  "fields": {
    "created": "2016-12-28T22:40:25.119Z",
    "modified": "2016-12-28T22:40:25.119Z",
    "deleted": null,
    "key": "automation.event.ticket_location_change"
  }
},
{
  "model": "automation.automationevent",
  "pk": "6a4bdbd7-ef04-4181-8002-9b20fc5840d0",
  "fields": {
    "created": "2016-12-28T22:40:25.126Z",
    "modified": "2016-12-28T22:40:25.126Z",
    "deleted": null,
    "key": "automation.event.ticket_status_denied"
  }
},
{
  "model": "automation.automationevent",
  "pk": "6ea1c9a5-1b18-4f4d-8f2d-66472aa101e2",
  "fields": {
    "created": "2016-12-28T22:40:25.125Z",
    "modified": "2016-12-28T22:40:25.125Z",
    "deleted": null,
    "key": "automation.event.ticket_status_deferred"
  }
},
{
  "model": "automation.automationevent",
  "pk": "8f4f0906-c303-4dcd-a1ce-621302972647",
  "fields": {
    "created": "2016-12-28T22:40:25.122Z",
    "modified": "2016-12-28T22:40:25.122Z",
    "deleted": null,
    "key": "automation.event.ticket_status_cancelled"
  }
},
{
  "model": "automation.automationevent",
  "pk": "9c1c10f9-8dc8-4383-b0ee-63bcca2eba51",
  "fields": {
    "created": "2016-12-28T22:40:25.134Z",
    "modified": "2016-12-28T22:40:25.134Z",
    "deleted": null,
    "key": "automation.event.ticket_status_solved"
  }
},
{
  "model": "automation.automationevent",
  "pk": "a484b7bf-c89f-4c03-8bf4-ad62f53867db",
  "fields": {
    "created": "2016-12-28T22:40:25.135Z",
    "modified": "2016-12-28T22:40:25.135Z",
    "deleted": null,
    "key": "automation.event.ticket_status_unsatisfactory"
  }
},
{
  "model": "automation.automationevent",
  "pk": "ab0b73cc-46a8-44e0-81d8-92f1ab30e586",
  "fields": {
    "created": "2016-12-28T22:40:25.106Z",
    "modified": "2016-12-28T22:40:25.106Z",
    "deleted": null,
    "key": "automation.event.ticket_assignee_change"
  }
},
{
  "model": "automation.automationevent",
  "pk": "cc390efa-f5a8-4848-89c2-ed81690c5326",
  "fields": {
    "created": "2016-12-28T22:40:25.128Z",
    "modified": "2016-12-28T22:40:25.128Z",
    "deleted": null,
    "key": "automation.event.ticket_status_draft"
  }
},
{
  "model": "automation.automationevent",
  "pk": "cf7602cd-23c1-4666-9549-57b7e56cac6e",
  "fields": {
    "created": "2016-12-28T22:40:25.113Z",
    "modified": "2016-12-28T22:40:25.113Z",
    "deleted": null,
    "key": "automation.event.ticket_category_change"
  }
},
{
  "model": "automation.automationevent",
  "pk": "da554480-6fad-4191-aaa1-541901d76fd0",
  "fields": {
    "created": "2016-12-28T22:40:25.132Z",
    "modified": "2016-12-28T22:40:25.132Z",
    "deleted": null,
    "key": "automation.event.ticket_status_pending"
  }
},
{
  "model": "automation.automationevent",
  "pk": "ffe15f21-40d2-4f64-b2a0-0d7f284b6ace",
  "fields": {
    "created": "2016-12-28T22:40:25.120Z",
    "modified": "2016-12-28T22:40:25.120Z",
    "deleted": null,
    "key": "automation.event.ticket_priority_change"
  }
},
{
  "model": "automation.automationactiontype",
  "pk": "0d5e7741-e909-4e8b-bad7-aeae014455e5",
  "fields": {
    "created": "2016-12-28T22:40:25.146Z",
    "modified": "2016-12-28T22:40:25.146Z",
    "deleted": null,
    "key": "automation.actions.ticket_status"
  }
},
{
  "model": "automation.automationactiontype",
  "pk": "523a05bb-a49d-4450-98e9-8a9a2449e4cd",
  "fields": {
    "created": "2016-12-28T22:40:25.142Z",
    "modified": "2016-12-28T22:40:25.142Z",
    "deleted": null,
    "key": "automation.actions.ticket_cc"
  }
},
{
  "model": "automation.automationactiontype",
  "pk": "7a47c214-ac9c-45f0-bd5d-d6159a012e8a",
  "fields": {
    "created": "2016-12-28T22:40:25.137Z",
    "modified": "2016-12-28T22:40:25.137Z",
    "deleted": null,
    "key": "automation.actions.ticket_assignee"
  }
},
{
  "model": "automation.automationactiontype",
  "pk": "7f54993a-dc22-4d19-86f4-7c3de2952128",
  "fields": {
    "created": "2016-12-28T22:40:25.139Z",
    "modified": "2016-12-28T22:40:25.139Z",
    "deleted": null,
    "key": "automation.actions.send_email"
  }
},
{
  "model": "automation.automationactiontype",
  "pk": "aaf9bfbb-08f6-4915-bb66-5b793228509e",
  "fields": {
    "created": "2016-12-28T22:40:25.145Z",
    "modified": "2016-12-28T22:40:25.145Z",
    "deleted": null,
    "key": "automation.actions.ticket_request"
  }
},
{
  "model": "automation.automationactiontype",
  "pk": "b1465cb4-44b3-48e3-8a65-d001137b09cf",
  "fields": {
    "created": "2016-12-28T22:40:25.140Z",
    "modified": "2016-12-28T22:40:25.140Z",
    "deleted": null,
    "key": "automation.actions.send_sms"
  }
},
{
  "model": "automation.automationactiontype",
  "pk": "d685a721-846f-4f86-abf6-91abf8624969",
  "fields": {
    "created": "2016-12-28T22:40:25.143Z",
    "modified": "2016-12-28T22:40:25.143Z",
    "deleted": null,
    "key": "automation.actions.ticket_priority"
  }
},
{
  "model": "automation.automationaction",
  "pk": "0792040c-af5b-47b2-8702-f628668fe6f8",
  "fields": {
    "created": "2016-12-28T22:40:25.743Z",
    "modified": "2016-12-28T22:40:25.743Z",
    "deleted": null,
    "type": "aaf9bfbb-08f6-4915-bb66-5b793228509e",
    "automation": "2db3d3a8-6f94-4c95-ad8a-ed9605199aef",
    "content": {
      "request": "foo"
    }
  }
},
{
  "model": "automation.automationaction",
  "pk": "2f7f82ff-376d-4c74-a881-85ca517950a3",
  "fields": {
    "created": "2016-12-28T22:40:25.220Z",
    "modified": "2016-12-28T22:40:25.220Z",
    "deleted": null,
    "type": "7a47c214-ac9c-45f0-bd5d-d6159a012e8a",
    "automation": "3c31b92d-b06b-40f2-b198-0ea79cc07182",
    "content": {
      "assignee": "043530c4-ce6c-4724-9cfd-37a16e787040"
    }
  }
},
{
  "model": "automation.automationaction",
  "pk": "346a3e89-6c58-4f1f-99cb-81bf06ee31d3",
  "fields": {
    "created": "2016-12-28T22:40:25.578Z",
    "modified": "2016-12-28T22:40:25.578Z",
    "deleted": null,
    "type": "7a47c214-ac9c-45f0-bd5d-d6159a012e8a",
    "automation": "904ba864-7ed7-45ff-b933-42aaded71445",
    "content": {
      "assignee": "043530c4-ce6c-4724-9cfd-37a16e787004"
    }
  }
},
{
  "model": "automation.automationaction",
  "pk": "40ead8fd-a320-4e18-9159-5e564711f9cc",
  "fields": {
    "created": "2016-12-28T22:40:25.803Z",
    "modified": "2016-12-28T22:40:25.803Z",
    "deleted": null,
    "type": "523a05bb-a49d-4450-98e9-8a9a2449e4cd",
    "automation": "fc67c138-dcd6-48d3-bb35-c8dd04ec9777",
    "content": {
      "ccs": [
        "043530c4-ce6c-4724-9cfd-37a16e787182"
      ]
    }
  }
},
{
  "model": "automation.automationaction",
  "pk": "62f7b373-3aae-457d-8337-9ee63c2c34d7",
  "fields": {
    "created": "2016-12-28T22:40:25.495Z",
    "modified": "2016-12-28T22:40:25.495Z",
    "deleted": null,
    "type": "7a47c214-ac9c-45f0-bd5d-d6159a012e8a",
    "automation": "54e6c7c1-2132-4e4e-be95-8640fac516a7",
    "content": {
      "assignee": "043530c4-ce6c-4724-9cfd-37a16e787067"
    }
  }
},
{
  "model": "automation.automationaction",
  "pk": "7602f0a0-0002-46b1-ab9d-0b72f8812412",
  "fields": {
    "created": "2016-12-28T22:40:25.715Z",
    "modified": "2016-12-28T22:40:25.715Z",
    "deleted": null,
    "type": "d685a721-846f-4f86-abf6-91abf8624969",
    "automation": "cb41b5be-b1b8-4b1b-8863-e7ab6560fa6f",
    "content": {
      "priority": "047530c4-ce6c-4724-9cfd-37a16e787003"
    }
  }
},
{
  "model": "automation.automationaction",
  "pk": "ac7ab560-6ef3-4d00-8ae8-c7466b291725",
  "fields": {
    "created": "2016-12-28T22:40:25.701Z",
    "modified": "2016-12-28T22:40:25.701Z",
    "deleted": null,
    "type": "b1465cb4-44b3-48e3-8a65-d001137b09cf",
    "automation": "de0eb948-9b29-4ad4-9383-b92cc291bf97",
    "content": {
      "recipients": [
        {
          "id": "043530c4-ce6c-4724-9cfd-37a16e787170",
          "type": "person"
        },
        {
          "id": "df1cf865-71fc-4028-aaad-5df1ca7e1553",
          "type": "role"
        }
      ],
      "body": "bar"
    }
  }
},
{
  "model": "automation.automationaction",
  "pk": "ad969e6d-e3e8-4692-8a12-682eff6a7a54",
  "fields": {
    "created": "2016-12-28T22:40:25.426Z",
    "modified": "2016-12-28T22:40:25.426Z",
    "deleted": null,
    "type": "7a47c214-ac9c-45f0-bd5d-d6159a012e8a",
    "automation": "a7877d91-7118-4a01-be88-7d2ad92c0360",
    "content": {
      "assignee": "043530c4-ce6c-4724-9cfd-37a16e787175"
    }
  }
},
{
  "model": "automation.automationaction",
  "pk": "c1632da6-49af-4046-9ea9-53b21b72fb5c",
  "fields": {
    "created": "2016-12-28T22:40:25.353Z",
    "modified": "2016-12-28T22:40:25.353Z",
    "deleted": null,
    "type": "7a47c214-ac9c-45f0-bd5d-d6159a012e8a",
    "automation": "4242b0b4-173f-4aa6-8439-ee208fe06b44",
    "content": {
      "assignee": "043530c4-ce6c-4724-9cfd-37a16e787122"
    }
  }
},
{
  "model": "automation.automationaction",
  "pk": "c7ab204a-1d19-4a82-8b64-aceda47444a1",
  "fields": {
    "created": "2016-12-28T22:40:25.639Z",
    "modified": "2016-12-28T22:40:25.639Z",
    "deleted": null,
    "type": "7f54993a-dc22-4d19-86f4-7c3de2952128",
    "automation": "dbbe4ea6-26c0-4980-9d61-e5270a0bdf09",
    "content": {
      "recipients": [
        {
          "id": "043530c4-ce6c-4724-9cfd-37a16e787187",
          "type": "person"
        },
        {
          "id": "df1cf865-71fc-4028-aaad-5df1ca7e1553",
          "type": "role"
        }
      ],
      "body": "bar",
      "subject": "foo"
    }
  }
},
{
  "model": "automation.automationaction",
  "pk": "e1c88415-f33f-4098-9f73-5caca28280cd",
  "fields": {
    "created": "2016-12-28T22:40:25.730Z",
    "modified": "2016-12-28T22:40:25.730Z",
    "deleted": null,
    "type": "0d5e7741-e909-4e8b-bad7-aeae014455e5",
    "automation": "327e4565-4c71-47ab-b651-ea3c010ea9fb",
    "content": {
      "status": "050530c4-ce6c-4724-9cfd-37a16e787007"
    }
  }
},
{
  "model": "automation.automationaction",
  "pk": "e6782305-7c1d-412d-a008-61418fd3304b",
  "fields": {
    "created": "2016-12-28T22:40:25.287Z",
    "modified": "2016-12-28T22:40:25.287Z",
    "deleted": null,
    "type": "7a47c214-ac9c-45f0-bd5d-d6159a012e8a",
    "automation": "f6420ed7-d489-4c98-9ead-34d995feff4d",
    "content": {
      "assignee": "043530c4-ce6c-4724-9cfd-37a16e787103"
    }
  }
},
{
  "model": "automation.automation",
  "pk": "2db3d3a8-6f94-4c95-ad8a-ed9605199aef",
  "fields": {
    "created": "2016-12-28T22:40:25.738Z",
    "modified": "2016-12-28T22:40:25.833Z",
    "deleted": null,
    "tenant": "037530c4-ce6c-4724-9cfd-37a16e787001",
    "description": "Filter: None --- Action: automation.actions.ticket_request",
    "events": [
      "25d58939-04ae-482e-8267-81893a6ab9e7"
    ]
  }
},
{
  "model": "automation.automation",
  "pk": "327e4565-4c71-47ab-b651-ea3c010ea9fb",
  "fields": {
    "created": "2016-12-28T22:40:25.724Z",
    "modified": "2016-12-28T22:40:25.842Z",
    "deleted": null,
    "tenant": "037530c4-ce6c-4724-9cfd-37a16e787001",
    "description": "Filter: None --- Action: automation.actions.ticket_status",
    "events": [
      "25d58939-04ae-482e-8267-81893a6ab9e7"
    ]
  }
},
{
  "model": "automation.automation",
  "pk": "3c31b92d-b06b-40f2-b198-0ea79cc07182",
  "fields": {
    "created": "2016-12-28T22:40:25.158Z",
    "modified": "2016-12-28T22:40:25.819Z",
    "deleted": null,
    "tenant": "037530c4-ce6c-4724-9cfd-37a16e787001",
    "description": "Filter: admin.placeholder.priority_filter_select --- Action: automation.actions.ticket_assignee",
    "events": [
      "25d58939-04ae-482e-8267-81893a6ab9e7"
    ]
  }
},
{
  "model": "automation.automation",
  "pk": "4242b0b4-173f-4aa6-8439-ee208fe06b44",
  "fields": {
    "created": "2016-12-28T22:40:25.301Z",
    "modified": "2016-12-28T22:40:25.838Z",
    "deleted": null,
    "tenant": "037530c4-ce6c-4724-9cfd-37a16e787001",
    "description": "Filter: None --- Action: automation.actions.ticket_assignee",
    "events": [
      "25d58939-04ae-482e-8267-81893a6ab9e7"
    ]
  }
},
{
  "model": "automation.automation",
  "pk": "54e6c7c1-2132-4e4e-be95-8640fac516a7",
  "fields": {
    "created": "2016-12-28T22:40:25.442Z",
    "modified": "2016-12-28T22:40:25.814Z",
    "deleted": null,
    "tenant": "037530c4-ce6c-4724-9cfd-37a16e787001",
    "description": "Filter: admin.placeholder.country_filter_select --- Action: automation.actions.ticket_assignee",
    "events": [
      "25d58939-04ae-482e-8267-81893a6ab9e7"
    ]
  }
},
{
  "model": "automation.automation",
  "pk": "904ba864-7ed7-45ff-b933-42aaded71445",
  "fields": {
    "created": "2016-12-28T22:40:25.525Z",
    "modified": "2016-12-28T22:40:25.850Z",
    "deleted": null,
    "tenant": "037530c4-ce6c-4724-9cfd-37a16e787001",
    "description": "Filter: None --- Action: automation.actions.ticket_assignee",
    "events": [
      "25d58939-04ae-482e-8267-81893a6ab9e7"
    ]
  }
},
{
  "model": "automation.automation",
  "pk": "a7877d91-7118-4a01-be88-7d2ad92c0360",
  "fields": {
    "created": "2016-12-28T22:40:25.369Z",
    "modified": "2016-12-28T22:40:25.824Z",
    "deleted": null,
    "tenant": "037530c4-ce6c-4724-9cfd-37a16e787001",
    "description": "Filter: admin.placeholder.state_filter_select --- Action: automation.actions.ticket_assignee",
    "events": [
      "25d58939-04ae-482e-8267-81893a6ab9e7"
    ]
  }
},
{
  "model": "automation.automation",
  "pk": "cb41b5be-b1b8-4b1b-8863-e7ab6560fa6f",
  "fields": {
    "created": "2016-12-28T22:40:25.710Z",
    "modified": "2016-12-28T22:40:25.854Z",
    "deleted": null,
    "tenant": "037530c4-ce6c-4724-9cfd-37a16e787001",
    "description": "Filter: None --- Action: automation.actions.ticket_priority",
    "events": [
      "25d58939-04ae-482e-8267-81893a6ab9e7"
    ]
  }
},
{
  "model": "automation.automation",
  "pk": "dbbe4ea6-26c0-4980-9d61-e5270a0bdf09",
  "fields": {
    "created": "2016-12-28T22:40:25.587Z",
    "modified": "2016-12-28T22:40:25.846Z",
    "deleted": null,
    "tenant": "037530c4-ce6c-4724-9cfd-37a16e787001",
    "description": "Filter: None --- Action: automation.actions.send_email",
    "events": [
      "25d58939-04ae-482e-8267-81893a6ab9e7"
    ]
  }
},
{
  "model": "automation.automation",
  "pk": "de0eb948-9b29-4ad4-9383-b92cc291bf97",
  "fields": {
    "created": "2016-12-28T22:40:25.648Z",
    "modified": "2016-12-28T22:40:25.858Z",
    "deleted": null,
    "tenant": "037530c4-ce6c-4724-9cfd-37a16e787001",
    "description": "Filter: None --- Action: automation.actions.send_sms",
    "events": [
      "25d58939-04ae-482e-8267-81893a6ab9e7"
    ]
  }
},
{
  "model": "automation.automation",
  "pk": "f6420ed7-d489-4c98-9ead-34d995feff4d",
  "fields": {
    "created": "2016-12-28T22:40:25.234Z",
    "modified": "2016-12-28T22:40:25.809Z",
    "deleted": null,
    "tenant": "037530c4-ce6c-4724-9cfd-37a16e787001",
    "description": "Filter: admin.placeholder.category_filter_select --- Action: automation.actions.ticket_assignee",
    "events": [
      "25d58939-04ae-482e-8267-81893a6ab9e7"
    ]
  }
},
{
  "model": "automation.automation",
  "pk": "fc67c138-dcd6-48d3-bb35-c8dd04ec9777",
  "fields": {
    "created": "2016-12-28T22:40:25.751Z",
    "modified": "2016-12-28T22:40:25.828Z",
    "deleted": null,
    "tenant": "037530c4-ce6c-4724-9cfd-37a16e787001",
    "description": "Filter: None --- Action: automation.actions.ticket_cc",
    "events": [
      "25d58939-04ae-482e-8267-81893a6ab9e7"
    ]
  }
},
{
  "model": "automation.automationfiltertype",
  "pk": "0344e4e6-7d8d-4c4c-9ed3-ecdf38afa19c",
  "fields": {
    "created": "2016-12-28T22:40:25.359Z",
    "modified": "2016-12-28T22:40:25.359Z",
    "deleted": null,
    "key": "",
    "context": "ticket.ticket",
    "field": "location",
    "lookups": {
      "filters": "location_level"
    }
  }
},
{
  "model": "automation.automationfiltertype",
  "pk": "1e004d0f-e85a-42e0-acc9-4863f9ce5e61",
  "fields": {
    "created": "2016-12-28T22:40:25.290Z",
    "modified": "2016-12-28T22:40:25.290Z",
    "deleted": null,
    "key": "admin.placeholder.category_filter_select",
    "context": "ticket.ticket",
    "field": "categories",
    "lookups": {}
  }
},
{
  "model": "automation.automationfiltertype",
  "pk": "2d417716-c7b2-4784-aea0-1268dd21a59c",
  "fields": {
    "created": "2016-12-28T22:40:25.224Z",
    "modified": "2016-12-28T22:40:25.224Z",
    "deleted": null,
    "key": "admin.placeholder.priority_filter_select",
    "context": "ticket.ticket",
    "field": "priority",
    "lookups": {}
  }
},
{
  "model": "automation.automationfiltertype",
  "pk": "5548af68-c7d5-44d4-9489-c8a0212c5383",
  "fields": {
    "created": "2016-12-28T22:40:25.432Z",
    "modified": "2016-12-28T22:40:25.432Z",
    "deleted": null,
    "key": "admin.placeholder.state_filter_select",
    "context": "ticket.ticket",
    "field": "state",
    "lookups": {}
  }
},
{
  "model": "automation.automationfiltertype",
  "pk": "a0ef4d0b-aedc-471e-882f-b29d3257458d",
  "fields": {
    "created": "2016-12-28T22:40:25.499Z",
    "modified": "2016-12-28T22:40:25.499Z",
    "deleted": null,
    "key": "admin.placeholder.country_filter_select",
    "context": "ticket.ticket",
    "field": "country",
    "lookups": {}
  }
},
{
  "model": "automation.automationfilter",
  "pk": "5cb40d51-153e-49e1-8f6a-c7566e3e750d",
  "fields": {
    "created": "2016-12-28T22:40:25.225Z",
    "modified": "2016-12-28T22:40:25.225Z",
    "deleted": null,
    "automation": "3c31b92d-b06b-40f2-b198-0ea79cc07182",
    "source": "2d417716-c7b2-4784-aea0-1268dd21a59c",
    "lookups": {},
    "criteria": [
      "047530c4-ce6c-4724-9cfd-37a16e787003"
    ]
  }
},
{
  "model": "automation.automationfilter",
  "pk": "5d907c8d-4008-4f2d-8df6-77a118ae4d11",
  "fields": {
    "created": "2016-12-28T22:40:25.360Z",
    "modified": "2016-12-28T22:40:25.360Z",
    "deleted": null,
    "automation": "4242b0b4-173f-4aa6-8439-ee208fe06b44",
    "source": "0344e4e6-7d8d-4c4c-9ed3-ecdf38afa19c",
    "lookups": {
      "id": "84219008-2885-4a79-b807-10bb7a46e991",
      "filters": "location_level",
      "name": "Company"
    },
    "criteria": [
      "347c9528-18e5-40d0-bb18-2627751c7bc7"
    ]
  }
},
{
  "model": "automation.automationfilter",
  "pk": "77bb9b44-5d77-419d-b678-cec6ac4bc716",
  "fields": {
    "created": "2016-12-28T22:40:25.433Z",
    "modified": "2016-12-28T22:40:25.433Z",
    "deleted": null,
    "automation": "a7877d91-7118-4a01-be88-7d2ad92c0360",
    "source": "5548af68-c7d5-44d4-9489-c8a0212c5383",
    "lookups": {},
    "criteria": [
      "2f193a90-a270-48b7-8752-b4c5ad19156c"
    ]
  }
},
{
  "model": "automation.automationfilter",
  "pk": "840fe18e-55e0-4488-8098-64a87335c932",
  "fields": {
    "created": "2016-12-28T22:40:25.500Z",
    "modified": "2016-12-28T22:40:25.500Z",
    "deleted": null,
    "automation": "54e6c7c1-2132-4e4e-be95-8640fac516a7",
    "source": "a0ef4d0b-aedc-471e-882f-b29d3257458d",
    "lookups": {},
    "criteria": [
      "61760373-0b13-4a1e-8abe-8166ca841e01"
    ]
  }
},
{
  "model": "automation.automationfilter",
  "pk": "da2a7ffb-e948-4b17-8ac3-3d7618b559d7",
  "fields": {
    "created": "2016-12-28T22:40:25.292Z",
    "modified": "2016-12-28T22:40:25.292Z",
    "deleted": null,
    "automation": "f6420ed7-d489-4c98-9ead-34d995feff4d",
    "source": "1e004d0f-e85a-42e0-acc9-4863f9ce5e61",
    "lookups": {},
    "criteria": [
      "025530c4-ce6c-4724-9cfd-37a16e787001"
    ]
  }
}
]
