[
{
  "model": "automation.automationevent",
  "pk": "01301180-aadd-4455-835e-a51feae36963",
  "fields": {
    "created": "2017-01-18T18:35:46.201Z",
    "modified": "2017-01-18T18:35:46.201Z",
    "deleted": null,
    "key": "automation.event.ticket_status_deferred"
  }
},
{
  "model": "automation.automationevent",
  "pk": "3f35f54d-7ba7-474e-b66a-a8badc2ad9b7",
  "fields": {
    "created": "2017-01-18T18:35:46.193Z",
    "modified": "2017-01-18T18:35:46.193Z",
    "deleted": null,
    "key": "automation.event.ticket_comment"
  }
},
{
  "model": "automation.automationevent",
  "pk": "480b65cb-f445-498d-8c91-367dc6f13b78",
  "fields": {
    "created": "2017-01-18T18:35:46.200Z",
    "modified": "2017-01-18T18:35:46.200Z",
    "deleted": null,
    "key": "automation.event.ticket_status_complete"
  }
},
{
  "model": "automation.automationevent",
  "pk": "50bca962-9389-41ad-b9ad-518e4b95d551",
  "fields": {
    "created": "2017-01-18T18:35:46.184Z",
    "modified": "2017-01-18T18:35:46.185Z",
    "deleted": null,
    "key": "automation.event.ticket_assignee_change"
  }
},
{
  "model": "automation.automationevent",
  "pk": "5d4cd6b7-ee9f-49fd-b688-591db857f646",
  "fields": {
    "created": "2017-01-18T18:35:46.203Z",
    "modified": "2017-01-18T18:35:46.203Z",
    "deleted": null,
    "key": "automation.event.ticket_status_denied"
  }
},
{
  "model": "automation.automationevent",
  "pk": "700395ed-b5dc-470a-bf90-e01ec0d64df6",
  "fields": {
    "created": "2017-01-18T18:35:46.198Z",
    "modified": "2017-01-18T18:35:46.198Z",
    "deleted": null,
    "key": "automation.event.ticket_status_cancelled"
  }
},
{
  "model": "automation.automationevent",
  "pk": "87325b29-44d7-4717-b9af-fa63ac2c245b",
  "fields": {
    "created": "2017-01-18T18:35:46.195Z",
    "modified": "2017-01-18T18:35:46.195Z",
    "deleted": null,
    "key": "automation.event.ticket_location_change"
  }
},
{
  "model": "automation.automationevent",
  "pk": "8fa937cd-afce-43b4-80da-4ea4bb7c4353",
  "fields": {
    "created": "2017-01-18T18:35:46.209Z",
    "modified": "2017-01-18T18:35:46.209Z",
    "deleted": null,
    "key": "automation.event.ticket_status_pending"
  }
},
{
  "model": "automation.automationevent",
  "pk": "91947ab3-2a9d-40c8-8b42-0b91997846e1",
  "fields": {
    "created": "2017-01-18T18:35:46.188Z",
    "modified": "2017-01-18T18:35:46.188Z",
    "deleted": null,
    "key": "automation.event.ticket_attachment_add"
  }
},
{
  "model": "automation.automationevent",
  "pk": "a00d7380-9b6e-4dd7-86c2-49527b863c17",
  "fields": {
    "created": "2017-01-18T18:35:46.206Z",
    "modified": "2017-01-18T18:35:46.206Z",
    "deleted": null,
    "key": "automation.event.ticket_status_in_progress"
  }
},
{
  "model": "automation.automationevent",
  "pk": "cfe5eb32-c606-4393-82fc-314b94f60730",
  "fields": {
    "created": "2017-01-18T18:35:46.197Z",
    "modified": "2017-01-18T18:35:46.197Z",
    "deleted": null,
    "key": "automation.event.ticket_priority_change"
  }
},
{
  "model": "automation.automationevent",
  "pk": "d0020b56-b41b-4c99-b152-05319160a81a",
  "fields": {
    "created": "2017-01-18T18:35:46.212Z",
    "modified": "2017-01-18T18:35:46.212Z",
    "deleted": null,
    "key": "automation.event.ticket_status_unsatisfactory"
  }
},
{
  "model": "automation.automationevent",
  "pk": "d7ed71bc-70a5-44cf-8ad9-dd27c601a786",
  "fields": {
    "created": "2017-01-18T18:35:46.211Z",
    "modified": "2017-01-18T18:35:46.211Z",
    "deleted": null,
    "key": "automation.event.ticket_status_solved"
  }
},
{
  "model": "automation.automationevent",
  "pk": "e0c9a5be-46f4-477c-b559-3b9adbebb4ad",
  "fields": {
    "created": "2017-01-18T18:35:46.208Z",
    "modified": "2017-01-18T18:35:46.208Z",
    "deleted": null,
    "key": "automation.event.ticket_status_new"
  }
},
{
  "model": "automation.automationevent",
  "pk": "e24c1a90-9190-41cb-9e4d-75a69b4a88bd",
  "fields": {
    "created": "2017-01-18T18:35:46.190Z",
    "modified": "2017-01-18T18:35:46.190Z",
    "deleted": null,
    "key": "automation.event.ticket_category_change"
  }
},
{
  "model": "automation.automationevent",
  "pk": "ecbfe4af-6c46-4193-94fe-58786f5dbed2",
  "fields": {
    "created": "2017-01-18T18:35:46.204Z",
    "modified": "2017-01-18T18:35:46.204Z",
    "deleted": null,
    "key": "automation.event.ticket_status_draft"
  }
},
{
  "model": "automation.automationevent",
  "pk": "ee3e1821-7ea1-42da-b4e3-6e6ccac643bb",
  "fields": {
    "created": "2017-01-18T18:35:46.192Z",
    "modified": "2017-01-18T18:35:46.192Z",
    "deleted": null,
    "key": "automation.event.ticket_cc_add"
  }
},
{
  "model": "automation.automationactiontype",
  "pk": "3a60c4e2-9a02-49b8-bd3c-8f71e466c7ba",
  "fields": {
    "created": "2017-01-18T18:35:46.222Z",
    "modified": "2017-01-18T18:35:46.222Z",
    "deleted": null,
    "key": "automation.actions.ticket_request"
  }
},
{
  "model": "automation.automationactiontype",
  "pk": "43d10e28-0717-4960-bcb3-0d92c36cf646",
  "fields": {
    "created": "2017-01-18T18:35:46.219Z",
    "modified": "2017-01-18T18:35:46.219Z",
    "deleted": null,
    "key": "automation.actions.ticket_cc"
  }
},
{
  "model": "automation.automationactiontype",
  "pk": "4da92da6-3c06-464b-91aa-9b53c87d1530",
  "fields": {
    "created": "2017-01-18T18:35:46.218Z",
    "modified": "2017-01-18T18:35:46.218Z",
    "deleted": null,
    "key": "automation.actions.send_sms"
  }
},
{
  "model": "automation.automationactiontype",
  "pk": "5c085c21-26a3-4653-8fc8-11986b9d203c",
  "fields": {
    "created": "2017-01-18T18:35:46.221Z",
    "modified": "2017-01-18T18:35:46.221Z",
    "deleted": null,
    "key": "automation.actions.ticket_priority"
  }
},
{
  "model": "automation.automationactiontype",
  "pk": "5d72fc94-09fa-4c4a-87da-a52925151d53",
  "fields": {
    "created": "2017-01-18T18:35:46.216Z",
    "modified": "2017-01-18T18:35:46.216Z",
    "deleted": null,
    "key": "automation.actions.send_email"
  }
},
{
  "model": "automation.automationactiontype",
  "pk": "d745502c-bb0c-40d1-8eb8-7c06203fa7a9",
  "fields": {
    "created": "2017-01-18T18:35:46.224Z",
    "modified": "2017-01-18T18:35:46.224Z",
    "deleted": null,
    "key": "automation.actions.ticket_status"
  }
},
{
  "model": "automation.automationactiontype",
  "pk": "d95268eb-3e08-463f-9fdd-ad64ee5890ef",
  "fields": {
    "created": "2017-01-18T18:35:46.214Z",
    "modified": "2017-01-18T18:35:46.214Z",
    "deleted": null,
    "key": "automation.actions.ticket_assignee"
  }
},
{
  "model": "automation.automationaction",
  "pk": "0a15bae1-b9d8-4165-8a43-44dfa471b4f2",
  "fields": {
    "created": "2017-01-18T18:35:46.612Z",
    "modified": "2017-01-18T18:35:46.612Z",
    "deleted": null,
    "type": "d95268eb-3e08-463f-9fdd-ad64ee5890ef",
    "automation": "9a0ac47d-eba1-4cac-a8d7-08069a0df312",
    "content": {
      "assignee": "039530c4-ce6c-4724-9cfd-37a16e787200"
    }
  }
},
{
  "model": "automation.automationaction",
  "pk": "1f421816-c247-49bf-9abc-db2432b90ce2",
  "fields": {
    "created": "2017-01-18T18:35:46.774Z",
    "modified": "2017-01-18T18:35:46.774Z",
    "deleted": null,
    "type": "5d72fc94-09fa-4c4a-87da-a52925151d53",
    "automation": "362bd09e-a28f-474f-a594-11150b16315b",
    "content": {
      "recipients": [
        {
          "type": "person",
          "id": "039530c4-ce6c-4724-9cfd-37a16e787200"
        },
        {
          "type": "role",
          "id": "2efe2dfd-5342-4cc5-ab7c-8b0a271fc583"
        }
      ],
      "subject": "foo",
      "body": "bar"
    }
  }
},
{
  "model": "automation.automationaction",
  "pk": "2f37b067-751f-450b-91f0-a941b2879f69",
  "fields": {
    "created": "2017-01-18T18:35:46.535Z",
    "modified": "2017-01-18T18:35:46.535Z",
    "deleted": null,
    "type": "d95268eb-3e08-463f-9fdd-ad64ee5890ef",
    "automation": "7655a8de-90c9-46db-8db6-926bfa35cbc5",
    "content": {
      "assignee": "039530c4-ce6c-4724-9cfd-37a16e787200"
    }
  }
},
{
  "model": "automation.automationaction",
  "pk": "35d45ec8-6d23-4699-84ad-937bf23d3990",
  "fields": {
    "created": "2017-01-18T18:35:46.858Z",
    "modified": "2017-01-18T18:35:46.858Z",
    "deleted": null,
    "type": "5c085c21-26a3-4653-8fc8-11986b9d203c",
    "automation": "f6dcf474-1f5e-40de-8631-72cee9e801c2",
    "content": {
      "priority": "048530c4-ce6c-4724-9cfd-37a16e787003"
    }
  }
},
{
  "model": "automation.automationaction",
  "pk": "829f566e-7a2a-44e2-8d8e-65b77eaae6f3",
  "fields": {
    "created": "2017-01-18T18:35:46.385Z",
    "modified": "2017-01-18T18:35:46.385Z",
    "deleted": null,
    "type": "d95268eb-3e08-463f-9fdd-ad64ee5890ef",
    "automation": "6bff1a23-9e25-432b-822a-097a8d6aa658",
    "content": {
      "assignee": "039530c4-ce6c-4724-9cfd-37a16e787200"
    }
  }
},
{
  "model": "automation.automationaction",
  "pk": "95af41af-6f2e-45f4-903f-8d98bc539fdd",
  "fields": {
    "created": "2017-01-18T18:35:46.953Z",
    "modified": "2017-01-18T18:35:46.953Z",
    "deleted": null,
    "type": "43d10e28-0717-4960-bcb3-0d92c36cf646",
    "automation": "9b8e7820-728d-4a5b-8a7d-70128676c5a8",
    "content": {
      "ccs": [
        "039530c4-ce6c-4724-9cfd-37a16e787200"
      ]
    }
  }
},
{
  "model": "automation.automationaction",
  "pk": "aa3be3e5-a4c9-4c43-8c65-92076ba5c277",
  "fields": {
    "created": "2017-01-18T18:35:46.843Z",
    "modified": "2017-01-18T18:35:46.843Z",
    "deleted": null,
    "type": "4da92da6-3c06-464b-91aa-9b53c87d1530",
    "automation": "abfda886-044e-4ce1-b54b-808a532ff24f",
    "content": {
      "recipients": [
        {
          "type": "person",
          "id": "039530c4-ce6c-4724-9cfd-37a16e787200"
        },
        {
          "type": "role",
          "id": "2efe2dfd-5342-4cc5-ab7c-8b0a271fc583"
        }
      ],
      "body": "bar"
    }
  }
},
{
  "model": "automation.automationaction",
  "pk": "c913fc23-dee3-4acf-b2ee-967536def76d",
  "fields": {
    "created": "2017-01-18T18:35:46.886Z",
    "modified": "2017-01-18T18:35:46.886Z",
    "deleted": null,
    "type": "3a60c4e2-9a02-49b8-bd3c-8f71e466c7ba",
    "automation": "6b4cb2a3-02e0-4431-a6aa-b49e91a48821",
    "content": {
      "request": "foo"
    }
  }
},
{
  "model": "automation.automationaction",
  "pk": "cac8ecb7-dde5-46ea-95be-dfe95a2b056d",
  "fields": {
    "created": "2017-01-18T18:35:46.309Z",
    "modified": "2017-01-18T18:35:46.309Z",
    "deleted": null,
    "type": "d95268eb-3e08-463f-9fdd-ad64ee5890ef",
    "automation": "d8f0259a-6137-433a-9bbb-ee6ed09395cb",
    "content": {
      "assignee": "039530c4-ce6c-4724-9cfd-37a16e787200"
    }
  }
},
{
  "model": "automation.automationaction",
  "pk": "cb08096e-e3ed-4d50-9d21-20e6aeb875e4",
  "fields": {
    "created": "2017-01-18T18:35:46.872Z",
    "modified": "2017-01-18T18:35:46.872Z",
    "deleted": null,
    "type": "d745502c-bb0c-40d1-8eb8-7c06203fa7a9",
    "automation": "87325c0d-51f2-4334-b8f5-f59370e9904e",
    "content": {
      "status": "047530c4-ce6c-4724-9cfd-37a16e787007"
    }
  }
},
{
  "model": "automation.automationaction",
  "pk": "cfdc8130-f57c-499c-8dc9-dbb0cb495e58",
  "fields": {
    "created": "2017-01-18T18:35:46.703Z",
    "modified": "2017-01-18T18:35:46.703Z",
    "deleted": null,
    "type": "d95268eb-3e08-463f-9fdd-ad64ee5890ef",
    "automation": "ba2eaa6b-c446-4c74-930c-784d403cbd7e",
    "content": {
      "assignee": "039530c4-ce6c-4724-9cfd-37a16e787200"
    }
  }
},
{
  "model": "automation.automationaction",
  "pk": "e179dcd6-cecc-4062-8b41-3a5a533dd406",
  "fields": {
    "created": "2017-01-18T18:35:46.458Z",
    "modified": "2017-01-18T18:35:46.458Z",
    "deleted": null,
    "type": "d95268eb-3e08-463f-9fdd-ad64ee5890ef",
    "automation": "3deed678-5b27-4621-875e-49848c53e131",
    "content": {
      "assignee": "039530c4-ce6c-4724-9cfd-37a16e787200"
    }
  }
},
{
  "model": "automation.automation",
  "pk": "362bd09e-a28f-474f-a594-11150b16315b",
  "fields": {
    "created": "2017-01-18T18:35:46.711Z",
    "modified": "2017-01-18T18:35:46.983Z",
    "deleted": null,
    "tenant": "045530c4-ce6c-4724-9cfd-37a16e787001",
    "description": "Filter: None --- Action: automation.actions.send_email",
    "events": [
      "e0c9a5be-46f4-477c-b559-3b9adbebb4ad"
    ]
  }
},
{
  "model": "automation.automation",
  "pk": "3deed678-5b27-4621-875e-49848c53e131",
  "fields": {
    "created": "2017-01-18T18:35:46.398Z",
    "modified": "2017-01-18T18:35:46.997Z",
    "deleted": null,
    "tenant": "045530c4-ce6c-4724-9cfd-37a16e787001",
    "description": "Filter: None --- Action: automation.actions.ticket_assignee",
    "events": [
      "e0c9a5be-46f4-477c-b559-3b9adbebb4ad"
    ]
  }
},
{
  "model": "automation.automation",
  "pk": "6b4cb2a3-02e0-4431-a6aa-b49e91a48821",
  "fields": {
    "created": "2017-01-18T18:35:46.881Z",
    "modified": "2017-01-18T18:35:46.987Z",
    "deleted": null,
    "tenant": "045530c4-ce6c-4724-9cfd-37a16e787001",
    "description": "Filter: None --- Action: automation.actions.ticket_request",
    "events": [
      "e0c9a5be-46f4-477c-b559-3b9adbebb4ad"
    ]
  }
},
{
  "model": "automation.automation",
  "pk": "6bff1a23-9e25-432b-822a-097a8d6aa658",
  "fields": {
    "created": "2017-01-18T18:35:46.324Z",
    "modified": "2017-01-18T18:35:46.964Z",
    "deleted": null,
    "tenant": "045530c4-ce6c-4724-9cfd-37a16e787001",
    "description": "Filter: admin.placeholder.category_filter_select --- Action: automation.actions.ticket_assignee",
    "events": [
      "e0c9a5be-46f4-477c-b559-3b9adbebb4ad"
    ]
  }
},
{
  "model": "automation.automation",
  "pk": "7655a8de-90c9-46db-8db6-926bfa35cbc5",
  "fields": {
    "created": "2017-01-18T18:35:46.474Z",
    "modified": "2017-01-18T18:35:46.979Z",
    "deleted": null,
    "tenant": "045530c4-ce6c-4724-9cfd-37a16e787001",
    "description": "Filter: admin.placeholder.state_filter_select --- Action: automation.actions.ticket_assignee",
    "events": [
      "e0c9a5be-46f4-477c-b559-3b9adbebb4ad"
    ]
  }
},
{
  "model": "automation.automation",
  "pk": "87325c0d-51f2-4334-b8f5-f59370e9904e",
  "fields": {
    "created": "2017-01-18T18:35:46.866Z",
    "modified": "2017-01-18T18:35:47.005Z",
    "deleted": null,
    "tenant": "045530c4-ce6c-4724-9cfd-37a16e787001",
    "description": "Filter: None --- Action: automation.actions.ticket_status",
    "events": [
      "e0c9a5be-46f4-477c-b559-3b9adbebb4ad"
    ]
  }
},
{
  "model": "automation.automation",
  "pk": "9a0ac47d-eba1-4cac-a8d7-08069a0df312",
  "fields": {
    "created": "2017-01-18T18:35:46.551Z",
    "modified": "2017-01-18T18:35:46.969Z",
    "deleted": null,
    "tenant": "045530c4-ce6c-4724-9cfd-37a16e787001",
    "description": "Filter: admin.placeholder.country_filter_select --- Action: automation.actions.ticket_assignee",
    "events": [
      "e0c9a5be-46f4-477c-b559-3b9adbebb4ad"
    ]
  }
},
{
  "model": "automation.automation",
  "pk": "9b8e7820-728d-4a5b-8a7d-70128676c5a8",
  "fields": {
    "created": "2017-01-18T18:35:46.894Z",
    "modified": "2017-01-18T18:35:46.958Z",
    "deleted": null,
    "tenant": "045530c4-ce6c-4724-9cfd-37a16e787001",
    "description": "Filter: None --- Action: automation.actions.ticket_cc",
    "events": [
      "e0c9a5be-46f4-477c-b559-3b9adbebb4ad"
    ]
  }
},
{
  "model": "automation.automation",
  "pk": "abfda886-044e-4ce1-b54b-808a532ff24f",
  "fields": {
    "created": "2017-01-18T18:35:46.783Z",
    "modified": "2017-01-18T18:35:47.001Z",
    "deleted": null,
    "tenant": "045530c4-ce6c-4724-9cfd-37a16e787001",
    "description": "Filter: None --- Action: automation.actions.send_sms",
    "events": [
      "e0c9a5be-46f4-477c-b559-3b9adbebb4ad"
    ]
  }
},
{
  "model": "automation.automation",
  "pk": "ba2eaa6b-c446-4c74-930c-784d403cbd7e",
  "fields": {
    "created": "2017-01-18T18:35:46.641Z",
    "modified": "2017-01-18T18:35:46.991Z",
    "deleted": null,
    "tenant": "045530c4-ce6c-4724-9cfd-37a16e787001",
    "description": "Filter: None --- Action: automation.actions.ticket_assignee",
    "events": [
      "e0c9a5be-46f4-477c-b559-3b9adbebb4ad"
    ]
  }
},
{
  "model": "automation.automation",
  "pk": "d8f0259a-6137-433a-9bbb-ee6ed09395cb",
  "fields": {
    "created": "2017-01-18T18:35:46.235Z",
    "modified": "2017-01-18T18:35:46.974Z",
    "deleted": null,
    "tenant": "045530c4-ce6c-4724-9cfd-37a16e787001",
    "description": "Filter: admin.placeholder.priority_filter_select --- Action: automation.actions.ticket_assignee",
    "events": [
      "e0c9a5be-46f4-477c-b559-3b9adbebb4ad"
    ]
  }
},
{
  "model": "automation.automation",
  "pk": "f6dcf474-1f5e-40de-8631-72cee9e801c2",
  "fields": {
    "created": "2017-01-18T18:35:46.852Z",
    "modified": "2017-01-18T18:35:47.009Z",
    "deleted": null,
    "tenant": "045530c4-ce6c-4724-9cfd-37a16e787001",
    "description": "Filter: None --- Action: automation.actions.ticket_priority",
    "events": [
      "e0c9a5be-46f4-477c-b559-3b9adbebb4ad"
    ]
  }
},
{
  "model": "automation.automationfiltertype",
  "pk": "0cec921d-4586-4880-bcac-88f525f870fa",
  "fields": {
    "created": "2017-01-18T18:35:46.464Z",
    "modified": "2017-01-18T18:35:46.464Z",
    "deleted": null,
    "key": "",
    "context": "ticket.ticket",
    "field": "location",
    "lookups": {
      "filters": "location_level"
    }
  }
},
{
  "model": "automation.automationfiltertype",
  "pk": "783373d1-0672-4b21-a1e4-fd65fab65709",
  "fields": {
    "created": "2017-01-18T18:35:46.616Z",
    "modified": "2017-01-18T18:35:46.616Z",
    "deleted": null,
    "key": "admin.placeholder.country_filter_select",
    "context": "ticket.ticket",
    "field": "country",
    "lookups": {}
  }
},
{
  "model": "automation.automationfiltertype",
  "pk": "94105ce0-5e7c-401c-b654-ea2188354d50",
  "fields": {
    "created": "2017-01-18T18:35:46.541Z",
    "modified": "2017-01-18T18:35:46.541Z",
    "deleted": null,
    "key": "admin.placeholder.state_filter_select",
    "context": "ticket.ticket",
    "field": "state",
    "lookups": {}
  }
},
{
  "model": "automation.automationfiltertype",
  "pk": "da9bf46d-edf7-4fd7-9e8f-05d154af9c5c",
  "fields": {
    "created": "2017-01-18T18:35:46.313Z",
    "modified": "2017-01-18T18:35:46.314Z",
    "deleted": null,
    "key": "admin.placeholder.priority_filter_select",
    "context": "ticket.ticket",
    "field": "priority",
    "lookups": {}
  }
},
{
  "model": "automation.automationfiltertype",
  "pk": "dadbfe9e-d490-447e-bdd0-409a63e890bb",
  "fields": {
    "created": "2017-01-18T18:35:46.388Z",
    "modified": "2017-01-18T18:35:46.388Z",
    "deleted": null,
    "key": "admin.placeholder.category_filter_select",
    "context": "ticket.ticket",
    "field": "categories",
    "lookups": {}
  }
},
{
  "model": "automation.automationfilter",
  "pk": "3ba2399e-0572-45f0-9fdf-e9d3d283961d",
  "fields": {
    "created": "2017-01-18T18:35:46.389Z",
    "modified": "2017-01-18T18:35:46.389Z",
    "deleted": null,
    "automation": "6bff1a23-9e25-432b-822a-097a8d6aa658",
    "source": "dadbfe9e-d490-447e-bdd0-409a63e890bb",
    "lookups": {},
    "criteria": [
      "023530c4-ce6c-4724-9cfd-37a16e787001"
    ]
  }
},
{
  "model": "automation.automationfilter",
  "pk": "67057a03-7fe5-4f55-b933-abd6487fff02",
  "fields": {
    "created": "2017-01-18T18:35:46.542Z",
    "modified": "2017-01-18T18:35:46.542Z",
    "deleted": null,
    "automation": "7655a8de-90c9-46db-8db6-926bfa35cbc5",
    "source": "94105ce0-5e7c-401c-b654-ea2188354d50",
    "lookups": {},
    "criteria": [
      "2f193a90-a270-48b7-8752-b4c5ad19156c"
    ]
  }
},
{
  "model": "automation.automationfilter",
  "pk": "6716b460-9036-4b82-af84-b29c5f39d67a",
  "fields": {
    "created": "2017-01-18T18:35:46.466Z",
    "modified": "2017-01-18T18:35:46.466Z",
    "deleted": null,
    "automation": "3deed678-5b27-4621-875e-49848c53e131",
    "source": "0cec921d-4586-4880-bcac-88f525f870fa",
    "lookups": {
      "filters": "location_level",
      "id": "17f038f5-9bfa-47a5-9e47-67d1ac13ce96",
      "name": "Company"
    },
    "criteria": [
      "875d8758-4e6a-45ce-98e4-3fe00cd94703"
    ]
  }
},
{
  "model": "automation.automationfilter",
  "pk": "9eef3d09-12ca-4527-8422-2a06305b3517",
  "fields": {
    "created": "2017-01-18T18:35:46.315Z",
    "modified": "2017-01-18T18:35:46.315Z",
    "deleted": null,
    "automation": "d8f0259a-6137-433a-9bbb-ee6ed09395cb",
    "source": "da9bf46d-edf7-4fd7-9e8f-05d154af9c5c",
    "lookups": {},
    "criteria": [
      "048530c4-ce6c-4724-9cfd-37a16e787003"
    ]
  }
},
{
  "model": "automation.automationfilter",
  "pk": "c60ae108-0ac2-453e-9e97-968d844ca603",
  "fields": {
    "created": "2017-01-18T18:35:46.617Z",
    "modified": "2017-01-18T18:35:46.617Z",
    "deleted": null,
    "automation": "9a0ac47d-eba1-4cac-a8d7-08069a0df312",
    "source": "783373d1-0672-4b21-a1e4-fd65fab65709",
    "lookups": {},
    "criteria": [
      "61760373-0b13-4a1e-8abe-8166ca841e01"
    ]
  }
}
]
