[
{
  "model": "automation.automationevent",
  "pk": "01068f99-5b25-44af-8a62-4291ca95b0db",
  "fields": {
    "created": "2017-01-31T16:06:59.081Z",
    "modified": "2017-01-31T16:06:59.081Z",
    "deleted": null,
    "key": "automation.event.ticket_status_in_progress"
  }
},
{
  "model": "automation.automationevent",
  "pk": "01742372-d8ad-4e74-ae6f-bcb96c9b97f1",
  "fields": {
    "created": "2017-01-31T16:06:59.085Z",
    "modified": "2017-01-31T16:06:59.085Z",
    "deleted": null,
    "key": "automation.event.ticket_status_solved"
  }
},
{
  "model": "automation.automationevent",
  "pk": "0fd234a2-a254-4ace-b90c-6cf1a2c92974",
  "fields": {
    "created": "2017-01-31T16:06:59.087Z",
    "modified": "2017-01-31T16:06:59.087Z",
    "deleted": null,
    "key": "automation.event.ticket_status_unsatisfactory"
  }
},
{
  "model": "automation.automationevent",
  "pk": "30edc087-e577-4525-bed5-44e9446f3bde",
  "fields": {
    "created": "2017-01-31T16:06:59.084Z",
    "modified": "2017-01-31T16:06:59.084Z",
    "deleted": null,
    "key": "automation.event.ticket_status_pending"
  }
},
{
  "model": "automation.automationevent",
  "pk": "3117a432-d296-4dc2-bb7a-b5f38d06f48a",
  "fields": {
    "created": "2017-01-31T16:06:59.079Z",
    "modified": "2017-01-31T16:06:59.079Z",
    "deleted": null,
    "key": "automation.event.ticket_status_denied"
  }
},
{
  "model": "automation.automationevent",
  "pk": "32e8ac15-ae9f-42e1-a530-422eb2377561",
  "fields": {
    "created": "2017-01-31T16:06:59.073Z",
    "modified": "2017-01-31T16:06:59.073Z",
    "deleted": null,
    "key": "automation.event.ticket_priority_change"
  }
},
{
  "model": "automation.automationevent",
  "pk": "4bf30bfa-9982-4197-8363-07bbf1f70176",
  "fields": {
    "created": "2017-01-31T16:06:59.075Z",
    "modified": "2017-01-31T16:06:59.075Z",
    "deleted": null,
    "key": "automation.event.ticket_status_cancelled"
  }
},
{
  "model": "automation.automationevent",
  "pk": "5573e47a-af4e-49fa-a289-df1240fa6afd",
  "fields": {
    "created": "2017-01-31T16:06:59.066Z",
    "modified": "2017-01-31T16:06:59.066Z",
    "deleted": null,
    "key": "automation.event.ticket_attachment_add"
  }
},
{
  "model": "automation.automationevent",
  "pk": "6a963a05-f27e-403d-96ad-4d5bbc6094a4",
  "fields": {
    "created": "2017-01-31T16:06:59.077Z",
    "modified": "2017-01-31T16:06:59.077Z",
    "deleted": null,
    "key": "automation.event.ticket_status_deferred"
  }
},
{
  "model": "automation.automationevent",
  "pk": "7ebe7643-4edf-4a65-86c6-821f83df93e7",
  "fields": {
    "created": "2017-01-31T16:06:59.076Z",
    "modified": "2017-01-31T16:06:59.076Z",
    "deleted": null,
    "key": "automation.event.ticket_status_complete"
  }
},
{
  "model": "automation.automationevent",
  "pk": "9f149d7f-1c3d-4c99-aa00-0ad1dd5a0513",
  "fields": {
    "created": "2017-01-31T16:06:59.080Z",
    "modified": "2017-01-31T16:06:59.080Z",
    "deleted": null,
    "key": "automation.event.ticket_status_draft"
  }
},
{
  "model": "automation.automationevent",
  "pk": "a8abde62-f2a7-4188-b01d-460ce2becb8c",
  "fields": {
    "created": "2017-01-31T16:06:59.071Z",
    "modified": "2017-01-31T16:06:59.071Z",
    "deleted": null,
    "key": "automation.event.ticket_comment"
  }
},
{
  "model": "automation.automationevent",
  "pk": "ae495a8a-a65f-4b94-bfb2-43839844d444",
  "fields": {
    "created": "2017-01-31T16:06:59.072Z",
    "modified": "2017-01-31T16:06:59.072Z",
    "deleted": null,
    "key": "automation.event.ticket_location_change"
  }
},
{
  "model": "automation.automationevent",
  "pk": "afa9df45-12fc-4947-b2c8-60fc177d7867",
  "fields": {
    "created": "2017-01-31T16:06:59.083Z",
    "modified": "2017-01-31T16:06:59.083Z",
    "deleted": null,
    "key": "automation.event.ticket_status_new"
  }
},
{
  "model": "automation.automationevent",
  "pk": "b93ab101-27f2-4fbd-9403-59d51a0190b2",
  "fields": {
    "created": "2017-01-31T16:06:59.068Z",
    "modified": "2017-01-31T16:06:59.068Z",
    "deleted": null,
    "key": "automation.event.ticket_category_change"
  }
},
{
  "model": "automation.automationevent",
  "pk": "d2b29017-12dd-47cd-bc32-60588366c107",
  "fields": {
    "created": "2017-01-31T16:06:59.062Z",
    "modified": "2017-01-31T16:06:59.062Z",
    "deleted": null,
    "key": "automation.event.ticket_assignee_change"
  }
},
{
  "model": "automation.automationevent",
  "pk": "e8cc8a02-5d99-4235-a49f-4394ac49f2e7",
  "fields": {
    "created": "2017-01-31T16:06:59.069Z",
    "modified": "2017-01-31T16:06:59.069Z",
    "deleted": null,
    "key": "automation.event.ticket_cc_add"
  }
},
{
  "model": "automation.automationactiontype",
  "pk": "21a0bad7-4048-4005-b15c-99e5e5d40d29",
  "fields": {
    "created": "2017-01-31T16:06:59.095Z",
    "modified": "2017-01-31T16:06:59.095Z",
    "deleted": null,
    "key": "automation.actions.ticket_request"
  }
},
{
  "model": "automation.automationactiontype",
  "pk": "2206d751-8401-400a-908c-8ab3a36f6843",
  "fields": {
    "created": "2017-01-31T16:06:59.094Z",
    "modified": "2017-01-31T16:06:59.094Z",
    "deleted": null,
    "key": "automation.actions.ticket_priority"
  }
},
{
  "model": "automation.automationactiontype",
  "pk": "6a112962-47db-4a08-814f-7e2a3ea4f6c9",
  "fields": {
    "created": "2017-01-31T16:06:59.096Z",
    "modified": "2017-01-31T16:06:59.096Z",
    "deleted": null,
    "key": "automation.actions.ticket_status"
  }
},
{
  "model": "automation.automationactiontype",
  "pk": "70451e43-cc29-4862-9955-064e2b1b90ca",
  "fields": {
    "created": "2017-01-31T16:06:59.088Z",
    "modified": "2017-01-31T16:06:59.088Z",
    "deleted": null,
    "key": "automation.actions.ticket_assignee"
  }
},
{
  "model": "automation.automationactiontype",
  "pk": "7b196baf-c64b-4f92-86cb-2823e412563f",
  "fields": {
    "created": "2017-01-31T16:06:59.091Z",
    "modified": "2017-01-31T16:06:59.091Z",
    "deleted": null,
    "key": "automation.actions.send_sms"
  }
},
{
  "model": "automation.automationactiontype",
  "pk": "f5a5ad56-8496-44bb-93f2-cf4a4479e9c8",
  "fields": {
    "created": "2017-01-31T16:06:59.092Z",
    "modified": "2017-01-31T16:06:59.093Z",
    "deleted": null,
    "key": "automation.actions.ticket_cc"
  }
},
{
  "model": "automation.automationactiontype",
  "pk": "fdb13d43-00cc-4036-aad8-82208b6aae38",
  "fields": {
    "created": "2017-01-31T16:06:59.090Z",
    "modified": "2017-01-31T16:06:59.090Z",
    "deleted": null,
    "key": "automation.actions.send_email"
  }
},
{
  "model": "automation.automationaction",
  "pk": "0dcca095-f9d4-4de9-9141-3546e70529bb",
  "fields": {
    "created": "2017-01-31T16:06:59.651Z",
    "modified": "2017-01-31T16:06:59.651Z",
    "deleted": null,
    "type": "21a0bad7-4048-4005-b15c-99e5e5d40d29",
    "automation": "0896028f-f37a-4913-b8f2-588615476656",
    "content": {
      "request": "foo"
    }
  }
},
{
  "model": "automation.automationaction",
  "pk": "2e29cb39-3cd6-4269-ae94-44a1ed8b19b7",
  "fields": {
    "created": "2017-01-31T16:06:59.230Z",
    "modified": "2017-01-31T16:06:59.230Z",
    "deleted": null,
    "type": "70451e43-cc29-4862-9955-064e2b1b90ca",
    "automation": "ad47c6ad-26da-441d-9a85-1599f4cb2cda",
    "content": {
      "assignee": "043530c4-ce6c-4724-9cfd-37a16e787200"
    }
  }
},
{
  "model": "automation.automationaction",
  "pk": "2e9274c4-50e4-4e5e-9301-5b76e2252335",
  "fields": {
    "created": "2017-01-31T16:06:59.165Z",
    "modified": "2017-01-31T16:06:59.165Z",
    "deleted": null,
    "type": "70451e43-cc29-4862-9955-064e2b1b90ca",
    "automation": "8f8cf82a-206c-43f4-bf29-38fcf9e673e2",
    "content": {
      "assignee": "043530c4-ce6c-4724-9cfd-37a16e787200"
    }
  }
},
{
  "model": "automation.automationaction",
  "pk": "53e6d9be-076e-48d6-a6c3-5d22a4a5421d",
  "fields": {
    "created": "2017-01-31T16:06:59.496Z",
    "modified": "2017-01-31T16:06:59.496Z",
    "deleted": null,
    "type": "70451e43-cc29-4862-9955-064e2b1b90ca",
    "automation": "84f24c1c-3c4c-4553-9c44-28712b818ee5",
    "content": {
      "assignee": "043530c4-ce6c-4724-9cfd-37a16e787200"
    }
  }
},
{
  "model": "automation.automationaction",
  "pk": "6c0b522d-bbce-40ea-a4c4-8f916176e8bb",
  "fields": {
    "created": "2017-01-31T16:06:59.292Z",
    "modified": "2017-01-31T16:06:59.292Z",
    "deleted": null,
    "type": "70451e43-cc29-4862-9955-064e2b1b90ca",
    "automation": "80094386-dc52-41ab-94c2-41483f77a3d2",
    "content": {
      "assignee": "043530c4-ce6c-4724-9cfd-37a16e787200"
    }
  }
},
{
  "model": "automation.automationaction",
  "pk": "706a0c5b-c7a1-416b-93de-f04252dd095a",
  "fields": {
    "created": "2017-01-31T16:06:59.709Z",
    "modified": "2017-01-31T16:06:59.709Z",
    "deleted": null,
    "type": "f5a5ad56-8496-44bb-93f2-cf4a4479e9c8",
    "automation": "7ad1a4bd-4507-47b0-b254-2382c898eaac",
    "content": {
      "ccs": [
        "043530c4-ce6c-4724-9cfd-37a16e787200"
      ]
    }
  }
},
{
  "model": "automation.automationaction",
  "pk": "76c1f252-c8ba-4c57-a17f-006dba88bb54",
  "fields": {
    "created": "2017-01-31T16:06:59.357Z",
    "modified": "2017-01-31T16:06:59.357Z",
    "deleted": null,
    "type": "70451e43-cc29-4862-9955-064e2b1b90ca",
    "automation": "90f29db5-7663-4633-a014-9d2632cbdbc2",
    "content": {
      "assignee": "043530c4-ce6c-4724-9cfd-37a16e787200"
    }
  }
},
{
  "model": "automation.automationaction",
  "pk": "889f46e9-67c6-4123-b2d4-762e3d843606",
  "fields": {
    "created": "2017-01-31T16:06:59.615Z",
    "modified": "2017-01-31T16:06:59.615Z",
    "deleted": null,
    "type": "7b196baf-c64b-4f92-86cb-2823e412563f",
    "automation": "582dad35-cb25-4c05-b407-54677098e87f",
    "content": {
      "recipients": [
        {
          "type": "person",
          "id": "043530c4-ce6c-4724-9cfd-37a16e787200"
        },
        {
          "type": "role",
          "id": "a7f004a3-bba4-4c5a-8f7b-c89381ff0a5b"
        }
      ],
      "body": "bar"
    }
  }
},
{
  "model": "automation.automationaction",
  "pk": "8fa0b039-eafa-4fc0-8cc6-48b0a1739230",
  "fields": {
    "created": "2017-01-31T16:06:59.639Z",
    "modified": "2017-01-31T16:06:59.639Z",
    "deleted": null,
    "type": "6a112962-47db-4a08-814f-7e2a3ea4f6c9",
    "automation": "161b003c-e1fe-4188-adab-8bec6b004ef5",
    "content": {
      "status": "051530c4-ce6c-4724-9cfd-37a16e787007"
    }
  }
},
{
  "model": "automation.automationaction",
  "pk": "a03ad76c-98bf-4c34-a7ac-a8392a709ec4",
  "fields": {
    "created": "2017-01-31T16:06:59.421Z",
    "modified": "2017-01-31T16:06:59.421Z",
    "deleted": null,
    "type": "70451e43-cc29-4862-9955-064e2b1b90ca",
    "automation": "5ae07553-5fee-4cb1-9d18-2dd75b486593",
    "content": {
      "assignee": "043530c4-ce6c-4724-9cfd-37a16e787200"
    }
  }
},
{
  "model": "automation.automationaction",
  "pk": "a1638207-21b4-4a3d-9b5d-c7cc314268ff",
  "fields": {
    "created": "2017-01-31T16:06:59.627Z",
    "modified": "2017-01-31T16:06:59.627Z",
    "deleted": null,
    "type": "2206d751-8401-400a-908c-8ab3a36f6843",
    "automation": "61719405-836f-4a07-b891-defe52c03ddb",
    "content": {
      "priority": "049530c4-ce6c-4724-9cfd-37a16e787003"
    }
  }
},
{
  "model": "automation.automationaction",
  "pk": "ab6fb6c3-0f5c-4aff-9e15-7b7eb7237ebf",
  "fields": {
    "created": "2017-01-31T16:06:59.556Z",
    "modified": "2017-01-31T16:06:59.556Z",
    "deleted": null,
    "type": "fdb13d43-00cc-4036-aad8-82208b6aae38",
    "automation": "fe36151f-8c28-45e6-82d7-18ee34099a3e",
    "content": {
      "subject": "foo",
      "recipients": [
        {
          "type": "person",
          "id": "043530c4-ce6c-4724-9cfd-37a16e787200"
        },
        {
          "type": "role",
          "id": "a7f004a3-bba4-4c5a-8f7b-c89381ff0a5b"
        }
      ],
      "body": "bar"
    }
  }
},
{
  "model": "automation.automation",
  "pk": "0896028f-f37a-4913-b8f2-588615476656",
  "fields": {
    "created": "2017-01-31T16:06:59.646Z",
    "modified": "2017-01-31T16:06:59.731Z",
    "deleted": null,
    "tenant": "044530c4-ce6c-4724-9cfd-37a16e787001",
    "description": "Filter: None --- Action: automation.actions.ticket_request",
    "events": [
      "afa9df45-12fc-4947-b2c8-60fc177d7867"
    ]
  }
},
{
  "model": "automation.automation",
  "pk": "161b003c-e1fe-4188-adab-8bec6b004ef5",
  "fields": {
    "created": "2017-01-31T16:06:59.634Z",
    "modified": "2017-01-31T16:06:59.739Z",
    "deleted": null,
    "tenant": "044530c4-ce6c-4724-9cfd-37a16e787001",
    "description": "Filter: None --- Action: automation.actions.ticket_status",
    "events": [
      "afa9df45-12fc-4947-b2c8-60fc177d7867"
    ]
  }
},
{
  "model": "automation.automation",
  "pk": "582dad35-cb25-4c05-b407-54677098e87f",
  "fields": {
    "created": "2017-01-31T16:06:59.563Z",
    "modified": "2017-01-31T16:06:59.746Z",
    "deleted": null,
    "tenant": "044530c4-ce6c-4724-9cfd-37a16e787001",
    "description": "Filter: None --- Action: automation.actions.send_sms",
    "events": [
      "afa9df45-12fc-4947-b2c8-60fc177d7867"
    ]
  }
},
{
  "model": "automation.automation",
  "pk": "5ae07553-5fee-4cb1-9d18-2dd75b486593",
  "fields": {
    "created": "2017-01-31T16:06:59.370Z",
    "modified": "2017-01-31T16:06:59.719Z",
    "deleted": null,
    "tenant": "044530c4-ce6c-4724-9cfd-37a16e787001",
    "description": "Filter: admin.placeholder.country_filter_select --- Action: automation.actions.ticket_assignee",
    "events": [
      "afa9df45-12fc-4947-b2c8-60fc177d7867"
    ]
  }
},
{
  "model": "automation.automation",
  "pk": "61719405-836f-4a07-b891-defe52c03ddb",
  "fields": {
    "created": "2017-01-31T16:06:59.622Z",
    "modified": "2017-01-31T16:06:59.742Z",
    "deleted": null,
    "tenant": "044530c4-ce6c-4724-9cfd-37a16e787001",
    "description": "Filter: None --- Action: automation.actions.ticket_priority",
    "events": [
      "afa9df45-12fc-4947-b2c8-60fc177d7867"
    ]
  }
},
{
  "model": "automation.automation",
  "pk": "7ad1a4bd-4507-47b0-b254-2382c898eaac",
  "fields": {
    "created": "2017-01-31T16:06:59.658Z",
    "modified": "2017-01-31T16:06:59.754Z",
    "deleted": null,
    "tenant": "044530c4-ce6c-4724-9cfd-37a16e787001",
    "description": "Filter: None --- Action: automation.actions.ticket_cc",
    "events": [
      "afa9df45-12fc-4947-b2c8-60fc177d7867"
    ]
  }
},
{
  "model": "automation.automation",
  "pk": "80094386-dc52-41ab-94c2-41483f77a3d2",
  "fields": {
    "created": "2017-01-31T16:06:59.241Z",
    "modified": "2017-01-31T16:06:59.750Z",
    "deleted": null,
    "tenant": "044530c4-ce6c-4724-9cfd-37a16e787001",
    "description": "Filter: None --- Action: automation.actions.ticket_assignee",
    "events": [
      "afa9df45-12fc-4947-b2c8-60fc177d7867"
    ]
  }
},
{
  "model": "automation.automation",
  "pk": "84f24c1c-3c4c-4553-9c44-28712b818ee5",
  "fields": {
    "created": "2017-01-31T16:06:59.445Z",
    "modified": "2017-01-31T16:06:59.758Z",
    "deleted": null,
    "tenant": "044530c4-ce6c-4724-9cfd-37a16e787001",
    "description": "Filter: None --- Action: automation.actions.ticket_assignee",
    "events": [
      "afa9df45-12fc-4947-b2c8-60fc177d7867"
    ]
  }
},
{
  "model": "automation.automation",
  "pk": "8f8cf82a-206c-43f4-bf29-38fcf9e673e2",
  "fields": {
    "created": "2017-01-31T16:06:59.106Z",
    "modified": "2017-01-31T16:06:59.723Z",
    "deleted": null,
    "tenant": "044530c4-ce6c-4724-9cfd-37a16e787001",
    "description": "Filter: admin.placeholder.priority_filter_select --- Action: automation.actions.ticket_assignee",
    "events": [
      "afa9df45-12fc-4947-b2c8-60fc177d7867"
    ]
  }
},
{
  "model": "automation.automation",
  "pk": "90f29db5-7663-4633-a014-9d2632cbdbc2",
  "fields": {
    "created": "2017-01-31T16:06:59.306Z",
    "modified": "2017-01-31T16:06:59.728Z",
    "deleted": null,
    "tenant": "044530c4-ce6c-4724-9cfd-37a16e787001",
    "description": "Filter: admin.placeholder.state_filter_select --- Action: automation.actions.ticket_assignee",
    "events": [
      "afa9df45-12fc-4947-b2c8-60fc177d7867"
    ]
  }
},
{
  "model": "automation.automation",
  "pk": "ad47c6ad-26da-441d-9a85-1599f4cb2cda",
  "fields": {
    "created": "2017-01-31T16:06:59.177Z",
    "modified": "2017-01-31T16:06:59.714Z",
    "deleted": null,
    "tenant": "044530c4-ce6c-4724-9cfd-37a16e787001",
    "description": "Filter: admin.placeholder.category_filter_select --- Action: automation.actions.ticket_assignee",
    "events": [
      "afa9df45-12fc-4947-b2c8-60fc177d7867"
    ]
  }
},
{
  "model": "automation.automation",
  "pk": "fe36151f-8c28-45e6-82d7-18ee34099a3e",
  "fields": {
    "created": "2017-01-31T16:06:59.504Z",
    "modified": "2017-01-31T16:06:59.735Z",
    "deleted": null,
    "tenant": "044530c4-ce6c-4724-9cfd-37a16e787001",
    "description": "Filter: None --- Action: automation.actions.send_email",
    "events": [
      "afa9df45-12fc-4947-b2c8-60fc177d7867"
    ]
  }
},
{
  "model": "automation.automationfiltertype",
  "pk": "6aea483b-f9d1-40db-91f4-fefca0ee71d1",
  "fields": {
    "created": "2017-01-31T16:06:59.168Z",
    "modified": "2017-01-31T16:06:59.168Z",
    "deleted": null,
    "key": "admin.placeholder.priority_filter_select",
    "context": "ticket.ticket",
    "field": "priority",
    "lookups": {}
  }
},
{
  "model": "automation.automationfiltertype",
  "pk": "7f0a9d93-d9b9-45f6-89c2-dbd929f6201b",
  "fields": {
    "created": "2017-01-31T16:06:59.233Z",
    "modified": "2017-01-31T16:06:59.233Z",
    "deleted": null,
    "key": "admin.placeholder.category_filter_select",
    "context": "ticket.ticket",
    "field": "categories",
    "lookups": {}
  }
},
{
  "model": "automation.automationfiltertype",
  "pk": "85a2cc53-f03a-4abd-8d6c-6a9c26b15fa4",
  "fields": {
    "created": "2017-01-31T16:06:59.297Z",
    "modified": "2017-01-31T16:06:59.297Z",
    "deleted": null,
    "key": "",
    "context": "ticket.ticket",
    "field": "location",
    "lookups": {
      "filters": "location_level"
    }
  }
},
{
  "model": "automation.automationfiltertype",
  "pk": "c18f9607-987c-4406-b4aa-fe6de1a3e8cb",
  "fields": {
    "created": "2017-01-31T16:06:59.362Z",
    "modified": "2017-01-31T16:06:59.362Z",
    "deleted": null,
    "key": "admin.placeholder.state_filter_select",
    "context": "ticket.ticket",
    "field": "state",
    "lookups": {}
  }
},
{
  "model": "automation.automationfiltertype",
  "pk": "d87a4167-2a1c-4697-a125-df4110edc5b0",
  "fields": {
    "created": "2017-01-31T16:06:59.424Z",
    "modified": "2017-01-31T16:06:59.424Z",
    "deleted": null,
    "key": "admin.placeholder.country_filter_select",
    "context": "ticket.ticket",
    "field": "country",
    "lookups": {}
  }
},
{
  "model": "automation.automationfilter",
  "pk": "4b55a824-ab05-4edd-af43-55df7d4bbb1a",
  "fields": {
    "created": "2017-01-31T16:06:59.363Z",
    "modified": "2017-01-31T16:06:59.363Z",
    "deleted": null,
    "automation": "90f29db5-7663-4633-a014-9d2632cbdbc2",
    "source": "c18f9607-987c-4406-b4aa-fe6de1a3e8cb",
    "lookups": {},
    "criteria": [
      "2f193a90-a270-48b7-8752-b4c5ad19156c"
    ]
  }
},
{
  "model": "automation.automationfilter",
  "pk": "9f2cbaf0-3709-4083-a24a-460879feb8d0",
  "fields": {
    "created": "2017-01-31T16:06:59.169Z",
    "modified": "2017-01-31T16:06:59.169Z",
    "deleted": null,
    "automation": "8f8cf82a-206c-43f4-bf29-38fcf9e673e2",
    "source": "6aea483b-f9d1-40db-91f4-fefca0ee71d1",
    "lookups": {},
    "criteria": [
      "049530c4-ce6c-4724-9cfd-37a16e787003"
    ]
  }
},
{
  "model": "automation.automationfilter",
  "pk": "ad10417e-d27c-4129-af7d-9dfb8beaf395",
  "fields": {
    "created": "2017-01-31T16:06:59.298Z",
    "modified": "2017-01-31T16:06:59.298Z",
    "deleted": null,
    "automation": "80094386-dc52-41ab-94c2-41483f77a3d2",
    "source": "85a2cc53-f03a-4abd-8d6c-6a9c26b15fa4",
    "lookups": {
      "name": "Company",
      "id": "f44d699a-bdf8-475e-8f3d-1077f4bbb1d4",
      "filters": "location_level"
    },
    "criteria": [
      "67f5176f-2596-4997-bc8b-062cf1c7ef62"
    ]
  }
},
{
  "model": "automation.automationfilter",
  "pk": "dedd5756-27d3-4660-8e90-fdbf6a9ba3f0",
  "fields": {
    "created": "2017-01-31T16:06:59.425Z",
    "modified": "2017-01-31T16:06:59.425Z",
    "deleted": null,
    "automation": "5ae07553-5fee-4cb1-9d18-2dd75b486593",
    "source": "d87a4167-2a1c-4697-a125-df4110edc5b0",
    "lookups": {},
    "criteria": [
      "61760373-0b13-4a1e-8abe-8166ca841e01"
    ]
  }
},
{
  "model": "automation.automationfilter",
  "pk": "f559945a-98dd-4ebc-b9cf-e23e738674c4",
  "fields": {
    "created": "2017-01-31T16:06:59.234Z",
    "modified": "2017-01-31T16:06:59.234Z",
    "deleted": null,
    "automation": "ad47c6ad-26da-441d-9a85-1599f4cb2cda",
    "source": "7f0a9d93-d9b9-45f6-89c2-dbd929f6201b",
    "lookups": {},
    "criteria": [
      "024530c4-ce6c-4724-9cfd-37a16e787001"
    ]
  }
}
]
