[
{
  "model": "automation.automationevent",
  "pk": "276b3bcb-6ea2-4c8a-b9c3-aab9a4db4a50",
  "fields": {
    "created": "2017-02-13T22:27:30.299Z",
    "modified": "2017-02-13T22:27:30.299Z",
    "deleted": null,
    "key": "automation.event.ticket_comment"
  }
},
{
  "model": "automation.automationevent",
  "pk": "2c281793-4b8b-45f7-96d8-66ee99cd3402",
  "fields": {
    "created": "2017-02-13T22:27:30.317Z",
    "modified": "2017-02-13T22:27:30.317Z",
    "deleted": null,
    "key": "automation.event.ticket_status_solved"
  }
},
{
  "model": "automation.automationevent",
  "pk": "36c1480e-6ab8-44e7-b224-b9e04dcbf260",
  "fields": {
    "created": "2017-02-13T22:27:30.314Z",
    "modified": "2017-02-13T22:27:30.314Z",
    "deleted": null,
    "key": "automation.event.ticket_status_new"
  }
},
{
  "model": "automation.automationevent",
  "pk": "4985cf9a-9040-4824-92fb-4f50aa7ce546",
  "fields": {
    "created": "2017-02-13T22:27:30.307Z",
    "modified": "2017-02-13T22:27:30.307Z",
    "deleted": null,
    "key": "automation.event.ticket_status_deferred"
  }
},
{
  "model": "automation.automationevent",
  "pk": "4ee5a1f8-435b-41df-a159-fa71244f4a13",
  "fields": {
    "created": "2017-02-13T22:27:30.319Z",
    "modified": "2017-02-13T22:27:30.319Z",
    "deleted": null,
    "key": "automation.event.ticket_status_unsatisfactory"
  }
},
{
  "model": "automation.automationevent",
  "pk": "56d44e31-8d66-4dfd-b918-9df6e0ccea18",
  "fields": {
    "created": "2017-02-13T22:27:30.301Z",
    "modified": "2017-02-13T22:27:30.301Z",
    "deleted": null,
    "key": "automation.event.ticket_location_change"
  }
},
{
  "model": "automation.automationevent",
  "pk": "579d0114-7ab7-4261-b00d-1146bb95eb8a",
  "fields": {
    "created": "2017-02-13T22:27:30.297Z",
    "modified": "2017-02-13T22:27:30.297Z",
    "deleted": null,
    "key": "automation.event.ticket_cc_add"
  }
},
{
  "model": "automation.automationevent",
  "pk": "6ca646bc-4296-4648-aa17-8e2c6e475390",
  "fields": {
    "created": "2017-02-13T22:27:30.304Z",
    "modified": "2017-02-13T22:27:30.304Z",
    "deleted": null,
    "key": "automation.event.ticket_status_cancelled"
  }
},
{
  "model": "automation.automationevent",
  "pk": "7f7c9abb-1c0a-491e-86ff-84b6d0de0222",
  "fields": {
    "created": "2017-02-13T22:27:30.312Z",
    "modified": "2017-02-13T22:27:30.312Z",
    "deleted": null,
    "key": "automation.event.ticket_status_in_progress"
  }
},
{
  "model": "automation.automationevent",
  "pk": "9725ebe8-0948-45b0-a833-1887789532bb",
  "fields": {
    "created": "2017-02-13T22:27:30.316Z",
    "modified": "2017-02-13T22:27:30.316Z",
    "deleted": null,
    "key": "automation.event.ticket_status_pending"
  }
},
{
  "model": "automation.automationevent",
  "pk": "a05db87e-0bb5-4642-9503-84a5d1a4cb5c",
  "fields": {
    "created": "2017-02-13T22:27:30.296Z",
    "modified": "2017-02-13T22:27:30.296Z",
    "deleted": null,
    "key": "automation.event.ticket_category_change"
  }
},
{
  "model": "automation.automationevent",
  "pk": "c48f8dd7-22b9-44f6-b2a8-e9e3d5fe3596",
  "fields": {
    "created": "2017-02-13T22:27:30.311Z",
    "modified": "2017-02-13T22:27:30.311Z",
    "deleted": null,
    "key": "automation.event.ticket_status_draft"
  }
},
{
  "model": "automation.automationevent",
  "pk": "cad938f1-fdc6-487b-972a-2a98d53873e4",
  "fields": {
    "created": "2017-02-13T22:27:30.289Z",
    "modified": "2017-02-13T22:27:30.289Z",
    "deleted": null,
    "key": "automation.event.ticket_assignee_change"
  }
},
{
  "model": "automation.automationevent",
  "pk": "cd05374a-0387-441c-87fe-f0ee6cfb1896",
  "fields": {
    "created": "2017-02-13T22:27:30.303Z",
    "modified": "2017-02-13T22:27:30.303Z",
    "deleted": null,
    "key": "automation.event.ticket_priority_change"
  }
},
{
  "model": "automation.automationevent",
  "pk": "cfea042d-e148-4608-913b-d746fb28271a",
  "fields": {
    "created": "2017-02-13T22:27:30.309Z",
    "modified": "2017-02-13T22:27:30.309Z",
    "deleted": null,
    "key": "automation.event.ticket_status_denied"
  }
},
{
  "model": "automation.automationevent",
  "pk": "d73a5330-e8fa-4450-bb51-188a72efe644",
  "fields": {
    "created": "2017-02-13T22:27:30.294Z",
    "modified": "2017-02-13T22:27:30.294Z",
    "deleted": null,
    "key": "automation.event.ticket_attachment_add"
  }
},
{
  "model": "automation.automationevent",
  "pk": "ebe5fbe8-a79e-4251-b7a9-8f91ae1494f1",
  "fields": {
    "created": "2017-02-13T22:27:30.306Z",
    "modified": "2017-02-13T22:27:30.306Z",
    "deleted": null,
    "key": "automation.event.ticket_status_complete"
  }
},
{
  "model": "automation.automationactiontype",
  "pk": "10dfcbda-a137-43ec-9fc2-ef5abcd21c88",
  "fields": {
    "created": "2017-02-13T22:27:30.332Z",
    "modified": "2017-02-13T22:27:30.332Z",
    "deleted": null,
    "key": "automation.actions.ticket_status"
  }
},
{
  "model": "automation.automationactiontype",
  "pk": "193d4598-8a1a-4980-b929-1a118c8d6eb2",
  "fields": {
    "created": "2017-02-13T22:27:30.325Z",
    "modified": "2017-02-13T22:27:30.325Z",
    "deleted": null,
    "key": "automation.actions.send_sms"
  }
},
{
  "model": "automation.automationactiontype",
  "pk": "21460596-a15d-467a-a16b-26c63ba53181",
  "fields": {
    "created": "2017-02-13T22:27:30.328Z",
    "modified": "2017-02-13T22:27:30.328Z",
    "deleted": null,
    "key": "automation.actions.ticket_priority"
  }
},
{
  "model": "automation.automationactiontype",
  "pk": "29645ba7-4a54-48d1-a986-2e837af04658",
  "fields": {
    "created": "2017-02-13T22:27:30.321Z",
    "modified": "2017-02-13T22:27:30.321Z",
    "deleted": null,
    "key": "automation.actions.ticket_assignee"
  }
},
{
  "model": "automation.automationactiontype",
  "pk": "62f9c6c2-52a6-458c-93bc-e1517f9aecdc",
  "fields": {
    "created": "2017-02-13T22:27:30.323Z",
    "modified": "2017-02-13T22:27:30.323Z",
    "deleted": null,
    "key": "automation.actions.send_email"
  }
},
{
  "model": "automation.automationactiontype",
  "pk": "9c4f9e72-c247-4cd6-a2c3-ece02e2309b2",
  "fields": {
    "created": "2017-02-13T22:27:30.330Z",
    "modified": "2017-02-13T22:27:30.330Z",
    "deleted": null,
    "key": "automation.actions.ticket_request"
  }
},
{
  "model": "automation.automationactiontype",
  "pk": "bcb3ecbe-d87b-498b-8406-b2338f631f41",
  "fields": {
    "created": "2017-02-13T22:27:30.327Z",
    "modified": "2017-02-13T22:27:30.327Z",
    "deleted": null,
    "key": "automation.actions.ticket_cc"
  }
},
{
  "model": "automation.automationaction",
  "pk": "01bcf6bb-51b8-49da-b98a-587245f36967",
  "fields": {
    "created": "2017-02-13T22:27:31.062Z",
    "modified": "2017-02-13T22:27:31.062Z",
    "deleted": null,
    "type": "9c4f9e72-c247-4cd6-a2c3-ece02e2309b2",
    "automation": "2c1f54a9-75d9-455f-8328-f172641ddb14",
    "content": {
      "request": "foo"
    }
  }
},
{
  "model": "automation.automationaction",
  "pk": "05c645d9-c4b8-4f57-b309-6925a9269f04",
  "fields": {
    "created": "2017-02-13T22:27:31.031Z",
    "modified": "2017-02-13T22:27:31.031Z",
    "deleted": null,
    "type": "21460596-a15d-467a-a16b-26c63ba53181",
    "automation": "340097c9-12f2-48f7-9029-c5fb533008e8",
    "content": {
      "priority": "052530c4-ce6c-4724-9cfd-37a16e787003"
    }
  }
},
{
  "model": "automation.automationaction",
  "pk": "2d980dc3-c01d-439a-abdb-4c127b75ca29",
  "fields": {
    "created": "2017-02-13T22:27:30.939Z",
    "modified": "2017-02-13T22:27:30.939Z",
    "deleted": null,
    "type": "62f9c6c2-52a6-458c-93bc-e1517f9aecdc",
    "automation": "7d32f471-ea91-458a-8526-a3432a0e8c69",
    "content": {
      "subject": "foo",
      "recipients": [
        {
          "type": "person",
          "id": "043530c4-ce6c-4724-9cfd-37a16e787200"
        },
        {
          "type": "role",
          "id": "fd9f736a-e6c3-4a2c-ae76-1f27f2bdc7ac"
        }
      ],
      "body": "bar"
    }
  }
},
{
  "model": "automation.automationaction",
  "pk": "5896726f-b8f6-413c-bd91-efb38d51f7f5",
  "fields": {
    "created": "2017-02-13T22:27:30.673Z",
    "modified": "2017-02-13T22:27:30.673Z",
    "deleted": null,
    "type": "29645ba7-4a54-48d1-a986-2e837af04658",
    "automation": "be8258e1-9dfc-4fa4-83ea-fbe070886ad2",
    "content": {
      "assignee": "043530c4-ce6c-4724-9cfd-37a16e787200"
    }
  }
},
{
  "model": "automation.automationaction",
  "pk": "5ccd200e-3ec8-4d89-8ce4-e1010ce5f85d",
  "fields": {
    "created": "2017-02-13T22:27:31.048Z",
    "modified": "2017-02-13T22:27:31.048Z",
    "deleted": null,
    "type": "10dfcbda-a137-43ec-9fc2-ef5abcd21c88",
    "automation": "0962f3c9-42a8-457f-b9a3-756142bfe7f0",
    "content": {
      "status": "050530c4-ce6c-4724-9cfd-37a16e787007"
    }
  }
},
{
  "model": "automation.automationaction",
  "pk": "6084df86-c05d-4e9a-81ec-653263014d48",
  "fields": {
    "created": "2017-02-13T22:27:30.502Z",
    "modified": "2017-02-13T22:27:30.502Z",
    "deleted": null,
    "type": "29645ba7-4a54-48d1-a986-2e837af04658",
    "automation": "bc1e75a5-409e-4699-aa70-588178b9214c",
    "content": {
      "assignee": "043530c4-ce6c-4724-9cfd-37a16e787200"
    }
  }
},
{
  "model": "automation.automationaction",
  "pk": "a70e7e7c-0c01-4b54-8945-89717f09c9c2",
  "fields": {
    "created": "2017-02-13T22:27:31.140Z",
    "modified": "2017-02-13T22:27:31.140Z",
    "deleted": null,
    "type": "bcb3ecbe-d87b-498b-8406-b2338f631f41",
    "automation": "9b6f8819-b62e-49bc-bbb1-e141ecfe32e4",
    "content": {
      "ccs": [
        "043530c4-ce6c-4724-9cfd-37a16e787200"
      ]
    }
  }
},
{
  "model": "automation.automationaction",
  "pk": "ad91a403-ff8d-4427-9b49-3479457db16c",
  "fields": {
    "created": "2017-02-13T22:27:30.423Z",
    "modified": "2017-02-13T22:27:30.423Z",
    "deleted": null,
    "type": "29645ba7-4a54-48d1-a986-2e837af04658",
    "automation": "43040395-44b0-4fce-b2af-3912d6014360",
    "content": {
      "assignee": "043530c4-ce6c-4724-9cfd-37a16e787200"
    }
  }
},
{
  "model": "automation.automationaction",
  "pk": "b3c19a65-c06a-41b6-a2df-d6ebbb6ef503",
  "fields": {
    "created": "2017-02-13T22:27:30.586Z",
    "modified": "2017-02-13T22:27:30.586Z",
    "deleted": null,
    "type": "29645ba7-4a54-48d1-a986-2e837af04658",
    "automation": "b9250321-2999-4f92-875f-52325da95d51",
    "content": {
      "assignee": "043530c4-ce6c-4724-9cfd-37a16e787200"
    }
  }
},
{
  "model": "automation.automationaction",
  "pk": "b7110e20-0911-4289-916c-f1addc34f573",
  "fields": {
    "created": "2017-02-13T22:27:30.859Z",
    "modified": "2017-02-13T22:27:30.859Z",
    "deleted": null,
    "type": "29645ba7-4a54-48d1-a986-2e837af04658",
    "automation": "cc5f223c-17e4-4ec2-a1a4-ecb2f4789b50",
    "content": {
      "assignee": "043530c4-ce6c-4724-9cfd-37a16e787200"
    }
  }
},
{
  "model": "automation.automationaction",
  "pk": "cfcc45e7-e463-44bb-9708-60a13720133c",
  "fields": {
    "created": "2017-02-13T22:27:31.016Z",
    "modified": "2017-02-13T22:27:31.016Z",
    "deleted": null,
    "type": "193d4598-8a1a-4980-b929-1a118c8d6eb2",
    "automation": "2ec97eeb-8c99-491d-a9a6-b396cd6b2093",
    "content": {
      "recipients": [
        {
          "type": "person",
          "id": "043530c4-ce6c-4724-9cfd-37a16e787200"
        },
        {
          "type": "role",
          "id": "fd9f736a-e6c3-4a2c-ae76-1f27f2bdc7ac"
        }
      ],
      "body": "bar"
    }
  }
},
{
  "model": "automation.automationaction",
  "pk": "f6225818-6770-4adc-941a-1674c794b833",
  "fields": {
    "created": "2017-02-13T22:27:30.759Z",
    "modified": "2017-02-13T22:27:30.759Z",
    "deleted": null,
    "type": "29645ba7-4a54-48d1-a986-2e837af04658",
    "automation": "dc3ddd67-1f6f-4b3e-8a99-366ee1dcb505",
    "content": {
      "assignee": "043530c4-ce6c-4724-9cfd-37a16e787200"
    }
  }
},
{
  "model": "automation.automation",
  "pk": "0962f3c9-42a8-457f-b9a3-756142bfe7f0",
  "fields": {
    "created": "2017-02-13T22:27:31.041Z",
    "modified": "2017-02-13T22:27:31.193Z",
    "deleted": null,
    "tenant": "044530c4-ce6c-4724-9cfd-37a16e787001",
    "description": "Filter: None --- Action: automation.actions.ticket_status",
    "events": [
      "36c1480e-6ab8-44e7-b224-b9e04dcbf260"
    ]
  }
},
{
  "model": "automation.automation",
  "pk": "2c1f54a9-75d9-455f-8328-f172641ddb14",
  "fields": {
    "created": "2017-02-13T22:27:31.057Z",
    "modified": "2017-02-13T22:27:31.184Z",
    "deleted": null,
    "tenant": "044530c4-ce6c-4724-9cfd-37a16e787001",
    "description": "Filter: None --- Action: automation.actions.ticket_request",
    "events": [
      "36c1480e-6ab8-44e7-b224-b9e04dcbf260"
    ]
  }
},
{
  "model": "automation.automation",
  "pk": "2ec97eeb-8c99-491d-a9a6-b396cd6b2093",
  "fields": {
    "created": "2017-02-13T22:27:30.949Z",
    "modified": "2017-02-13T22:27:31.176Z",
    "deleted": null,
    "tenant": "044530c4-ce6c-4724-9cfd-37a16e787001",
    "description": "Filter: None --- Action: automation.actions.send_sms",
    "events": [
      "36c1480e-6ab8-44e7-b224-b9e04dcbf260"
    ]
  }
},
{
  "model": "automation.automation",
  "pk": "340097c9-12f2-48f7-9029-c5fb533008e8",
  "fields": {
    "created": "2017-02-13T22:27:31.025Z",
    "modified": "2017-02-13T22:27:31.146Z",
    "deleted": null,
    "tenant": "044530c4-ce6c-4724-9cfd-37a16e787001",
    "description": "Filter: None --- Action: automation.actions.ticket_priority",
    "events": [
      "36c1480e-6ab8-44e7-b224-b9e04dcbf260"
    ]
  }
},
{
  "model": "automation.automation",
  "pk": "43040395-44b0-4fce-b2af-3912d6014360",
  "fields": {
    "created": "2017-02-13T22:27:30.344Z",
    "modified": "2017-02-13T22:27:31.162Z",
    "deleted": null,
    "tenant": "044530c4-ce6c-4724-9cfd-37a16e787001",
    "description": "Filter: admin.placeholder.priority_filter_select --- Action: automation.actions.ticket_assignee",
    "events": [
      "36c1480e-6ab8-44e7-b224-b9e04dcbf260"
    ]
  }
},
{
  "model": "automation.automation",
  "pk": "7d32f471-ea91-458a-8526-a3432a0e8c69",
  "fields": {
    "created": "2017-02-13T22:27:30.869Z",
    "modified": "2017-02-13T22:27:31.180Z",
    "deleted": null,
    "tenant": "044530c4-ce6c-4724-9cfd-37a16e787001",
    "description": "Filter: None --- Action: automation.actions.send_email",
    "events": [
      "36c1480e-6ab8-44e7-b224-b9e04dcbf260"
    ]
  }
},
{
  "model": "automation.automation",
  "pk": "9b6f8819-b62e-49bc-bbb1-e141ecfe32e4",
  "fields": {
    "created": "2017-02-13T22:27:31.071Z",
    "modified": "2017-02-13T22:27:31.172Z",
    "deleted": null,
    "tenant": "044530c4-ce6c-4724-9cfd-37a16e787001",
    "description": "Filter: None --- Action: automation.actions.ticket_cc",
    "events": [
      "36c1480e-6ab8-44e7-b224-b9e04dcbf260"
    ]
  }
},
{
  "model": "automation.automation",
  "pk": "b9250321-2999-4f92-875f-52325da95d51",
  "fields": {
    "created": "2017-02-13T22:27:30.515Z",
    "modified": "2017-02-13T22:27:31.199Z",
    "deleted": null,
    "tenant": "044530c4-ce6c-4724-9cfd-37a16e787001",
    "description": "Filter: None --- Action: automation.actions.ticket_assignee",
    "events": [
      "36c1480e-6ab8-44e7-b224-b9e04dcbf260"
    ]
  }
},
{
  "model": "automation.automation",
  "pk": "bc1e75a5-409e-4699-aa70-588178b9214c",
  "fields": {
    "created": "2017-02-13T22:27:30.437Z",
    "modified": "2017-02-13T22:27:31.151Z",
    "deleted": null,
    "tenant": "044530c4-ce6c-4724-9cfd-37a16e787001",
    "description": "Filter: admin.placeholder.category_filter_select --- Action: automation.actions.ticket_assignee",
    "events": [
      "36c1480e-6ab8-44e7-b224-b9e04dcbf260"
    ]
  }
},
{
  "model": "automation.automation",
  "pk": "be8258e1-9dfc-4fa4-83ea-fbe070886ad2",
  "fields": {
    "created": "2017-02-13T22:27:30.603Z",
    "modified": "2017-02-13T22:27:31.167Z",
    "deleted": null,
    "tenant": "044530c4-ce6c-4724-9cfd-37a16e787001",
    "description": "Filter: admin.placeholder.state_filter_select --- Action: automation.actions.ticket_assignee",
    "events": [
      "36c1480e-6ab8-44e7-b224-b9e04dcbf260"
    ]
  }
},
{
  "model": "automation.automation",
  "pk": "cc5f223c-17e4-4ec2-a1a4-ecb2f4789b50",
  "fields": {
    "created": "2017-02-13T22:27:30.789Z",
    "modified": "2017-02-13T22:27:31.189Z",
    "deleted": null,
    "tenant": "044530c4-ce6c-4724-9cfd-37a16e787001",
    "description": "Filter: None --- Action: automation.actions.ticket_assignee",
    "events": [
      "36c1480e-6ab8-44e7-b224-b9e04dcbf260"
    ]
  }
},
{
  "model": "automation.automation",
  "pk": "dc3ddd67-1f6f-4b3e-8a99-366ee1dcb505",
  "fields": {
    "created": "2017-02-13T22:27:30.690Z",
    "modified": "2017-02-13T22:27:31.157Z",
    "deleted": null,
    "tenant": "044530c4-ce6c-4724-9cfd-37a16e787001",
    "description": "Filter: admin.placeholder.country_filter_select --- Action: automation.actions.ticket_assignee",
    "events": [
      "36c1480e-6ab8-44e7-b224-b9e04dcbf260"
    ]
  }
},
{
  "model": "automation.automationfiltertype",
  "pk": "5ab2cdeb-ad21-47cf-9c26-8c9c711bfce6",
  "fields": {
    "created": "2017-02-13T22:27:30.592Z",
    "modified": "2017-02-13T22:27:30.592Z",
    "deleted": null,
    "key": "",
    "context": "ticket.ticket",
    "field": "location",
    "lookups": {
      "filters": "location_level"
    }
  }
},
{
  "model": "automation.automationfiltertype",
  "pk": "7b655f88-e638-42de-8311-9a1916295193",
  "fields": {
    "created": "2017-02-13T22:27:30.427Z",
    "modified": "2017-02-13T22:27:30.427Z",
    "deleted": null,
    "key": "admin.placeholder.priority_filter_select",
    "context": "ticket.ticket",
    "field": "priority",
    "lookups": {}
  }
},
{
  "model": "automation.automationfiltertype",
  "pk": "b2541ac9-cac5-46c5-88f8-cd07af76475f",
  "fields": {
    "created": "2017-02-13T22:27:30.764Z",
    "modified": "2017-02-13T22:27:30.764Z",
    "deleted": null,
    "key": "admin.placeholder.country_filter_select",
    "context": "ticket.ticket",
    "field": "country",
    "lookups": {}
  }
},
{
  "model": "automation.automationfiltertype",
  "pk": "c5082837-6b00-4540-8047-a0c63c4797a2",
  "fields": {
    "created": "2017-02-13T22:27:30.680Z",
    "modified": "2017-02-13T22:27:30.680Z",
    "deleted": null,
    "key": "admin.placeholder.state_filter_select",
    "context": "ticket.ticket",
    "field": "state",
    "lookups": {}
  }
},
{
  "model": "automation.automationfiltertype",
  "pk": "fb6090cb-da65-4ef2-b631-4d2b3c9e5a4f",
  "fields": {
    "created": "2017-02-13T22:27:30.505Z",
    "modified": "2017-02-13T22:27:30.505Z",
    "deleted": null,
    "key": "admin.placeholder.category_filter_select",
    "context": "ticket.ticket",
    "field": "categories",
    "lookups": {}
  }
},
{
  "model": "automation.automationfilter",
  "pk": "5dd740b2-9ca2-48c1-826f-e1ef76a37ce7",
  "fields": {
    "created": "2017-02-13T22:27:30.765Z",
    "modified": "2017-02-13T22:27:30.765Z",
    "deleted": null,
    "automation": "dc3ddd67-1f6f-4b3e-8a99-366ee1dcb505",
    "source": "b2541ac9-cac5-46c5-88f8-cd07af76475f",
    "lookups": {},
    "criteria": [
      "61760373-0b13-4a1e-8abe-8166ca841e01"
    ]
  }
},
{
  "model": "automation.automationfilter",
  "pk": "5ecf9d49-fa39-4d08-9a08-8e8dfb349108",
  "fields": {
    "created": "2017-02-13T22:27:30.594Z",
    "modified": "2017-02-13T22:27:30.594Z",
    "deleted": null,
    "automation": "b9250321-2999-4f92-875f-52325da95d51",
    "source": "5ab2cdeb-ad21-47cf-9c26-8c9c711bfce6",
    "lookups": {
      "filters": "location_level",
      "name": "Company",
      "id": "c0d7c086-3f7a-4e8e-b044-f1c82883f42f"
    },
    "criteria": [
      "b7b6e7a3-06c3-4a88-9f49-792784c4b007"
    ]
  }
},
{
  "model": "automation.automationfilter",
  "pk": "a7586fc5-45ff-40fb-b27a-d1c9e598c63c",
  "fields": {
    "created": "2017-02-13T22:27:30.681Z",
    "modified": "2017-02-13T22:27:30.681Z",
    "deleted": null,
    "automation": "be8258e1-9dfc-4fa4-83ea-fbe070886ad2",
    "source": "c5082837-6b00-4540-8047-a0c63c4797a2",
    "lookups": {},
    "criteria": [
      "2f193a90-a270-48b7-8752-b4c5ad19156c"
    ]
  }
},
{
  "model": "automation.automationfilter",
  "pk": "c20d85bf-cd35-4da0-985a-2168cda0a4a5",
  "fields": {
    "created": "2017-02-13T22:27:30.428Z",
    "modified": "2017-02-13T22:27:30.428Z",
    "deleted": null,
    "automation": "43040395-44b0-4fce-b2af-3912d6014360",
    "source": "7b655f88-e638-42de-8311-9a1916295193",
    "lookups": {},
    "criteria": [
      "052530c4-ce6c-4724-9cfd-37a16e787003"
    ]
  }
},
{
  "model": "automation.automationfilter",
  "pk": "fd48e803-9666-4a5c-b6ff-defdd8beccdb",
  "fields": {
    "created": "2017-02-13T22:27:30.506Z",
    "modified": "2017-02-13T22:27:30.506Z",
    "deleted": null,
    "automation": "bc1e75a5-409e-4699-aa70-588178b9214c",
    "source": "fb6090cb-da65-4ef2-b631-4d2b3c9e5a4f",
    "lookups": {},
    "criteria": [
      "024530c4-ce6c-4724-9cfd-37a16e787001"
    ]
  }
}
]
