[
{
  "model": "automation.automationevent",
  "pk": "13675ca9-328e-4ef3-883c-cad5d91c39e9",
  "fields": {
    "created": "2016-12-20T19:00:21.701Z",
    "modified": "2016-12-20T19:00:21.701Z",
    "deleted": null,
    "key": "automation.event.ticket_status_unsatisfactory"
  }
},
{
  "model": "automation.automationevent",
  "pk": "1934c51c-bbcc-4dc8-a98e-6278781c6f48",
  "fields": {
    "created": "2016-12-20T19:00:21.688Z",
    "modified": "2016-12-20T19:00:21.688Z",
    "deleted": null,
    "key": "automation.event.ticket_status_complete"
  }
},
{
  "model": "automation.automationevent",
  "pk": "33d11bbb-1574-462f-a056-e0466519502c",
  "fields": {
    "created": "2016-12-20T19:00:21.695Z",
    "modified": "2016-12-20T19:00:21.695Z",
    "deleted": null,
    "key": "automation.event.ticket_status_in_progress"
  }
},
{
  "model": "automation.automationevent",
  "pk": "4d492e2e-76cd-43d6-9a15-d054871e63d9",
  "fields": {
    "created": "2016-12-20T19:00:21.672Z",
    "modified": "2016-12-20T19:00:21.672Z",
    "deleted": null,
    "key": "automation.event.ticket_assignee_change"
  }
},
{
  "model": "automation.automationevent",
  "pk": "513853f2-930d-48fe-9593-742a286be13b",
  "fields": {
    "created": "2016-12-20T19:00:21.678Z",
    "modified": "2016-12-20T19:00:21.678Z",
    "deleted": null,
    "key": "automation.event.ticket_category_change"
  }
},
{
  "model": "automation.automationevent",
  "pk": "699f0ee2-2075-4469-a615-c78d92ed9c37",
  "fields": {
    "created": "2016-12-20T19:00:21.697Z",
    "modified": "2016-12-20T19:00:21.697Z",
    "deleted": null,
    "key": "automation.event.ticket_status_pending"
  }
},
{
  "model": "automation.automationevent",
  "pk": "7448488c-31b3-41ef-b9c5-6e519872740b",
  "fields": {
    "created": "2016-12-20T19:00:21.690Z",
    "modified": "2016-12-20T19:00:21.690Z",
    "deleted": null,
    "key": "automation.event.ticket_status_deferred"
  }
},
{
  "model": "automation.automationevent",
  "pk": "74c23b42-aa9c-435f-ba72-58733f91f0d5",
  "fields": {
    "created": "2016-12-20T19:00:21.687Z",
    "modified": "2016-12-20T19:00:21.687Z",
    "deleted": null,
    "key": "automation.event.ticket_status_cancelled"
  }
},
{
  "model": "automation.automationevent",
  "pk": "7d22df31-a492-47db-a4b7-97038bb41d8c",
  "fields": {
    "created": "2016-12-20T19:00:21.676Z",
    "modified": "2016-12-20T19:00:21.676Z",
    "deleted": null,
    "key": "automation.event.ticket_attachment_add"
  }
},
{
  "model": "automation.automationevent",
  "pk": "7ea22662-f39e-4f99-9353-f5feea4fa97d",
  "fields": {
    "created": "2016-12-20T19:00:21.680Z",
    "modified": "2016-12-20T19:00:21.680Z",
    "deleted": null,
    "key": "automation.event.ticket_cc_add"
  }
},
{
  "model": "automation.automationevent",
  "pk": "8f07409d-0745-4a50-bdf9-b5c7219de047",
  "fields": {
    "created": "2016-12-20T19:00:21.696Z",
    "modified": "2016-12-20T19:00:21.696Z",
    "deleted": null,
    "key": "automation.event.ticket_status_new"
  }
},
{
  "model": "automation.automationevent",
  "pk": "8f792f90-d953-45f0-8230-74f92ff3f517",
  "fields": {
    "created": "2016-12-20T19:00:21.693Z",
    "modified": "2016-12-20T19:00:21.693Z",
    "deleted": null,
    "key": "automation.event.ticket_status_draft"
  }
},
{
  "model": "automation.automationevent",
  "pk": "ad4ef9d7-cac2-44b7-8fe1-5171ad0d107d",
  "fields": {
    "created": "2016-12-20T19:00:21.691Z",
    "modified": "2016-12-20T19:00:21.692Z",
    "deleted": null,
    "key": "automation.event.ticket_status_denied"
  }
},
{
  "model": "automation.automationevent",
  "pk": "c7cca535-01bf-49bc-81a6-1172ff2fea41",
  "fields": {
    "created": "2016-12-20T19:00:21.684Z",
    "modified": "2016-12-20T19:00:21.684Z",
    "deleted": null,
    "key": "automation.event.ticket_location_change"
  }
},
{
  "model": "automation.automationevent",
  "pk": "c888842f-ce05-42a8-9618-5a1f6fae8c5e",
  "fields": {
    "created": "2016-12-20T19:00:21.699Z",
    "modified": "2016-12-20T19:00:21.699Z",
    "deleted": null,
    "key": "automation.event.ticket_status_solved"
  }
},
{
  "model": "automation.automationevent",
  "pk": "de84b59f-842d-4e0a-a32c-967962800c6a",
  "fields": {
    "created": "2016-12-20T19:00:21.685Z",
    "modified": "2016-12-20T19:00:21.685Z",
    "deleted": null,
    "key": "automation.event.ticket_priority_change"
  }
},
{
  "model": "automation.automationevent",
  "pk": "f932bfb0-15b6-4a87-adde-c84defbed473",
  "fields": {
    "created": "2016-12-20T19:00:21.682Z",
    "modified": "2016-12-20T19:00:21.682Z",
    "deleted": null,
    "key": "automation.event.ticket_comment"
  }
},
{
  "model": "automation.automationactiontype",
  "pk": "03d3a3ef-5148-42a0-9ded-aed44bb840d7",
  "fields": {
    "created": "2016-12-20T19:00:21.703Z",
    "modified": "2016-12-20T19:00:21.703Z",
    "deleted": null,
    "key": "automation.actions.ticket_assignee"
  }
},
{
  "model": "automation.automationactiontype",
  "pk": "2fb02b0c-6468-45da-8dcd-fcdab39c0e64",
  "fields": {
    "created": "2016-12-20T19:00:21.709Z",
    "modified": "2016-12-20T19:00:21.709Z",
    "deleted": null,
    "key": "automation.actions.ticket_priority"
  }
},
{
  "model": "automation.automationactiontype",
  "pk": "5a46c9ca-c3f4-4372-82fe-074372b96e3b",
  "fields": {
    "created": "2016-12-20T19:00:21.707Z",
    "modified": "2016-12-20T19:00:21.708Z",
    "deleted": null,
    "key": "automation.actions.ticket_cc"
  }
},
{
  "model": "automation.automationactiontype",
  "pk": "6846ac3f-992d-4c9e-ab64-975fdef72c1a",
  "fields": {
    "created": "2016-12-20T19:00:21.710Z",
    "modified": "2016-12-20T19:00:21.710Z",
    "deleted": null,
    "key": "automation.actions.ticket_request"
  }
},
{
  "model": "automation.automationactiontype",
  "pk": "aca0efa3-2a53-44c5-a319-9f339014bd5e",
  "fields": {
    "created": "2016-12-20T19:00:21.706Z",
    "modified": "2016-12-20T19:00:21.706Z",
    "deleted": null,
    "key": "automation.actions.send_sms"
  }
},
{
  "model": "automation.automationactiontype",
  "pk": "c688fdd2-4a2f-4bd8-a9d3-f65f83589d41",
  "fields": {
    "created": "2016-12-20T19:00:21.704Z",
    "modified": "2016-12-20T19:00:21.704Z",
    "deleted": null,
    "key": "automation.actions.send_email"
  }
},
{
  "model": "automation.automationactiontype",
  "pk": "c7c28db5-497c-42c4-8eb2-a6b6487f9ff1",
  "fields": {
    "created": "2016-12-20T19:00:21.712Z",
    "modified": "2016-12-20T19:00:21.712Z",
    "deleted": null,
    "key": "automation.actions.ticket_status"
  }
},
{
  "model": "automation.automationaction",
  "pk": "0bac1e05-3930-47b8-a0e1-3073a9370e10",
  "fields": {
    "created": "2016-12-20T19:00:21.924Z",
    "modified": "2016-12-20T19:00:21.924Z",
    "deleted": null,
    "type": "03d3a3ef-5148-42a0-9ded-aed44bb840d7",
    "automation": "9e8c9639-c010-436c-8399-4cd561dc606b",
    "content": {
      "assignee": "041530c4-ce6c-4724-9cfd-37a16e787048"
    }
  }
},
{
  "model": "automation.automationaction",
  "pk": "3c1554b8-56a5-4e49-bb78-9890ef06f005",
  "fields": {
    "created": "2016-12-20T19:00:22.209Z",
    "modified": "2016-12-20T19:00:22.209Z",
    "deleted": null,
    "type": "c688fdd2-4a2f-4bd8-a9d3-f65f83589d41",
    "automation": "36156110-66e7-4c92-b33e-03d03a9d634c",
    "content": {
      "subject": "foo",
      "body": "bar",
      "recipients": [
        {
          "type": "person",
          "id": "041530c4-ce6c-4724-9cfd-37a16e787080"
        },
        {
          "type": "role",
          "id": "2e4d83b4-90ee-4349-9ee2-b963ec4fe42b"
        }
      ]
    }
  }
},
{
  "model": "automation.automationaction",
  "pk": "78fe3940-621c-4ebe-bd42-fe481958f17b",
  "fields": {
    "created": "2016-12-20T19:00:22.271Z",
    "modified": "2016-12-20T19:00:22.271Z",
    "deleted": null,
    "type": "aca0efa3-2a53-44c5-a319-9f339014bd5e",
    "automation": "e5390725-ad56-4777-964c-202a35af939c",
    "content": {
      "body": "bar",
      "recipients": [
        {
          "type": "person",
          "id": "041530c4-ce6c-4724-9cfd-37a16e787014"
        },
        {
          "type": "role",
          "id": "2e4d83b4-90ee-4349-9ee2-b963ec4fe42b"
        }
      ]
    }
  }
},
{
  "model": "automation.automationaction",
  "pk": "9ab64c1f-2568-400b-8f52-362c1f5b6115",
  "fields": {
    "created": "2016-12-20T19:00:22.315Z",
    "modified": "2016-12-20T19:00:22.315Z",
    "deleted": null,
    "type": "6846ac3f-992d-4c9e-ab64-975fdef72c1a",
    "automation": "61a5a607-2439-4dcb-bd6c-c4510ae5ff2e",
    "content": {
      "request": "foo"
    }
  }
},
{
  "model": "automation.automationaction",
  "pk": "a2c613af-fc54-4e77-b708-f5908dcacd96",
  "fields": {
    "created": "2016-12-20T19:00:22.375Z",
    "modified": "2016-12-20T19:00:22.375Z",
    "deleted": null,
    "type": "5a46c9ca-c3f4-4372-82fe-074372b96e3b",
    "automation": "e37ae352-14e1-42c4-9112-925d7eb07efa",
    "content": {
      "ccs": [
        "041530c4-ce6c-4724-9cfd-37a16e787012"
      ]
    }
  }
},
{
  "model": "automation.automationaction",
  "pk": "b3f1c6d9-9a29-4dd0-a68e-9ca6f3fe285f",
  "fields": {
    "created": "2016-12-20T19:00:21.995Z",
    "modified": "2016-12-20T19:00:21.995Z",
    "deleted": null,
    "type": "03d3a3ef-5148-42a0-9ded-aed44bb840d7",
    "automation": "72f8c147-8378-4aaa-b61a-a407504d86b5",
    "content": {
      "assignee": "041530c4-ce6c-4724-9cfd-37a16e787103"
    }
  }
},
{
  "model": "automation.automationaction",
  "pk": "c2eff444-6045-4ec9-b1e2-fe7efd0b0ce2",
  "fields": {
    "created": "2016-12-20T19:00:22.300Z",
    "modified": "2016-12-20T19:00:22.300Z",
    "deleted": null,
    "type": "c7c28db5-497c-42c4-8eb2-a6b6487f9ff1",
    "automation": "85109b0d-3f4e-41ac-8a5f-fc4712b5ca31",
    "content": {
      "status": "049530c4-ce6c-4724-9cfd-37a16e787007"
    }
  }
},
{
  "model": "automation.automationaction",
  "pk": "c91c20f7-1efa-46e3-972c-c1e85ff56310",
  "fields": {
    "created": "2016-12-20T19:00:22.147Z",
    "modified": "2016-12-20T19:00:22.147Z",
    "deleted": null,
    "type": "03d3a3ef-5148-42a0-9ded-aed44bb840d7",
    "automation": "bd7d4e3c-7bba-424d-a0c2-3ccb3df795b8",
    "content": {
      "assignee": "041530c4-ce6c-4724-9cfd-37a16e787066"
    }
  }
},
{
  "model": "automation.automationaction",
  "pk": "c973f4d6-6af0-4ee1-99ca-ddfe8516d2d8",
  "fields": {
    "created": "2016-12-20T19:00:21.787Z",
    "modified": "2016-12-20T19:00:21.788Z",
    "deleted": null,
    "type": "03d3a3ef-5148-42a0-9ded-aed44bb840d7",
    "automation": "ceca864e-fa50-4223-925a-05e6eef394d1",
    "content": {
      "assignee": "041530c4-ce6c-4724-9cfd-37a16e787011"
    }
  }
},
{
  "model": "automation.automationaction",
  "pk": "d37b60ae-d622-4f88-8f3d-070e5341c87d",
  "fields": {
    "created": "2016-12-20T19:00:22.286Z",
    "modified": "2016-12-20T19:00:22.286Z",
    "deleted": null,
    "type": "2fb02b0c-6468-45da-8dcd-fcdab39c0e64",
    "automation": "ad139e77-7714-46b5-a166-fa444dc87bdf",
    "content": {
      "priority": "051530c4-ce6c-4724-9cfd-37a16e787003"
    }
  }
},
{
  "model": "automation.automationaction",
  "pk": "e2415922-83f3-4d77-bd32-130faa3fffd5",
  "fields": {
    "created": "2016-12-20T19:00:21.858Z",
    "modified": "2016-12-20T19:00:21.858Z",
    "deleted": null,
    "type": "03d3a3ef-5148-42a0-9ded-aed44bb840d7",
    "automation": "bbc8d291-47e5-4c05-830b-0f1ae191c8cc",
    "content": {
      "assignee": "041530c4-ce6c-4724-9cfd-37a16e787173"
    }
  }
},
{
  "model": "automation.automationaction",
  "pk": "f92c407f-eafd-4110-b522-9e7f6a1e94f2",
  "fields": {
    "created": "2016-12-20T19:00:22.065Z",
    "modified": "2016-12-20T19:00:22.065Z",
    "deleted": null,
    "type": "03d3a3ef-5148-42a0-9ded-aed44bb840d7",
    "automation": "8fdd1946-214e-45bb-aa25-520eacc0b603",
    "content": {
      "assignee": "041530c4-ce6c-4724-9cfd-37a16e787049"
    }
  }
},
{
  "model": "automation.automation",
  "pk": "36156110-66e7-4c92-b33e-03d03a9d634c",
  "fields": {
    "created": "2016-12-20T19:00:22.155Z",
    "modified": "2016-12-20T19:00:22.402Z",
    "deleted": null,
    "tenant": "037530c4-ce6c-4724-9cfd-37a16e787001",
    "description": "Filter: None --- Action: automation.actions.send_email",
    "events": [
      "8f07409d-0745-4a50-bdf9-b5c7219de047"
    ]
  }
},
{
  "model": "automation.automation",
  "pk": "61a5a607-2439-4dcb-bd6c-c4510ae5ff2e",
  "fields": {
    "created": "2016-12-20T19:00:22.310Z",
    "modified": "2016-12-20T19:00:22.406Z",
    "deleted": null,
    "tenant": "037530c4-ce6c-4724-9cfd-37a16e787001",
    "description": "Filter: None --- Action: automation.actions.ticket_request",
    "events": [
      "8f07409d-0745-4a50-bdf9-b5c7219de047"
    ]
  }
},
{
  "model": "automation.automation",
  "pk": "72f8c147-8378-4aaa-b61a-a407504d86b5",
  "fields": {
    "created": "2016-12-20T19:00:21.941Z",
    "modified": "2016-12-20T19:00:22.398Z",
    "deleted": null,
    "tenant": "037530c4-ce6c-4724-9cfd-37a16e787001",
    "description": "Filter: admin.placeholder.state_filter_select --- Action: automation.actions.ticket_assignee",
    "events": [
      "8f07409d-0745-4a50-bdf9-b5c7219de047"
    ]
  }
},
{
  "model": "automation.automation",
  "pk": "85109b0d-3f4e-41ac-8a5f-fc4712b5ca31",
  "fields": {
    "created": "2016-12-20T19:00:22.294Z",
    "modified": "2016-12-20T19:00:22.428Z",
    "deleted": null,
    "tenant": "037530c4-ce6c-4724-9cfd-37a16e787001",
    "description": "Filter: None --- Action: automation.actions.ticket_status",
    "events": [
      "8f07409d-0745-4a50-bdf9-b5c7219de047"
    ]
  }
},
{
  "model": "automation.automation",
  "pk": "8fdd1946-214e-45bb-aa25-520eacc0b603",
  "fields": {
    "created": "2016-12-20T19:00:22.012Z",
    "modified": "2016-12-20T19:00:22.387Z",
    "deleted": null,
    "tenant": "037530c4-ce6c-4724-9cfd-37a16e787001",
    "description": "Filter: admin.placeholder.country_filter_select --- Action: automation.actions.ticket_assignee",
    "events": [
      "8f07409d-0745-4a50-bdf9-b5c7219de047"
    ]
  }
},
{
  "model": "automation.automation",
  "pk": "9e8c9639-c010-436c-8399-4cd561dc606b",
  "fields": {
    "created": "2016-12-20T19:00:21.871Z",
    "modified": "2016-12-20T19:00:22.420Z",
    "deleted": null,
    "tenant": "037530c4-ce6c-4724-9cfd-37a16e787001",
    "description": "Filter: None --- Action: automation.actions.ticket_assignee",
    "events": [
      "8f07409d-0745-4a50-bdf9-b5c7219de047"
    ]
  }
},
{
  "model": "automation.automation",
  "pk": "ad139e77-7714-46b5-a166-fa444dc87bdf",
  "fields": {
    "created": "2016-12-20T19:00:22.280Z",
    "modified": "2016-12-20T19:00:22.410Z",
    "deleted": null,
    "tenant": "037530c4-ce6c-4724-9cfd-37a16e787001",
    "description": "Filter: None --- Action: automation.actions.ticket_priority",
    "events": [
      "8f07409d-0745-4a50-bdf9-b5c7219de047"
    ]
  }
},
{
  "model": "automation.automation",
  "pk": "bbc8d291-47e5-4c05-830b-0f1ae191c8cc",
  "fields": {
    "created": "2016-12-20T19:00:21.803Z",
    "modified": "2016-12-20T19:00:22.382Z",
    "deleted": null,
    "tenant": "037530c4-ce6c-4724-9cfd-37a16e787001",
    "description": "Filter: admin.placeholder.category_filter_select --- Action: automation.actions.ticket_assignee",
    "events": [
      "8f07409d-0745-4a50-bdf9-b5c7219de047"
    ]
  }
},
{
  "model": "automation.automation",
  "pk": "bd7d4e3c-7bba-424d-a0c2-3ccb3df795b8",
  "fields": {
    "created": "2016-12-20T19:00:22.094Z",
    "modified": "2016-12-20T19:00:22.424Z",
    "deleted": null,
    "tenant": "037530c4-ce6c-4724-9cfd-37a16e787001",
    "description": "Filter: None --- Action: automation.actions.ticket_assignee",
    "events": [
      "8f07409d-0745-4a50-bdf9-b5c7219de047"
    ]
  }
},
{
  "model": "automation.automation",
  "pk": "ceca864e-fa50-4223-925a-05e6eef394d1",
  "fields": {
    "created": "2016-12-20T19:00:21.724Z",
    "modified": "2016-12-20T19:00:22.393Z",
    "deleted": null,
    "tenant": "037530c4-ce6c-4724-9cfd-37a16e787001",
    "description": "Filter: admin.placeholder.priority_filter_select --- Action: automation.actions.ticket_assignee",
    "events": [
      "8f07409d-0745-4a50-bdf9-b5c7219de047"
    ]
  }
},
{
  "model": "automation.automation",
  "pk": "e37ae352-14e1-42c4-9112-925d7eb07efa",
  "fields": {
    "created": "2016-12-20T19:00:22.324Z",
    "modified": "2016-12-20T19:00:22.432Z",
    "deleted": null,
    "tenant": "037530c4-ce6c-4724-9cfd-37a16e787001",
    "description": "Filter: None --- Action: automation.actions.ticket_cc",
    "events": [
      "8f07409d-0745-4a50-bdf9-b5c7219de047"
    ]
  }
},
{
  "model": "automation.automation",
  "pk": "e5390725-ad56-4777-964c-202a35af939c",
  "fields": {
    "created": "2016-12-20T19:00:22.218Z",
    "modified": "2016-12-20T19:00:22.414Z",
    "deleted": null,
    "tenant": "037530c4-ce6c-4724-9cfd-37a16e787001",
    "description": "Filter: None --- Action: automation.actions.send_sms",
    "events": [
      "8f07409d-0745-4a50-bdf9-b5c7219de047"
    ]
  }
},
{
  "model": "automation.automationfiltertype",
  "pk": "5c7840ea-7f7f-4d0a-bcc5-02487a6d84fe",
  "fields": {
    "created": "2016-12-20T19:00:22.069Z",
    "modified": "2016-12-20T19:00:22.069Z",
    "deleted": null,
    "key": "admin.placeholder.country_filter_select",
    "context": "ticket.ticket",
    "field": "country",
    "lookups": {}
  }
},
{
  "model": "automation.automationfiltertype",
  "pk": "919ccc9a-62b5-4180-baa7-75c7630f6ed6",
  "fields": {
    "created": "2016-12-20T19:00:21.861Z",
    "modified": "2016-12-20T19:00:21.861Z",
    "deleted": null,
    "key": "admin.placeholder.category_filter_select",
    "context": "ticket.ticket",
    "field": "categories",
    "lookups": {}
  }
},
{
  "model": "automation.automationfiltertype",
  "pk": "9e5dbf38-c176-4d62-99ed-10659011de36",
  "fields": {
    "created": "2016-12-20T19:00:21.930Z",
    "modified": "2016-12-20T19:00:21.930Z",
    "deleted": null,
    "key": "",
    "context": "ticket.ticket",
    "field": "location",
    "lookups": {
      "filters": "location_level"
    }
  }
},
{
  "model": "automation.automationfiltertype",
  "pk": "c11fed66-d2ba-4ec8-99bc-a8c267114f05",
  "fields": {
    "created": "2016-12-20T19:00:21.792Z",
    "modified": "2016-12-20T19:00:21.792Z",
    "deleted": null,
    "key": "admin.placeholder.priority_filter_select",
    "context": "ticket.ticket",
    "field": "priority",
    "lookups": {}
  }
},
{
  "model": "automation.automationfiltertype",
  "pk": "f7406799-1bbc-4d43-a33e-4498d7e53ae6",
  "fields": {
    "created": "2016-12-20T19:00:22.001Z",
    "modified": "2016-12-20T19:00:22.001Z",
    "deleted": null,
    "key": "admin.placeholder.state_filter_select",
    "context": "ticket.ticket",
    "field": "state",
    "lookups": {}
  }
},
{
  "model": "automation.automationfilter",
  "pk": "07444070-4eb1-44d5-915b-13381ec26076",
  "fields": {
    "created": "2016-12-20T19:00:21.793Z",
    "modified": "2016-12-20T19:00:21.793Z",
    "deleted": null,
    "automation": "ceca864e-fa50-4223-925a-05e6eef394d1",
    "source": "c11fed66-d2ba-4ec8-99bc-a8c267114f05",
    "lookups": {},
    "criteria": [
      "051530c4-ce6c-4724-9cfd-37a16e787003"
    ]
  }
},
{
  "model": "automation.automationfilter",
  "pk": "32153143-3180-406f-b369-f553520c70b7",
  "fields": {
    "created": "2016-12-20T19:00:21.931Z",
    "modified": "2016-12-20T19:00:21.931Z",
    "deleted": null,
    "automation": "9e8c9639-c010-436c-8399-4cd561dc606b",
    "source": "9e5dbf38-c176-4d62-99ed-10659011de36",
    "lookups": {
      "name": "Company",
      "id": "556b3325-9603-4077-9bb0-191894f56505",
      "filters": "location_level"
    },
    "criteria": [
      "c09010a7-9ed8-4220-8889-0b7aee90a257"
    ]
  }
},
{
  "model": "automation.automationfilter",
  "pk": "36f6f26a-d271-46d6-a340-15185cb34284",
  "fields": {
    "created": "2016-12-20T19:00:22.070Z",
    "modified": "2016-12-20T19:00:22.070Z",
    "deleted": null,
    "automation": "8fdd1946-214e-45bb-aa25-520eacc0b603",
    "source": "5c7840ea-7f7f-4d0a-bcc5-02487a6d84fe",
    "lookups": {},
    "criteria": [
      "61760373-0b13-4a1e-8abe-8166ca841e01"
    ]
  }
},
{
  "model": "automation.automationfilter",
  "pk": "bb5726cd-2b8d-4ab8-b326-8f405821131e",
  "fields": {
    "created": "2016-12-20T19:00:21.862Z",
    "modified": "2016-12-20T19:00:21.862Z",
    "deleted": null,
    "automation": "bbc8d291-47e5-4c05-830b-0f1ae191c8cc",
    "source": "919ccc9a-62b5-4180-baa7-75c7630f6ed6",
    "lookups": {},
    "criteria": [
      "024530c4-ce6c-4724-9cfd-37a16e787001"
    ]
  }
},
{
  "model": "automation.automationfilter",
  "pk": "fdbf9e29-c9c6-4670-a707-a9888b8507fc",
  "fields": {
    "created": "2016-12-20T19:00:22.003Z",
    "modified": "2016-12-20T19:00:22.003Z",
    "deleted": null,
    "automation": "72f8c147-8378-4aaa-b61a-a407504d86b5",
    "source": "f7406799-1bbc-4d43-a33e-4498d7e53ae6",
    "lookups": {},
    "criteria": [
      "2f193a90-a270-48b7-8752-b4c5ad19156c"
    ]
  }
}
]
