[
{
  "model": "automation.automationevent",
  "pk": "039e6267-c388-4fea-a31f-4eba9017b5e0",
  "fields": {
    "created": "2017-01-21T01:17:42.021Z",
    "modified": "2017-01-21T01:17:42.021Z",
    "deleted": null,
    "key": "automation.event.ticket_priority_change"
  }
},
{
  "model": "automation.automationevent",
  "pk": "177863e8-9bb1-46fa-86c8-421a26bfaffc",
  "fields": {
    "created": "2017-01-21T01:17:42.038Z",
    "modified": "2017-01-21T01:17:42.038Z",
    "deleted": null,
    "key": "automation.event.ticket_status_unsatisfactory"
  }
},
{
  "model": "automation.automationevent",
  "pk": "52b69352-0209-45ec-a61c-d7b6fdbe65a5",
  "fields": {
    "created": "2017-01-21T01:17:42.034Z",
    "modified": "2017-01-21T01:17:42.034Z",
    "deleted": null,
    "key": "automation.event.ticket_status_pending"
  }
},
{
  "model": "automation.automationevent",
  "pk": "586c9a69-889e-4a70-a26a-e4cfe5bf75e2",
  "fields": {
    "created": "2017-01-21T01:17:42.014Z",
    "modified": "2017-01-21T01:17:42.014Z",
    "deleted": null,
    "key": "automation.event.ticket_category_change"
  }
},
{
  "model": "automation.automationevent",
  "pk": "5e26edb2-0561-4e84-9f6d-a6cbb85b376b",
  "fields": {
    "created": "2017-01-21T01:17:42.007Z",
    "modified": "2017-01-21T01:17:42.007Z",
    "deleted": null,
    "key": "automation.event.ticket_assignee_change"
  }
},
{
  "model": "automation.automationevent",
  "pk": "6df3bf75-12df-4810-9758-4fb769f33c84",
  "fields": {
    "created": "2017-01-21T01:17:42.017Z",
    "modified": "2017-01-21T01:17:42.017Z",
    "deleted": null,
    "key": "automation.event.ticket_comment"
  }
},
{
  "model": "automation.automationevent",
  "pk": "6f1e0b49-f179-4219-81ca-9d628d8ece35",
  "fields": {
    "created": "2017-01-21T01:17:42.019Z",
    "modified": "2017-01-21T01:17:42.019Z",
    "deleted": null,
    "key": "automation.event.ticket_location_change"
  }
},
{
  "model": "automation.automationevent",
  "pk": "701123fb-74a0-4066-bce7-16d94c7928cd",
  "fields": {
    "created": "2017-01-21T01:17:42.031Z",
    "modified": "2017-01-21T01:17:42.031Z",
    "deleted": null,
    "key": "automation.event.ticket_status_in_progress"
  }
},
{
  "model": "automation.automationevent",
  "pk": "747b4166-264c-4bf4-aba0-f22358f26a2a",
  "fields": {
    "created": "2017-01-21T01:17:42.022Z",
    "modified": "2017-01-21T01:17:42.022Z",
    "deleted": null,
    "key": "automation.event.ticket_status_cancelled"
  }
},
{
  "model": "automation.automationevent",
  "pk": "a032a9a1-dbf2-4178-bc07-023bf2f65e1d",
  "fields": {
    "created": "2017-01-21T01:17:42.033Z",
    "modified": "2017-01-21T01:17:42.033Z",
    "deleted": null,
    "key": "automation.event.ticket_status_new"
  }
},
{
  "model": "automation.automationevent",
  "pk": "a3827a80-4fb5-4b4d-b557-65a7536c0cf6",
  "fields": {
    "created": "2017-01-21T01:17:42.024Z",
    "modified": "2017-01-21T01:17:42.024Z",
    "deleted": null,
    "key": "automation.event.ticket_status_complete"
  }
},
{
  "model": "automation.automationevent",
  "pk": "a48c73f7-12f8-4f9e-af8c-bae2be95c23c",
  "fields": {
    "created": "2017-01-21T01:17:42.036Z",
    "modified": "2017-01-21T01:17:42.036Z",
    "deleted": null,
    "key": "automation.event.ticket_status_solved"
  }
},
{
  "model": "automation.automationevent",
  "pk": "a566785c-bc75-475e-8a7b-40ec43d5bb8b",
  "fields": {
    "created": "2017-01-21T01:17:42.011Z",
    "modified": "2017-01-21T01:17:42.011Z",
    "deleted": null,
    "key": "automation.event.ticket_attachment_add"
  }
},
{
  "model": "automation.automationevent",
  "pk": "b09e1c26-f241-4825-bd6e-3ade45a83be2",
  "fields": {
    "created": "2017-01-21T01:17:42.026Z",
    "modified": "2017-01-21T01:17:42.026Z",
    "deleted": null,
    "key": "automation.event.ticket_status_deferred"
  }
},
{
  "model": "automation.automationevent",
  "pk": "ddc2b260-de96-4777-bc01-dd031113e73b",
  "fields": {
    "created": "2017-01-21T01:17:42.016Z",
    "modified": "2017-01-21T01:17:42.016Z",
    "deleted": null,
    "key": "automation.event.ticket_cc_add"
  }
},
{
  "model": "automation.automationevent",
  "pk": "edf698f2-ecbc-41b7-b461-dcae53816eed",
  "fields": {
    "created": "2017-01-21T01:17:42.028Z",
    "modified": "2017-01-21T01:17:42.028Z",
    "deleted": null,
    "key": "automation.event.ticket_status_denied"
  }
},
{
  "model": "automation.automationevent",
  "pk": "f96d6ac4-e1d4-4bc1-883b-6d1cf4716167",
  "fields": {
    "created": "2017-01-21T01:17:42.030Z",
    "modified": "2017-01-21T01:17:42.030Z",
    "deleted": null,
    "key": "automation.event.ticket_status_draft"
  }
},
{
  "model": "automation.automationactiontype",
  "pk": "058225b5-167e-458a-ac3f-c92108f768d4",
  "fields": {
    "created": "2017-01-21T01:17:42.047Z",
    "modified": "2017-01-21T01:17:42.047Z",
    "deleted": null,
    "key": "automation.actions.ticket_priority"
  }
},
{
  "model": "automation.automationactiontype",
  "pk": "0e99ea3e-5f5c-41de-822a-cfc26bed25e7",
  "fields": {
    "created": "2017-01-21T01:17:42.050Z",
    "modified": "2017-01-21T01:17:42.050Z",
    "deleted": null,
    "key": "automation.actions.ticket_status"
  }
},
{
  "model": "automation.automationactiontype",
  "pk": "0f43f238-3fbc-4fae-a57a-9c4c4df6e0b7",
  "fields": {
    "created": "2017-01-21T01:17:42.042Z",
    "modified": "2017-01-21T01:17:42.042Z",
    "deleted": null,
    "key": "automation.actions.send_email"
  }
},
{
  "model": "automation.automationactiontype",
  "pk": "97779bad-0754-4f16-a1fb-3e4488e7165b",
  "fields": {
    "created": "2017-01-21T01:17:42.043Z",
    "modified": "2017-01-21T01:17:42.043Z",
    "deleted": null,
    "key": "automation.actions.send_sms"
  }
},
{
  "model": "automation.automationactiontype",
  "pk": "a0b2887d-826c-41bd-910c-d8a944c82b87",
  "fields": {
    "created": "2017-01-21T01:17:42.048Z",
    "modified": "2017-01-21T01:17:42.048Z",
    "deleted": null,
    "key": "automation.actions.ticket_request"
  }
},
{
  "model": "automation.automationactiontype",
  "pk": "b889e9cc-965d-4e85-91e3-1f6e305cebe6",
  "fields": {
    "created": "2017-01-21T01:17:42.045Z",
    "modified": "2017-01-21T01:17:42.045Z",
    "deleted": null,
    "key": "automation.actions.ticket_cc"
  }
},
{
  "model": "automation.automationactiontype",
  "pk": "f4d8ce6c-d12a-46f5-be65-1c1567091f39",
  "fields": {
    "created": "2017-01-21T01:17:42.040Z",
    "modified": "2017-01-21T01:17:42.040Z",
    "deleted": null,
    "key": "automation.actions.ticket_assignee"
  }
},
{
  "model": "automation.automationaction",
  "pk": "027f945f-fa24-4db9-9b57-8328b372751e",
  "fields": {
    "created": "2017-01-21T01:17:42.712Z",
    "modified": "2017-01-21T01:17:42.712Z",
    "deleted": null,
    "type": "97779bad-0754-4f16-a1fb-3e4488e7165b",
    "automation": "dc25008d-2681-450f-94cf-93317e37e767",
    "content": {
      "recipients": [
        {
          "id": "040530c4-ce6c-4724-9cfd-37a16e787200",
          "type": "person"
        },
        {
          "id": "daf7b010-ab41-4946-86b1-ead90990662a",
          "type": "role"
        }
      ],
      "body": "bar"
    }
  }
},
{
  "model": "automation.automationaction",
  "pk": "36c42553-b960-44b2-bc11-d96483b8fb6d",
  "fields": {
    "created": "2017-01-21T01:17:42.728Z",
    "modified": "2017-01-21T01:17:42.728Z",
    "deleted": null,
    "type": "058225b5-167e-458a-ac3f-c92108f768d4",
    "automation": "12e49624-0fca-40e1-84b1-981b3e170603",
    "content": {
      "priority": "047530c4-ce6c-4724-9cfd-37a16e787003"
    }
  }
},
{
  "model": "automation.automationaction",
  "pk": "544e9c28-b293-492f-a7e2-5a75981a682d",
  "fields": {
    "created": "2017-01-21T01:17:42.757Z",
    "modified": "2017-01-21T01:17:42.757Z",
    "deleted": null,
    "type": "a0b2887d-826c-41bd-910c-d8a944c82b87",
    "automation": "04ca113d-4514-4637-9ee2-1ff26b5ec378",
    "content": {
      "request": "foo"
    }
  }
},
{
  "model": "automation.automationaction",
  "pk": "9c980a3a-3190-4fe3-95f8-446b459eff5e",
  "fields": {
    "created": "2017-01-21T01:17:42.296Z",
    "modified": "2017-01-21T01:17:42.296Z",
    "deleted": null,
    "type": "f4d8ce6c-d12a-46f5-be65-1c1567091f39",
    "automation": "b8806e9d-df3a-4ab9-a07b-a8d9fa680b97",
    "content": {
      "assignee": "040530c4-ce6c-4724-9cfd-37a16e787200"
    }
  }
},
{
  "model": "automation.automationaction",
  "pk": "aee3af13-7b84-4d79-a750-ac2935af59bf",
  "fields": {
    "created": "2017-01-21T01:17:42.140Z",
    "modified": "2017-01-21T01:17:42.140Z",
    "deleted": null,
    "type": "f4d8ce6c-d12a-46f5-be65-1c1567091f39",
    "automation": "f875034e-62b9-4641-9aa4-6baf72ce78e1",
    "content": {
      "assignee": "040530c4-ce6c-4724-9cfd-37a16e787200"
    }
  }
},
{
  "model": "automation.automationaction",
  "pk": "b57c5e10-9ef2-4d45-9509-64e92bb453ef",
  "fields": {
    "created": "2017-01-21T01:17:42.218Z",
    "modified": "2017-01-21T01:17:42.218Z",
    "deleted": null,
    "type": "f4d8ce6c-d12a-46f5-be65-1c1567091f39",
    "automation": "d3f5f5fd-1972-49e2-aa39-c8749ecf98d9",
    "content": {
      "assignee": "040530c4-ce6c-4724-9cfd-37a16e787200"
    }
  }
},
{
  "model": "automation.automationaction",
  "pk": "d20e9b3b-5237-4cc9-9366-d456ccdc157d",
  "fields": {
    "created": "2017-01-21T01:17:42.743Z",
    "modified": "2017-01-21T01:17:42.743Z",
    "deleted": null,
    "type": "0e99ea3e-5f5c-41de-822a-cfc26bed25e7",
    "automation": "b8ea3692-0eb4-4c14-92d2-0eef795fee05",
    "content": {
      "status": "050530c4-ce6c-4724-9cfd-37a16e787007"
    }
  }
},
{
  "model": "automation.automationaction",
  "pk": "def6617b-76a7-49d9-84a2-5b79556dd270",
  "fields": {
    "created": "2017-01-21T01:17:42.464Z",
    "modified": "2017-01-21T01:17:42.464Z",
    "deleted": null,
    "type": "f4d8ce6c-d12a-46f5-be65-1c1567091f39",
    "automation": "0b5635a5-a677-443c-ae4c-6e7e6180e27a",
    "content": {
      "assignee": "040530c4-ce6c-4724-9cfd-37a16e787200"
    }
  }
},
{
  "model": "automation.automationaction",
  "pk": "e4ca420d-25f2-4a66-8575-20f24b3b3898",
  "fields": {
    "created": "2017-01-21T01:17:42.564Z",
    "modified": "2017-01-21T01:17:42.564Z",
    "deleted": null,
    "type": "f4d8ce6c-d12a-46f5-be65-1c1567091f39",
    "automation": "32d7d23c-66f5-4af8-8f75-17247053ae9a",
    "content": {
      "assignee": "040530c4-ce6c-4724-9cfd-37a16e787200"
    }
  }
},
{
  "model": "automation.automationaction",
  "pk": "f09383c6-f8c5-4521-9ee1-b14531496b3a",
  "fields": {
    "created": "2017-01-21T01:17:42.375Z",
    "modified": "2017-01-21T01:17:42.375Z",
    "deleted": null,
    "type": "f4d8ce6c-d12a-46f5-be65-1c1567091f39",
    "automation": "70af81ae-29bb-445d-996c-9db4c9b9a3a3",
    "content": {
      "assignee": "040530c4-ce6c-4724-9cfd-37a16e787200"
    }
  }
},
{
  "model": "automation.automationaction",
  "pk": "f70c02d2-97a5-451a-a532-e089c6695efd",
  "fields": {
    "created": "2017-01-21T01:17:42.830Z",
    "modified": "2017-01-21T01:17:42.830Z",
    "deleted": null,
    "type": "b889e9cc-965d-4e85-91e3-1f6e305cebe6",
    "automation": "756832fb-47fa-4198-bafa-731ffa7c40c2",
    "content": {
      "ccs": [
        "040530c4-ce6c-4724-9cfd-37a16e787200"
      ]
    }
  }
},
{
  "model": "automation.automationaction",
  "pk": "f955ad21-adda-4d8d-ac7c-fb19b6ace102",
  "fields": {
    "created": "2017-01-21T01:17:42.637Z",
    "modified": "2017-01-21T01:17:42.637Z",
    "deleted": null,
    "type": "0f43f238-3fbc-4fae-a57a-9c4c4df6e0b7",
    "automation": "9e70ce00-f269-4c3c-bcc3-c9c396c7fea8",
    "content": {
      "recipients": [
        {
          "id": "040530c4-ce6c-4724-9cfd-37a16e787200",
          "type": "person"
        },
        {
          "id": "daf7b010-ab41-4946-86b1-ead90990662a",
          "type": "role"
        }
      ],
      "body": "bar",
      "subject": "foo"
    }
  }
},
{
  "model": "automation.automation",
  "pk": "04ca113d-4514-4637-9ee2-1ff26b5ec378",
  "fields": {
    "created": "2017-01-21T01:17:42.752Z",
    "modified": "2017-01-21T01:17:42.865Z",
    "deleted": null,
    "tenant": "044530c4-ce6c-4724-9cfd-37a16e787001",
    "description": "Filter: None --- Action: automation.actions.ticket_request",
    "events": [
      "a032a9a1-dbf2-4178-bc07-023bf2f65e1d"
    ]
  }
},
{
  "model": "automation.automation",
  "pk": "0b5635a5-a677-443c-ae4c-6e7e6180e27a",
  "fields": {
    "created": "2017-01-21T01:17:42.393Z",
    "modified": "2017-01-21T01:17:42.845Z",
    "deleted": null,
    "tenant": "044530c4-ce6c-4724-9cfd-37a16e787001",
    "description": "Filter: admin.placeholder.country_filter_select --- Action: automation.actions.ticket_assignee",
    "events": [
      "a032a9a1-dbf2-4178-bc07-023bf2f65e1d"
    ]
  }
},
{
  "model": "automation.automation",
  "pk": "12e49624-0fca-40e1-84b1-981b3e170603",
  "fields": {
    "created": "2017-01-21T01:17:42.722Z",
    "modified": "2017-01-21T01:17:42.875Z",
    "deleted": null,
    "tenant": "044530c4-ce6c-4724-9cfd-37a16e787001",
    "description": "Filter: None --- Action: automation.actions.ticket_priority",
    "events": [
      "a032a9a1-dbf2-4178-bc07-023bf2f65e1d"
    ]
  }
},
{
  "model": "automation.automation",
  "pk": "32d7d23c-66f5-4af8-8f75-17247053ae9a",
  "fields": {
    "created": "2017-01-21T01:17:42.497Z",
    "modified": "2017-01-21T01:17:42.861Z",
    "deleted": null,
    "tenant": "044530c4-ce6c-4724-9cfd-37a16e787001",
    "description": "Filter: None --- Action: automation.actions.ticket_assignee",
    "events": [
      "a032a9a1-dbf2-4178-bc07-023bf2f65e1d"
    ]
  }
},
{
  "model": "automation.automation",
  "pk": "70af81ae-29bb-445d-996c-9db4c9b9a3a3",
  "fields": {
    "created": "2017-01-21T01:17:42.312Z",
    "modified": "2017-01-21T01:17:42.856Z",
    "deleted": null,
    "tenant": "044530c4-ce6c-4724-9cfd-37a16e787001",
    "description": "Filter: admin.placeholder.state_filter_select --- Action: automation.actions.ticket_assignee",
    "events": [
      "a032a9a1-dbf2-4178-bc07-023bf2f65e1d"
    ]
  }
},
{
  "model": "automation.automation",
  "pk": "756832fb-47fa-4198-bafa-731ffa7c40c2",
  "fields": {
    "created": "2017-01-21T01:17:42.766Z",
    "modified": "2017-01-21T01:17:42.879Z",
    "deleted": null,
    "tenant": "044530c4-ce6c-4724-9cfd-37a16e787001",
    "description": "Filter: None --- Action: automation.actions.ticket_cc",
    "events": [
      "a032a9a1-dbf2-4178-bc07-023bf2f65e1d"
    ]
  }
},
{
  "model": "automation.automation",
  "pk": "9e70ce00-f269-4c3c-bcc3-c9c396c7fea8",
  "fields": {
    "created": "2017-01-21T01:17:42.574Z",
    "modified": "2017-01-21T01:17:42.883Z",
    "deleted": null,
    "tenant": "044530c4-ce6c-4724-9cfd-37a16e787001",
    "description": "Filter: None --- Action: automation.actions.send_email",
    "events": [
      "a032a9a1-dbf2-4178-bc07-023bf2f65e1d"
    ]
  }
},
{
  "model": "automation.automation",
  "pk": "b8806e9d-df3a-4ab9-a07b-a8d9fa680b97",
  "fields": {
    "created": "2017-01-21T01:17:42.233Z",
    "modified": "2017-01-21T01:17:42.870Z",
    "deleted": null,
    "tenant": "044530c4-ce6c-4724-9cfd-37a16e787001",
    "description": "Filter: None --- Action: automation.actions.ticket_assignee",
    "events": [
      "a032a9a1-dbf2-4178-bc07-023bf2f65e1d"
    ]
  }
},
{
  "model": "automation.automation",
  "pk": "b8ea3692-0eb4-4c14-92d2-0eef795fee05",
  "fields": {
    "created": "2017-01-21T01:17:42.737Z",
    "modified": "2017-01-21T01:17:42.835Z",
    "deleted": null,
    "tenant": "044530c4-ce6c-4724-9cfd-37a16e787001",
    "description": "Filter: None --- Action: automation.actions.ticket_status",
    "events": [
      "a032a9a1-dbf2-4178-bc07-023bf2f65e1d"
    ]
  }
},
{
  "model": "automation.automation",
  "pk": "d3f5f5fd-1972-49e2-aa39-c8749ecf98d9",
  "fields": {
    "created": "2017-01-21T01:17:42.155Z",
    "modified": "2017-01-21T01:17:42.840Z",
    "deleted": null,
    "tenant": "044530c4-ce6c-4724-9cfd-37a16e787001",
    "description": "Filter: admin.placeholder.category_filter_select --- Action: automation.actions.ticket_assignee",
    "events": [
      "a032a9a1-dbf2-4178-bc07-023bf2f65e1d"
    ]
  }
},
{
  "model": "automation.automation",
  "pk": "dc25008d-2681-450f-94cf-93317e37e767",
  "fields": {
    "created": "2017-01-21T01:17:42.646Z",
    "modified": "2017-01-21T01:17:42.887Z",
    "deleted": null,
    "tenant": "044530c4-ce6c-4724-9cfd-37a16e787001",
    "description": "Filter: None --- Action: automation.actions.send_sms",
    "events": [
      "a032a9a1-dbf2-4178-bc07-023bf2f65e1d"
    ]
  }
},
{
  "model": "automation.automation",
  "pk": "f875034e-62b9-4641-9aa4-6baf72ce78e1",
  "fields": {
    "created": "2017-01-21T01:17:42.062Z",
    "modified": "2017-01-21T01:17:42.850Z",
    "deleted": null,
    "tenant": "044530c4-ce6c-4724-9cfd-37a16e787001",
    "description": "Filter: admin.placeholder.priority_filter_select --- Action: automation.actions.ticket_assignee",
    "events": [
      "a032a9a1-dbf2-4178-bc07-023bf2f65e1d"
    ]
  }
},
{
  "model": "automation.automationfiltertype",
  "pk": "3054473a-7bac-43af-9dc5-656c08b4a9e4",
  "fields": {
    "created": "2017-01-21T01:17:42.222Z",
    "modified": "2017-01-21T01:17:42.222Z",
    "deleted": null,
    "key": "admin.placeholder.category_filter_select",
    "context": "ticket.ticket",
    "field": "categories",
    "lookups": {}
  }
},
{
  "model": "automation.automationfiltertype",
  "pk": "8d5c2fb8-c031-4267-ae74-24266de5529e",
  "fields": {
    "created": "2017-01-21T01:17:42.144Z",
    "modified": "2017-01-21T01:17:42.144Z",
    "deleted": null,
    "key": "admin.placeholder.priority_filter_select",
    "context": "ticket.ticket",
    "field": "priority",
    "lookups": {}
  }
},
{
  "model": "automation.automationfiltertype",
  "pk": "d1fe72cd-355b-4fbc-b45a-0d2ca4da03ed",
  "fields": {
    "created": "2017-01-21T01:17:42.302Z",
    "modified": "2017-01-21T01:17:42.302Z",
    "deleted": null,
    "key": "",
    "context": "ticket.ticket",
    "field": "location",
    "lookups": {
      "filters": "location_level"
    }
  }
},
{
  "model": "automation.automationfiltertype",
  "pk": "db3a3800-f935-4296-99be-f22ad57caeb1",
  "fields": {
    "created": "2017-01-21T01:17:42.382Z",
    "modified": "2017-01-21T01:17:42.382Z",
    "deleted": null,
    "key": "admin.placeholder.state_filter_select",
    "context": "ticket.ticket",
    "field": "state",
    "lookups": {}
  }
},
{
  "model": "automation.automationfiltertype",
  "pk": "f500e5ee-7f93-4d1b-aca3-5934bfbc2ecd",
  "fields": {
    "created": "2017-01-21T01:17:42.469Z",
    "modified": "2017-01-21T01:17:42.469Z",
    "deleted": null,
    "key": "admin.placeholder.country_filter_select",
    "context": "ticket.ticket",
    "field": "country",
    "lookups": {}
  }
},
{
  "model": "automation.automationfilter",
  "pk": "23e65d7d-e076-46b5-9f2e-27f5e5a5bad0",
  "fields": {
    "created": "2017-01-21T01:17:42.383Z",
    "modified": "2017-01-21T01:17:42.383Z",
    "deleted": null,
    "automation": "70af81ae-29bb-445d-996c-9db4c9b9a3a3",
    "source": "db3a3800-f935-4296-99be-f22ad57caeb1",
    "lookups": {},
    "criteria": [
      "2f193a90-a270-48b7-8752-b4c5ad19156c"
    ]
  }
},
{
  "model": "automation.automationfilter",
  "pk": "60bfe5c3-254e-471a-b3e6-c2464773f396",
  "fields": {
    "created": "2017-01-21T01:17:42.145Z",
    "modified": "2017-01-21T01:17:42.145Z",
    "deleted": null,
    "automation": "f875034e-62b9-4641-9aa4-6baf72ce78e1",
    "source": "8d5c2fb8-c031-4267-ae74-24266de5529e",
    "lookups": {},
    "criteria": [
      "047530c4-ce6c-4724-9cfd-37a16e787003"
    ]
  }
},
{
  "model": "automation.automationfilter",
  "pk": "941ef46e-5770-4937-99f2-68e11cba5658",
  "fields": {
    "created": "2017-01-21T01:17:42.470Z",
    "modified": "2017-01-21T01:17:42.470Z",
    "deleted": null,
    "automation": "0b5635a5-a677-443c-ae4c-6e7e6180e27a",
    "source": "f500e5ee-7f93-4d1b-aca3-5934bfbc2ecd",
    "lookups": {},
    "criteria": [
      "61760373-0b13-4a1e-8abe-8166ca841e01"
    ]
  }
},
{
  "model": "automation.automationfilter",
  "pk": "9ade2643-0207-4174-acdc-7bbb3e931be1",
  "fields": {
    "created": "2017-01-21T01:17:42.223Z",
    "modified": "2017-01-21T01:17:42.223Z",
    "deleted": null,
    "automation": "d3f5f5fd-1972-49e2-aa39-c8749ecf98d9",
    "source": "3054473a-7bac-43af-9dc5-656c08b4a9e4",
    "lookups": {},
    "criteria": [
      "024530c4-ce6c-4724-9cfd-37a16e787001"
    ]
  }
},
{
  "model": "automation.automationfilter",
  "pk": "b3ceab42-1196-45ed-bce7-83a2405835ab",
  "fields": {
    "created": "2017-01-21T01:17:42.304Z",
    "modified": "2017-01-21T01:17:42.304Z",
    "deleted": null,
    "automation": "b8806e9d-df3a-4ab9-a07b-a8d9fa680b97",
    "source": "d1fe72cd-355b-4fbc-b45a-0d2ca4da03ed",
    "lookups": {
      "filters": "location_level",
      "id": "c594b90c-037a-4b5f-a326-c2b7af69e70b",
      "name": "Company"
    },
    "criteria": [
      "68b0a2c7-8771-425a-915a-7e8c1435b69f"
    ]
  }
}
]
