[
{
  "model": "automation.automationevent",
  "pk": "03db45a2-5d51-4e55-8f20-99bf980d8f07",
  "fields": {
    "created": "2017-01-13T01:41:26.757Z",
    "modified": "2017-01-13T01:41:26.757Z",
    "deleted": null,
    "key": "automation.event.ticket_priority_change"
  }
},
{
  "model": "automation.automationevent",
  "pk": "14b7073a-337d-4f27-977f-d8480683af6f",
  "fields": {
    "created": "2017-01-13T01:41:26.762Z",
    "modified": "2017-01-13T01:41:26.762Z",
    "deleted": null,
    "key": "automation.event.ticket_status_denied"
  }
},
{
  "model": "automation.automationevent",
  "pk": "1fd9bf96-909e-4604-83b0-dc8bb6c8cabe",
  "fields": {
    "created": "2017-01-13T01:41:26.771Z",
    "modified": "2017-01-13T01:41:26.771Z",
    "deleted": null,
    "key": "automation.event.ticket_status_unsatisfactory"
  }
},
{
  "model": "automation.automationevent",
  "pk": "347417e0-a8c2-4ef2-b626-c1d068214b93",
  "fields": {
    "created": "2017-01-13T01:41:26.744Z",
    "modified": "2017-01-13T01:41:26.744Z",
    "deleted": null,
    "key": "automation.event.ticket_assignee_change"
  }
},
{
  "model": "automation.automationevent",
  "pk": "4d15efa2-28be-4b88-a29b-d1b204a31231",
  "fields": {
    "created": "2017-01-13T01:41:26.752Z",
    "modified": "2017-01-13T01:41:26.752Z",
    "deleted": null,
    "key": "automation.event.ticket_cc_add"
  }
},
{
  "model": "automation.automationevent",
  "pk": "66e8a13f-04c6-4c22-a02c-2d1182ec6ca5",
  "fields": {
    "created": "2017-01-13T01:41:26.760Z",
    "modified": "2017-01-13T01:41:26.760Z",
    "deleted": null,
    "key": "automation.event.ticket_status_complete"
  }
},
{
  "model": "automation.automationevent",
  "pk": "7181b09f-64f1-4abb-b987-9c6b597e0a7a",
  "fields": {
    "created": "2017-01-13T01:41:26.765Z",
    "modified": "2017-01-13T01:41:26.765Z",
    "deleted": null,
    "key": "automation.event.ticket_status_in_progress"
  }
},
{
  "model": "automation.automationevent",
  "pk": "7bd37c74-1e0d-4a45-8141-ca1bc51df155",
  "fields": {
    "created": "2017-01-13T01:41:26.749Z",
    "modified": "2017-01-13T01:41:26.749Z",
    "deleted": null,
    "key": "automation.event.ticket_attachment_add"
  }
},
{
  "model": "automation.automationevent",
  "pk": "85a3a6e0-929e-49ed-b5ca-664484edcc26",
  "fields": {
    "created": "2017-01-13T01:41:26.754Z",
    "modified": "2017-01-13T01:41:26.754Z",
    "deleted": null,
    "key": "automation.event.ticket_comment"
  }
},
{
  "model": "automation.automationevent",
  "pk": "b7e29570-c1fe-4413-be54-e91a3eb4909a",
  "fields": {
    "created": "2017-01-13T01:41:26.767Z",
    "modified": "2017-01-13T01:41:26.767Z",
    "deleted": null,
    "key": "automation.event.ticket_status_new"
  }
},
{
  "model": "automation.automationevent",
  "pk": "dd83c51a-ddd5-4c01-842e-a754037061c6",
  "fields": {
    "created": "2017-01-13T01:41:26.768Z",
    "modified": "2017-01-13T01:41:26.768Z",
    "deleted": null,
    "key": "automation.event.ticket_status_pending"
  }
},
{
  "model": "automation.automationevent",
  "pk": "dfc99392-cc0a-414e-8c97-31810319f92c",
  "fields": {
    "created": "2017-01-13T01:41:26.750Z",
    "modified": "2017-01-13T01:41:26.750Z",
    "deleted": null,
    "key": "automation.event.ticket_category_change"
  }
},
{
  "model": "automation.automationevent",
  "pk": "eb6abfed-5608-4809-8b8c-9d59c798d500",
  "fields": {
    "created": "2017-01-13T01:41:26.770Z",
    "modified": "2017-01-13T01:41:26.770Z",
    "deleted": null,
    "key": "automation.event.ticket_status_solved"
  }
},
{
  "model": "automation.automationevent",
  "pk": "ed15153d-11e1-4cc2-80fd-0a858596ff50",
  "fields": {
    "created": "2017-01-13T01:41:26.764Z",
    "modified": "2017-01-13T01:41:26.764Z",
    "deleted": null,
    "key": "automation.event.ticket_status_draft"
  }
},
{
  "model": "automation.automationevent",
  "pk": "ef213485-0e6f-4556-9714-bd1e19c83170",
  "fields": {
    "created": "2017-01-13T01:41:26.761Z",
    "modified": "2017-01-13T01:41:26.761Z",
    "deleted": null,
    "key": "automation.event.ticket_status_deferred"
  }
},
{
  "model": "automation.automationevent",
  "pk": "f6fd51cd-26d1-4c22-aa39-8066045ebf76",
  "fields": {
    "created": "2017-01-13T01:41:26.755Z",
    "modified": "2017-01-13T01:41:26.755Z",
    "deleted": null,
    "key": "automation.event.ticket_location_change"
  }
},
{
  "model": "automation.automationevent",
  "pk": "ff30544f-5769-46b6-adf6-a7c7a1b97614",
  "fields": {
    "created": "2017-01-13T01:41:26.758Z",
    "modified": "2017-01-13T01:41:26.758Z",
    "deleted": null,
    "key": "automation.event.ticket_status_cancelled"
  }
},
{
  "model": "automation.automationactiontype",
  "pk": "02d94f9c-7f8c-49e9-bb54-e4c0c2d34e93",
  "fields": {
    "created": "2017-01-13T01:41:26.782Z",
    "modified": "2017-01-13T01:41:26.782Z",
    "deleted": null,
    "key": "automation.actions.ticket_status"
  }
},
{
  "model": "automation.automationactiontype",
  "pk": "36b837fb-363c-4d99-9d30-59d365f28631",
  "fields": {
    "created": "2017-01-13T01:41:26.773Z",
    "modified": "2017-01-13T01:41:26.773Z",
    "deleted": null,
    "key": "automation.actions.ticket_assignee"
  }
},
{
  "model": "automation.automationactiontype",
  "pk": "6e7da9a9-a4e0-418a-b24e-b56b0fd63b67",
  "fields": {
    "created": "2017-01-13T01:41:26.781Z",
    "modified": "2017-01-13T01:41:26.781Z",
    "deleted": null,
    "key": "automation.actions.ticket_request"
  }
},
{
  "model": "automation.automationactiontype",
  "pk": "730608f0-66cf-4f6b-870f-1ce0fb19e0cf",
  "fields": {
    "created": "2017-01-13T01:41:26.778Z",
    "modified": "2017-01-13T01:41:26.778Z",
    "deleted": null,
    "key": "automation.actions.ticket_cc"
  }
},
{
  "model": "automation.automationactiontype",
  "pk": "a4060935-12ce-4b5b-9e1f-786c2e43a93e",
  "fields": {
    "created": "2017-01-13T01:41:26.775Z",
    "modified": "2017-01-13T01:41:26.775Z",
    "deleted": null,
    "key": "automation.actions.send_email"
  }
},
{
  "model": "automation.automationactiontype",
  "pk": "d3a17a5e-602d-4764-8389-67f3f8e15c4c",
  "fields": {
    "created": "2017-01-13T01:41:26.776Z",
    "modified": "2017-01-13T01:41:26.776Z",
    "deleted": null,
    "key": "automation.actions.send_sms"
  }
},
{
  "model": "automation.automationactiontype",
  "pk": "f384d9a6-5101-4714-8b3c-13293bd28b68",
  "fields": {
    "created": "2017-01-13T01:41:26.779Z",
    "modified": "2017-01-13T01:41:26.779Z",
    "deleted": null,
    "key": "automation.actions.ticket_priority"
  }
},
{
  "model": "automation.automationaction",
  "pk": "0dbac243-3a73-4feb-8ff6-831b2ed64b99",
  "fields": {
    "created": "2017-01-13T01:41:26.900Z",
    "modified": "2017-01-13T01:41:26.900Z",
    "deleted": null,
    "type": "36b837fb-363c-4d99-9d30-59d365f28631",
    "automation": "d9cd7273-3056-46bb-9ca1-85229c8891a9",
    "content": {
      "assignee": "040530c4-ce6c-4724-9cfd-37a16e787201"
    }
  }
},
{
  "model": "automation.automationaction",
  "pk": "371367fb-0081-477f-b050-4f6694a0b240",
  "fields": {
    "created": "2017-01-13T01:41:26.996Z",
    "modified": "2017-01-13T01:41:26.996Z",
    "deleted": null,
    "type": "36b837fb-363c-4d99-9d30-59d365f28631",
    "automation": "24090849-7542-49ab-8e83-e62cd16aedc5",
    "content": {
      "assignee": "040530c4-ce6c-4724-9cfd-37a16e787202"
    }
  }
},
{
  "model": "automation.automationaction",
  "pk": "46553aa4-a91b-4ed4-915c-58736f6e03b1",
  "fields": {
    "created": "2017-01-13T01:41:27.570Z",
    "modified": "2017-01-13T01:41:27.570Z",
    "deleted": null,
    "type": "d3a17a5e-602d-4764-8389-67f3f8e15c4c",
    "automation": "0a539533-d8a6-4ad1-b6e7-95c989ddbbd9",
    "content": {
      "body": "bar",
      "recipients": [
        {
          "type": "person",
          "id": "040530c4-ce6c-4724-9cfd-37a16e787208"
        },
        {
          "type": "role",
          "id": "5a7edc5f-2a51-4128-8604-bb6022d38dfa"
        }
      ]
    }
  }
},
{
  "model": "automation.automationaction",
  "pk": "4a54d4e4-d882-44de-90e8-d411c5729308",
  "fields": {
    "created": "2017-01-13T01:41:27.698Z",
    "modified": "2017-01-13T01:41:27.698Z",
    "deleted": null,
    "type": "730608f0-66cf-4f6b-870f-1ce0fb19e0cf",
    "automation": "3c0c95c9-a5e4-406b-b9e1-9833a4591a30",
    "content": {
      "ccs": [
        "040530c4-ce6c-4724-9cfd-37a16e787209"
      ]
    }
  }
},
{
  "model": "automation.automationaction",
  "pk": "558238ed-b99c-482b-88e1-c9d57f2c3c74",
  "fields": {
    "created": "2017-01-13T01:41:27.089Z",
    "modified": "2017-01-13T01:41:27.089Z",
    "deleted": null,
    "type": "36b837fb-363c-4d99-9d30-59d365f28631",
    "automation": "ed938e78-1cac-41b5-9b5f-acab31446473",
    "content": {
      "assignee": "040530c4-ce6c-4724-9cfd-37a16e787203"
    }
  }
},
{
  "model": "automation.automationaction",
  "pk": "56b4dc18-c9c2-41d2-971f-2375427bc350",
  "fields": {
    "created": "2017-01-13T01:41:27.599Z",
    "modified": "2017-01-13T01:41:27.599Z",
    "deleted": null,
    "type": "02d94f9c-7f8c-49e9-bb54-e4c0c2d34e93",
    "automation": "e8fc3631-762d-4a98-92c8-97a9a698173e",
    "content": {
      "status": "049530c4-ce6c-4724-9cfd-37a16e787007"
    }
  }
},
{
  "model": "automation.automationaction",
  "pk": "5ded15fe-c8bd-44e9-a524-ec7b9d3e8a09",
  "fields": {
    "created": "2017-01-13T01:41:27.584Z",
    "modified": "2017-01-13T01:41:27.584Z",
    "deleted": null,
    "type": "f384d9a6-5101-4714-8b3c-13293bd28b68",
    "automation": "7e3524f8-ca53-4910-b6c1-1e0a8d697593",
    "content": {
      "priority": "051530c4-ce6c-4724-9cfd-37a16e787003"
    }
  }
},
{
  "model": "automation.automationaction",
  "pk": "7f338a5f-2a02-496f-a87a-43314f38929e",
  "fields": {
    "created": "2017-01-13T01:41:27.479Z",
    "modified": "2017-01-13T01:41:27.479Z",
    "deleted": null,
    "type": "a4060935-12ce-4b5b-9e1f-786c2e43a93e",
    "automation": "28037d58-704a-424f-823a-404d54907c94",
    "content": {
      "body": "bar",
      "subject": "foo",
      "recipients": [
        {
          "type": "person",
          "id": "040530c4-ce6c-4724-9cfd-37a16e787207"
        },
        {
          "type": "role",
          "id": "e5be26d1-d09c-481e-8db0-b463e2040a68"
        }
      ]
    }
  }
},
{
  "model": "automation.automationaction",
  "pk": "966b694d-38a0-4c6b-9469-e6b4084f931e",
  "fields": {
    "created": "2017-01-13T01:41:27.283Z",
    "modified": "2017-01-13T01:41:27.283Z",
    "deleted": null,
    "type": "36b837fb-363c-4d99-9d30-59d365f28631",
    "automation": "cc76b958-5b66-4fb9-a782-60c54db0b8d7",
    "content": {
      "assignee": "040530c4-ce6c-4724-9cfd-37a16e787205"
    }
  }
},
{
  "model": "automation.automationaction",
  "pk": "bf598fb2-14e1-41e1-820c-2aa4cf99a519",
  "fields": {
    "created": "2017-01-13T01:41:27.391Z",
    "modified": "2017-01-13T01:41:27.391Z",
    "deleted": null,
    "type": "36b837fb-363c-4d99-9d30-59d365f28631",
    "automation": "00e71974-c2a4-43c3-99ed-683e7388ce11",
    "content": {
      "assignee": "040530c4-ce6c-4724-9cfd-37a16e787206"
    }
  }
},
{
  "model": "automation.automationaction",
  "pk": "e3c9eb50-3f49-4594-bef3-e34b8a10f30c",
  "fields": {
    "created": "2017-01-13T01:41:27.612Z",
    "modified": "2017-01-13T01:41:27.612Z",
    "deleted": null,
    "type": "6e7da9a9-a4e0-418a-b24e-b56b0fd63b67",
    "automation": "e04ffdc9-104a-4e34-8a79-ad292982aab1",
    "content": {
      "request": "foo"
    }
  }
},
{
  "model": "automation.automationaction",
  "pk": "f5c13708-2b0f-4d98-86c8-6faa82e05460",
  "fields": {
    "created": "2017-01-13T01:41:27.186Z",
    "modified": "2017-01-13T01:41:27.186Z",
    "deleted": null,
    "type": "36b837fb-363c-4d99-9d30-59d365f28631",
    "automation": "04c3aa60-1ade-4d72-80ce-93fe7faaeb36",
    "content": {
      "assignee": "040530c4-ce6c-4724-9cfd-37a16e787204"
    }
  }
},
{
  "model": "automation.automation",
  "pk": "00e71974-c2a4-43c3-99ed-683e7388ce11",
  "fields": {
    "created": "2017-01-13T01:41:27.312Z",
    "modified": "2017-01-13T01:41:27.736Z",
    "deleted": null,
    "tenant": "045530c4-ce6c-4724-9cfd-37a16e787001",
    "description": "Filter: None --- Action: automation.actions.ticket_assignee",
    "events": [
      "b7e29570-c1fe-4413-be54-e91a3eb4909a"
    ]
  }
},
{
  "model": "automation.automation",
  "pk": "04c3aa60-1ade-4d72-80ce-93fe7faaeb36",
  "fields": {
    "created": "2017-01-13T01:41:27.105Z",
    "modified": "2017-01-13T01:41:27.719Z",
    "deleted": null,
    "tenant": "045530c4-ce6c-4724-9cfd-37a16e787001",
    "description": "Filter: admin.placeholder.state_filter_select --- Action: automation.actions.ticket_assignee",
    "events": [
      "b7e29570-c1fe-4413-be54-e91a3eb4909a"
    ]
  }
},
{
  "model": "automation.automation",
  "pk": "0a539533-d8a6-4ad1-b6e7-95c989ddbbd9",
  "fields": {
    "created": "2017-01-13T01:41:27.488Z",
    "modified": "2017-01-13T01:41:27.728Z",
    "deleted": null,
    "tenant": "045530c4-ce6c-4724-9cfd-37a16e787001",
    "description": "Filter: None --- Action: automation.actions.send_sms",
    "events": [
      "b7e29570-c1fe-4413-be54-e91a3eb4909a"
    ]
  }
},
{
  "model": "automation.automation",
  "pk": "24090849-7542-49ab-8e83-e62cd16aedc5",
  "fields": {
    "created": "2017-01-13T01:41:26.914Z",
    "modified": "2017-01-13T01:41:27.704Z",
    "deleted": null,
    "tenant": "045530c4-ce6c-4724-9cfd-37a16e787001",
    "description": "Filter: admin.placeholder.category_filter_select --- Action: automation.actions.ticket_assignee",
    "events": [
      "b7e29570-c1fe-4413-be54-e91a3eb4909a"
    ]
  }
},
{
  "model": "automation.automation",
  "pk": "28037d58-704a-424f-823a-404d54907c94",
  "fields": {
    "created": "2017-01-13T01:41:27.400Z",
    "modified": "2017-01-13T01:41:27.732Z",
    "deleted": null,
    "tenant": "045530c4-ce6c-4724-9cfd-37a16e787001",
    "description": "Filter: None --- Action: automation.actions.send_email",
    "events": [
      "b7e29570-c1fe-4413-be54-e91a3eb4909a"
    ]
  }
},
{
  "model": "automation.automation",
  "pk": "3c0c95c9-a5e4-406b-b9e1-9833a4591a30",
  "fields": {
    "created": "2017-01-13T01:41:27.620Z",
    "modified": "2017-01-13T01:41:27.745Z",
    "deleted": null,
    "tenant": "045530c4-ce6c-4724-9cfd-37a16e787001",
    "description": "Filter: None --- Action: automation.actions.ticket_cc",
    "events": [
      "b7e29570-c1fe-4413-be54-e91a3eb4909a"
    ]
  }
},
{
  "model": "automation.automation",
  "pk": "7e3524f8-ca53-4910-b6c1-1e0a8d697593",
  "fields": {
    "created": "2017-01-13T01:41:27.579Z",
    "modified": "2017-01-13T01:41:27.749Z",
    "deleted": null,
    "tenant": "045530c4-ce6c-4724-9cfd-37a16e787001",
    "description": "Filter: None --- Action: automation.actions.ticket_priority",
    "events": [
      "b7e29570-c1fe-4413-be54-e91a3eb4909a"
    ]
  }
},
{
  "model": "automation.automation",
  "pk": "cc76b958-5b66-4fb9-a782-60c54db0b8d7",
  "fields": {
    "created": "2017-01-13T01:41:27.202Z",
    "modified": "2017-01-13T01:41:27.709Z",
    "deleted": null,
    "tenant": "045530c4-ce6c-4724-9cfd-37a16e787001",
    "description": "Filter: admin.placeholder.country_filter_select --- Action: automation.actions.ticket_assignee",
    "events": [
      "b7e29570-c1fe-4413-be54-e91a3eb4909a"
    ]
  }
},
{
  "model": "automation.automation",
  "pk": "d9cd7273-3056-46bb-9ca1-85229c8891a9",
  "fields": {
    "created": "2017-01-13T01:41:26.793Z",
    "modified": "2017-01-13T01:41:27.714Z",
    "deleted": null,
    "tenant": "045530c4-ce6c-4724-9cfd-37a16e787001",
    "description": "Filter: admin.placeholder.priority_filter_select --- Action: automation.actions.ticket_assignee",
    "events": [
      "b7e29570-c1fe-4413-be54-e91a3eb4909a"
    ]
  }
},
{
  "model": "automation.automation",
  "pk": "e04ffdc9-104a-4e34-8a79-ad292982aab1",
  "fields": {
    "created": "2017-01-13T01:41:27.607Z",
    "modified": "2017-01-13T01:41:27.753Z",
    "deleted": null,
    "tenant": "045530c4-ce6c-4724-9cfd-37a16e787001",
    "description": "Filter: None --- Action: automation.actions.ticket_request",
    "events": [
      "b7e29570-c1fe-4413-be54-e91a3eb4909a"
    ]
  }
},
{
  "model": "automation.automation",
  "pk": "e8fc3631-762d-4a98-92c8-97a9a698173e",
  "fields": {
    "created": "2017-01-13T01:41:27.593Z",
    "modified": "2017-01-13T01:41:27.723Z",
    "deleted": null,
    "tenant": "045530c4-ce6c-4724-9cfd-37a16e787001",
    "description": "Filter: None --- Action: automation.actions.ticket_status",
    "events": [
      "b7e29570-c1fe-4413-be54-e91a3eb4909a"
    ]
  }
},
{
  "model": "automation.automation",
  "pk": "ed938e78-1cac-41b5-9b5f-acab31446473",
  "fields": {
    "created": "2017-01-13T01:41:27.009Z",
    "modified": "2017-01-13T01:41:27.741Z",
    "deleted": null,
    "tenant": "045530c4-ce6c-4724-9cfd-37a16e787001",
    "description": "Filter: None --- Action: automation.actions.ticket_assignee",
    "events": [
      "b7e29570-c1fe-4413-be54-e91a3eb4909a"
    ]
  }
},
{
  "model": "automation.automationfiltertype",
  "pk": "07ff4119-719b-403b-88ad-82a67bd0020b",
  "fields": {
    "created": "2017-01-13T01:41:27.287Z",
    "modified": "2017-01-13T01:41:27.287Z",
    "deleted": null,
    "key": "admin.placeholder.country_filter_select",
    "context": "ticket.ticket",
    "field": "country",
    "lookups": {}
  }
},
{
  "model": "automation.automationfiltertype",
  "pk": "4184a78a-7fcf-4027-a91e-1f9d3184e707",
  "fields": {
    "created": "2017-01-13T01:41:26.999Z",
    "modified": "2017-01-13T01:41:26.999Z",
    "deleted": null,
    "key": "admin.placeholder.category_filter_select",
    "context": "ticket.ticket",
    "field": "categories",
    "lookups": {}
  }
},
{
  "model": "automation.automationfiltertype",
  "pk": "4a773dc8-2b8c-4383-82f8-9dcf9f4acf7c",
  "fields": {
    "created": "2017-01-13T01:41:27.095Z",
    "modified": "2017-01-13T01:41:27.095Z",
    "deleted": null,
    "key": "",
    "context": "ticket.ticket",
    "field": "location",
    "lookups": {
      "filters": "location_level"
    }
  }
},
{
  "model": "automation.automationfiltertype",
  "pk": "4d01c341-4c75-407e-ae67-bf62815f2696",
  "fields": {
    "created": "2017-01-13T01:41:27.192Z",
    "modified": "2017-01-13T01:41:27.192Z",
    "deleted": null,
    "key": "admin.placeholder.state_filter_select",
    "context": "ticket.ticket",
    "field": "state",
    "lookups": {}
  }
},
{
  "model": "automation.automationfiltertype",
  "pk": "b255a552-2f72-452b-aca9-1e9c4b2e6427",
  "fields": {
    "created": "2017-01-13T01:41:26.904Z",
    "modified": "2017-01-13T01:41:26.904Z",
    "deleted": null,
    "key": "admin.placeholder.priority_filter_select",
    "context": "ticket.ticket",
    "field": "priority",
    "lookups": {}
  }
},
{
  "model": "automation.automationfilter",
  "pk": "176994f7-0e73-44ec-bbb2-d8dee878363b",
  "fields": {
    "created": "2017-01-13T01:41:27.193Z",
    "modified": "2017-01-13T01:41:27.194Z",
    "deleted": null,
    "automation": "04c3aa60-1ade-4d72-80ce-93fe7faaeb36",
    "source": "4d01c341-4c75-407e-ae67-bf62815f2696",
    "lookups": {},
    "criteria": [
      "2f193a90-a270-48b7-8752-b4c5ad19156c"
    ]
  }
},
{
  "model": "automation.automationfilter",
  "pk": "7dbf7ac9-a867-4150-873a-0f8ba7f37093",
  "fields": {
    "created": "2017-01-13T01:41:26.905Z",
    "modified": "2017-01-13T01:41:26.905Z",
    "deleted": null,
    "automation": "d9cd7273-3056-46bb-9ca1-85229c8891a9",
    "source": "b255a552-2f72-452b-aca9-1e9c4b2e6427",
    "lookups": {},
    "criteria": [
      "051530c4-ce6c-4724-9cfd-37a16e787003"
    ]
  }
},
{
  "model": "automation.automationfilter",
  "pk": "8c58f5ff-38fc-47c7-a77e-0a60b8c70a6a",
  "fields": {
    "created": "2017-01-13T01:41:27.096Z",
    "modified": "2017-01-13T01:41:27.096Z",
    "deleted": null,
    "automation": "ed938e78-1cac-41b5-9b5f-acab31446473",
    "source": "4a773dc8-2b8c-4383-82f8-9dcf9f4acf7c",
    "lookups": {
      "filters": "location_level",
      "name": "Company",
      "id": "9118f932-8a6d-42af-8c9a-13137b7cd29e"
    },
    "criteria": [
      "dc669b64-20cb-433b-8d3d-0cf551dee9a8"
    ]
  }
},
{
  "model": "automation.automationfilter",
  "pk": "b0f23d5c-404c-41c0-9ea3-ed61f6e0c277",
  "fields": {
    "created": "2017-01-13T01:41:27.288Z",
    "modified": "2017-01-13T01:41:27.288Z",
    "deleted": null,
    "automation": "cc76b958-5b66-4fb9-a782-60c54db0b8d7",
    "source": "07ff4119-719b-403b-88ad-82a67bd0020b",
    "lookups": {},
    "criteria": [
      "61760373-0b13-4a1e-8abe-8166ca841e01"
    ]
  }
},
{
  "model": "automation.automationfilter",
  "pk": "c442b538-f3c8-46a5-ac63-e1474700f52b",
  "fields": {
    "created": "2017-01-13T01:41:27.000Z",
    "modified": "2017-01-13T01:41:27.000Z",
    "deleted": null,
    "automation": "24090849-7542-49ab-8e83-e62cd16aedc5",
    "source": "4184a78a-7fcf-4027-a91e-1f9d3184e707",
    "lookups": {},
    "criteria": [
      "023530c4-ce6c-4724-9cfd-37a16e787001"
    ]
  }
}
]
