[
{
  "model": "automation.automationevent",
  "pk": "13abf5d4-7bc0-4588-bc2b-5fd93562232e",
  "fields": {
    "created": "2017-01-20T20:51:14.307Z",
    "modified": "2017-01-20T20:51:14.307Z",
    "deleted": null,
    "key": "automation.event.ticket_status_pending"
  }
},
{
  "model": "automation.automationevent",
  "pk": "1bbc9e22-d8ad-4255-bbde-8da758a5d76d",
  "fields": {
    "created": "2017-01-20T20:51:14.296Z",
    "modified": "2017-01-20T20:51:14.296Z",
    "deleted": null,
    "key": "automation.event.ticket_status_cancelled"
  }
},
{
  "model": "automation.automationevent",
  "pk": "1f140f5d-0a9b-4033-8c92-fdcd7c77ca4c",
  "fields": {
    "created": "2017-01-20T20:51:14.304Z",
    "modified": "2017-01-20T20:51:14.304Z",
    "deleted": null,
    "key": "automation.event.ticket_status_in_progress"
  }
},
{
  "model": "automation.automationevent",
  "pk": "2e2344cd-ab2f-454f-a47e-983dd0a4df0b",
  "fields": {
    "created": "2017-01-20T20:51:14.293Z",
    "modified": "2017-01-20T20:51:14.293Z",
    "deleted": null,
    "key": "automation.event.ticket_location_change"
  }
},
{
  "model": "automation.automationevent",
  "pk": "38f61e5f-87e1-4dbb-8763-d633ad7e5b83",
  "fields": {
    "created": "2017-01-20T20:51:14.285Z",
    "modified": "2017-01-20T20:51:14.286Z",
    "deleted": null,
    "key": "automation.event.ticket_attachment_add"
  }
},
{
  "model": "automation.automationevent",
  "pk": "42f5da98-84b9-4a5b-98d0-ec1536e1e0fd",
  "fields": {
    "created": "2017-01-20T20:51:14.281Z",
    "modified": "2017-01-20T20:51:14.281Z",
    "deleted": null,
    "key": "automation.event.ticket_assignee_change"
  }
},
{
  "model": "automation.automationevent",
  "pk": "5ebb02ec-dfab-4c05-98d6-946c38553075",
  "fields": {
    "created": "2017-01-20T20:51:14.308Z",
    "modified": "2017-01-20T20:51:14.308Z",
    "deleted": null,
    "key": "automation.event.ticket_status_solved"
  }
},
{
  "model": "automation.automationevent",
  "pk": "817ebe17-51cf-42fd-97b6-cfb6dbb28164",
  "fields": {
    "created": "2017-01-20T20:51:14.301Z",
    "modified": "2017-01-20T20:51:14.301Z",
    "deleted": null,
    "key": "automation.event.ticket_status_denied"
  }
},
{
  "model": "automation.automationevent",
  "pk": "82dee126-947c-4de5-9da3-819c739ecd2a",
  "fields": {
    "created": "2017-01-20T20:51:14.290Z",
    "modified": "2017-01-20T20:51:14.290Z",
    "deleted": null,
    "key": "automation.event.ticket_cc_add"
  }
},
{
  "model": "automation.automationevent",
  "pk": "99d0ae0f-c0a8-4186-a50d-e15e9ee9daf4",
  "fields": {
    "created": "2017-01-20T20:51:14.288Z",
    "modified": "2017-01-20T20:51:14.288Z",
    "deleted": null,
    "key": "automation.event.ticket_category_change"
  }
},
{
  "model": "automation.automationevent",
  "pk": "9b5f1a49-2cf5-4af6-8eef-654b76950996",
  "fields": {
    "created": "2017-01-20T20:51:14.305Z",
    "modified": "2017-01-20T20:51:14.305Z",
    "deleted": null,
    "key": "automation.event.ticket_status_new"
  }
},
{
  "model": "automation.automationevent",
  "pk": "a137e287-e9e8-424c-b885-bc62163cd40b",
  "fields": {
    "created": "2017-01-20T20:51:14.298Z",
    "modified": "2017-01-20T20:51:14.298Z",
    "deleted": null,
    "key": "automation.event.ticket_status_complete"
  }
},
{
  "model": "automation.automationevent",
  "pk": "a9e5d183-bf52-4928-8056-3be0229ad0ee",
  "fields": {
    "created": "2017-01-20T20:51:14.310Z",
    "modified": "2017-01-20T20:51:14.310Z",
    "deleted": null,
    "key": "automation.event.ticket_status_unsatisfactory"
  }
},
{
  "model": "automation.automationevent",
  "pk": "bdb179d2-f3ae-482a-b861-216eb8835393",
  "fields": {
    "created": "2017-01-20T20:51:14.291Z",
    "modified": "2017-01-20T20:51:14.291Z",
    "deleted": null,
    "key": "automation.event.ticket_comment"
  }
},
{
  "model": "automation.automationevent",
  "pk": "c04ff7b2-8bf7-4df2-a97b-c0138ca9a171",
  "fields": {
    "created": "2017-01-20T20:51:14.299Z",
    "modified": "2017-01-20T20:51:14.299Z",
    "deleted": null,
    "key": "automation.event.ticket_status_deferred"
  }
},
{
  "model": "automation.automationevent",
  "pk": "c6095546-f03e-4d8c-9d55-04545a0cd5fb",
  "fields": {
    "created": "2017-01-20T20:51:14.295Z",
    "modified": "2017-01-20T20:51:14.295Z",
    "deleted": null,
    "key": "automation.event.ticket_priority_change"
  }
},
{
  "model": "automation.automationevent",
  "pk": "ca873dc8-a643-4a52-88a7-16a9ad18c324",
  "fields": {
    "created": "2017-01-20T20:51:14.302Z",
    "modified": "2017-01-20T20:51:14.302Z",
    "deleted": null,
    "key": "automation.event.ticket_status_draft"
  }
},
{
  "model": "automation.automationactiontype",
  "pk": "0fb30a6a-00ff-42e8-a0ca-7cae3dc17e19",
  "fields": {
    "created": "2017-01-20T20:51:14.315Z",
    "modified": "2017-01-20T20:51:14.315Z",
    "deleted": null,
    "key": "automation.actions.send_sms"
  }
},
{
  "model": "automation.automationactiontype",
  "pk": "31413ed0-6316-437c-93a0-04c745664f3b",
  "fields": {
    "created": "2017-01-20T20:51:14.316Z",
    "modified": "2017-01-20T20:51:14.316Z",
    "deleted": null,
    "key": "automation.actions.ticket_cc"
  }
},
{
  "model": "automation.automationactiontype",
  "pk": "759c5ed0-3cda-4417-ab58-c039a8dac1de",
  "fields": {
    "created": "2017-01-20T20:51:14.318Z",
    "modified": "2017-01-20T20:51:14.318Z",
    "deleted": null,
    "key": "automation.actions.ticket_priority"
  }
},
{
  "model": "automation.automationactiontype",
  "pk": "78a45c65-86d5-4171-99bb-0b7212ba52a0",
  "fields": {
    "created": "2017-01-20T20:51:14.311Z",
    "modified": "2017-01-20T20:51:14.312Z",
    "deleted": null,
    "key": "automation.actions.ticket_assignee"
  }
},
{
  "model": "automation.automationactiontype",
  "pk": "d15fa283-93f9-47c6-a983-5c537f8fc062",
  "fields": {
    "created": "2017-01-20T20:51:14.321Z",
    "modified": "2017-01-20T20:51:14.321Z",
    "deleted": null,
    "key": "automation.actions.ticket_status"
  }
},
{
  "model": "automation.automationactiontype",
  "pk": "eddc0f1a-d828-4a9c-90c2-49391a4bd504",
  "fields": {
    "created": "2017-01-20T20:51:14.313Z",
    "modified": "2017-01-20T20:51:14.313Z",
    "deleted": null,
    "key": "automation.actions.send_email"
  }
},
{
  "model": "automation.automationactiontype",
  "pk": "efe4a7c2-f9ed-4e1c-b45f-45f889b9ac68",
  "fields": {
    "created": "2017-01-20T20:51:14.319Z",
    "modified": "2017-01-20T20:51:14.319Z",
    "deleted": null,
    "key": "automation.actions.ticket_request"
  }
},
{
  "model": "automation.automationaction",
  "pk": "54f26e67-9753-4762-bded-e4f300990504",
  "fields": {
    "created": "2017-01-20T20:51:15.055Z",
    "modified": "2017-01-20T20:51:15.055Z",
    "deleted": null,
    "type": "31413ed0-6316-437c-93a0-04c745664f3b",
    "automation": "64665102-d367-4e98-8015-59eb19d43005",
    "content": {
      "ccs": [
        "040530c4-ce6c-4724-9cfd-37a16e787200"
      ]
    }
  }
},
{
  "model": "automation.automationaction",
  "pk": "6be1da73-9282-4948-9901-d18969f4c10f",
  "fields": {
    "created": "2017-01-20T20:51:14.793Z",
    "modified": "2017-01-20T20:51:14.793Z",
    "deleted": null,
    "type": "78a45c65-86d5-4171-99bb-0b7212ba52a0",
    "automation": "3c868aa7-bf68-4772-abf2-7e512fcb76ed",
    "content": {
      "assignee": "040530c4-ce6c-4724-9cfd-37a16e787200"
    }
  }
},
{
  "model": "automation.automationaction",
  "pk": "7341b8a7-08c3-4fb8-af32-ca7d1f933c55",
  "fields": {
    "created": "2017-01-20T20:51:14.627Z",
    "modified": "2017-01-20T20:51:14.627Z",
    "deleted": null,
    "type": "78a45c65-86d5-4171-99bb-0b7212ba52a0",
    "automation": "c1fded7c-d4bc-4a01-b8c8-aedc36efcbea",
    "content": {
      "assignee": "040530c4-ce6c-4724-9cfd-37a16e787200"
    }
  }
},
{
  "model": "automation.automationaction",
  "pk": "75ec8c56-182a-4c41-a342-9368001f53e3",
  "fields": {
    "created": "2017-01-20T20:51:14.551Z",
    "modified": "2017-01-20T20:51:14.551Z",
    "deleted": null,
    "type": "78a45c65-86d5-4171-99bb-0b7212ba52a0",
    "automation": "7739744b-8d23-46b2-bfa6-ed77ccbc596c",
    "content": {
      "assignee": "040530c4-ce6c-4724-9cfd-37a16e787200"
    }
  }
},
{
  "model": "automation.automationaction",
  "pk": "7810d6dd-c0da-4101-ae9f-c47876eced12",
  "fields": {
    "created": "2017-01-20T20:51:14.983Z",
    "modified": "2017-01-20T20:51:14.983Z",
    "deleted": null,
    "type": "efe4a7c2-f9ed-4e1c-b45f-45f889b9ac68",
    "automation": "8a9f9d6d-0161-47c8-8cd1-898d5f2de18d",
    "content": {
      "request": "foo"
    }
  }
},
{
  "model": "automation.automationaction",
  "pk": "828358b7-1bb4-430d-8e50-66367bdc7afd",
  "fields": {
    "created": "2017-01-20T20:51:14.402Z",
    "modified": "2017-01-20T20:51:14.402Z",
    "deleted": null,
    "type": "78a45c65-86d5-4171-99bb-0b7212ba52a0",
    "automation": "9e82e6f9-e092-45d7-9011-e0f870cbfd42",
    "content": {
      "assignee": "040530c4-ce6c-4724-9cfd-37a16e787200"
    }
  }
},
{
  "model": "automation.automationaction",
  "pk": "8c3f9ae6-d452-4122-8dc9-ee0d391444a3",
  "fields": {
    "created": "2017-01-20T20:51:14.938Z",
    "modified": "2017-01-20T20:51:14.938Z",
    "deleted": null,
    "type": "0fb30a6a-00ff-42e8-a0ca-7cae3dc17e19",
    "automation": "4763823b-92b2-4c61-8cb0-52d4db374777",
    "content": {
      "body": "bar",
      "recipients": [
        {
          "type": "person",
          "id": "040530c4-ce6c-4724-9cfd-37a16e787200"
        },
        {
          "type": "role",
          "id": "c86bb792-fa87-428f-aecf-f96e3f8f8934"
        }
      ]
    }
  }
},
{
  "model": "automation.automationaction",
  "pk": "a7bd4103-3be2-471f-b060-434ac50a35a5",
  "fields": {
    "created": "2017-01-20T20:51:14.704Z",
    "modified": "2017-01-20T20:51:14.704Z",
    "deleted": null,
    "type": "78a45c65-86d5-4171-99bb-0b7212ba52a0",
    "automation": "0ebb88f4-68f2-443c-9306-61220d6f5189",
    "content": {
      "assignee": "040530c4-ce6c-4724-9cfd-37a16e787200"
    }
  }
},
{
  "model": "automation.automationaction",
  "pk": "b03c4d37-f069-47e4-93c5-37c3c168fd38",
  "fields": {
    "created": "2017-01-20T20:51:14.968Z",
    "modified": "2017-01-20T20:51:14.968Z",
    "deleted": null,
    "type": "d15fa283-93f9-47c6-a983-5c537f8fc062",
    "automation": "d107791e-46a7-4131-bbd6-8fd3f8562b5c",
    "content": {
      "status": "050530c4-ce6c-4724-9cfd-37a16e787007"
    }
  }
},
{
  "model": "automation.automationaction",
  "pk": "b6d9034f-510e-4286-b5b1-fcf0bcb146cd",
  "fields": {
    "created": "2017-01-20T20:51:14.478Z",
    "modified": "2017-01-20T20:51:14.478Z",
    "deleted": null,
    "type": "78a45c65-86d5-4171-99bb-0b7212ba52a0",
    "automation": "92830b85-38e1-4e7d-955a-7685fbc8ea34",
    "content": {
      "assignee": "040530c4-ce6c-4724-9cfd-37a16e787200"
    }
  }
},
{
  "model": "automation.automationaction",
  "pk": "c78cc3f8-afcf-4ee4-98a3-bf463cef5c12",
  "fields": {
    "created": "2017-01-20T20:51:14.953Z",
    "modified": "2017-01-20T20:51:14.953Z",
    "deleted": null,
    "type": "759c5ed0-3cda-4417-ab58-c039a8dac1de",
    "automation": "44a05d43-23b9-41f4-92ce-bbb0f3a10def",
    "content": {
      "priority": "049530c4-ce6c-4724-9cfd-37a16e787003"
    }
  }
},
{
  "model": "automation.automationaction",
  "pk": "e17c720b-1ca6-44b9-a10e-b1aa9b6eec68",
  "fields": {
    "created": "2017-01-20T20:51:14.864Z",
    "modified": "2017-01-20T20:51:14.864Z",
    "deleted": null,
    "type": "eddc0f1a-d828-4a9c-90c2-49391a4bd504",
    "automation": "df01bfce-8a81-4507-aa05-14851dc487fa",
    "content": {
      "subject": "foo",
      "body": "bar",
      "recipients": [
        {
          "type": "person",
          "id": "040530c4-ce6c-4724-9cfd-37a16e787200"
        },
        {
          "type": "role",
          "id": "c86bb792-fa87-428f-aecf-f96e3f8f8934"
        }
      ]
    }
  }
},
{
  "model": "automation.automation",
  "pk": "0ebb88f4-68f2-443c-9306-61220d6f5189",
  "fields": {
    "created": "2017-01-20T20:51:14.644Z",
    "modified": "2017-01-20T20:51:15.071Z",
    "deleted": null,
    "tenant": "045530c4-ce6c-4724-9cfd-37a16e787001",
    "description": "Filter: admin.placeholder.country_filter_select --- Action: automation.actions.ticket_assignee",
    "events": [
      "9b5f1a49-2cf5-4af6-8eef-654b76950996"
    ]
  }
},
{
  "model": "automation.automation",
  "pk": "3c868aa7-bf68-4772-abf2-7e512fcb76ed",
  "fields": {
    "created": "2017-01-20T20:51:14.732Z",
    "modified": "2017-01-20T20:51:15.085Z",
    "deleted": null,
    "tenant": "045530c4-ce6c-4724-9cfd-37a16e787001",
    "description": "Filter: None --- Action: automation.actions.ticket_assignee",
    "events": [
      "9b5f1a49-2cf5-4af6-8eef-654b76950996"
    ]
  }
},
{
  "model": "automation.automation",
  "pk": "44a05d43-23b9-41f4-92ce-bbb0f3a10def",
  "fields": {
    "created": "2017-01-20T20:51:14.947Z",
    "modified": "2017-01-20T20:51:15.107Z",
    "deleted": null,
    "tenant": "045530c4-ce6c-4724-9cfd-37a16e787001",
    "description": "Filter: None --- Action: automation.actions.ticket_priority",
    "events": [
      "9b5f1a49-2cf5-4af6-8eef-654b76950996"
    ]
  }
},
{
  "model": "automation.automation",
  "pk": "4763823b-92b2-4c61-8cb0-52d4db374777",
  "fields": {
    "created": "2017-01-20T20:51:14.874Z",
    "modified": "2017-01-20T20:51:15.090Z",
    "deleted": null,
    "tenant": "045530c4-ce6c-4724-9cfd-37a16e787001",
    "description": "Filter: None --- Action: automation.actions.send_sms",
    "events": [
      "9b5f1a49-2cf5-4af6-8eef-654b76950996"
    ]
  }
},
{
  "model": "automation.automation",
  "pk": "64665102-d367-4e98-8015-59eb19d43005",
  "fields": {
    "created": "2017-01-20T20:51:14.992Z",
    "modified": "2017-01-20T20:51:15.099Z",
    "deleted": null,
    "tenant": "045530c4-ce6c-4724-9cfd-37a16e787001",
    "description": "Filter: None --- Action: automation.actions.ticket_cc",
    "events": [
      "9b5f1a49-2cf5-4af6-8eef-654b76950996"
    ]
  }
},
{
  "model": "automation.automation",
  "pk": "7739744b-8d23-46b2-bfa6-ed77ccbc596c",
  "fields": {
    "created": "2017-01-20T20:51:14.491Z",
    "modified": "2017-01-20T20:51:15.095Z",
    "deleted": null,
    "tenant": "045530c4-ce6c-4724-9cfd-37a16e787001",
    "description": "Filter: None --- Action: automation.actions.ticket_assignee",
    "events": [
      "9b5f1a49-2cf5-4af6-8eef-654b76950996"
    ]
  }
},
{
  "model": "automation.automation",
  "pk": "8a9f9d6d-0161-47c8-8cd1-898d5f2de18d",
  "fields": {
    "created": "2017-01-20T20:51:14.978Z",
    "modified": "2017-01-20T20:51:15.103Z",
    "deleted": null,
    "tenant": "045530c4-ce6c-4724-9cfd-37a16e787001",
    "description": "Filter: None --- Action: automation.actions.ticket_request",
    "events": [
      "9b5f1a49-2cf5-4af6-8eef-654b76950996"
    ]
  }
},
{
  "model": "automation.automation",
  "pk": "92830b85-38e1-4e7d-955a-7685fbc8ea34",
  "fields": {
    "created": "2017-01-20T20:51:14.417Z",
    "modified": "2017-01-20T20:51:15.066Z",
    "deleted": null,
    "tenant": "045530c4-ce6c-4724-9cfd-37a16e787001",
    "description": "Filter: admin.placeholder.category_filter_select --- Action: automation.actions.ticket_assignee",
    "events": [
      "9b5f1a49-2cf5-4af6-8eef-654b76950996"
    ]
  }
},
{
  "model": "automation.automation",
  "pk": "9e82e6f9-e092-45d7-9011-e0f870cbfd42",
  "fields": {
    "created": "2017-01-20T20:51:14.332Z",
    "modified": "2017-01-20T20:51:15.076Z",
    "deleted": null,
    "tenant": "045530c4-ce6c-4724-9cfd-37a16e787001",
    "description": "Filter: admin.placeholder.priority_filter_select --- Action: automation.actions.ticket_assignee",
    "events": [
      "9b5f1a49-2cf5-4af6-8eef-654b76950996"
    ]
  }
},
{
  "model": "automation.automation",
  "pk": "c1fded7c-d4bc-4a01-b8c8-aedc36efcbea",
  "fields": {
    "created": "2017-01-20T20:51:14.567Z",
    "modified": "2017-01-20T20:51:15.081Z",
    "deleted": null,
    "tenant": "045530c4-ce6c-4724-9cfd-37a16e787001",
    "description": "Filter: admin.placeholder.state_filter_select --- Action: automation.actions.ticket_assignee",
    "events": [
      "9b5f1a49-2cf5-4af6-8eef-654b76950996"
    ]
  }
},
{
  "model": "automation.automation",
  "pk": "d107791e-46a7-4131-bbd6-8fd3f8562b5c",
  "fields": {
    "created": "2017-01-20T20:51:14.962Z",
    "modified": "2017-01-20T20:51:15.111Z",
    "deleted": null,
    "tenant": "045530c4-ce6c-4724-9cfd-37a16e787001",
    "description": "Filter: None --- Action: automation.actions.ticket_status",
    "events": [
      "9b5f1a49-2cf5-4af6-8eef-654b76950996"
    ]
  }
},
{
  "model": "automation.automation",
  "pk": "df01bfce-8a81-4507-aa05-14851dc487fa",
  "fields": {
    "created": "2017-01-20T20:51:14.802Z",
    "modified": "2017-01-20T20:51:15.061Z",
    "deleted": null,
    "tenant": "045530c4-ce6c-4724-9cfd-37a16e787001",
    "description": "Filter: None --- Action: automation.actions.send_email",
    "events": [
      "9b5f1a49-2cf5-4af6-8eef-654b76950996"
    ]
  }
},
{
  "model": "automation.automationfiltertype",
  "pk": "3340e4bb-6e0a-4242-bcf6-a2b244614973",
  "fields": {
    "created": "2017-01-20T20:51:14.707Z",
    "modified": "2017-01-20T20:51:14.707Z",
    "deleted": null,
    "key": "admin.placeholder.country_filter_select",
    "context": "ticket.ticket",
    "field": "country",
    "lookups": {}
  }
},
{
  "model": "automation.automationfiltertype",
  "pk": "54dbe2bd-fd2b-4326-82eb-89d0874c6bce",
  "fields": {
    "created": "2017-01-20T20:51:14.634Z",
    "modified": "2017-01-20T20:51:14.634Z",
    "deleted": null,
    "key": "admin.placeholder.state_filter_select",
    "context": "ticket.ticket",
    "field": "state",
    "lookups": {}
  }
},
{
  "model": "automation.automationfiltertype",
  "pk": "811d2f81-5e9c-4836-95a7-8d0ea0f0eeeb",
  "fields": {
    "created": "2017-01-20T20:51:14.481Z",
    "modified": "2017-01-20T20:51:14.481Z",
    "deleted": null,
    "key": "admin.placeholder.category_filter_select",
    "context": "ticket.ticket",
    "field": "categories",
    "lookups": {}
  }
},
{
  "model": "automation.automationfiltertype",
  "pk": "9b1b987b-2a7d-4207-b846-00a0f9941005",
  "fields": {
    "created": "2017-01-20T20:51:14.557Z",
    "modified": "2017-01-20T20:51:14.557Z",
    "deleted": null,
    "key": "",
    "context": "ticket.ticket",
    "field": "location",
    "lookups": {
      "filters": "location_level"
    }
  }
},
{
  "model": "automation.automationfiltertype",
  "pk": "e98aca1d-f3e8-4968-a147-6ff7f6822137",
  "fields": {
    "created": "2017-01-20T20:51:14.406Z",
    "modified": "2017-01-20T20:51:14.406Z",
    "deleted": null,
    "key": "admin.placeholder.priority_filter_select",
    "context": "ticket.ticket",
    "field": "priority",
    "lookups": {}
  }
},
{
  "model": "automation.automationfilter",
  "pk": "509c5a41-e5b1-405a-b7d0-2e5a35ded2e0",
  "fields": {
    "created": "2017-01-20T20:51:14.482Z",
    "modified": "2017-01-20T20:51:14.482Z",
    "deleted": null,
    "automation": "92830b85-38e1-4e7d-955a-7685fbc8ea34",
    "source": "811d2f81-5e9c-4836-95a7-8d0ea0f0eeeb",
    "lookups": {},
    "criteria": [
      "024530c4-ce6c-4724-9cfd-37a16e787001"
    ]
  }
},
{
  "model": "automation.automationfilter",
  "pk": "9f52e98d-f0f6-4e18-ab45-6df4c206cb66",
  "fields": {
    "created": "2017-01-20T20:51:14.558Z",
    "modified": "2017-01-20T20:51:14.558Z",
    "deleted": null,
    "automation": "7739744b-8d23-46b2-bfa6-ed77ccbc596c",
    "source": "9b1b987b-2a7d-4207-b846-00a0f9941005",
    "lookups": {
      "filters": "location_level",
      "id": "9b8f19c4-53e8-4e86-92c0-380c912aa92b",
      "name": "Company"
    },
    "criteria": [
      "9800b8f0-1d3a-4cd0-905c-a6c2a3ced433"
    ]
  }
},
{
  "model": "automation.automationfilter",
  "pk": "dd306eb5-7522-480f-a671-d318fbd1fbe5",
  "fields": {
    "created": "2017-01-20T20:51:14.709Z",
    "modified": "2017-01-20T20:51:14.709Z",
    "deleted": null,
    "automation": "0ebb88f4-68f2-443c-9306-61220d6f5189",
    "source": "3340e4bb-6e0a-4242-bcf6-a2b244614973",
    "lookups": {},
    "criteria": [
      "61760373-0b13-4a1e-8abe-8166ca841e01"
    ]
  }
},
{
  "model": "automation.automationfilter",
  "pk": "e88e5185-625f-47f1-ab43-2d075bc3aa8e",
  "fields": {
    "created": "2017-01-20T20:51:14.407Z",
    "modified": "2017-01-20T20:51:14.407Z",
    "deleted": null,
    "automation": "9e82e6f9-e092-45d7-9011-e0f870cbfd42",
    "source": "e98aca1d-f3e8-4968-a147-6ff7f6822137",
    "lookups": {},
    "criteria": [
      "049530c4-ce6c-4724-9cfd-37a16e787003"
    ]
  }
},
{
  "model": "automation.automationfilter",
  "pk": "efdc3bba-c53b-4ba5-bf47-291e6f2e6d23",
  "fields": {
    "created": "2017-01-20T20:51:14.635Z",
    "modified": "2017-01-20T20:51:14.635Z",
    "deleted": null,
    "automation": "c1fded7c-d4bc-4a01-b8c8-aedc36efcbea",
    "source": "54dbe2bd-fd2b-4326-82eb-89d0874c6bce",
    "lookups": {},
    "criteria": [
      "2f193a90-a270-48b7-8752-b4c5ad19156c"
    ]
  }
}
]
