[
{
  "model": "automation.automationevent",
  "pk": "045bd7f0-4295-4ed5-af42-cd73eeddbf4b",
  "fields": {
    "created": "2016-11-21T17:16:55.345Z",
    "modified": "2016-11-21T17:16:55.345Z",
    "deleted": null,
    "key": "automation.event.ticket_category_change"
  }
},
{
  "model": "automation.automationevent",
  "pk": "068ec71e-de10-44d5-b5a5-cb5c921e9767",
  "fields": {
    "created": "2016-11-21T17:16:55.359Z",
    "modified": "2016-11-21T17:16:55.359Z",
    "deleted": null,
    "key": "automation.event.ticket_status_in_progress"
  }
},
{
  "model": "automation.automationevent",
  "pk": "1c3b76ea-43f4-47e1-a14f-7ee6fa63e0e7",
  "fields": {
    "created": "2016-11-21T17:16:55.350Z",
    "modified": "2016-11-21T17:16:55.350Z",
    "deleted": null,
    "key": "automation.event.ticket_location_change"
  }
},
{
  "model": "automation.automationevent",
  "pk": "1dc2ec72-8495-4e54-b6b7-d2a7302a8b80",
  "fields": {
    "created": "2016-11-21T17:16:55.347Z",
    "modified": "2016-11-21T17:16:55.347Z",
    "deleted": null,
    "key": "automation.event.ticket_cc_add"
  }
},
{
  "model": "automation.automationevent",
  "pk": "27dd6f8d-9daa-4422-9802-0dbff8b17549",
  "fields": {
    "created": "2016-11-21T17:16:55.362Z",
    "modified": "2016-11-21T17:16:55.362Z",
    "deleted": null,
    "key": "automation.event.ticket_status_pending"
  }
},
{
  "model": "automation.automationevent",
  "pk": "4c509985-c636-4f63-821b-c00a60908381",
  "fields": {
    "created": "2016-11-21T17:16:55.349Z",
    "modified": "2016-11-21T17:16:55.349Z",
    "deleted": null,
    "key": "automation.event.ticket_comment"
  }
},
{
  "model": "automation.automationevent",
  "pk": "51570334-fbf9-4814-805e-85388e4180ab",
  "fields": {
    "created": "2016-11-21T17:16:55.356Z",
    "modified": "2016-11-21T17:16:55.356Z",
    "deleted": null,
    "key": "automation.event.ticket_status_deferred"
  }
},
{
  "model": "automation.automationevent",
  "pk": "57e73ffe-dd2f-4e00-9b0c-277623a774d1",
  "fields": {
    "created": "2016-11-21T17:16:55.353Z",
    "modified": "2016-11-21T17:16:55.353Z",
    "deleted": null,
    "key": "automation.event.ticket_status_cancelled"
  }
},
{
  "model": "automation.automationevent",
  "pk": "7164172b-3191-47a7-b4ca-234e4737e66d",
  "fields": {
    "created": "2016-11-21T17:16:55.358Z",
    "modified": "2016-11-21T17:16:55.358Z",
    "deleted": null,
    "key": "automation.event.ticket_status_denied"
  }
},
{
  "model": "automation.automationevent",
  "pk": "7c887e3e-8707-46ee-8f46-e64d4498e1d9",
  "fields": {
    "created": "2016-11-21T17:16:55.352Z",
    "modified": "2016-11-21T17:16:55.352Z",
    "deleted": null,
    "key": "automation.event.ticket_priority_change"
  }
},
{
  "model": "automation.automationevent",
  "pk": "9d021386-038e-44c8-8fd8-12f9c6e836b4",
  "fields": {
    "created": "2016-11-21T17:16:55.355Z",
    "modified": "2016-11-21T17:16:55.355Z",
    "deleted": null,
    "key": "automation.event.ticket_status_complete"
  }
},
{
  "model": "automation.automationevent",
  "pk": "d2d3594a-a7f9-4075-93cf-d391b0be0a62",
  "fields": {
    "created": "2016-11-21T17:16:55.344Z",
    "modified": "2016-11-21T17:16:55.344Z",
    "deleted": null,
    "key": "automation.event.ticket_attachment_add"
  }
},
{
  "model": "automation.automationevent",
  "pk": "ea38a115-790c-415d-b30a-297159aa85d0",
  "fields": {
    "created": "2016-11-21T17:16:55.361Z",
    "modified": "2016-11-21T17:16:55.361Z",
    "deleted": null,
    "key": "automation.event.ticket_status_new"
  }
},
{
  "model": "automation.automationevent",
  "pk": "ed4957cb-0cfc-4ea6-929c-dab57703324b",
  "fields": {
    "created": "2016-11-21T17:16:55.364Z",
    "modified": "2016-11-21T17:16:55.364Z",
    "deleted": null,
    "key": "automation.event.ticket_status_unsatisfactory"
  }
},
{
  "model": "automation.automationevent",
  "pk": "f548fa30-d4e9-45c2-bc13-1326f754657e",
  "fields": {
    "created": "2016-11-21T17:16:55.340Z",
    "modified": "2016-11-21T17:16:55.340Z",
    "deleted": null,
    "key": "automation.event.ticket_assignee_change"
  }
},
{
  "model": "automation.automationactiontype",
  "pk": "0b76e5eb-d1be-4dcb-b4b5-bc43484b14c0",
  "fields": {
    "created": "2016-11-21T17:16:55.388Z",
    "modified": "2016-11-21T17:16:55.388Z",
    "deleted": null,
    "key": "automation.actions.ticket_cc"
  }
},
{
  "model": "automation.automationactiontype",
  "pk": "5c4f50d0-8052-49ce-ad43-a532abd7755a",
  "fields": {
    "created": "2016-11-21T17:16:55.394Z",
    "modified": "2016-11-21T17:16:55.394Z",
    "deleted": null,
    "key": "automation.actions.ticket_priority"
  }
},
{
  "model": "automation.automationactiontype",
  "pk": "7bb06953-1bef-4152-84bd-00fc10bef274",
  "fields": {
    "created": "2016-11-21T17:16:55.366Z",
    "modified": "2016-11-21T17:16:55.366Z",
    "deleted": null,
    "key": "automation.actions.ticket_assignee"
  }
},
{
  "model": "automation.automationactiontype",
  "pk": "832063df-ef93-4d68-a3eb-347b18da365b",
  "fields": {
    "created": "2016-11-21T17:16:55.373Z",
    "modified": "2016-11-21T17:16:55.373Z",
    "deleted": null,
    "key": "automation.actions.send_email"
  }
},
{
  "model": "automation.automationactiontype",
  "pk": "ccea08bf-7c18-476b-b9fc-2a25dc314b2a",
  "fields": {
    "created": "2016-11-21T17:16:55.396Z",
    "modified": "2016-11-21T17:16:55.396Z",
    "deleted": null,
    "key": "automation.actions.ticket_request"
  }
},
{
  "model": "automation.automationactiontype",
  "pk": "de7aec56-5f22-4f7e-83ad-fa3aae29e564",
  "fields": {
    "created": "2016-11-21T17:16:55.381Z",
    "modified": "2016-11-21T17:16:55.381Z",
    "deleted": null,
    "key": "automation.actions.send_sms"
  }
},
{
  "model": "automation.automationactiontype",
  "pk": "fa9622d7-fae4-457e-8397-2b24312e1659",
  "fields": {
    "created": "2016-11-21T17:16:55.398Z",
    "modified": "2016-11-21T17:16:55.398Z",
    "deleted": null,
    "key": "automation.actions.ticket_status"
  }
},
{
  "model": "automation.automationaction",
  "pk": "5a2e5f3f-9cc0-404b-8656-ed06e2cef179",
  "fields": {
    "created": "2016-11-21T17:16:56.081Z",
    "modified": "2016-11-21T17:16:56.081Z",
    "deleted": null,
    "type": "fa9622d7-fae4-457e-8397-2b24312e1659",
    "automation": "8f1b7d14-629a-401d-a3e6-b73cc2009fca",
    "content": {
      "status": "051530c4-ce6c-4724-9cfd-37a16e787001"
    }
  }
},
{
  "model": "automation.automationaction",
  "pk": "5d2d5e40-ba6e-4619-9e01-ec203763f9cf",
  "fields": {
    "created": "2016-11-21T17:16:55.661Z",
    "modified": "2016-11-21T17:16:55.661Z",
    "deleted": null,
    "type": "7bb06953-1bef-4152-84bd-00fc10bef274",
    "automation": "449517d7-5d9c-48c8-9d56-6b4227d3ce0c",
    "content": {
      "assignee": "042530c4-ce6c-4724-9cfd-37a16e787062"
    }
  }
},
{
  "model": "automation.automationaction",
  "pk": "61612dcc-f488-4a00-bbba-49f65e6b1a66",
  "fields": {
    "created": "2016-11-21T17:16:56.051Z",
    "modified": "2016-11-21T17:16:56.052Z",
    "deleted": null,
    "type": "de7aec56-5f22-4f7e-83ad-fa3aae29e564",
    "automation": "9ca7c6b5-4857-4f8e-b4a7-090de03f970d",
    "content": {
      "body": "bar",
      "recipients": [
        {
          "type": "person",
          "id": "042530c4-ce6c-4724-9cfd-37a16e787121"
        },
        {
          "type": "role",
          "id": "8637e15d-417c-4357-abec-916d01c3a1b2"
        }
      ]
    }
  }
},
{
  "model": "automation.automationaction",
  "pk": "8761bd1c-682d-4913-92e4-9549b9b236ad",
  "fields": {
    "created": "2016-11-21T17:16:55.509Z",
    "modified": "2016-11-21T17:16:55.509Z",
    "deleted": null,
    "type": "7bb06953-1bef-4152-84bd-00fc10bef274",
    "automation": "fce5b2ba-df80-4af8-8f6a-c06840766975",
    "content": {
      "assignee": "042530c4-ce6c-4724-9cfd-37a16e787015"
    }
  }
},
{
  "model": "automation.automationaction",
  "pk": "9d9482a7-baa0-4614-8217-0ed1b582631f",
  "fields": {
    "created": "2016-11-21T17:16:56.095Z",
    "modified": "2016-11-21T17:16:56.095Z",
    "deleted": null,
    "type": "ccea08bf-7c18-476b-b9fc-2a25dc314b2a",
    "automation": "3dd937c7-67e1-49b9-91eb-56db7665947e",
    "content": {
      "request": "foo"
    }
  }
},
{
  "model": "automation.automationaction",
  "pk": "aa2e7210-257a-4d66-9720-f6ebfbc8cbb0",
  "fields": {
    "created": "2016-11-21T17:16:55.986Z",
    "modified": "2016-11-21T17:16:55.986Z",
    "deleted": null,
    "type": "832063df-ef93-4d68-a3eb-347b18da365b",
    "automation": "5a29530f-5e1b-4726-a55d-8eea7010a0d7",
    "content": {
      "subject": "foo",
      "body": "bar",
      "recipients": [
        {
          "type": "person",
          "id": "042530c4-ce6c-4724-9cfd-37a16e787148"
        },
        {
          "type": "role",
          "id": "2d8c0a7c-8699-463d-bb6f-05a23539fef6"
        }
      ]
    }
  }
},
{
  "model": "automation.automationaction",
  "pk": "be04bf6e-82fa-4c36-a6ea-705b82903922",
  "fields": {
    "created": "2016-11-21T17:16:55.916Z",
    "modified": "2016-11-21T17:16:55.916Z",
    "deleted": null,
    "type": "7bb06953-1bef-4152-84bd-00fc10bef274",
    "automation": "2b979a98-8dc2-4c47-b7b3-ad8eb8e06e55",
    "content": {
      "assignee": "042530c4-ce6c-4724-9cfd-37a16e787159"
    }
  }
},
{
  "model": "automation.automationaction",
  "pk": "e9f211e7-d3d5-4e28-83b4-b1adb345747f",
  "fields": {
    "created": "2016-11-21T17:16:55.823Z",
    "modified": "2016-11-21T17:16:55.824Z",
    "deleted": null,
    "type": "7bb06953-1bef-4152-84bd-00fc10bef274",
    "automation": "afd1de19-4cf2-45d1-ae12-84d8cf4e29f6",
    "content": {
      "assignee": "042530c4-ce6c-4724-9cfd-37a16e787101"
    }
  }
},
{
  "model": "automation.automationaction",
  "pk": "f60acdba-7981-4db6-b150-a0d185f901ba",
  "fields": {
    "created": "2016-11-21T17:16:55.585Z",
    "modified": "2016-11-21T17:16:55.585Z",
    "deleted": null,
    "type": "7bb06953-1bef-4152-84bd-00fc10bef274",
    "automation": "97acc980-be47-409d-af4e-a381abf218df",
    "content": {
      "assignee": "042530c4-ce6c-4724-9cfd-37a16e787026"
    }
  }
},
{
  "model": "automation.automationaction",
  "pk": "fafa5c3c-437f-49a9-83de-b8c4f23b150f",
  "fields": {
    "created": "2016-11-21T17:16:55.750Z",
    "modified": "2016-11-21T17:16:55.750Z",
    "deleted": null,
    "type": "7bb06953-1bef-4152-84bd-00fc10bef274",
    "automation": "af0b8909-143c-42c8-8be1-7f125d782adf",
    "content": {
      "assignee": "042530c4-ce6c-4724-9cfd-37a16e787141"
    }
  }
},
{
  "model": "automation.automationaction",
  "pk": "fdb3a154-ac1a-450a-bdc6-cc601b6ef8ba",
  "fields": {
    "created": "2016-11-21T17:16:56.158Z",
    "modified": "2016-11-21T17:16:56.158Z",
    "deleted": null,
    "type": "0b76e5eb-d1be-4dcb-b4b5-bc43484b14c0",
    "automation": "a95f0070-f711-4edc-becf-a5d1ec4ccd62",
    "content": {
      "ccs": [
        "042530c4-ce6c-4724-9cfd-37a16e787093"
      ]
    }
  }
},
{
  "model": "automation.automationaction",
  "pk": "fff50c34-d279-4f32-baa5-fd75424ffb7a",
  "fields": {
    "created": "2016-11-21T17:16:56.067Z",
    "modified": "2016-11-21T17:16:56.067Z",
    "deleted": null,
    "type": "5c4f50d0-8052-49ce-ad43-a532abd7755a",
    "automation": "d893265e-6e9b-4318-acc9-5c1fbef30f22",
    "content": {
      "priority": "047530c4-ce6c-4724-9cfd-37a16e787003"
    }
  }
},
{
  "model": "automation.automation",
  "pk": "2b979a98-8dc2-4c47-b7b3-ad8eb8e06e55",
  "fields": {
    "created": "2016-11-21T17:16:55.858Z",
    "modified": "2016-11-21T17:16:55.858Z",
    "deleted": null,
    "tenant": "037530c4-ce6c-4724-9cfd-37a16e787001",
    "description": "duis",
    "events": [
      "ea38a115-790c-415d-b30a-297159aa85d0"
    ]
  }
},
{
  "model": "automation.automation",
  "pk": "3dd937c7-67e1-49b9-91eb-56db7665947e",
  "fields": {
    "created": "2016-11-21T17:16:56.090Z",
    "modified": "2016-11-21T17:16:56.090Z",
    "deleted": null,
    "tenant": "037530c4-ce6c-4724-9cfd-37a16e787001",
    "description": "porta",
    "events": [
      "ea38a115-790c-415d-b30a-297159aa85d0"
    ]
  }
},
{
  "model": "automation.automation",
  "pk": "449517d7-5d9c-48c8-9d56-6b4227d3ce0c",
  "fields": {
    "created": "2016-11-21T17:16:55.599Z",
    "modified": "2016-11-21T17:16:55.839Z",
    "deleted": null,
    "tenant": "037530c4-ce6c-4724-9cfd-37a16e787001",
    "description": "location",
    "events": [
      "ea38a115-790c-415d-b30a-297159aa85d0"
    ]
  }
},
{
  "model": "automation.automation",
  "pk": "5a29530f-5e1b-4726-a55d-8eea7010a0d7",
  "fields": {
    "created": "2016-11-21T17:16:55.925Z",
    "modified": "2016-11-21T17:16:55.925Z",
    "deleted": null,
    "tenant": "037530c4-ce6c-4724-9cfd-37a16e787001",
    "description": "lacus",
    "events": [
      "ea38a115-790c-415d-b30a-297159aa85d0"
    ]
  }
},
{
  "model": "automation.automation",
  "pk": "8f1b7d14-629a-401d-a3e6-b73cc2009fca",
  "fields": {
    "created": "2016-11-21T17:16:56.075Z",
    "modified": "2016-11-21T17:16:56.075Z",
    "deleted": null,
    "tenant": "037530c4-ce6c-4724-9cfd-37a16e787001",
    "description": "phasellus",
    "events": [
      "ea38a115-790c-415d-b30a-297159aa85d0"
    ]
  }
},
{
  "model": "automation.automation",
  "pk": "97acc980-be47-409d-af4e-a381abf218df",
  "fields": {
    "created": "2016-11-21T17:16:55.526Z",
    "modified": "2016-11-21T17:16:55.848Z",
    "deleted": null,
    "tenant": "037530c4-ce6c-4724-9cfd-37a16e787001",
    "description": "admin.placeholder.category_filter_select",
    "events": [
      "ea38a115-790c-415d-b30a-297159aa85d0"
    ]
  }
},
{
  "model": "automation.automation",
  "pk": "9ca7c6b5-4857-4f8e-b4a7-090de03f970d",
  "fields": {
    "created": "2016-11-21T17:16:55.994Z",
    "modified": "2016-11-21T17:16:55.994Z",
    "deleted": null,
    "tenant": "037530c4-ce6c-4724-9cfd-37a16e787001",
    "description": "eros",
    "events": [
      "ea38a115-790c-415d-b30a-297159aa85d0"
    ]
  }
},
{
  "model": "automation.automation",
  "pk": "a95f0070-f711-4edc-becf-a5d1ec4ccd62",
  "fields": {
    "created": "2016-11-21T17:16:56.105Z",
    "modified": "2016-11-21T17:16:56.105Z",
    "deleted": null,
    "tenant": "037530c4-ce6c-4724-9cfd-37a16e787001",
    "description": "urna",
    "events": [
      "ea38a115-790c-415d-b30a-297159aa85d0"
    ]
  }
},
{
  "model": "automation.automation",
  "pk": "af0b8909-143c-42c8-8be1-7f125d782adf",
  "fields": {
    "created": "2016-11-21T17:16:55.689Z",
    "modified": "2016-11-21T17:16:55.841Z",
    "deleted": null,
    "tenant": "037530c4-ce6c-4724-9cfd-37a16e787001",
    "description": "admin.placeholder.state_filter_select",
    "events": [
      "ea38a115-790c-415d-b30a-297159aa85d0"
    ]
  }
},
{
  "model": "automation.automation",
  "pk": "afd1de19-4cf2-45d1-ae12-84d8cf4e29f6",
  "fields": {
    "created": "2016-11-21T17:16:55.767Z",
    "modified": "2016-11-21T17:16:55.844Z",
    "deleted": null,
    "tenant": "037530c4-ce6c-4724-9cfd-37a16e787001",
    "description": "admin.placeholder.country_filter_select",
    "events": [
      "ea38a115-790c-415d-b30a-297159aa85d0"
    ]
  }
},
{
  "model": "automation.automation",
  "pk": "d893265e-6e9b-4318-acc9-5c1fbef30f22",
  "fields": {
    "created": "2016-11-21T17:16:56.061Z",
    "modified": "2016-11-21T17:16:56.061Z",
    "deleted": null,
    "tenant": "037530c4-ce6c-4724-9cfd-37a16e787001",
    "description": "nonummy",
    "events": [
      "ea38a115-790c-415d-b30a-297159aa85d0"
    ]
  }
},
{
  "model": "automation.automation",
  "pk": "fce5b2ba-df80-4af8-8f6a-c06840766975",
  "fields": {
    "created": "2016-11-21T17:16:55.409Z",
    "modified": "2016-11-21T17:16:55.835Z",
    "deleted": null,
    "tenant": "037530c4-ce6c-4724-9cfd-37a16e787001",
    "description": "admin.placeholder.priority_filter_select",
    "events": [
      "ea38a115-790c-415d-b30a-297159aa85d0"
    ]
  }
},
{
  "model": "automation.automationfiltertype",
  "pk": "0a303be8-a25a-44db-9a6e-2ba73f38148d",
  "fields": {
    "created": "2016-11-21T17:16:55.514Z",
    "modified": "2016-11-21T17:16:55.514Z",
    "deleted": null,
    "key": "admin.placeholder.priority_filter_select",
    "context": "ticket.ticket",
    "field": "priority",
    "lookups": {}
  }
},
{
  "model": "automation.automationfiltertype",
  "pk": "238c8e37-6ba9-45f8-b4c3-3631c350b66c",
  "fields": {
    "created": "2016-11-21T17:16:55.673Z",
    "modified": "2016-11-21T17:16:55.673Z",
    "deleted": null,
    "key": "",
    "context": "ticket.ticket",
    "field": "location",
    "lookups": {
      "filters": "location_level"
    }
  }
},
{
  "model": "automation.automationfiltertype",
  "pk": "2cc9d1d7-b80f-4c9a-918c-d9d6a75689d2",
  "fields": {
    "created": "2016-11-21T17:16:55.588Z",
    "modified": "2016-11-21T17:16:55.588Z",
    "deleted": null,
    "key": "admin.placeholder.category_filter_select",
    "context": "ticket.ticket",
    "field": "categories",
    "lookups": {}
  }
},
{
  "model": "automation.automationfiltertype",
  "pk": "b5bba1ba-d1ce-4df0-acc7-ff3e51272023",
  "fields": {
    "created": "2016-11-21T17:16:55.756Z",
    "modified": "2016-11-21T17:16:55.756Z",
    "deleted": null,
    "key": "admin.placeholder.state_filter_select",
    "context": "ticket.ticket",
    "field": "state",
    "lookups": {}
  }
},
{
  "model": "automation.automationfiltertype",
  "pk": "ff1990db-e122-4790-a9f7-f9cfd66cd3d6",
  "fields": {
    "created": "2016-11-21T17:16:55.828Z",
    "modified": "2016-11-21T17:16:55.828Z",
    "deleted": null,
    "key": "admin.placeholder.country_filter_select",
    "context": "ticket.ticket",
    "field": "country",
    "lookups": {}
  }
},
{
  "model": "automation.automationfilter",
  "pk": "18966a19-1a73-40dd-a67b-a2b826495f56",
  "fields": {
    "created": "2016-11-21T17:16:55.516Z",
    "modified": "2016-11-21T17:16:55.516Z",
    "deleted": null,
    "automation": "fce5b2ba-df80-4af8-8f6a-c06840766975",
    "source": "0a303be8-a25a-44db-9a6e-2ba73f38148d",
    "lookups": {},
    "criteria": [
      "047530c4-ce6c-4724-9cfd-37a16e787003"
    ]
  }
},
{
  "model": "automation.automationfilter",
  "pk": "9fc0c7a6-193c-44cb-80dc-57d75f79b5b3",
  "fields": {
    "created": "2016-11-21T17:16:55.679Z",
    "modified": "2016-11-21T17:16:55.679Z",
    "deleted": null,
    "automation": "449517d7-5d9c-48c8-9d56-6b4227d3ce0c",
    "source": "238c8e37-6ba9-45f8-b4c3-3631c350b66c",
    "lookups": {
      "filters": "location_level",
      "name": "Company",
      "id": "4e1f52b8-b632-4ac9-9a53-436e01fdd7a7"
    },
    "criteria": [
      "affc5568-504b-4d0f-a1d3-593fb791b952"
    ]
  }
},
{
  "model": "automation.automationfilter",
  "pk": "bbc9c0c7-f4ba-46f2-989a-c6b326301473",
  "fields": {
    "created": "2016-11-21T17:16:55.757Z",
    "modified": "2016-11-21T17:16:55.757Z",
    "deleted": null,
    "automation": "af0b8909-143c-42c8-8be1-7f125d782adf",
    "source": "b5bba1ba-d1ce-4df0-acc7-ff3e51272023",
    "lookups": {},
    "criteria": [
      "2f193a90-a270-48b7-8752-b4c5ad19156c"
    ]
  }
},
{
  "model": "automation.automationfilter",
  "pk": "bd6c6806-de59-4115-bd2d-8213cc04b413",
  "fields": {
    "created": "2016-11-21T17:16:55.829Z",
    "modified": "2016-11-21T17:16:55.829Z",
    "deleted": null,
    "automation": "afd1de19-4cf2-45d1-ae12-84d8cf4e29f6",
    "source": "ff1990db-e122-4790-a9f7-f9cfd66cd3d6",
    "lookups": {},
    "criteria": [
      "61760373-0b13-4a1e-8abe-8166ca841e01"
    ]
  }
},
{
  "model": "automation.automationfilter",
  "pk": "fc5f75a4-46aa-49c7-aa7f-a79b78a52548",
  "fields": {
    "created": "2016-11-21T17:16:55.589Z",
    "modified": "2016-11-21T17:16:55.589Z",
    "deleted": null,
    "automation": "97acc980-be47-409d-af4e-a381abf218df",
    "source": "2cc9d1d7-b80f-4c9a-918c-d9d6a75689d2",
    "lookups": {},
    "criteria": [
      "025530c4-ce6c-4724-9cfd-37a16e787001"
    ]
  }
}
]
