[
{
  "model": "automation.automationevent",
  "pk": "02105977-292d-4fa5-a39b-db8066373327",
  "fields": {
    "created": "2016-12-22T20:24:02.102Z",
    "modified": "2016-12-22T20:24:02.102Z",
    "deleted": null,
    "key": "automation.event.ticket_status_pending"
  }
},
{
  "model": "automation.automationevent",
  "pk": "07456ac2-e7df-417b-96d5-a3754a99578b",
  "fields": {
    "created": "2016-12-22T20:24:02.077Z",
    "modified": "2016-12-22T20:24:02.077Z",
    "deleted": null,
    "key": "automation.event.ticket_assignee_change"
  }
},
{
  "model": "automation.automationevent",
  "pk": "2f8960b2-039b-443a-9a77-0e6b19a9b3bb",
  "fields": {
    "created": "2016-12-22T20:24:02.092Z",
    "modified": "2016-12-22T20:24:02.092Z",
    "deleted": null,
    "key": "automation.event.ticket_status_complete"
  }
},
{
  "model": "automation.automationevent",
  "pk": "342e8bd0-ec4d-4225-b4ee-10e26e71f9a1",
  "fields": {
    "created": "2016-12-22T20:24:02.085Z",
    "modified": "2016-12-22T20:24:02.085Z",
    "deleted": null,
    "key": "automation.event.ticket_cc_add"
  }
},
{
  "model": "automation.automationevent",
  "pk": "37bb8142-46ac-4677-899d-24a85f412367",
  "fields": {
    "created": "2016-12-22T20:24:02.091Z",
    "modified": "2016-12-22T20:24:02.091Z",
    "deleted": null,
    "key": "automation.event.ticket_status_cancelled"
  }
},
{
  "model": "automation.automationevent",
  "pk": "4d68473a-fee1-40c9-bca8-17ed2d90b01b",
  "fields": {
    "created": "2016-12-22T20:24:02.103Z",
    "modified": "2016-12-22T20:24:02.103Z",
    "deleted": null,
    "key": "automation.event.ticket_status_solved"
  }
},
{
  "model": "automation.automationevent",
  "pk": "6a547303-dcf3-49f7-a633-790fffb0fbd2",
  "fields": {
    "created": "2016-12-22T20:24:02.096Z",
    "modified": "2016-12-22T20:24:02.096Z",
    "deleted": null,
    "key": "automation.event.ticket_status_denied"
  }
},
{
  "model": "automation.automationevent",
  "pk": "7c4f7ace-9c76-43ac-a0bf-bec49786f7f9",
  "fields": {
    "created": "2016-12-22T20:24:02.089Z",
    "modified": "2016-12-22T20:24:02.089Z",
    "deleted": null,
    "key": "automation.event.ticket_priority_change"
  }
},
{
  "model": "automation.automationevent",
  "pk": "83ffccca-4ac7-431e-93c6-3742585e80b5",
  "fields": {
    "created": "2016-12-22T20:24:02.088Z",
    "modified": "2016-12-22T20:24:02.088Z",
    "deleted": null,
    "key": "automation.event.ticket_location_change"
  }
},
{
  "model": "automation.automationevent",
  "pk": "85f254e5-2372-4d12-8df2-f36c00ae50b6",
  "fields": {
    "created": "2016-12-22T20:24:02.083Z",
    "modified": "2016-12-22T20:24:02.083Z",
    "deleted": null,
    "key": "automation.event.ticket_category_change"
  }
},
{
  "model": "automation.automationevent",
  "pk": "87828cff-857c-4bab-9d33-be0f9c0200d5",
  "fields": {
    "created": "2016-12-22T20:24:02.099Z",
    "modified": "2016-12-22T20:24:02.099Z",
    "deleted": null,
    "key": "automation.event.ticket_status_in_progress"
  }
},
{
  "model": "automation.automationevent",
  "pk": "a441b2c7-4d10-46db-9c39-4b204a081fae",
  "fields": {
    "created": "2016-12-22T20:24:02.100Z",
    "modified": "2016-12-22T20:24:02.100Z",
    "deleted": null,
    "key": "automation.event.ticket_status_new"
  }
},
{
  "model": "automation.automationevent",
  "pk": "a9b4ddc5-1d23-4a89-a452-a4cba135849e",
  "fields": {
    "created": "2016-12-22T20:24:02.097Z",
    "modified": "2016-12-22T20:24:02.097Z",
    "deleted": null,
    "key": "automation.event.ticket_status_draft"
  }
},
{
  "model": "automation.automationevent",
  "pk": "bcd40c3e-2464-4394-8fc9-6b5b9b60d6d0",
  "fields": {
    "created": "2016-12-22T20:24:02.081Z",
    "modified": "2016-12-22T20:24:02.081Z",
    "deleted": null,
    "key": "automation.event.ticket_attachment_add"
  }
},
{
  "model": "automation.automationevent",
  "pk": "c5fe3100-d061-4e8d-807d-2e1bb7f80b2f",
  "fields": {
    "created": "2016-12-22T20:24:02.094Z",
    "modified": "2016-12-22T20:24:02.094Z",
    "deleted": null,
    "key": "automation.event.ticket_status_deferred"
  }
},
{
  "model": "automation.automationevent",
  "pk": "db360d79-d9e4-40a6-8e67-cdc547236f34",
  "fields": {
    "created": "2016-12-22T20:24:02.105Z",
    "modified": "2016-12-22T20:24:02.105Z",
    "deleted": null,
    "key": "automation.event.ticket_status_unsatisfactory"
  }
},
{
  "model": "automation.automationevent",
  "pk": "e548f1bf-9787-4f23-a660-76b8cfa43732",
  "fields": {
    "created": "2016-12-22T20:24:02.086Z",
    "modified": "2016-12-22T20:24:02.086Z",
    "deleted": null,
    "key": "automation.event.ticket_comment"
  }
},
{
  "model": "automation.automationactiontype",
  "pk": "3be744d3-7f4e-47b8-abe6-beeea53ebec3",
  "fields": {
    "created": "2016-12-22T20:24:02.107Z",
    "modified": "2016-12-22T20:24:02.107Z",
    "deleted": null,
    "key": "automation.actions.ticket_assignee"
  }
},
{
  "model": "automation.automationactiontype",
  "pk": "42b7e669-6c0e-453a-9aba-2e838cb210d7",
  "fields": {
    "created": "2016-12-22T20:24:02.112Z",
    "modified": "2016-12-22T20:24:02.112Z",
    "deleted": null,
    "key": "automation.actions.ticket_cc"
  }
},
{
  "model": "automation.automationactiontype",
  "pk": "4c664c01-20a0-40c5-b539-c60d71652be0",
  "fields": {
    "created": "2016-12-22T20:24:02.109Z",
    "modified": "2016-12-22T20:24:02.109Z",
    "deleted": null,
    "key": "automation.actions.send_email"
  }
},
{
  "model": "automation.automationactiontype",
  "pk": "6c3cd183-3318-4cbc-b9ac-a9001299704f",
  "fields": {
    "created": "2016-12-22T20:24:02.110Z",
    "modified": "2016-12-22T20:24:02.110Z",
    "deleted": null,
    "key": "automation.actions.send_sms"
  }
},
{
  "model": "automation.automationactiontype",
  "pk": "799b4fca-8d4c-48e0-ac85-f3537e60f9b5",
  "fields": {
    "created": "2016-12-22T20:24:02.113Z",
    "modified": "2016-12-22T20:24:02.113Z",
    "deleted": null,
    "key": "automation.actions.ticket_priority"
  }
},
{
  "model": "automation.automationactiontype",
  "pk": "b5ca361b-b038-4621-91dc-cb204dc4b646",
  "fields": {
    "created": "2016-12-22T20:24:02.116Z",
    "modified": "2016-12-22T20:24:02.116Z",
    "deleted": null,
    "key": "automation.actions.ticket_status"
  }
},
{
  "model": "automation.automationactiontype",
  "pk": "bd938c38-d74c-45f6-9945-148fc8cc150e",
  "fields": {
    "created": "2016-12-22T20:24:02.115Z",
    "modified": "2016-12-22T20:24:02.115Z",
    "deleted": null,
    "key": "automation.actions.ticket_request"
  }
},
{
  "model": "automation.automationaction",
  "pk": "17b26451-0c08-4643-8080-c890200cf9cf",
  "fields": {
    "created": "2016-12-22T20:24:02.257Z",
    "modified": "2016-12-22T20:24:02.257Z",
    "deleted": null,
    "type": "3be744d3-7f4e-47b8-abe6-beeea53ebec3",
    "automation": "b78062aa-3d1f-4710-b386-9c41e9fa0ba2",
    "content": {
      "assignee": "040530c4-ce6c-4724-9cfd-37a16e787065"
    }
  }
},
{
  "model": "automation.automationaction",
  "pk": "2ea2fcb7-64e8-4a3d-a352-69bb300aca89",
  "fields": {
    "created": "2016-12-22T20:24:02.710Z",
    "modified": "2016-12-22T20:24:02.710Z",
    "deleted": null,
    "type": "bd938c38-d74c-45f6-9945-148fc8cc150e",
    "automation": "d64388f3-9c15-4784-8d14-9e014484756e",
    "content": {
      "request": "foo"
    }
  }
},
{
  "model": "automation.automationaction",
  "pk": "36e378f7-2d2a-4780-b6a5-07f6daa9de3a",
  "fields": {
    "created": "2016-12-22T20:24:02.391Z",
    "modified": "2016-12-22T20:24:02.391Z",
    "deleted": null,
    "type": "3be744d3-7f4e-47b8-abe6-beeea53ebec3",
    "automation": "43664de4-e4f5-44d5-9e52-a65d3e7ead5b",
    "content": {
      "assignee": "040530c4-ce6c-4724-9cfd-37a16e787199"
    }
  }
},
{
  "model": "automation.automationaction",
  "pk": "41df8293-783f-4c26-a86b-f50cd57c47fd",
  "fields": {
    "created": "2016-12-22T20:24:02.696Z",
    "modified": "2016-12-22T20:24:02.696Z",
    "deleted": null,
    "type": "b5ca361b-b038-4621-91dc-cb204dc4b646",
    "automation": "1abf9be6-5609-4546-afa0-bf9294c7c067",
    "content": {
      "status": "048530c4-ce6c-4724-9cfd-37a16e787007"
    }
  }
},
{
  "model": "automation.automationaction",
  "pk": "619ea67e-62b7-4bfe-8bbe-038ee86f8814",
  "fields": {
    "created": "2016-12-22T20:24:02.322Z",
    "modified": "2016-12-22T20:24:02.322Z",
    "deleted": null,
    "type": "3be744d3-7f4e-47b8-abe6-beeea53ebec3",
    "automation": "5c5e1610-eed6-43d6-b1a7-2679e54142b4",
    "content": {
      "assignee": "040530c4-ce6c-4724-9cfd-37a16e787054"
    }
  }
},
{
  "model": "automation.automationaction",
  "pk": "656cfb3e-9cc2-4157-b7ae-a3396c96e1c1",
  "fields": {
    "created": "2016-12-22T20:24:02.460Z",
    "modified": "2016-12-22T20:24:02.460Z",
    "deleted": null,
    "type": "3be744d3-7f4e-47b8-abe6-beeea53ebec3",
    "automation": "802da0a8-c963-4b58-a8dc-d7217b39f989",
    "content": {
      "assignee": "040530c4-ce6c-4724-9cfd-37a16e787173"
    }
  }
},
{
  "model": "automation.automationaction",
  "pk": "8003725a-d1af-48f7-8290-229c3872c2de",
  "fields": {
    "created": "2016-12-22T20:24:02.769Z",
    "modified": "2016-12-22T20:24:02.769Z",
    "deleted": null,
    "type": "42b7e669-6c0e-453a-9aba-2e838cb210d7",
    "automation": "ca045686-3f31-4d29-bd0f-782c2b66cf91",
    "content": {
      "ccs": [
        "040530c4-ce6c-4724-9cfd-37a16e787115"
      ]
    }
  }
},
{
  "model": "automation.automationaction",
  "pk": "84b1b7a0-0a00-4c79-9d1f-e99c91534d45",
  "fields": {
    "created": "2016-12-22T20:24:02.682Z",
    "modified": "2016-12-22T20:24:02.682Z",
    "deleted": null,
    "type": "799b4fca-8d4c-48e0-ac85-f3537e60f9b5",
    "automation": "f70d2f11-292e-481a-829f-461ac5baf590",
    "content": {
      "priority": "050530c4-ce6c-4724-9cfd-37a16e787003"
    }
  }
},
{
  "model": "automation.automationaction",
  "pk": "92f24782-97e5-4002-9fff-6fdc6cddc007",
  "fields": {
    "created": "2016-12-22T20:24:02.667Z",
    "modified": "2016-12-22T20:24:02.667Z",
    "deleted": null,
    "type": "6c3cd183-3318-4cbc-b9ac-a9001299704f",
    "automation": "7f930e54-90c3-4794-aad1-9aa385851abe",
    "content": {
      "recipients": [
        {
          "type": "person",
          "id": "040530c4-ce6c-4724-9cfd-37a16e787116"
        },
        {
          "type": "role",
          "id": "837c9933-2df4-4850-8089-454e356a4544"
        }
      ],
      "body": "bar"
    }
  }
},
{
  "model": "automation.automationaction",
  "pk": "95290594-0c33-4fe5-b3c6-5a84c3e4fc49",
  "fields": {
    "created": "2016-12-22T20:24:02.541Z",
    "modified": "2016-12-22T20:24:02.541Z",
    "deleted": null,
    "type": "3be744d3-7f4e-47b8-abe6-beeea53ebec3",
    "automation": "c24add08-5e69-4cc1-8e40-e5dd93a6f411",
    "content": {
      "assignee": "040530c4-ce6c-4724-9cfd-37a16e787155"
    }
  }
},
{
  "model": "automation.automationaction",
  "pk": "a41006b9-1d88-4dcd-9a36-391fee8c6826",
  "fields": {
    "created": "2016-12-22T20:24:02.190Z",
    "modified": "2016-12-22T20:24:02.190Z",
    "deleted": null,
    "type": "3be744d3-7f4e-47b8-abe6-beeea53ebec3",
    "automation": "cb1a4bb3-9f2d-4416-9978-6d1165dab292",
    "content": {
      "assignee": "040530c4-ce6c-4724-9cfd-37a16e787002"
    }
  }
},
{
  "model": "automation.automationaction",
  "pk": "d630936a-b9f9-4aba-8b66-827c3d431275",
  "fields": {
    "created": "2016-12-22T20:24:02.603Z",
    "modified": "2016-12-22T20:24:02.603Z",
    "deleted": null,
    "type": "4c664c01-20a0-40c5-b539-c60d71652be0",
    "automation": "750ed912-0788-4347-8726-c535223d3caf",
    "content": {
      "recipients": [
        {
          "type": "person",
          "id": "040530c4-ce6c-4724-9cfd-37a16e787154"
        },
        {
          "type": "role",
          "id": "837c9933-2df4-4850-8089-454e356a4544"
        }
      ],
      "subject": "foo",
      "body": "bar"
    }
  }
},
{
  "model": "automation.automation",
  "pk": "1abf9be6-5609-4546-afa0-bf9294c7c067",
  "fields": {
    "created": "2016-12-22T20:24:02.690Z",
    "modified": "2016-12-22T20:24:02.803Z",
    "deleted": null,
    "tenant": "037530c4-ce6c-4724-9cfd-37a16e787001",
    "description": "Filter: None --- Action: automation.actions.ticket_status",
    "events": [
      "a441b2c7-4d10-46db-9c39-4b204a081fae"
    ]
  }
},
{
  "model": "automation.automation",
  "pk": "43664de4-e4f5-44d5-9e52-a65d3e7ead5b",
  "fields": {
    "created": "2016-12-22T20:24:02.338Z",
    "modified": "2016-12-22T20:24:02.791Z",
    "deleted": null,
    "tenant": "037530c4-ce6c-4724-9cfd-37a16e787001",
    "description": "Filter: admin.placeholder.state_filter_select --- Action: automation.actions.ticket_assignee",
    "events": [
      "a441b2c7-4d10-46db-9c39-4b204a081fae"
    ]
  }
},
{
  "model": "automation.automation",
  "pk": "5c5e1610-eed6-43d6-b1a7-2679e54142b4",
  "fields": {
    "created": "2016-12-22T20:24:02.270Z",
    "modified": "2016-12-22T20:24:02.808Z",
    "deleted": null,
    "tenant": "037530c4-ce6c-4724-9cfd-37a16e787001",
    "description": "Filter: None --- Action: automation.actions.ticket_assignee",
    "events": [
      "a441b2c7-4d10-46db-9c39-4b204a081fae"
    ]
  }
},
{
  "model": "automation.automation",
  "pk": "750ed912-0788-4347-8726-c535223d3caf",
  "fields": {
    "created": "2016-12-22T20:24:02.550Z",
    "modified": "2016-12-22T20:24:02.799Z",
    "deleted": null,
    "tenant": "037530c4-ce6c-4724-9cfd-37a16e787001",
    "description": "Filter: None --- Action: automation.actions.send_email",
    "events": [
      "a441b2c7-4d10-46db-9c39-4b204a081fae"
    ]
  }
},
{
  "model": "automation.automation",
  "pk": "7f930e54-90c3-4794-aad1-9aa385851abe",
  "fields": {
    "created": "2016-12-22T20:24:02.611Z",
    "modified": "2016-12-22T20:24:02.820Z",
    "deleted": null,
    "tenant": "037530c4-ce6c-4724-9cfd-37a16e787001",
    "description": "Filter: None --- Action: automation.actions.send_sms",
    "events": [
      "a441b2c7-4d10-46db-9c39-4b204a081fae"
    ]
  }
},
{
  "model": "automation.automation",
  "pk": "802da0a8-c963-4b58-a8dc-d7217b39f989",
  "fields": {
    "created": "2016-12-22T20:24:02.407Z",
    "modified": "2016-12-22T20:24:02.781Z",
    "deleted": null,
    "tenant": "037530c4-ce6c-4724-9cfd-37a16e787001",
    "description": "Filter: admin.placeholder.country_filter_select --- Action: automation.actions.ticket_assignee",
    "events": [
      "a441b2c7-4d10-46db-9c39-4b204a081fae"
    ]
  }
},
{
  "model": "automation.automation",
  "pk": "b78062aa-3d1f-4710-b386-9c41e9fa0ba2",
  "fields": {
    "created": "2016-12-22T20:24:02.204Z",
    "modified": "2016-12-22T20:24:02.776Z",
    "deleted": null,
    "tenant": "037530c4-ce6c-4724-9cfd-37a16e787001",
    "description": "Filter: admin.placeholder.category_filter_select --- Action: automation.actions.ticket_assignee",
    "events": [
      "a441b2c7-4d10-46db-9c39-4b204a081fae"
    ]
  }
},
{
  "model": "automation.automation",
  "pk": "c24add08-5e69-4cc1-8e40-e5dd93a6f411",
  "fields": {
    "created": "2016-12-22T20:24:02.489Z",
    "modified": "2016-12-22T20:24:02.812Z",
    "deleted": null,
    "tenant": "037530c4-ce6c-4724-9cfd-37a16e787001",
    "description": "Filter: None --- Action: automation.actions.ticket_assignee",
    "events": [
      "a441b2c7-4d10-46db-9c39-4b204a081fae"
    ]
  }
},
{
  "model": "automation.automation",
  "pk": "ca045686-3f31-4d29-bd0f-782c2b66cf91",
  "fields": {
    "created": "2016-12-22T20:24:02.718Z",
    "modified": "2016-12-22T20:24:02.824Z",
    "deleted": null,
    "tenant": "037530c4-ce6c-4724-9cfd-37a16e787001",
    "description": "Filter: None --- Action: automation.actions.ticket_cc",
    "events": [
      "a441b2c7-4d10-46db-9c39-4b204a081fae"
    ]
  }
},
{
  "model": "automation.automation",
  "pk": "cb1a4bb3-9f2d-4416-9978-6d1165dab292",
  "fields": {
    "created": "2016-12-22T20:24:02.127Z",
    "modified": "2016-12-22T20:24:02.786Z",
    "deleted": null,
    "tenant": "037530c4-ce6c-4724-9cfd-37a16e787001",
    "description": "Filter: admin.placeholder.priority_filter_select --- Action: automation.actions.ticket_assignee",
    "events": [
      "a441b2c7-4d10-46db-9c39-4b204a081fae"
    ]
  }
},
{
  "model": "automation.automation",
  "pk": "d64388f3-9c15-4784-8d14-9e014484756e",
  "fields": {
    "created": "2016-12-22T20:24:02.705Z",
    "modified": "2016-12-22T20:24:02.816Z",
    "deleted": null,
    "tenant": "037530c4-ce6c-4724-9cfd-37a16e787001",
    "description": "Filter: None --- Action: automation.actions.ticket_request",
    "events": [
      "a441b2c7-4d10-46db-9c39-4b204a081fae"
    ]
  }
},
{
  "model": "automation.automation",
  "pk": "f70d2f11-292e-481a-829f-461ac5baf590",
  "fields": {
    "created": "2016-12-22T20:24:02.676Z",
    "modified": "2016-12-22T20:24:02.795Z",
    "deleted": null,
    "tenant": "037530c4-ce6c-4724-9cfd-37a16e787001",
    "description": "Filter: None --- Action: automation.actions.ticket_priority",
    "events": [
      "a441b2c7-4d10-46db-9c39-4b204a081fae"
    ]
  }
},
{
  "model": "automation.automationfiltertype",
  "pk": "43f6b331-b3fe-417d-9b26-7691f9d5a905",
  "fields": {
    "created": "2016-12-22T20:24:02.464Z",
    "modified": "2016-12-22T20:24:02.464Z",
    "deleted": null,
    "key": "admin.placeholder.country_filter_select",
    "context": "ticket.ticket",
    "field": "country",
    "lookups": {}
  }
},
{
  "model": "automation.automationfiltertype",
  "pk": "773048e9-aba4-4b4a-bf0d-dd7dc5d068c6",
  "fields": {
    "created": "2016-12-22T20:24:02.260Z",
    "modified": "2016-12-22T20:24:02.260Z",
    "deleted": null,
    "key": "admin.placeholder.category_filter_select",
    "context": "ticket.ticket",
    "field": "categories",
    "lookups": {}
  }
},
{
  "model": "automation.automationfiltertype",
  "pk": "83ebd6f1-3fe2-43cc-a5dd-0eba4a1dcc8b",
  "fields": {
    "created": "2016-12-22T20:24:02.328Z",
    "modified": "2016-12-22T20:24:02.328Z",
    "deleted": null,
    "key": "",
    "context": "ticket.ticket",
    "field": "location",
    "lookups": {
      "filters": "location_level"
    }
  }
},
{
  "model": "automation.automationfiltertype",
  "pk": "9cfe41f0-7b2b-4862-9b98-cb996b3b98da",
  "fields": {
    "created": "2016-12-22T20:24:02.397Z",
    "modified": "2016-12-22T20:24:02.397Z",
    "deleted": null,
    "key": "admin.placeholder.state_filter_select",
    "context": "ticket.ticket",
    "field": "state",
    "lookups": {}
  }
},
{
  "model": "automation.automationfiltertype",
  "pk": "e1324cc2-2085-4ef3-b505-f4feb0556f93",
  "fields": {
    "created": "2016-12-22T20:24:02.194Z",
    "modified": "2016-12-22T20:24:02.194Z",
    "deleted": null,
    "key": "admin.placeholder.priority_filter_select",
    "context": "ticket.ticket",
    "field": "priority",
    "lookups": {}
  }
},
{
  "model": "automation.automationfilter",
  "pk": "060d3f59-fcb0-44ba-8b84-659787ab422a",
  "fields": {
    "created": "2016-12-22T20:24:02.195Z",
    "modified": "2016-12-22T20:24:02.195Z",
    "deleted": null,
    "automation": "cb1a4bb3-9f2d-4416-9978-6d1165dab292",
    "source": "e1324cc2-2085-4ef3-b505-f4feb0556f93",
    "lookups": {},
    "criteria": [
      "050530c4-ce6c-4724-9cfd-37a16e787003"
    ]
  }
},
{
  "model": "automation.automationfilter",
  "pk": "41de5f17-0420-40fc-aa04-77525416e56d",
  "fields": {
    "created": "2016-12-22T20:24:02.330Z",
    "modified": "2016-12-22T20:24:02.330Z",
    "deleted": null,
    "automation": "5c5e1610-eed6-43d6-b1a7-2679e54142b4",
    "source": "83ebd6f1-3fe2-43cc-a5dd-0eba4a1dcc8b",
    "lookups": {
      "filters": "location_level",
      "id": "d3d07a23-1bb5-494f-af20-1684035cfc82",
      "name": "Company"
    },
    "criteria": [
      "3c597529-c69e-4ca1-a7c3-2eea3714e4ee"
    ]
  }
},
{
  "model": "automation.automationfilter",
  "pk": "42094f8e-590e-4486-8df0-94af7fab7deb",
  "fields": {
    "created": "2016-12-22T20:24:02.398Z",
    "modified": "2016-12-22T20:24:02.398Z",
    "deleted": null,
    "automation": "43664de4-e4f5-44d5-9e52-a65d3e7ead5b",
    "source": "9cfe41f0-7b2b-4862-9b98-cb996b3b98da",
    "lookups": {},
    "criteria": [
      "2f193a90-a270-48b7-8752-b4c5ad19156c"
    ]
  }
},
{
  "model": "automation.automationfilter",
  "pk": "61e5748d-6466-4d8f-a49e-59ca7bd4d4c9",
  "fields": {
    "created": "2016-12-22T20:24:02.261Z",
    "modified": "2016-12-22T20:24:02.261Z",
    "deleted": null,
    "automation": "b78062aa-3d1f-4710-b386-9c41e9fa0ba2",
    "source": "773048e9-aba4-4b4a-bf0d-dd7dc5d068c6",
    "lookups": {},
    "criteria": [
      "025530c4-ce6c-4724-9cfd-37a16e787001"
    ]
  }
},
{
  "model": "automation.automationfilter",
  "pk": "b66d4c86-b79e-4d9d-bbc7-a886f528ea2c",
  "fields": {
    "created": "2016-12-22T20:24:02.465Z",
    "modified": "2016-12-22T20:24:02.465Z",
    "deleted": null,
    "automation": "802da0a8-c963-4b58-a8dc-d7217b39f989",
    "source": "43f6b331-b3fe-417d-9b26-7691f9d5a905",
    "lookups": {},
    "criteria": [
      "61760373-0b13-4a1e-8abe-8166ca841e01"
    ]
  }
}
]
