[
{
  "model": "automation.automationevent",
  "pk": "35f6ac83-6810-4964-9d2b-d6e664ee55fe",
  "fields": {
    "created": "2016-12-09T21:58:38.245Z",
    "modified": "2016-12-09T21:58:38.245Z",
    "deleted": null,
    "key": "automation.event.ticket_status_deferred"
  }
},
{
  "model": "automation.automationevent",
  "pk": "3e53fa9d-d4b4-4865-ab89-3a7fe0c4ffd3",
  "fields": {
    "created": "2016-12-09T21:58:38.247Z",
    "modified": "2016-12-09T21:58:38.247Z",
    "deleted": null,
    "key": "automation.event.ticket_status_denied"
  }
},
{
  "model": "automation.automationevent",
  "pk": "42060960-18f0-4bcb-9ccd-bd4b0eea3a5a",
  "fields": {
    "created": "2016-12-09T21:58:38.243Z",
    "modified": "2016-12-09T21:58:38.243Z",
    "deleted": null,
    "key": "automation.event.ticket_status_complete"
  }
},
{
  "model": "automation.automationevent",
  "pk": "4b5dc59d-267f-4ce8-b9ef-1016dec7617f",
  "fields": {
    "created": "2016-12-09T21:58:38.242Z",
    "modified": "2016-12-09T21:58:38.242Z",
    "deleted": null,
    "key": "automation.event.ticket_status_cancelled"
  }
},
{
  "model": "automation.automationevent",
  "pk": "4db0a1b6-ead0-4858-8ad5-6067f5256fc5",
  "fields": {
    "created": "2016-12-09T21:58:38.253Z",
    "modified": "2016-12-09T21:58:38.253Z",
    "deleted": null,
    "key": "automation.event.ticket_status_unsatisfactory"
  }
},
{
  "model": "automation.automationevent",
  "pk": "61ce16c3-e606-49ec-a25e-48e52bc8e49f",
  "fields": {
    "created": "2016-12-09T21:58:38.252Z",
    "modified": "2016-12-09T21:58:38.252Z",
    "deleted": null,
    "key": "automation.event.ticket_status_pending"
  }
},
{
  "model": "automation.automationevent",
  "pk": "65c8ebd2-3e18-4b9c-854c-38f4920566ba",
  "fields": {
    "created": "2016-12-09T21:58:38.238Z",
    "modified": "2016-12-09T21:58:38.238Z",
    "deleted": null,
    "key": "automation.event.ticket_location_change"
  }
},
{
  "model": "automation.automationevent",
  "pk": "6c2af9fe-b1e3-44ea-8329-c75ab1a5f807",
  "fields": {
    "created": "2016-12-09T21:58:38.250Z",
    "modified": "2016-12-09T21:58:38.250Z",
    "deleted": null,
    "key": "automation.event.ticket_status_new"
  }
},
{
  "model": "automation.automationevent",
  "pk": "6ecab660-550a-45d9-a731-8cf7f135e44e",
  "fields": {
    "created": "2016-12-09T21:58:38.229Z",
    "modified": "2016-12-09T21:58:38.229Z",
    "deleted": null,
    "key": "automation.event.ticket_attachment_add"
  }
},
{
  "model": "automation.automationevent",
  "pk": "820b75fa-e36c-431d-b4b1-41a617092b52",
  "fields": {
    "created": "2016-12-09T21:58:38.240Z",
    "modified": "2016-12-09T21:58:38.240Z",
    "deleted": null,
    "key": "automation.event.ticket_priority_change"
  }
},
{
  "model": "automation.automationevent",
  "pk": "91de2a40-273e-4f81-9c68-6739e7a27957",
  "fields": {
    "created": "2016-12-09T21:58:38.248Z",
    "modified": "2016-12-09T21:58:38.248Z",
    "deleted": null,
    "key": "automation.event.ticket_status_in_progress"
  }
},
{
  "model": "automation.automationevent",
  "pk": "96ffc3dd-4ec3-4230-8cf0-95bb485acd4a",
  "fields": {
    "created": "2016-12-09T21:58:38.232Z",
    "modified": "2016-12-09T21:58:38.232Z",
    "deleted": null,
    "key": "automation.event.ticket_category_change"
  }
},
{
  "model": "automation.automationevent",
  "pk": "a783208a-07b1-4eae-bc6c-ce447b619ade",
  "fields": {
    "created": "2016-12-09T21:58:38.236Z",
    "modified": "2016-12-09T21:58:38.236Z",
    "deleted": null,
    "key": "automation.event.ticket_comment"
  }
},
{
  "model": "automation.automationevent",
  "pk": "cdbfde30-4a1c-4c07-8700-1c903abc3aa8",
  "fields": {
    "created": "2016-12-09T21:58:38.223Z",
    "modified": "2016-12-09T21:58:38.223Z",
    "deleted": null,
    "key": "automation.event.ticket_assignee_change"
  }
},
{
  "model": "automation.automationevent",
  "pk": "dc735c2b-e329-4db1-b54d-541f8662984c",
  "fields": {
    "created": "2016-12-09T21:58:38.234Z",
    "modified": "2016-12-09T21:58:38.234Z",
    "deleted": null,
    "key": "automation.event.ticket_cc_add"
  }
},
{
  "model": "automation.automationactiontype",
  "pk": "4dd1c6ab-6d37-4b49-aef2-0a6b46378cff",
  "fields": {
    "created": "2016-12-09T21:58:38.264Z",
    "modified": "2016-12-09T21:58:38.264Z",
    "deleted": null,
    "key": "automation.actions.ticket_status"
  }
},
{
  "model": "automation.automationactiontype",
  "pk": "8c701295-0099-4bb3-a5d3-c1e9905b69cc",
  "fields": {
    "created": "2016-12-09T21:58:38.263Z",
    "modified": "2016-12-09T21:58:38.263Z",
    "deleted": null,
    "key": "automation.actions.ticket_request"
  }
},
{
  "model": "automation.automationactiontype",
  "pk": "91830020-fa23-405a-83f7-51e2ce63b38b",
  "fields": {
    "created": "2016-12-09T21:58:38.258Z",
    "modified": "2016-12-09T21:58:38.258Z",
    "deleted": null,
    "key": "automation.actions.send_sms"
  }
},
{
  "model": "automation.automationactiontype",
  "pk": "b0dcc67d-b504-42e8-b9e5-97aa05191001",
  "fields": {
    "created": "2016-12-09T21:58:38.255Z",
    "modified": "2016-12-09T21:58:38.255Z",
    "deleted": null,
    "key": "automation.actions.ticket_assignee"
  }
},
{
  "model": "automation.automationactiontype",
  "pk": "b5c67c80-212e-4f84-ba51-28e33f36a641",
  "fields": {
    "created": "2016-12-09T21:58:38.257Z",
    "modified": "2016-12-09T21:58:38.257Z",
    "deleted": null,
    "key": "automation.actions.send_email"
  }
},
{
  "model": "automation.automationactiontype",
  "pk": "f31991aa-9898-4d58-9bb0-e1610501dac0",
  "fields": {
    "created": "2016-12-09T21:58:38.260Z",
    "modified": "2016-12-09T21:58:38.260Z",
    "deleted": null,
    "key": "automation.actions.ticket_cc"
  }
},
{
  "model": "automation.automationactiontype",
  "pk": "f8c9df13-038f-4810-a70d-f45884c96aa3",
  "fields": {
    "created": "2016-12-09T21:58:38.261Z",
    "modified": "2016-12-09T21:58:38.261Z",
    "deleted": null,
    "key": "automation.actions.ticket_priority"
  }
},
{
  "model": "automation.automationaction",
  "pk": "17ea55a2-a7ff-4333-87b4-91f1e6d9a165",
  "fields": {
    "created": "2016-12-09T21:58:38.698Z",
    "modified": "2016-12-09T21:58:38.698Z",
    "deleted": null,
    "type": "b0dcc67d-b504-42e8-b9e5-97aa05191001",
    "automation": "6a2ce278-14e4-4e2d-8283-972d363bef78",
    "content": {
      "assignee": "043530c4-ce6c-4724-9cfd-37a16e787136"
    }
  }
},
{
  "model": "automation.automationaction",
  "pk": "2f483374-f622-4372-afcf-7257d6083f18",
  "fields": {
    "created": "2016-12-09T21:58:38.339Z",
    "modified": "2016-12-09T21:58:38.339Z",
    "deleted": null,
    "type": "b0dcc67d-b504-42e8-b9e5-97aa05191001",
    "automation": "a9aba698-7784-462c-8ae1-650054bf6338",
    "content": {
      "assignee": "043530c4-ce6c-4724-9cfd-37a16e787018"
    }
  }
},
{
  "model": "automation.automationaction",
  "pk": "3827d99f-8658-4dde-b1df-156ae1639ae0",
  "fields": {
    "created": "2016-12-09T21:58:38.823Z",
    "modified": "2016-12-09T21:58:38.823Z",
    "deleted": null,
    "type": "91830020-fa23-405a-83f7-51e2ce63b38b",
    "automation": "2408c9c4-8837-4e3b-beda-1ffa4c756823",
    "content": {
      "recipients": [
        {
          "id": "043530c4-ce6c-4724-9cfd-37a16e787160",
          "type": "person"
        },
        {
          "id": "bd835316-fef3-4a76-a1fd-a92ec1a50cbb",
          "type": "role"
        }
      ],
      "body": "bar"
    }
  }
},
{
  "model": "automation.automationaction",
  "pk": "7d047128-a4f0-4962-82d9-f35b9c3eaeaf",
  "fields": {
    "created": "2016-12-09T21:58:38.837Z",
    "modified": "2016-12-09T21:58:38.837Z",
    "deleted": null,
    "type": "f8c9df13-038f-4810-a70d-f45884c96aa3",
    "automation": "45c53829-bbca-4e6a-bb02-2e169eafb934",
    "content": {
      "priority": "050530c4-ce6c-4724-9cfd-37a16e787003"
    }
  }
},
{
  "model": "automation.automationaction",
  "pk": "8aaca052-c295-448f-865c-190ed4cffcde",
  "fields": {
    "created": "2016-12-09T21:58:38.476Z",
    "modified": "2016-12-09T21:58:38.476Z",
    "deleted": null,
    "type": "b0dcc67d-b504-42e8-b9e5-97aa05191001",
    "automation": "3922ae3d-2959-4ea2-9d0b-723840707942",
    "content": {
      "assignee": "043530c4-ce6c-4724-9cfd-37a16e787078"
    }
  }
},
{
  "model": "automation.automationaction",
  "pk": "91e039a0-684a-4cfb-85a9-849a7125edd2",
  "fields": {
    "created": "2016-12-09T21:58:38.924Z",
    "modified": "2016-12-09T21:58:38.924Z",
    "deleted": null,
    "type": "f31991aa-9898-4d58-9bb0-e1610501dac0",
    "automation": "19978701-eb1b-4db1-adfa-63515f26a4f0",
    "content": {
      "ccs": [
        "043530c4-ce6c-4724-9cfd-37a16e787057"
      ]
    }
  }
},
{
  "model": "automation.automationaction",
  "pk": "986ff1f3-8f7f-460e-b9a5-eb24814f7c30",
  "fields": {
    "created": "2016-12-09T21:58:38.865Z",
    "modified": "2016-12-09T21:58:38.865Z",
    "deleted": null,
    "type": "8c701295-0099-4bb3-a5d3-c1e9905b69cc",
    "automation": "77ce219c-c96d-4580-a195-6710cb119983",
    "content": {
      "request": "foo"
    }
  }
},
{
  "model": "automation.automationaction",
  "pk": "c39d3fdf-97ec-4b86-8fc1-7eb5cc6236fa",
  "fields": {
    "created": "2016-12-09T21:58:38.616Z",
    "modified": "2016-12-09T21:58:38.616Z",
    "deleted": null,
    "type": "b0dcc67d-b504-42e8-b9e5-97aa05191001",
    "automation": "a70e1fb5-d112-48a2-b536-43ea5766fdef",
    "content": {
      "assignee": "043530c4-ce6c-4724-9cfd-37a16e787109"
    }
  }
},
{
  "model": "automation.automationaction",
  "pk": "c7c3d89b-e5fb-4697-bbe8-1a5eb5ad4361",
  "fields": {
    "created": "2016-12-09T21:58:38.408Z",
    "modified": "2016-12-09T21:58:38.408Z",
    "deleted": null,
    "type": "b0dcc67d-b504-42e8-b9e5-97aa05191001",
    "automation": "2fa01c22-cb90-414a-9468-6c4908829c8a",
    "content": {
      "assignee": "043530c4-ce6c-4724-9cfd-37a16e787060"
    }
  }
},
{
  "model": "automation.automationaction",
  "pk": "e40d41ef-5d97-40d6-b06e-9b03aa5050d6",
  "fields": {
    "created": "2016-12-09T21:58:38.852Z",
    "modified": "2016-12-09T21:58:38.852Z",
    "deleted": null,
    "type": "4dd1c6ab-6d37-4b49-aef2-0a6b46378cff",
    "automation": "a0ae7787-9f21-4d19-a3c6-60e75c76410c",
    "content": {
      "status": "047530c4-ce6c-4724-9cfd-37a16e787001"
    }
  }
},
{
  "model": "automation.automationaction",
  "pk": "e930c6b1-578b-426e-ad4a-df54990915cc",
  "fields": {
    "created": "2016-12-09T21:58:38.760Z",
    "modified": "2016-12-09T21:58:38.760Z",
    "deleted": null,
    "type": "b5c67c80-212e-4f84-ba51-28e33f36a641",
    "automation": "193b0565-72e1-4c9d-ba93-a4ffa4f554dc",
    "content": {
      "recipients": [
        {
          "id": "043530c4-ce6c-4724-9cfd-37a16e787122",
          "type": "person"
        },
        {
          "id": "bd835316-fef3-4a76-a1fd-a92ec1a50cbb",
          "type": "role"
        }
      ],
      "subject": "foo",
      "body": "bar"
    }
  }
},
{
  "model": "automation.automationaction",
  "pk": "ef45a390-d16b-422a-8728-add6ab6d8896",
  "fields": {
    "created": "2016-12-09T21:58:38.545Z",
    "modified": "2016-12-09T21:58:38.545Z",
    "deleted": null,
    "type": "b0dcc67d-b504-42e8-b9e5-97aa05191001",
    "automation": "84c5e0d5-08e6-4c84-88aa-3a50c3bef875",
    "content": {
      "assignee": "043530c4-ce6c-4724-9cfd-37a16e787011"
    }
  }
},
{
  "model": "automation.automation",
  "pk": "193b0565-72e1-4c9d-ba93-a4ffa4f554dc",
  "fields": {
    "created": "2016-12-09T21:58:38.707Z",
    "modified": "2016-12-09T21:58:38.707Z",
    "deleted": null,
    "tenant": "037530c4-ce6c-4724-9cfd-37a16e787001",
    "description": "sodales",
    "events": [
      "6c2af9fe-b1e3-44ea-8329-c75ab1a5f807"
    ]
  }
},
{
  "model": "automation.automation",
  "pk": "19978701-eb1b-4db1-adfa-63515f26a4f0",
  "fields": {
    "created": "2016-12-09T21:58:38.873Z",
    "modified": "2016-12-09T21:58:38.873Z",
    "deleted": null,
    "tenant": "037530c4-ce6c-4724-9cfd-37a16e787001",
    "description": "inceptos",
    "events": [
      "6c2af9fe-b1e3-44ea-8329-c75ab1a5f807"
    ]
  }
},
{
  "model": "automation.automation",
  "pk": "2408c9c4-8837-4e3b-beda-1ffa4c756823",
  "fields": {
    "created": "2016-12-09T21:58:38.769Z",
    "modified": "2016-12-09T21:58:38.769Z",
    "deleted": null,
    "tenant": "037530c4-ce6c-4724-9cfd-37a16e787001",
    "description": "justo",
    "events": [
      "6c2af9fe-b1e3-44ea-8329-c75ab1a5f807"
    ]
  }
},
{
  "model": "automation.automation",
  "pk": "2fa01c22-cb90-414a-9468-6c4908829c8a",
  "fields": {
    "created": "2016-12-09T21:58:38.354Z",
    "modified": "2016-12-09T21:58:38.631Z",
    "deleted": null,
    "tenant": "037530c4-ce6c-4724-9cfd-37a16e787001",
    "description": "admin.placeholder.category_filter_select",
    "events": [
      "6c2af9fe-b1e3-44ea-8329-c75ab1a5f807"
    ]
  }
},
{
  "model": "automation.automation",
  "pk": "3922ae3d-2959-4ea2-9d0b-723840707942",
  "fields": {
    "created": "2016-12-09T21:58:38.421Z",
    "modified": "2016-12-09T21:58:38.636Z",
    "deleted": null,
    "tenant": "037530c4-ce6c-4724-9cfd-37a16e787001",
    "description": "location",
    "events": [
      "6c2af9fe-b1e3-44ea-8329-c75ab1a5f807"
    ]
  }
},
{
  "model": "automation.automation",
  "pk": "45c53829-bbca-4e6a-bb02-2e169eafb934",
  "fields": {
    "created": "2016-12-09T21:58:38.832Z",
    "modified": "2016-12-09T21:58:38.832Z",
    "deleted": null,
    "tenant": "037530c4-ce6c-4724-9cfd-37a16e787001",
    "description": "lorem",
    "events": [
      "6c2af9fe-b1e3-44ea-8329-c75ab1a5f807"
    ]
  }
},
{
  "model": "automation.automation",
  "pk": "6a2ce278-14e4-4e2d-8283-972d363bef78",
  "fields": {
    "created": "2016-12-09T21:58:38.645Z",
    "modified": "2016-12-09T21:58:38.645Z",
    "deleted": null,
    "tenant": "037530c4-ce6c-4724-9cfd-37a16e787001",
    "description": "hac",
    "events": [
      "6c2af9fe-b1e3-44ea-8329-c75ab1a5f807"
    ]
  }
},
{
  "model": "automation.automation",
  "pk": "77ce219c-c96d-4580-a195-6710cb119983",
  "fields": {
    "created": "2016-12-09T21:58:38.860Z",
    "modified": "2016-12-09T21:58:38.860Z",
    "deleted": null,
    "tenant": "037530c4-ce6c-4724-9cfd-37a16e787001",
    "description": "senectus",
    "events": [
      "6c2af9fe-b1e3-44ea-8329-c75ab1a5f807"
    ]
  }
},
{
  "model": "automation.automation",
  "pk": "84c5e0d5-08e6-4c84-88aa-3a50c3bef875",
  "fields": {
    "created": "2016-12-09T21:58:38.491Z",
    "modified": "2016-12-09T21:58:38.628Z",
    "deleted": null,
    "tenant": "037530c4-ce6c-4724-9cfd-37a16e787001",
    "description": "admin.placeholder.state_filter_select",
    "events": [
      "6c2af9fe-b1e3-44ea-8329-c75ab1a5f807"
    ]
  }
},
{
  "model": "automation.automation",
  "pk": "a0ae7787-9f21-4d19-a3c6-60e75c76410c",
  "fields": {
    "created": "2016-12-09T21:58:38.846Z",
    "modified": "2016-12-09T21:58:38.846Z",
    "deleted": null,
    "tenant": "037530c4-ce6c-4724-9cfd-37a16e787001",
    "description": "mattis",
    "events": [
      "6c2af9fe-b1e3-44ea-8329-c75ab1a5f807"
    ]
  }
},
{
  "model": "automation.automation",
  "pk": "a70e1fb5-d112-48a2-b536-43ea5766fdef",
  "fields": {
    "created": "2016-12-09T21:58:38.561Z",
    "modified": "2016-12-09T21:58:38.625Z",
    "deleted": null,
    "tenant": "037530c4-ce6c-4724-9cfd-37a16e787001",
    "description": "admin.placeholder.country_filter_select",
    "events": [
      "6c2af9fe-b1e3-44ea-8329-c75ab1a5f807"
    ]
  }
},
{
  "model": "automation.automation",
  "pk": "a9aba698-7784-462c-8ae1-650054bf6338",
  "fields": {
    "created": "2016-12-09T21:58:38.276Z",
    "modified": "2016-12-09T21:58:38.634Z",
    "deleted": null,
    "tenant": "037530c4-ce6c-4724-9cfd-37a16e787001",
    "description": "admin.placeholder.priority_filter_select",
    "events": [
      "6c2af9fe-b1e3-44ea-8329-c75ab1a5f807"
    ]
  }
},
{
  "model": "automation.automationfiltertype",
  "pk": "01aea0cb-2ba0-4ab6-9967-cc234ab2f0ec",
  "fields": {
    "created": "2016-12-09T21:58:38.343Z",
    "modified": "2016-12-09T21:58:38.343Z",
    "deleted": null,
    "key": "admin.placeholder.priority_filter_select",
    "context": "ticket.ticket",
    "field": "priority",
    "lookups": {}
  }
},
{
  "model": "automation.automationfiltertype",
  "pk": "66d34f63-9957-4c80-99b2-ca8dbb3beac7",
  "fields": {
    "created": "2016-12-09T21:58:38.551Z",
    "modified": "2016-12-09T21:58:38.551Z",
    "deleted": null,
    "key": "admin.placeholder.state_filter_select",
    "context": "ticket.ticket",
    "field": "state",
    "lookups": {}
  }
},
{
  "model": "automation.automationfiltertype",
  "pk": "73408d3d-f397-41b3-9158-f6d809982b7f",
  "fields": {
    "created": "2016-12-09T21:58:38.482Z",
    "modified": "2016-12-09T21:58:38.482Z",
    "deleted": null,
    "key": "",
    "context": "ticket.ticket",
    "field": "location",
    "lookups": {
      "filters": "location_level"
    }
  }
},
{
  "model": "automation.automationfiltertype",
  "pk": "7d626b71-2563-4f32-9495-5211513a4207",
  "fields": {
    "created": "2016-12-09T21:58:38.620Z",
    "modified": "2016-12-09T21:58:38.620Z",
    "deleted": null,
    "key": "admin.placeholder.country_filter_select",
    "context": "ticket.ticket",
    "field": "country",
    "lookups": {}
  }
},
{
  "model": "automation.automationfiltertype",
  "pk": "e0aade69-4bb7-4b7a-93ab-56124d5aea85",
  "fields": {
    "created": "2016-12-09T21:58:38.411Z",
    "modified": "2016-12-09T21:58:38.411Z",
    "deleted": null,
    "key": "admin.placeholder.category_filter_select",
    "context": "ticket.ticket",
    "field": "categories",
    "lookups": {}
  }
},
{
  "model": "automation.automationfilter",
  "pk": "079a70d3-e43f-4d04-8456-99c1177bee56",
  "fields": {
    "created": "2016-12-09T21:58:38.621Z",
    "modified": "2016-12-09T21:58:38.621Z",
    "deleted": null,
    "automation": "a70e1fb5-d112-48a2-b536-43ea5766fdef",
    "source": "7d626b71-2563-4f32-9495-5211513a4207",
    "lookups": {},
    "criteria": [
      "61760373-0b13-4a1e-8abe-8166ca841e01"
    ]
  }
},
{
  "model": "automation.automationfilter",
  "pk": "46e5fe15-a526-491e-8228-d692d1e0d4ab",
  "fields": {
    "created": "2016-12-09T21:58:38.552Z",
    "modified": "2016-12-09T21:58:38.552Z",
    "deleted": null,
    "automation": "84c5e0d5-08e6-4c84-88aa-3a50c3bef875",
    "source": "66d34f63-9957-4c80-99b2-ca8dbb3beac7",
    "lookups": {},
    "criteria": [
      "2f193a90-a270-48b7-8752-b4c5ad19156c"
    ]
  }
},
{
  "model": "automation.automationfilter",
  "pk": "96ec93f5-78f9-4eb3-8078-f3b317693741",
  "fields": {
    "created": "2016-12-09T21:58:38.412Z",
    "modified": "2016-12-09T21:58:38.412Z",
    "deleted": null,
    "automation": "2fa01c22-cb90-414a-9468-6c4908829c8a",
    "source": "e0aade69-4bb7-4b7a-93ab-56124d5aea85",
    "lookups": {},
    "criteria": [
      "025530c4-ce6c-4724-9cfd-37a16e787001"
    ]
  }
},
{
  "model": "automation.automationfilter",
  "pk": "9c84e693-1922-4c55-8909-1b3a080ed7ad",
  "fields": {
    "created": "2016-12-09T21:58:38.344Z",
    "modified": "2016-12-09T21:58:38.344Z",
    "deleted": null,
    "automation": "a9aba698-7784-462c-8ae1-650054bf6338",
    "source": "01aea0cb-2ba0-4ab6-9967-cc234ab2f0ec",
    "lookups": {},
    "criteria": [
      "050530c4-ce6c-4724-9cfd-37a16e787003"
    ]
  }
},
{
  "model": "automation.automationfilter",
  "pk": "e7a1137c-e00e-4be1-a174-0abeb217ed73",
  "fields": {
    "created": "2016-12-09T21:58:38.483Z",
    "modified": "2016-12-09T21:58:38.483Z",
    "deleted": null,
    "automation": "3922ae3d-2959-4ea2-9d0b-723840707942",
    "source": "73408d3d-f397-41b3-9158-f6d809982b7f",
    "lookups": {
      "id": "11762f93-3595-4e05-80a3-aa14d8175d41",
      "name": "Company",
      "filters": "location_level"
    },
    "criteria": [
      "371b4382-35b3-46c6-b255-f0559c73eb51"
    ]
  }
}
]
