[
{
  "model": "automation.automationevent",
  "pk": "07927169-b2b7-439d-b8ef-48536b45457b",
  "fields": {
    "created": "2016-12-08T23:48:06.355Z",
    "modified": "2016-12-08T23:48:06.355Z",
    "deleted": null,
    "key": "automation.event.ticket_status_new"
  }
},
{
  "model": "automation.automationevent",
  "pk": "1c5e3762-82e2-4a49-a99a-b632ba0dcacd",
  "fields": {
    "created": "2016-12-08T23:48:06.343Z",
    "modified": "2016-12-08T23:48:06.343Z",
    "deleted": null,
    "key": "automation.event.ticket_comment"
  }
},
{
  "model": "automation.automationevent",
  "pk": "34e6f88f-a07a-4916-807c-ad67157f5142",
  "fields": {
    "created": "2016-12-08T23:48:06.356Z",
    "modified": "2016-12-08T23:48:06.356Z",
    "deleted": null,
    "key": "automation.event.ticket_status_pending"
  }
},
{
  "model": "automation.automationevent",
  "pk": "3d931843-2df6-44d5-9f60-eaeb1dcd50c2",
  "fields": {
    "created": "2016-12-08T23:48:06.353Z",
    "modified": "2016-12-08T23:48:06.353Z",
    "deleted": null,
    "key": "automation.event.ticket_status_in_progress"
  }
},
{
  "model": "automation.automationevent",
  "pk": "68b51b74-1bab-4ffc-9e47-4eb49712a7d1",
  "fields": {
    "created": "2016-12-08T23:48:06.338Z",
    "modified": "2016-12-08T23:48:06.338Z",
    "deleted": null,
    "key": "automation.event.ticket_attachment_add"
  }
},
{
  "model": "automation.automationevent",
  "pk": "948e2b9e-0ae7-4e8c-83e1-0a647acd5d03",
  "fields": {
    "created": "2016-12-08T23:48:06.358Z",
    "modified": "2016-12-08T23:48:06.358Z",
    "deleted": null,
    "key": "automation.event.ticket_status_unsatisfactory"
  }
},
{
  "model": "automation.automationevent",
  "pk": "96003966-ed1d-4c60-97bb-2de7b724caad",
  "fields": {
    "created": "2016-12-08T23:48:06.339Z",
    "modified": "2016-12-08T23:48:06.339Z",
    "deleted": null,
    "key": "automation.event.ticket_category_change"
  }
},
{
  "model": "automation.automationevent",
  "pk": "99ce642a-d1ad-44c9-b435-452884a0ae09",
  "fields": {
    "created": "2016-12-08T23:48:06.346Z",
    "modified": "2016-12-08T23:48:06.346Z",
    "deleted": null,
    "key": "automation.event.ticket_priority_change"
  }
},
{
  "model": "automation.automationevent",
  "pk": "a5cf3d47-e708-46b1-8661-6f6ab68eac6b",
  "fields": {
    "created": "2016-12-08T23:48:06.347Z",
    "modified": "2016-12-08T23:48:06.347Z",
    "deleted": null,
    "key": "automation.event.ticket_status_cancelled"
  }
},
{
  "model": "automation.automationevent",
  "pk": "b5dd7cab-de58-43d5-87db-e2e2db7f1f2c",
  "fields": {
    "created": "2016-12-08T23:48:06.349Z",
    "modified": "2016-12-08T23:48:06.349Z",
    "deleted": null,
    "key": "automation.event.ticket_status_complete"
  }
},
{
  "model": "automation.automationevent",
  "pk": "c688da98-591d-49b6-9267-509e95e59e3f",
  "fields": {
    "created": "2016-12-08T23:48:06.352Z",
    "modified": "2016-12-08T23:48:06.352Z",
    "deleted": null,
    "key": "automation.event.ticket_status_denied"
  }
},
{
  "model": "automation.automationevent",
  "pk": "d7ce92af-7fc4-4b8f-ba6c-f334c05af9cc",
  "fields": {
    "created": "2016-12-08T23:48:06.350Z",
    "modified": "2016-12-08T23:48:06.350Z",
    "deleted": null,
    "key": "automation.event.ticket_status_deferred"
  }
},
{
  "model": "automation.automationevent",
  "pk": "e962f8bc-9e8f-4945-a146-e87e558acf3a",
  "fields": {
    "created": "2016-12-08T23:48:06.341Z",
    "modified": "2016-12-08T23:48:06.341Z",
    "deleted": null,
    "key": "automation.event.ticket_cc_add"
  }
},
{
  "model": "automation.automationevent",
  "pk": "f3b7e41b-bf51-42f8-b361-a206b2b86316",
  "fields": {
    "created": "2016-12-08T23:48:06.332Z",
    "modified": "2016-12-08T23:48:06.332Z",
    "deleted": null,
    "key": "automation.event.ticket_assignee_change"
  }
},
{
  "model": "automation.automationevent",
  "pk": "f54c6761-8cc9-45b8-9d32-3ca2caea2fdf",
  "fields": {
    "created": "2016-12-08T23:48:06.344Z",
    "modified": "2016-12-08T23:48:06.344Z",
    "deleted": null,
    "key": "automation.event.ticket_location_change"
  }
},
{
  "model": "automation.automationactiontype",
  "pk": "27f9d835-55e8-4e61-bd12-8796bccb0960",
  "fields": {
    "created": "2016-12-08T23:48:06.360Z",
    "modified": "2016-12-08T23:48:06.360Z",
    "deleted": null,
    "key": "automation.actions.ticket_assignee"
  }
},
{
  "model": "automation.automationactiontype",
  "pk": "3123b216-1a9f-4ca8-a805-edbd74397645",
  "fields": {
    "created": "2016-12-08T23:48:06.364Z",
    "modified": "2016-12-08T23:48:06.364Z",
    "deleted": null,
    "key": "automation.actions.ticket_cc"
  }
},
{
  "model": "automation.automationactiontype",
  "pk": "5c5be0e4-d759-443d-80d6-db664a1bb008",
  "fields": {
    "created": "2016-12-08T23:48:06.363Z",
    "modified": "2016-12-08T23:48:06.363Z",
    "deleted": null,
    "key": "automation.actions.send_sms"
  }
},
{
  "model": "automation.automationactiontype",
  "pk": "68a3e5bf-da58-44d6-b265-fa608024331b",
  "fields": {
    "created": "2016-12-08T23:48:06.366Z",
    "modified": "2016-12-08T23:48:06.366Z",
    "deleted": null,
    "key": "automation.actions.ticket_priority"
  }
},
{
  "model": "automation.automationactiontype",
  "pk": "804c3275-f21b-4ba4-9537-9a07d42c9960",
  "fields": {
    "created": "2016-12-08T23:48:06.361Z",
    "modified": "2016-12-08T23:48:06.361Z",
    "deleted": null,
    "key": "automation.actions.send_email"
  }
},
{
  "model": "automation.automationactiontype",
  "pk": "9d52bacc-e8ec-4f81-9f58-aa696d7e5e8f",
  "fields": {
    "created": "2016-12-08T23:48:06.367Z",
    "modified": "2016-12-08T23:48:06.367Z",
    "deleted": null,
    "key": "automation.actions.ticket_request"
  }
},
{
  "model": "automation.automationactiontype",
  "pk": "b74b6576-5801-4c95-9e66-a3a0b06f4534",
  "fields": {
    "created": "2016-12-08T23:48:06.369Z",
    "modified": "2016-12-08T23:48:06.369Z",
    "deleted": null,
    "key": "automation.actions.ticket_status"
  }
},
{
  "model": "automation.automationaction",
  "pk": "4214ccf8-704e-46f6-8bd3-4c0a7248ad2a",
  "fields": {
    "created": "2016-12-08T23:48:06.647Z",
    "modified": "2016-12-08T23:48:06.647Z",
    "deleted": null,
    "type": "27f9d835-55e8-4e61-bd12-8796bccb0960",
    "automation": "d243cb8f-479d-4c5f-aa69-086975c2ca4e",
    "content": {
      "assignee": "040530c4-ce6c-4724-9cfd-37a16e787033"
    }
  }
},
{
  "model": "automation.automationaction",
  "pk": "46b596b0-d002-4354-bcad-00aade8dfac6",
  "fields": {
    "created": "2016-12-08T23:48:06.860Z",
    "modified": "2016-12-08T23:48:06.860Z",
    "deleted": null,
    "type": "804c3275-f21b-4ba4-9537-9a07d42c9960",
    "automation": "c6c0510d-21de-4212-9cdc-e61a61f34f8d",
    "content": {
      "recipients": [
        {
          "id": "040530c4-ce6c-4724-9cfd-37a16e787181",
          "type": "person"
        },
        {
          "id": "230cf305-d77b-4e1c-9a73-432d68d7034b",
          "type": "role"
        }
      ],
      "body": "bar",
      "subject": "foo"
    }
  }
},
{
  "model": "automation.automationaction",
  "pk": "48d9ddfa-edb3-405f-be96-5a626c75f290",
  "fields": {
    "created": "2016-12-08T23:48:06.511Z",
    "modified": "2016-12-08T23:48:06.511Z",
    "deleted": null,
    "type": "27f9d835-55e8-4e61-bd12-8796bccb0960",
    "automation": "a8cdcc74-0bcc-471f-bc28-972a5668576b",
    "content": {
      "assignee": "040530c4-ce6c-4724-9cfd-37a16e787155"
    }
  }
},
{
  "model": "automation.automationaction",
  "pk": "553ce7c9-8275-45cd-905d-ef6a5991d625",
  "fields": {
    "created": "2016-12-08T23:48:06.578Z",
    "modified": "2016-12-08T23:48:06.578Z",
    "deleted": null,
    "type": "27f9d835-55e8-4e61-bd12-8796bccb0960",
    "automation": "02f88ceb-17f5-4591-997f-9e5f8cbdecc9",
    "content": {
      "assignee": "040530c4-ce6c-4724-9cfd-37a16e787171"
    }
  }
},
{
  "model": "automation.automationaction",
  "pk": "64d5a234-8921-464f-8376-40665d6d234a",
  "fields": {
    "created": "2016-12-08T23:48:06.964Z",
    "modified": "2016-12-08T23:48:06.964Z",
    "deleted": null,
    "type": "9d52bacc-e8ec-4f81-9f58-aa696d7e5e8f",
    "automation": "bb79f28f-46e2-484d-8c16-286ffbcc7d74",
    "content": {
      "request": "foo"
    }
  }
},
{
  "model": "automation.automationaction",
  "pk": "8b752375-8a71-47f7-953e-c4e6bee55913",
  "fields": {
    "created": "2016-12-08T23:48:06.951Z",
    "modified": "2016-12-08T23:48:06.951Z",
    "deleted": null,
    "type": "b74b6576-5801-4c95-9e66-a3a0b06f4534",
    "automation": "368dfd1f-5fb8-4d10-8646-701cd8b8731b",
    "content": {
      "status": "050530c4-ce6c-4724-9cfd-37a16e787001"
    }
  }
},
{
  "model": "automation.automationaction",
  "pk": "97e8d3d4-af42-4785-9fe5-d034d71734bd",
  "fields": {
    "created": "2016-12-08T23:48:06.798Z",
    "modified": "2016-12-08T23:48:06.798Z",
    "deleted": null,
    "type": "27f9d835-55e8-4e61-bd12-8796bccb0960",
    "automation": "b8263cae-c59b-4402-8286-724defc6265d",
    "content": {
      "assignee": "040530c4-ce6c-4724-9cfd-37a16e787104"
    }
  }
},
{
  "model": "automation.automationaction",
  "pk": "a3033cd0-9a1c-405d-8227-75c03cc29660",
  "fields": {
    "created": "2016-12-08T23:48:06.443Z",
    "modified": "2016-12-08T23:48:06.443Z",
    "deleted": null,
    "type": "27f9d835-55e8-4e61-bd12-8796bccb0960",
    "automation": "4031fcc3-294e-4990-b00e-d4b2f26f437c",
    "content": {
      "assignee": "040530c4-ce6c-4724-9cfd-37a16e787124"
    }
  }
},
{
  "model": "automation.automationaction",
  "pk": "caa2ba53-60e5-4e16-b83e-a6bda1ab459e",
  "fields": {
    "created": "2016-12-08T23:48:07.025Z",
    "modified": "2016-12-08T23:48:07.025Z",
    "deleted": null,
    "type": "3123b216-1a9f-4ca8-a805-edbd74397645",
    "automation": "7efab23f-7834-42c5-98ce-c731e1cb78c6",
    "content": {
      "ccs": [
        "040530c4-ce6c-4724-9cfd-37a16e787160"
      ]
    }
  }
},
{
  "model": "automation.automationaction",
  "pk": "d2cf5cad-c273-47cd-bb0f-151282987ff4",
  "fields": {
    "created": "2016-12-08T23:48:06.922Z",
    "modified": "2016-12-08T23:48:06.922Z",
    "deleted": null,
    "type": "5c5be0e4-d759-443d-80d6-db664a1bb008",
    "automation": "d28afaa2-297a-4df8-af8a-7e2592dfd972",
    "content": {
      "recipients": [
        {
          "id": "040530c4-ce6c-4724-9cfd-37a16e787089",
          "type": "person"
        },
        {
          "id": "852cad85-890d-4409-8c0d-d2d09cdba820",
          "type": "role"
        }
      ],
      "body": "bar"
    }
  }
},
{
  "model": "automation.automationaction",
  "pk": "e616a481-edce-4cd7-b59f-51baa77b1598",
  "fields": {
    "created": "2016-12-08T23:48:06.718Z",
    "modified": "2016-12-08T23:48:06.718Z",
    "deleted": null,
    "type": "27f9d835-55e8-4e61-bd12-8796bccb0960",
    "automation": "cfeee146-5cf1-4ee5-b785-463a80f8a1e4",
    "content": {
      "assignee": "040530c4-ce6c-4724-9cfd-37a16e787163"
    }
  }
},
{
  "model": "automation.automationaction",
  "pk": "f4a245c6-a34e-48e1-a33a-1ac438edc96a",
  "fields": {
    "created": "2016-12-08T23:48:06.937Z",
    "modified": "2016-12-08T23:48:06.937Z",
    "deleted": null,
    "type": "68a3e5bf-da58-44d6-b265-fa608024331b",
    "automation": "60725862-3863-4c29-8464-8849cc27b140",
    "content": {
      "priority": "048530c4-ce6c-4724-9cfd-37a16e787003"
    }
  }
},
{
  "model": "automation.automation",
  "pk": "02f88ceb-17f5-4591-997f-9e5f8cbdecc9",
  "fields": {
    "created": "2016-12-08T23:48:06.525Z",
    "modified": "2016-12-08T23:48:06.737Z",
    "deleted": null,
    "tenant": "037530c4-ce6c-4724-9cfd-37a16e787001",
    "description": "location",
    "events": [
      "07927169-b2b7-439d-b8ef-48536b45457b"
    ]
  }
},
{
  "model": "automation.automation",
  "pk": "368dfd1f-5fb8-4d10-8646-701cd8b8731b",
  "fields": {
    "created": "2016-12-08T23:48:06.945Z",
    "modified": "2016-12-08T23:48:06.945Z",
    "deleted": null,
    "tenant": "037530c4-ce6c-4724-9cfd-37a16e787001",
    "description": "class",
    "events": [
      "07927169-b2b7-439d-b8ef-48536b45457b"
    ]
  }
},
{
  "model": "automation.automation",
  "pk": "4031fcc3-294e-4990-b00e-d4b2f26f437c",
  "fields": {
    "created": "2016-12-08T23:48:06.380Z",
    "modified": "2016-12-08T23:48:06.729Z",
    "deleted": null,
    "tenant": "037530c4-ce6c-4724-9cfd-37a16e787001",
    "description": "admin.placeholder.priority_filter_select",
    "events": [
      "07927169-b2b7-439d-b8ef-48536b45457b"
    ]
  }
},
{
  "model": "automation.automation",
  "pk": "60725862-3863-4c29-8464-8849cc27b140",
  "fields": {
    "created": "2016-12-08T23:48:06.931Z",
    "modified": "2016-12-08T23:48:06.931Z",
    "deleted": null,
    "tenant": "037530c4-ce6c-4724-9cfd-37a16e787001",
    "description": "sapien",
    "events": [
      "07927169-b2b7-439d-b8ef-48536b45457b"
    ]
  }
},
{
  "model": "automation.automation",
  "pk": "7efab23f-7834-42c5-98ce-c731e1cb78c6",
  "fields": {
    "created": "2016-12-08T23:48:06.972Z",
    "modified": "2016-12-08T23:48:06.972Z",
    "deleted": null,
    "tenant": "037530c4-ce6c-4724-9cfd-37a16e787001",
    "description": "iaculis",
    "events": [
      "07927169-b2b7-439d-b8ef-48536b45457b"
    ]
  }
},
{
  "model": "automation.automation",
  "pk": "a8cdcc74-0bcc-471f-bc28-972a5668576b",
  "fields": {
    "created": "2016-12-08T23:48:06.458Z",
    "modified": "2016-12-08T23:48:06.735Z",
    "deleted": null,
    "tenant": "037530c4-ce6c-4724-9cfd-37a16e787001",
    "description": "admin.placeholder.category_filter_select",
    "events": [
      "07927169-b2b7-439d-b8ef-48536b45457b"
    ]
  }
},
{
  "model": "automation.automation",
  "pk": "b8263cae-c59b-4402-8286-724defc6265d",
  "fields": {
    "created": "2016-12-08T23:48:06.746Z",
    "modified": "2016-12-08T23:48:06.746Z",
    "deleted": null,
    "tenant": "037530c4-ce6c-4724-9cfd-37a16e787001",
    "description": "scelerisque",
    "events": [
      "07927169-b2b7-439d-b8ef-48536b45457b"
    ]
  }
},
{
  "model": "automation.automation",
  "pk": "bb79f28f-46e2-484d-8c16-286ffbcc7d74",
  "fields": {
    "created": "2016-12-08T23:48:06.959Z",
    "modified": "2016-12-08T23:48:06.959Z",
    "deleted": null,
    "tenant": "037530c4-ce6c-4724-9cfd-37a16e787001",
    "description": "phasellus",
    "events": [
      "07927169-b2b7-439d-b8ef-48536b45457b"
    ]
  }
},
{
  "model": "automation.automation",
  "pk": "c6c0510d-21de-4212-9cdc-e61a61f34f8d",
  "fields": {
    "created": "2016-12-08T23:48:06.807Z",
    "modified": "2016-12-08T23:48:06.807Z",
    "deleted": null,
    "tenant": "037530c4-ce6c-4724-9cfd-37a16e787001",
    "description": "sollicitudin",
    "events": [
      "07927169-b2b7-439d-b8ef-48536b45457b"
    ]
  }
},
{
  "model": "automation.automation",
  "pk": "cfeee146-5cf1-4ee5-b785-463a80f8a1e4",
  "fields": {
    "created": "2016-12-08T23:48:06.664Z",
    "modified": "2016-12-08T23:48:06.732Z",
    "deleted": null,
    "tenant": "037530c4-ce6c-4724-9cfd-37a16e787001",
    "description": "admin.placeholder.country_filter_select",
    "events": [
      "07927169-b2b7-439d-b8ef-48536b45457b"
    ]
  }
},
{
  "model": "automation.automation",
  "pk": "d243cb8f-479d-4c5f-aa69-086975c2ca4e",
  "fields": {
    "created": "2016-12-08T23:48:06.594Z",
    "modified": "2016-12-08T23:48:06.727Z",
    "deleted": null,
    "tenant": "037530c4-ce6c-4724-9cfd-37a16e787001",
    "description": "admin.placeholder.state_filter_select",
    "events": [
      "07927169-b2b7-439d-b8ef-48536b45457b"
    ]
  }
},
{
  "model": "automation.automation",
  "pk": "d28afaa2-297a-4df8-af8a-7e2592dfd972",
  "fields": {
    "created": "2016-12-08T23:48:06.869Z",
    "modified": "2016-12-08T23:48:06.869Z",
    "deleted": null,
    "tenant": "037530c4-ce6c-4724-9cfd-37a16e787001",
    "description": "feugiat",
    "events": [
      "07927169-b2b7-439d-b8ef-48536b45457b"
    ]
  }
},
{
  "model": "automation.automationfiltertype",
  "pk": "45666e10-c7f1-4546-af21-b778b87de60e",
  "fields": {
    "created": "2016-12-08T23:48:06.722Z",
    "modified": "2016-12-08T23:48:06.722Z",
    "deleted": null,
    "key": "admin.placeholder.country_filter_select",
    "context": "ticket.ticket",
    "field": "country",
    "lookups": {}
  }
},
{
  "model": "automation.automationfiltertype",
  "pk": "51f063fe-64e4-49b4-8393-d9554e60fad8",
  "fields": {
    "created": "2016-12-08T23:48:06.654Z",
    "modified": "2016-12-08T23:48:06.654Z",
    "deleted": null,
    "key": "admin.placeholder.state_filter_select",
    "context": "ticket.ticket",
    "field": "state",
    "lookups": {}
  }
},
{
  "model": "automation.automationfiltertype",
  "pk": "96dd7fd8-5bef-499d-816c-315a5bf8138e",
  "fields": {
    "created": "2016-12-08T23:48:06.584Z",
    "modified": "2016-12-08T23:48:06.584Z",
    "deleted": null,
    "key": "",
    "context": "ticket.ticket",
    "field": "location",
    "lookups": {
      "filters": "location_level"
    }
  }
},
{
  "model": "automation.automationfiltertype",
  "pk": "990f5873-82b5-4a38-a22c-e016216ed4ec",
  "fields": {
    "created": "2016-12-08T23:48:06.447Z",
    "modified": "2016-12-08T23:48:06.447Z",
    "deleted": null,
    "key": "admin.placeholder.priority_filter_select",
    "context": "ticket.ticket",
    "field": "priority",
    "lookups": {}
  }
},
{
  "model": "automation.automationfiltertype",
  "pk": "fe5c72e9-8408-47a5-85ea-ebfe84ff77af",
  "fields": {
    "created": "2016-12-08T23:48:06.515Z",
    "modified": "2016-12-08T23:48:06.515Z",
    "deleted": null,
    "key": "admin.placeholder.category_filter_select",
    "context": "ticket.ticket",
    "field": "categories",
    "lookups": {}
  }
},
{
  "model": "automation.automationfilter",
  "pk": "208dab66-d262-4746-bcf9-e9b57818919a",
  "fields": {
    "created": "2016-12-08T23:48:06.655Z",
    "modified": "2016-12-08T23:48:06.655Z",
    "deleted": null,
    "automation": "d243cb8f-479d-4c5f-aa69-086975c2ca4e",
    "source": "51f063fe-64e4-49b4-8393-d9554e60fad8",
    "lookups": {},
    "criteria": [
      "2f193a90-a270-48b7-8752-b4c5ad19156c"
    ]
  }
},
{
  "model": "automation.automationfilter",
  "pk": "564697dd-0fdc-4432-86b0-26f9b6aba8d4",
  "fields": {
    "created": "2016-12-08T23:48:06.449Z",
    "modified": "2016-12-08T23:48:06.449Z",
    "deleted": null,
    "automation": "4031fcc3-294e-4990-b00e-d4b2f26f437c",
    "source": "990f5873-82b5-4a38-a22c-e016216ed4ec",
    "lookups": {},
    "criteria": [
      "048530c4-ce6c-4724-9cfd-37a16e787003"
    ]
  }
},
{
  "model": "automation.automationfilter",
  "pk": "a65918d9-0ac6-497b-9de3-6d880281f77e",
  "fields": {
    "created": "2016-12-08T23:48:06.723Z",
    "modified": "2016-12-08T23:48:06.723Z",
    "deleted": null,
    "automation": "cfeee146-5cf1-4ee5-b785-463a80f8a1e4",
    "source": "45666e10-c7f1-4546-af21-b778b87de60e",
    "lookups": {},
    "criteria": [
      "61760373-0b13-4a1e-8abe-8166ca841e01"
    ]
  }
},
{
  "model": "automation.automationfilter",
  "pk": "b2978e84-cf25-40ec-a1e3-96abe09a05ef",
  "fields": {
    "created": "2016-12-08T23:48:06.516Z",
    "modified": "2016-12-08T23:48:06.516Z",
    "deleted": null,
    "automation": "a8cdcc74-0bcc-471f-bc28-972a5668576b",
    "source": "fe5c72e9-8408-47a5-85ea-ebfe84ff77af",
    "lookups": {},
    "criteria": [
      "024530c4-ce6c-4724-9cfd-37a16e787001"
    ]
  }
},
{
  "model": "automation.automationfilter",
  "pk": "bab86d00-a2ea-41c0-8b53-b6938caa5ff9",
  "fields": {
    "created": "2016-12-08T23:48:06.585Z",
    "modified": "2016-12-08T23:48:06.585Z",
    "deleted": null,
    "automation": "02f88ceb-17f5-4591-997f-9e5f8cbdecc9",
    "source": "96dd7fd8-5bef-499d-816c-315a5bf8138e",
    "lookups": {
      "id": "b38911f7-bc4e-4aa9-9096-15771e5e44ae",
      "name": "Company",
      "filters": "location_level"
    },
    "criteria": [
      "3f84ff39-8684-43ba-9b4d-7240f8a5079b"
    ]
  }
}
]
