[
{
  "model": "automation.automationevent",
  "pk": "44190a45-ba14-494b-80be-064e73597dbe",
  "fields": {
    "created": "2016-10-24T23:35:48.111Z",
    "modified": "2016-10-24T23:35:48.111Z",
    "deleted": null,
    "key": "automation.event.ticket_cc_add"
  }
},
{
  "model": "automation.automationevent",
  "pk": "69969627-a58d-4d1a-91a6-edafc730bf71",
  "fields": {
    "created": "2016-10-24T23:35:48.113Z",
    "modified": "2016-10-24T23:35:48.113Z",
    "deleted": null,
    "key": "automation.event.ticket_comment"
  }
},
{
  "model": "automation.automationevent",
  "pk": "79c05b5c-3e54-4b5b-b70a-73641533b4f7",
  "fields": {
    "created": "2016-10-24T23:35:48.120Z",
    "modified": "2016-10-24T23:35:48.120Z",
    "deleted": null,
    "key": "automation.event.ticket_status_deferred"
  }
},
{
  "model": "automation.automationevent",
  "pk": "8b5f797d-4ffe-4868-9eb1-bea5ccc50d9d",
  "fields": {
    "created": "2016-10-24T23:35:48.126Z",
    "modified": "2016-10-24T23:35:48.126Z",
    "deleted": null,
    "key": "automation.event.ticket_status_pending"
  }
},
{
  "model": "automation.automationevent",
  "pk": "923af292-eb56-4c3d-9d8f-ea4fbbf0183d",
  "fields": {
    "created": "2016-10-24T23:35:48.123Z",
    "modified": "2016-10-24T23:35:48.123Z",
    "deleted": null,
    "key": "automation.event.ticket_status_in_progress"
  }
},
{
  "model": "automation.automationevent",
  "pk": "98dfcc5e-1775-4ef6-81eb-830fc4dcfe33",
  "fields": {
    "created": "2016-10-24T23:35:48.128Z",
    "modified": "2016-10-24T23:35:48.128Z",
    "deleted": null,
    "key": "automation.event.ticket_status_unsatisfactory"
  }
},
{
  "model": "automation.automationevent",
  "pk": "9cb439e1-56af-4bab-a5f8-669fbc375427",
  "fields": {
    "created": "2016-10-24T23:35:48.122Z",
    "modified": "2016-10-24T23:35:48.122Z",
    "deleted": null,
    "key": "automation.event.ticket_status_denied"
  }
},
{
  "model": "automation.automationevent",
  "pk": "a74a537a-b572-41ae-8f95-03d6b9f08744",
  "fields": {
    "created": "2016-10-24T23:35:48.116Z",
    "modified": "2016-10-24T23:35:48.116Z",
    "deleted": null,
    "key": "automation.event.ticket_priority_change"
  }
},
{
  "model": "automation.automationevent",
  "pk": "a9d9df67-18dc-4a40-99a4-0c0ea99a7484",
  "fields": {
    "created": "2016-10-24T23:35:48.103Z",
    "modified": "2016-10-24T23:35:48.103Z",
    "deleted": null,
    "key": "automation.event.ticket_assignee_change"
  }
},
{
  "model": "automation.automationevent",
  "pk": "b3707424-e7f4-4733-a3ff-aa7952ff9175",
  "fields": {
    "created": "2016-10-24T23:35:48.119Z",
    "modified": "2016-10-24T23:35:48.119Z",
    "deleted": null,
    "key": "automation.event.ticket_status_complete"
  }
},
{
  "model": "automation.automationevent",
  "pk": "b7fbb782-11ed-4735-808c-8e2f94c8e17c",
  "fields": {
    "created": "2016-10-24T23:35:48.125Z",
    "modified": "2016-10-24T23:35:48.125Z",
    "deleted": null,
    "key": "automation.event.ticket_status_new"
  }
},
{
  "model": "automation.automationevent",
  "pk": "badd8a3d-fc2d-43f6-9116-04b0c3e64a24",
  "fields": {
    "created": "2016-10-24T23:35:48.109Z",
    "modified": "2016-10-24T23:35:48.109Z",
    "deleted": null,
    "key": "automation.event.ticket_category_change"
  }
},
{
  "model": "automation.automationevent",
  "pk": "c358e307-dee4-4182-be34-c6c2e43977a8",
  "fields": {
    "created": "2016-10-24T23:35:48.114Z",
    "modified": "2016-10-24T23:35:48.114Z",
    "deleted": null,
    "key": "automation.event.ticket_location_change"
  }
},
{
  "model": "automation.automationevent",
  "pk": "db833cbb-1961-4082-a832-09f1703c252b",
  "fields": {
    "created": "2016-10-24T23:35:48.108Z",
    "modified": "2016-10-24T23:35:48.108Z",
    "deleted": null,
    "key": "automation.event.ticket_attachment_add"
  }
},
{
  "model": "automation.automationevent",
  "pk": "f6fba24d-bd34-495e-a4db-80ce3c0dbabf",
  "fields": {
    "created": "2016-10-24T23:35:48.117Z",
    "modified": "2016-10-24T23:35:48.117Z",
    "deleted": null,
    "key": "automation.event.ticket_status_cancelled"
  }
},
{
  "model": "automation.automationactiontype",
  "pk": "06ae6f83-6920-4fd2-8131-a77a1b6223a8",
  "fields": {
    "created": "2016-10-24T23:35:48.134Z",
    "modified": "2016-10-24T23:35:48.134Z",
    "deleted": null,
    "key": "automation.actions.ticket_cc"
  }
},
{
  "model": "automation.automationactiontype",
  "pk": "18b86423-c2d9-4526-973f-5ad7edbdcbfe",
  "fields": {
    "created": "2016-10-24T23:35:48.136Z",
    "modified": "2016-10-24T23:35:48.136Z",
    "deleted": null,
    "key": "automation.actions.ticket_priority"
  }
},
{
  "model": "automation.automationactiontype",
  "pk": "4819b2f8-2b4e-48ac-a82b-3c6663482597",
  "fields": {
    "created": "2016-10-24T23:35:48.137Z",
    "modified": "2016-10-24T23:35:48.137Z",
    "deleted": null,
    "key": "automation.actions.ticket_request"
  }
},
{
  "model": "automation.automationactiontype",
  "pk": "49b11e10-c0cc-4246-b476-bfbffba89252",
  "fields": {
    "created": "2016-10-24T23:35:48.131Z",
    "modified": "2016-10-24T23:35:48.131Z",
    "deleted": null,
    "key": "automation.actions.send_email"
  }
},
{
  "model": "automation.automationactiontype",
  "pk": "b6298da7-6132-472d-9202-1c2a82a04fb9",
  "fields": {
    "created": "2016-10-24T23:35:48.133Z",
    "modified": "2016-10-24T23:35:48.133Z",
    "deleted": null,
    "key": "automation.actions.send_sms"
  }
},
{
  "model": "automation.automationactiontype",
  "pk": "e687452e-c22d-48d2-9245-c92cde66b9b6",
  "fields": {
    "created": "2016-10-24T23:35:48.138Z",
    "modified": "2016-10-24T23:35:48.138Z",
    "deleted": null,
    "key": "automation.actions.ticket_status"
  }
},
{
  "model": "automation.automationactiontype",
  "pk": "ed35a3d2-4999-410c-b7ed-4948873faa81",
  "fields": {
    "created": "2016-10-24T23:35:48.129Z",
    "modified": "2016-10-24T23:35:48.129Z",
    "deleted": null,
    "key": "automation.actions.ticket_assignee"
  }
},
{
  "model": "automation.automationaction",
  "pk": "3a105a38-0f51-420f-9074-a717817133ad",
  "fields": {
    "created": "2016-10-24T23:35:48.395Z",
    "modified": "2016-10-24T23:35:48.395Z",
    "deleted": null,
    "type": "ed35a3d2-4999-410c-b7ed-4948873faa81",
    "automation": "695fe4fe-1759-4eed-96da-b856622f5efd",
    "content": {
      "assignee": "041530c4-ce6c-4724-9cfd-37a16e787039"
    }
  }
},
{
  "model": "automation.automationaction",
  "pk": "3bce2fd5-683e-4a6e-97ba-4fd2269807ff",
  "fields": {
    "created": "2016-10-24T23:35:48.333Z",
    "modified": "2016-10-24T23:35:48.333Z",
    "deleted": null,
    "type": "ed35a3d2-4999-410c-b7ed-4948873faa81",
    "automation": "197c65aa-12b0-4dcb-93ac-b241aa7b5ae0",
    "content": {
      "assignee": "041530c4-ce6c-4724-9cfd-37a16e787085"
    }
  }
},
{
  "model": "automation.automationaction",
  "pk": "453f71cf-9432-4808-a858-eb6e4a27acb2",
  "fields": {
    "created": "2016-10-24T23:35:48.696Z",
    "modified": "2016-10-24T23:35:48.696Z",
    "deleted": null,
    "type": "06ae6f83-6920-4fd2-8131-a77a1b6223a8",
    "automation": "461ddcb3-3a92-4b08-9594-90f32e2f539f",
    "content": {
      "ccs": [
        "041530c4-ce6c-4724-9cfd-37a16e787101"
      ]
    }
  }
},
{
  "model": "automation.automationaction",
  "pk": "4a1ac735-721a-46e4-912b-34f3ab78f941",
  "fields": {
    "created": "2016-10-24T23:35:48.208Z",
    "modified": "2016-10-24T23:35:48.208Z",
    "deleted": null,
    "type": "ed35a3d2-4999-410c-b7ed-4948873faa81",
    "automation": "ec2ea2ec-db61-4d23-806d-e11c434256ab",
    "content": {
      "assignee": "041530c4-ce6c-4724-9cfd-37a16e787026"
    }
  }
},
{
  "model": "automation.automationaction",
  "pk": "6cdcbca8-978b-455e-a695-a931bb1b492c",
  "fields": {
    "created": "2016-10-24T23:35:48.627Z",
    "modified": "2016-10-24T23:35:48.627Z",
    "deleted": null,
    "type": "e687452e-c22d-48d2-9245-c92cde66b9b6",
    "automation": "b76265af-0b2a-416a-a59d-bd572c339096",
    "content": {
      "status": "047530c4-ce6c-4724-9cfd-37a16e787001"
    }
  }
},
{
  "model": "automation.automationaction",
  "pk": "a7eb041f-bbf4-4a98-b156-94adbb61ce3b",
  "fields": {
    "created": "2016-10-24T23:35:48.487Z",
    "modified": "2016-10-24T23:35:48.487Z",
    "deleted": null,
    "type": "ed35a3d2-4999-410c-b7ed-4948873faa81",
    "automation": "b2f2d2dc-6f1b-4403-8c07-ef2155e146dc",
    "content": {
      "assignee": "041530c4-ce6c-4724-9cfd-37a16e787021"
    }
  }
},
{
  "model": "automation.automationaction",
  "pk": "ae6f2283-d7cc-4737-a104-c3c602655172",
  "fields": {
    "created": "2016-10-24T23:35:48.545Z",
    "modified": "2016-10-24T23:35:48.545Z",
    "deleted": null,
    "type": "49b11e10-c0cc-4246-b476-bfbffba89252",
    "automation": "fa8f23cc-0cd4-4b6c-8ee6-7eb22c3b2507",
    "content": {
      "body": "bar",
      "subject": "foo",
      "recipients": [
        "041530c4-ce6c-4724-9cfd-37a16e787130"
      ]
    }
  }
},
{
  "model": "automation.automationaction",
  "pk": "dd6adc93-eea9-46d0-9e84-a34b1c90ddd2",
  "fields": {
    "created": "2016-10-24T23:35:48.271Z",
    "modified": "2016-10-24T23:35:48.271Z",
    "deleted": null,
    "type": "ed35a3d2-4999-410c-b7ed-4948873faa81",
    "automation": "fc716b47-c8ba-4d39-a2ec-739d51735a53",
    "content": {
      "assignee": "041530c4-ce6c-4724-9cfd-37a16e787020"
    }
  }
},
{
  "model": "automation.automationaction",
  "pk": "ed59a278-37be-490c-a92c-9c1014663ed9",
  "fields": {
    "created": "2016-10-24T23:35:48.614Z",
    "modified": "2016-10-24T23:35:48.614Z",
    "deleted": null,
    "type": "18b86423-c2d9-4526-973f-5ad7edbdcbfe",
    "automation": "26c5685f-f5aa-4f45-9fbe-245880410fc2",
    "content": {
      "priority": "051530c4-ce6c-4724-9cfd-37a16e787003"
    }
  }
},
{
  "model": "automation.automationaction",
  "pk": "f133474d-aeac-4432-81e7-e6d3bb450a51",
  "fields": {
    "created": "2016-10-24T23:35:48.640Z",
    "modified": "2016-10-24T23:35:48.640Z",
    "deleted": null,
    "type": "4819b2f8-2b4e-48ac-a82b-3c6663482597",
    "automation": "0b01971c-41ce-4da7-900d-91d77ce48031",
    "content": {
      "request": "foo"
    }
  }
},
{
  "model": "automation.automationaction",
  "pk": "fe0d356b-f952-4637-bbb2-d00d407b6a4f",
  "fields": {
    "created": "2016-10-24T23:35:48.600Z",
    "modified": "2016-10-24T23:35:48.600Z",
    "deleted": null,
    "type": "b6298da7-6132-472d-9202-1c2a82a04fb9",
    "automation": "731e8162-55a3-4cb8-8d97-3cd56b8311c1",
    "content": {
      "body": "bar",
      "recipients": [
        "041530c4-ce6c-4724-9cfd-37a16e787103"
      ]
    }
  }
},
{
  "model": "automation.automation",
  "pk": "0b01971c-41ce-4da7-900d-91d77ce48031",
  "fields": {
    "created": "2016-10-24T23:35:48.635Z",
    "modified": "2016-10-24T23:35:48.635Z",
    "deleted": null,
    "tenant": "037530c4-ce6c-4724-9cfd-37a16e787001",
    "description": "ante",
    "events": [
      "b7fbb782-11ed-4735-808c-8e2f94c8e17c"
    ]
  }
},
{
  "model": "automation.automation",
  "pk": "197c65aa-12b0-4dcb-93ac-b241aa7b5ae0",
  "fields": {
    "created": "2016-10-24T23:35:48.283Z",
    "modified": "2016-10-24T23:35:48.426Z",
    "deleted": null,
    "tenant": "037530c4-ce6c-4724-9cfd-37a16e787001",
    "description": "location",
    "events": [
      "b7fbb782-11ed-4735-808c-8e2f94c8e17c"
    ]
  }
},
{
  "model": "automation.automation",
  "pk": "26c5685f-f5aa-4f45-9fbe-245880410fc2",
  "fields": {
    "created": "2016-10-24T23:35:48.608Z",
    "modified": "2016-10-24T23:35:48.608Z",
    "deleted": null,
    "tenant": "037530c4-ce6c-4724-9cfd-37a16e787001",
    "description": "nisi",
    "events": [
      "b7fbb782-11ed-4735-808c-8e2f94c8e17c"
    ]
  }
},
{
  "model": "automation.automation",
  "pk": "461ddcb3-3a92-4b08-9594-90f32e2f539f",
  "fields": {
    "created": "2016-10-24T23:35:48.648Z",
    "modified": "2016-10-24T23:35:48.648Z",
    "deleted": null,
    "tenant": "037530c4-ce6c-4724-9cfd-37a16e787001",
    "description": "convallis",
    "events": [
      "b7fbb782-11ed-4735-808c-8e2f94c8e17c"
    ]
  }
},
{
  "model": "automation.automation",
  "pk": "695fe4fe-1759-4eed-96da-b856622f5efd",
  "fields": {
    "created": "2016-10-24T23:35:48.347Z",
    "modified": "2016-10-24T23:35:48.429Z",
    "deleted": null,
    "tenant": "037530c4-ce6c-4724-9cfd-37a16e787001",
    "description": "admin.placeholder.state_filter_select",
    "events": [
      "b7fbb782-11ed-4735-808c-8e2f94c8e17c"
    ]
  }
},
{
  "model": "automation.automation",
  "pk": "731e8162-55a3-4cb8-8d97-3cd56b8311c1",
  "fields": {
    "created": "2016-10-24T23:35:48.553Z",
    "modified": "2016-10-24T23:35:48.553Z",
    "deleted": null,
    "tenant": "037530c4-ce6c-4724-9cfd-37a16e787001",
    "description": "admin",
    "events": [
      "b7fbb782-11ed-4735-808c-8e2f94c8e17c"
    ]
  }
},
{
  "model": "automation.automation",
  "pk": "b2f2d2dc-6f1b-4403-8c07-ef2155e146dc",
  "fields": {
    "created": "2016-10-24T23:35:48.438Z",
    "modified": "2016-10-24T23:35:48.438Z",
    "deleted": null,
    "tenant": "037530c4-ce6c-4724-9cfd-37a16e787001",
    "description": "sapien",
    "events": [
      "b7fbb782-11ed-4735-808c-8e2f94c8e17c"
    ]
  }
},
{
  "model": "automation.automation",
  "pk": "b76265af-0b2a-416a-a59d-bd572c339096",
  "fields": {
    "created": "2016-10-24T23:35:48.622Z",
    "modified": "2016-10-24T23:35:48.622Z",
    "deleted": null,
    "tenant": "037530c4-ce6c-4724-9cfd-37a16e787001",
    "description": "mollis",
    "events": [
      "b7fbb782-11ed-4735-808c-8e2f94c8e17c"
    ]
  }
},
{
  "model": "automation.automation",
  "pk": "ec2ea2ec-db61-4d23-806d-e11c434256ab",
  "fields": {
    "created": "2016-10-24T23:35:48.148Z",
    "modified": "2016-10-24T23:35:48.420Z",
    "deleted": null,
    "tenant": "037530c4-ce6c-4724-9cfd-37a16e787001",
    "description": "admin.placeholder.country_filter_select",
    "events": [
      "b7fbb782-11ed-4735-808c-8e2f94c8e17c"
    ]
  }
},
{
  "model": "automation.automation",
  "pk": "fa8f23cc-0cd4-4b6c-8ee6-7eb22c3b2507",
  "fields": {
    "created": "2016-10-24T23:35:48.495Z",
    "modified": "2016-10-24T23:35:48.495Z",
    "deleted": null,
    "tenant": "037530c4-ce6c-4724-9cfd-37a16e787001",
    "description": "mus",
    "events": [
      "b7fbb782-11ed-4735-808c-8e2f94c8e17c"
    ]
  }
},
{
  "model": "automation.automation",
  "pk": "fc716b47-c8ba-4d39-a2ec-739d51735a53",
  "fields": {
    "created": "2016-10-24T23:35:48.222Z",
    "modified": "2016-10-24T23:35:48.423Z",
    "deleted": null,
    "tenant": "037530c4-ce6c-4724-9cfd-37a16e787001",
    "description": "admin.placeholder.category_filter_select",
    "events": [
      "b7fbb782-11ed-4735-808c-8e2f94c8e17c"
    ]
  }
},
{
  "model": "automation.automationfiltertype",
  "pk": "29d43a12-5ecf-4f53-bbdb-e4a76540242b",
  "fields": {
    "created": "2016-10-24T23:35:48.413Z",
    "modified": "2016-10-24T23:35:48.413Z",
    "deleted": null,
    "key": "admin.placeholder.country_filter_select",
    "context": "ticket.ticket",
    "field": "country",
    "lookups": {}
  }
},
{
  "model": "automation.automationfiltertype",
  "pk": "30eef707-6e4a-4d81-8612-8705089e082f",
  "fields": {
    "created": "2016-10-24T23:35:48.338Z",
    "modified": "2016-10-24T23:35:48.338Z",
    "deleted": null,
    "key": "",
    "context": "ticket.ticket",
    "field": "location",
    "lookups": {
      "filters": "location_level"
    }
  }
},
{
  "model": "automation.automationfiltertype",
  "pk": "3fe02acb-7b94-4e57-be3b-e8861d1254fb",
  "fields": {
    "created": "2016-10-24T23:35:48.274Z",
    "modified": "2016-10-24T23:35:48.274Z",
    "deleted": null,
    "key": "admin.placeholder.category_filter_select",
    "context": "ticket.ticket",
    "field": "categories",
    "lookups": {}
  }
},
{
  "model": "automation.automationfiltertype",
  "pk": "a0e3472d-4390-48a6-996c-0eaa5362d24a",
  "fields": {
    "created": "2016-10-24T23:35:48.400Z",
    "modified": "2016-10-24T23:35:48.401Z",
    "deleted": null,
    "key": "admin.placeholder.state_filter_select",
    "context": "ticket.ticket",
    "field": "state",
    "lookups": {}
  }
},
{
  "model": "automation.automationfiltertype",
  "pk": "a3057458-c486-4f99-b036-8067d75260d6",
  "fields": {
    "created": "2016-10-24T23:35:48.212Z",
    "modified": "2016-10-24T23:35:48.212Z",
    "deleted": null,
    "key": "admin.placeholder.priority_filter_select",
    "context": "ticket.ticket",
    "field": "priority",
    "lookups": {}
  }
},
{
  "model": "automation.automationfilter",
  "pk": "11e0f858-025d-4760-ab88-0b54b6ad6d9d",
  "fields": {
    "created": "2016-10-24T23:35:48.213Z",
    "modified": "2016-10-24T23:35:48.213Z",
    "deleted": null,
    "automation": "ec2ea2ec-db61-4d23-806d-e11c434256ab",
    "source": "a3057458-c486-4f99-b036-8067d75260d6",
    "lookups": {},
    "criteria": [
      "051530c4-ce6c-4724-9cfd-37a16e787003"
    ]
  }
},
{
  "model": "automation.automationfilter",
  "pk": "239c345f-dbeb-4560-8c56-063703aa2c0f",
  "fields": {
    "created": "2016-10-24T23:35:48.414Z",
    "modified": "2016-10-24T23:35:48.414Z",
    "deleted": null,
    "automation": "ec2ea2ec-db61-4d23-806d-e11c434256ab",
    "source": "29d43a12-5ecf-4f53-bbdb-e4a76540242b",
    "lookups": {},
    "criteria": [
      "61760373-0b13-4a1e-8abe-8166ca841e01"
    ]
  }
},
{
  "model": "automation.automationfilter",
  "pk": "52175eab-20a4-4ec1-88e8-c18e9c5b4e07",
  "fields": {
    "created": "2016-10-24T23:35:48.275Z",
    "modified": "2016-10-24T23:35:48.275Z",
    "deleted": null,
    "automation": "fc716b47-c8ba-4d39-a2ec-739d51735a53",
    "source": "3fe02acb-7b94-4e57-be3b-e8861d1254fb",
    "lookups": {},
    "criteria": [
      "025530c4-ce6c-4724-9cfd-37a16e787001"
    ]
  }
},
{
  "model": "automation.automationfilter",
  "pk": "b84633d8-2d57-4722-8bdb-719943202a4d",
  "fields": {
    "created": "2016-10-24T23:35:48.339Z",
    "modified": "2016-10-24T23:35:48.339Z",
    "deleted": null,
    "automation": "197c65aa-12b0-4dcb-93ac-b241aa7b5ae0",
    "source": "30eef707-6e4a-4d81-8612-8705089e082f",
    "lookups": {
      "id": "4fe0f9b1-a514-4c87-a20d-a2ff9cb92cd9",
      "name": "Company",
      "filters": "location_level"
    },
    "criteria": [
      "f7cc7113-699a-4a9f-9b34-5ebdedac7054"
    ]
  }
},
{
  "model": "automation.automationfilter",
  "pk": "bd47a716-d909-48cf-89e2-3b7304acff8a",
  "fields": {
    "created": "2016-10-24T23:35:48.402Z",
    "modified": "2016-10-24T23:35:48.402Z",
    "deleted": null,
    "automation": "695fe4fe-1759-4eed-96da-b856622f5efd",
    "source": "a0e3472d-4390-48a6-996c-0eaa5362d24a",
    "lookups": {},
    "criteria": [
      "2f193a90-a270-48b7-8752-b4c5ad19156c"
    ]
  }
}
]
