[
{
  "model": "automation.automationevent",
  "pk": "1474ffa0-e765-4e96-87e4-57cd635fcd15",
  "fields": {
    "created": "2017-01-17T20:25:48.496Z",
    "modified": "2017-01-17T20:25:48.496Z",
    "deleted": null,
    "key": "automation.event.ticket_status_denied"
  }
},
{
  "model": "automation.automationevent",
  "pk": "310a2b9c-3aaf-479e-94ec-b16419980eec",
  "fields": {
    "created": "2017-01-17T20:25:48.482Z",
    "modified": "2017-01-17T20:25:48.482Z",
    "deleted": null,
    "key": "automation.event.ticket_attachment_add"
  }
},
{
  "model": "automation.automationevent",
  "pk": "367bd78f-d94c-4824-826f-9039c4657eea",
  "fields": {
    "created": "2017-01-17T20:25:48.489Z",
    "modified": "2017-01-17T20:25:48.489Z",
    "deleted": null,
    "key": "automation.event.ticket_priority_change"
  }
},
{
  "model": "automation.automationevent",
  "pk": "40b50f92-8952-4c9f-a6b3-75b01bd7f712",
  "fields": {
    "created": "2017-01-17T20:25:48.491Z",
    "modified": "2017-01-17T20:25:48.491Z",
    "deleted": null,
    "key": "automation.event.ticket_status_cancelled"
  }
},
{
  "model": "automation.automationevent",
  "pk": "596d4f40-4e61-4ff0-a43e-7973cc0194d5",
  "fields": {
    "created": "2017-01-17T20:25:48.483Z",
    "modified": "2017-01-17T20:25:48.483Z",
    "deleted": null,
    "key": "automation.event.ticket_category_change"
  }
},
{
  "model": "automation.automationevent",
  "pk": "5f881e80-bd91-49be-b361-47758084c14b",
  "fields": {
    "created": "2017-01-17T20:25:48.504Z",
    "modified": "2017-01-17T20:25:48.504Z",
    "deleted": null,
    "key": "automation.event.ticket_status_solved"
  }
},
{
  "model": "automation.automationevent",
  "pk": "974dab7d-7f73-41ef-8c7f-928a9e8c4eea",
  "fields": {
    "created": "2017-01-17T20:25:48.480Z",
    "modified": "2017-01-17T20:25:48.480Z",
    "deleted": null,
    "key": "automation.event.ticket_assignee_change"
  }
},
{
  "model": "automation.automationevent",
  "pk": "9b8cd36c-36f2-4314-8f1e-757a85141181",
  "fields": {
    "created": "2017-01-17T20:25:48.499Z",
    "modified": "2017-01-17T20:25:48.499Z",
    "deleted": null,
    "key": "automation.event.ticket_status_in_progress"
  }
},
{
  "model": "automation.automationevent",
  "pk": "a87a9ac5-1d32-4b5a-a4a5-232b30a85f65",
  "fields": {
    "created": "2017-01-17T20:25:48.505Z",
    "modified": "2017-01-17T20:25:48.506Z",
    "deleted": null,
    "key": "automation.event.ticket_status_unsatisfactory"
  }
},
{
  "model": "automation.automationevent",
  "pk": "b514cb35-efbf-438b-abca-fd55cb7ef2a0",
  "fields": {
    "created": "2017-01-17T20:25:48.494Z",
    "modified": "2017-01-17T20:25:48.494Z",
    "deleted": null,
    "key": "automation.event.ticket_status_deferred"
  }
},
{
  "model": "automation.automationevent",
  "pk": "cae31dce-83d5-4c7c-a81c-7e665f9c3f06",
  "fields": {
    "created": "2017-01-17T20:25:48.492Z",
    "modified": "2017-01-17T20:25:48.492Z",
    "deleted": null,
    "key": "automation.event.ticket_status_complete"
  }
},
{
  "model": "automation.automationevent",
  "pk": "cb81ec4b-82d3-44cb-b99d-632bcc6e46d0",
  "fields": {
    "created": "2017-01-17T20:25:48.486Z",
    "modified": "2017-01-17T20:25:48.486Z",
    "deleted": null,
    "key": "automation.event.ticket_comment"
  }
},
{
  "model": "automation.automationevent",
  "pk": "cbafaa8f-cd41-43c8-a5b1-b2b08388088d",
  "fields": {
    "created": "2017-01-17T20:25:48.488Z",
    "modified": "2017-01-17T20:25:48.488Z",
    "deleted": null,
    "key": "automation.event.ticket_location_change"
  }
},
{
  "model": "automation.automationevent",
  "pk": "d754ab17-4976-4fae-a7b9-cd9c187a0485",
  "fields": {
    "created": "2017-01-17T20:25:48.501Z",
    "modified": "2017-01-17T20:25:48.501Z",
    "deleted": null,
    "key": "automation.event.ticket_status_new"
  }
},
{
  "model": "automation.automationevent",
  "pk": "d7d9ab19-48e7-406f-b0e5-01fdf0e2744a",
  "fields": {
    "created": "2017-01-17T20:25:48.502Z",
    "modified": "2017-01-17T20:25:48.502Z",
    "deleted": null,
    "key": "automation.event.ticket_status_pending"
  }
},
{
  "model": "automation.automationevent",
  "pk": "e28cb04b-9d1a-41a9-8802-552c34226377",
  "fields": {
    "created": "2017-01-17T20:25:48.485Z",
    "modified": "2017-01-17T20:25:48.485Z",
    "deleted": null,
    "key": "automation.event.ticket_cc_add"
  }
},
{
  "model": "automation.automationevent",
  "pk": "ef6b9725-3df3-4d91-aae5-b20e194ac47d",
  "fields": {
    "created": "2017-01-17T20:25:48.498Z",
    "modified": "2017-01-17T20:25:48.498Z",
    "deleted": null,
    "key": "automation.event.ticket_status_draft"
  }
},
{
  "model": "automation.automationactiontype",
  "pk": "130eebe1-4a8c-4cb7-b964-2be87bdc89a2",
  "fields": {
    "created": "2017-01-17T20:25:48.509Z",
    "modified": "2017-01-17T20:25:48.509Z",
    "deleted": null,
    "key": "automation.actions.send_email"
  }
},
{
  "model": "automation.automationactiontype",
  "pk": "1a7375a9-f171-4b5c-b460-90b2127e01ee",
  "fields": {
    "created": "2017-01-17T20:25:48.515Z",
    "modified": "2017-01-17T20:25:48.515Z",
    "deleted": null,
    "key": "automation.actions.ticket_request"
  }
},
{
  "model": "automation.automationactiontype",
  "pk": "725436d2-8d7c-42c2-8721-badb8938b436",
  "fields": {
    "created": "2017-01-17T20:25:48.511Z",
    "modified": "2017-01-17T20:25:48.511Z",
    "deleted": null,
    "key": "automation.actions.send_sms"
  }
},
{
  "model": "automation.automationactiontype",
  "pk": "af0f79a6-a2f8-447e-aac1-08a2ee24fbd4",
  "fields": {
    "created": "2017-01-17T20:25:48.507Z",
    "modified": "2017-01-17T20:25:48.507Z",
    "deleted": null,
    "key": "automation.actions.ticket_assignee"
  }
},
{
  "model": "automation.automationactiontype",
  "pk": "b93695eb-e7d3-41f5-be9c-e97bc54fd3c4",
  "fields": {
    "created": "2017-01-17T20:25:48.514Z",
    "modified": "2017-01-17T20:25:48.514Z",
    "deleted": null,
    "key": "automation.actions.ticket_priority"
  }
},
{
  "model": "automation.automationactiontype",
  "pk": "cef02d3c-f5a3-485e-8f05-48789af0e2fa",
  "fields": {
    "created": "2017-01-17T20:25:48.512Z",
    "modified": "2017-01-17T20:25:48.512Z",
    "deleted": null,
    "key": "automation.actions.ticket_cc"
  }
},
{
  "model": "automation.automationactiontype",
  "pk": "e115a65e-6034-484e-b975-672227cf42e0",
  "fields": {
    "created": "2017-01-17T20:25:48.517Z",
    "modified": "2017-01-17T20:25:48.517Z",
    "deleted": null,
    "key": "automation.actions.ticket_status"
  }
},
{
  "model": "automation.automationaction",
  "pk": "196c3865-41e6-400e-b38d-5eba532eb28f",
  "fields": {
    "created": "2017-01-17T20:25:48.999Z",
    "modified": "2017-01-17T20:25:48.999Z",
    "deleted": null,
    "type": "af0f79a6-a2f8-447e-aac1-08a2ee24fbd4",
    "automation": "21088a37-f7e4-4089-9bcb-f2726f52b4b7",
    "content": {
      "assignee": "041530c4-ce6c-4724-9cfd-37a16e787200"
    }
  }
},
{
  "model": "automation.automationaction",
  "pk": "2c1b1f8e-4ea6-4ebc-abae-467a8c83e88a",
  "fields": {
    "created": "2017-01-17T20:25:49.070Z",
    "modified": "2017-01-17T20:25:49.070Z",
    "deleted": null,
    "type": "130eebe1-4a8c-4cb7-b964-2be87bdc89a2",
    "automation": "562ea0f9-55a9-408a-86d8-a02b2a6574c7",
    "content": {
      "body": "bar",
      "subject": "foo",
      "recipients": [
        {
          "type": "person",
          "id": "041530c4-ce6c-4724-9cfd-37a16e787200"
        },
        {
          "type": "role",
          "id": "883964f2-ef81-4e48-b67b-3675c7577496"
        }
      ]
    }
  }
},
{
  "model": "automation.automationaction",
  "pk": "31d220b4-63c7-4563-9726-0ffc0741dff3",
  "fields": {
    "created": "2017-01-17T20:25:49.140Z",
    "modified": "2017-01-17T20:25:49.140Z",
    "deleted": null,
    "type": "725436d2-8d7c-42c2-8721-badb8938b436",
    "automation": "84291f10-a009-401c-bf06-6142690ec88c",
    "content": {
      "body": "bar",
      "recipients": [
        {
          "type": "person",
          "id": "041530c4-ce6c-4724-9cfd-37a16e787200"
        },
        {
          "type": "role",
          "id": "883964f2-ef81-4e48-b67b-3675c7577496"
        }
      ]
    }
  }
},
{
  "model": "automation.automationaction",
  "pk": "391325ac-abe4-481a-b935-e30bf4222698",
  "fields": {
    "created": "2017-01-17T20:25:49.169Z",
    "modified": "2017-01-17T20:25:49.169Z",
    "deleted": null,
    "type": "e115a65e-6034-484e-b975-672227cf42e0",
    "automation": "e90f595f-e4d3-4b5d-a112-a33f551cda30",
    "content": {
      "status": "047530c4-ce6c-4724-9cfd-37a16e787007"
    }
  }
},
{
  "model": "automation.automationaction",
  "pk": "7a17112f-8b4c-401b-a47c-9fad1afd4cce",
  "fields": {
    "created": "2017-01-17T20:25:49.251Z",
    "modified": "2017-01-17T20:25:49.251Z",
    "deleted": null,
    "type": "cef02d3c-f5a3-485e-8f05-48789af0e2fa",
    "automation": "286ce502-cec2-4eb3-a1e9-4a1c235f695a",
    "content": {
      "ccs": [
        "041530c4-ce6c-4724-9cfd-37a16e787200"
      ]
    }
  }
},
{
  "model": "automation.automationaction",
  "pk": "a2053d9b-436f-42e1-8eb5-ed8029c1cbd2",
  "fields": {
    "created": "2017-01-17T20:25:48.678Z",
    "modified": "2017-01-17T20:25:48.678Z",
    "deleted": null,
    "type": "af0f79a6-a2f8-447e-aac1-08a2ee24fbd4",
    "automation": "6472afc7-6866-4127-b074-8345d15ba6b7",
    "content": {
      "assignee": "041530c4-ce6c-4724-9cfd-37a16e787200"
    }
  }
},
{
  "model": "automation.automationaction",
  "pk": "a2cbaafa-4ada-4c86-81d9-86562ef0c1cd",
  "fields": {
    "created": "2017-01-17T20:25:48.908Z",
    "modified": "2017-01-17T20:25:48.908Z",
    "deleted": null,
    "type": "af0f79a6-a2f8-447e-aac1-08a2ee24fbd4",
    "automation": "f72b6fae-682f-4372-a164-ece070ace25f",
    "content": {
      "assignee": "041530c4-ce6c-4724-9cfd-37a16e787200"
    }
  }
},
{
  "model": "automation.automationaction",
  "pk": "b72e64c5-66b4-4895-8b3a-e845f7d2a0eb",
  "fields": {
    "created": "2017-01-17T20:25:49.183Z",
    "modified": "2017-01-17T20:25:49.183Z",
    "deleted": null,
    "type": "1a7375a9-f171-4b5c-b460-90b2127e01ee",
    "automation": "03c6bcae-bbd4-4491-b74e-c5121ee5a7ff",
    "content": {
      "request": "foo"
    }
  }
},
{
  "model": "automation.automationaction",
  "pk": "c24ad213-ac45-4894-ab52-80c65fa16036",
  "fields": {
    "created": "2017-01-17T20:25:49.155Z",
    "modified": "2017-01-17T20:25:49.155Z",
    "deleted": null,
    "type": "b93695eb-e7d3-41f5-be9c-e97bc54fd3c4",
    "automation": "380d3faf-e98a-4e58-895d-cf5975f219eb",
    "content": {
      "priority": "051530c4-ce6c-4724-9cfd-37a16e787003"
    }
  }
},
{
  "model": "automation.automationaction",
  "pk": "c5bd9a35-536f-46db-99a8-bde791c533f0",
  "fields": {
    "created": "2017-01-17T20:25:48.829Z",
    "modified": "2017-01-17T20:25:48.829Z",
    "deleted": null,
    "type": "af0f79a6-a2f8-447e-aac1-08a2ee24fbd4",
    "automation": "0ebf909a-578f-49a1-8690-7870af21cbb4",
    "content": {
      "assignee": "041530c4-ce6c-4724-9cfd-37a16e787200"
    }
  }
},
{
  "model": "automation.automationaction",
  "pk": "dee60b40-2281-4c63-bc02-e65dc0eb7484",
  "fields": {
    "created": "2017-01-17T20:25:48.752Z",
    "modified": "2017-01-17T20:25:48.752Z",
    "deleted": null,
    "type": "af0f79a6-a2f8-447e-aac1-08a2ee24fbd4",
    "automation": "b2af70fd-c34c-454d-b590-5d468116c10b",
    "content": {
      "assignee": "041530c4-ce6c-4724-9cfd-37a16e787200"
    }
  }
},
{
  "model": "automation.automationaction",
  "pk": "fcf99e2f-4f5d-4c93-9e7f-a05edfe8d371",
  "fields": {
    "created": "2017-01-17T20:25:48.599Z",
    "modified": "2017-01-17T20:25:48.599Z",
    "deleted": null,
    "type": "af0f79a6-a2f8-447e-aac1-08a2ee24fbd4",
    "automation": "5c165ead-b048-483e-a5e9-6fbc1fd1916a",
    "content": {
      "assignee": "041530c4-ce6c-4724-9cfd-37a16e787200"
    }
  }
},
{
  "model": "automation.automation",
  "pk": "03c6bcae-bbd4-4491-b74e-c5121ee5a7ff",
  "fields": {
    "created": "2017-01-17T20:25:49.178Z",
    "modified": "2017-01-17T20:25:49.305Z",
    "deleted": null,
    "tenant": "045530c4-ce6c-4724-9cfd-37a16e787001",
    "description": "Filter: None --- Action: automation.actions.ticket_request",
    "events": [
      "d754ab17-4976-4fae-a7b9-cd9c187a0485"
    ]
  }
},
{
  "model": "automation.automation",
  "pk": "0ebf909a-578f-49a1-8690-7870af21cbb4",
  "fields": {
    "created": "2017-01-17T20:25:48.768Z",
    "modified": "2017-01-17T20:25:49.272Z",
    "deleted": null,
    "tenant": "045530c4-ce6c-4724-9cfd-37a16e787001",
    "description": "Filter: admin.placeholder.state_filter_select --- Action: automation.actions.ticket_assignee",
    "events": [
      "d754ab17-4976-4fae-a7b9-cd9c187a0485"
    ]
  }
},
{
  "model": "automation.automation",
  "pk": "21088a37-f7e4-4089-9bcb-f2726f52b4b7",
  "fields": {
    "created": "2017-01-17T20:25:48.937Z",
    "modified": "2017-01-17T20:25:49.287Z",
    "deleted": null,
    "tenant": "045530c4-ce6c-4724-9cfd-37a16e787001",
    "description": "Filter: None --- Action: automation.actions.ticket_assignee",
    "events": [
      "d754ab17-4976-4fae-a7b9-cd9c187a0485"
    ]
  }
},
{
  "model": "automation.automation",
  "pk": "286ce502-cec2-4eb3-a1e9-4a1c235f695a",
  "fields": {
    "created": "2017-01-17T20:25:49.191Z",
    "modified": "2017-01-17T20:25:49.309Z",
    "deleted": null,
    "tenant": "045530c4-ce6c-4724-9cfd-37a16e787001",
    "description": "Filter: None --- Action: automation.actions.ticket_cc",
    "events": [
      "d754ab17-4976-4fae-a7b9-cd9c187a0485"
    ]
  }
},
{
  "model": "automation.automation",
  "pk": "380d3faf-e98a-4e58-895d-cf5975f219eb",
  "fields": {
    "created": "2017-01-17T20:25:49.149Z",
    "modified": "2017-01-17T20:25:49.301Z",
    "deleted": null,
    "tenant": "045530c4-ce6c-4724-9cfd-37a16e787001",
    "description": "Filter: None --- Action: automation.actions.ticket_priority",
    "events": [
      "d754ab17-4976-4fae-a7b9-cd9c187a0485"
    ]
  }
},
{
  "model": "automation.automation",
  "pk": "562ea0f9-55a9-408a-86d8-a02b2a6574c7",
  "fields": {
    "created": "2017-01-17T20:25:49.008Z",
    "modified": "2017-01-17T20:25:49.278Z",
    "deleted": null,
    "tenant": "045530c4-ce6c-4724-9cfd-37a16e787001",
    "description": "Filter: None --- Action: automation.actions.send_email",
    "events": [
      "d754ab17-4976-4fae-a7b9-cd9c187a0485"
    ]
  }
},
{
  "model": "automation.automation",
  "pk": "5c165ead-b048-483e-a5e9-6fbc1fd1916a",
  "fields": {
    "created": "2017-01-17T20:25:48.528Z",
    "modified": "2017-01-17T20:25:49.267Z",
    "deleted": null,
    "tenant": "045530c4-ce6c-4724-9cfd-37a16e787001",
    "description": "Filter: admin.placeholder.priority_filter_select --- Action: automation.actions.ticket_assignee",
    "events": [
      "d754ab17-4976-4fae-a7b9-cd9c187a0485"
    ]
  }
},
{
  "model": "automation.automation",
  "pk": "6472afc7-6866-4127-b074-8345d15ba6b7",
  "fields": {
    "created": "2017-01-17T20:25:48.613Z",
    "modified": "2017-01-17T20:25:49.257Z",
    "deleted": null,
    "tenant": "045530c4-ce6c-4724-9cfd-37a16e787001",
    "description": "Filter: admin.placeholder.category_filter_select --- Action: automation.actions.ticket_assignee",
    "events": [
      "d754ab17-4976-4fae-a7b9-cd9c187a0485"
    ]
  }
},
{
  "model": "automation.automation",
  "pk": "84291f10-a009-401c-bf06-6142690ec88c",
  "fields": {
    "created": "2017-01-17T20:25:49.079Z",
    "modified": "2017-01-17T20:25:49.291Z",
    "deleted": null,
    "tenant": "045530c4-ce6c-4724-9cfd-37a16e787001",
    "description": "Filter: None --- Action: automation.actions.send_sms",
    "events": [
      "d754ab17-4976-4fae-a7b9-cd9c187a0485"
    ]
  }
},
{
  "model": "automation.automation",
  "pk": "b2af70fd-c34c-454d-b590-5d468116c10b",
  "fields": {
    "created": "2017-01-17T20:25:48.691Z",
    "modified": "2017-01-17T20:25:49.296Z",
    "deleted": null,
    "tenant": "045530c4-ce6c-4724-9cfd-37a16e787001",
    "description": "Filter: None --- Action: automation.actions.ticket_assignee",
    "events": [
      "d754ab17-4976-4fae-a7b9-cd9c187a0485"
    ]
  }
},
{
  "model": "automation.automation",
  "pk": "e90f595f-e4d3-4b5d-a112-a33f551cda30",
  "fields": {
    "created": "2017-01-17T20:25:49.163Z",
    "modified": "2017-01-17T20:25:49.283Z",
    "deleted": null,
    "tenant": "045530c4-ce6c-4724-9cfd-37a16e787001",
    "description": "Filter: None --- Action: automation.actions.ticket_status",
    "events": [
      "d754ab17-4976-4fae-a7b9-cd9c187a0485"
    ]
  }
},
{
  "model": "automation.automation",
  "pk": "f72b6fae-682f-4372-a164-ece070ace25f",
  "fields": {
    "created": "2017-01-17T20:25:48.846Z",
    "modified": "2017-01-17T20:25:49.262Z",
    "deleted": null,
    "tenant": "045530c4-ce6c-4724-9cfd-37a16e787001",
    "description": "Filter: admin.placeholder.country_filter_select --- Action: automation.actions.ticket_assignee",
    "events": [
      "d754ab17-4976-4fae-a7b9-cd9c187a0485"
    ]
  }
},
{
  "model": "automation.automationfiltertype",
  "pk": "34acb48b-9f69-444f-9b2d-656b8a01d485",
  "fields": {
    "created": "2017-01-17T20:25:48.603Z",
    "modified": "2017-01-17T20:25:48.603Z",
    "deleted": null,
    "key": "admin.placeholder.priority_filter_select",
    "context": "ticket.ticket",
    "field": "priority",
    "lookups": {}
  }
},
{
  "model": "automation.automationfiltertype",
  "pk": "3f74cc19-5ec0-4fc9-a72d-a4d0028c7984",
  "fields": {
    "created": "2017-01-17T20:25:48.758Z",
    "modified": "2017-01-17T20:25:48.758Z",
    "deleted": null,
    "key": "",
    "context": "ticket.ticket",
    "field": "location",
    "lookups": {
      "filters": "location_level"
    }
  }
},
{
  "model": "automation.automationfiltertype",
  "pk": "91ad363a-61f6-4893-8317-4d0da6b7fb72",
  "fields": {
    "created": "2017-01-17T20:25:48.681Z",
    "modified": "2017-01-17T20:25:48.681Z",
    "deleted": null,
    "key": "admin.placeholder.category_filter_select",
    "context": "ticket.ticket",
    "field": "categories",
    "lookups": {}
  }
},
{
  "model": "automation.automationfiltertype",
  "pk": "a1876c85-d611-4e6f-80cb-39dceded206e",
  "fields": {
    "created": "2017-01-17T20:25:48.836Z",
    "modified": "2017-01-17T20:25:48.836Z",
    "deleted": null,
    "key": "admin.placeholder.state_filter_select",
    "context": "ticket.ticket",
    "field": "state",
    "lookups": {}
  }
},
{
  "model": "automation.automationfiltertype",
  "pk": "cdce3ba6-86e5-423f-a49d-f1c8b08ea809",
  "fields": {
    "created": "2017-01-17T20:25:48.912Z",
    "modified": "2017-01-17T20:25:48.912Z",
    "deleted": null,
    "key": "admin.placeholder.country_filter_select",
    "context": "ticket.ticket",
    "field": "country",
    "lookups": {}
  }
},
{
  "model": "automation.automationfilter",
  "pk": "7ca96a5f-c7af-4ea8-a550-e7665ae15f2c",
  "fields": {
    "created": "2017-01-17T20:25:48.837Z",
    "modified": "2017-01-17T20:25:48.837Z",
    "deleted": null,
    "automation": "0ebf909a-578f-49a1-8690-7870af21cbb4",
    "source": "a1876c85-d611-4e6f-80cb-39dceded206e",
    "lookups": {},
    "criteria": [
      "2f193a90-a270-48b7-8752-b4c5ad19156c"
    ]
  }
},
{
  "model": "automation.automationfilter",
  "pk": "9330a095-b428-4135-8c86-f13351b38374",
  "fields": {
    "created": "2017-01-17T20:25:48.604Z",
    "modified": "2017-01-17T20:25:48.604Z",
    "deleted": null,
    "automation": "5c165ead-b048-483e-a5e9-6fbc1fd1916a",
    "source": "34acb48b-9f69-444f-9b2d-656b8a01d485",
    "lookups": {},
    "criteria": [
      "051530c4-ce6c-4724-9cfd-37a16e787003"
    ]
  }
},
{
  "model": "automation.automationfilter",
  "pk": "95a49cac-a95a-472f-8269-ca529bbb8cd6",
  "fields": {
    "created": "2017-01-17T20:25:48.682Z",
    "modified": "2017-01-17T20:25:48.683Z",
    "deleted": null,
    "automation": "6472afc7-6866-4127-b074-8345d15ba6b7",
    "source": "91ad363a-61f6-4893-8317-4d0da6b7fb72",
    "lookups": {},
    "criteria": [
      "024530c4-ce6c-4724-9cfd-37a16e787001"
    ]
  }
},
{
  "model": "automation.automationfilter",
  "pk": "aa7bd2dc-d43a-4da9-8d54-f8a45157c26f",
  "fields": {
    "created": "2017-01-17T20:25:48.759Z",
    "modified": "2017-01-17T20:25:48.760Z",
    "deleted": null,
    "automation": "b2af70fd-c34c-454d-b590-5d468116c10b",
    "source": "3f74cc19-5ec0-4fc9-a72d-a4d0028c7984",
    "lookups": {
      "id": "9eef4a24-eece-46ac-bceb-ece40e40d521",
      "filters": "location_level",
      "name": "Company"
    },
    "criteria": [
      "4c7dc0d9-5f41-425e-acfa-aa2f13fda1c7"
    ]
  }
},
{
  "model": "automation.automationfilter",
  "pk": "b2a349c8-d358-48a0-942d-8a31dc9649c6",
  "fields": {
    "created": "2017-01-17T20:25:48.913Z",
    "modified": "2017-01-17T20:25:48.913Z",
    "deleted": null,
    "automation": "f72b6fae-682f-4372-a164-ece070ace25f",
    "source": "cdce3ba6-86e5-423f-a49d-f1c8b08ea809",
    "lookups": {},
    "criteria": [
      "61760373-0b13-4a1e-8abe-8166ca841e01"
    ]
  }
}
]
