[
{
  "model": "automation.automationevent",
  "pk": "1e785a36-4291-4d93-8628-c124d6af2142",
  "fields": {
    "created": "2016-10-26T16:11:58.359Z",
    "modified": "2016-10-26T16:11:58.359Z",
    "deleted": null,
    "key": "automation.event.ticket_status_pending"
  }
},
{
  "model": "automation.automationevent",
  "pk": "2bff6a10-31c5-49cd-ab96-6d4a4d9e2204",
  "fields": {
    "created": "2016-10-26T16:11:58.352Z",
    "modified": "2016-10-26T16:11:58.352Z",
    "deleted": null,
    "key": "automation.event.ticket_status_deferred"
  }
},
{
  "model": "automation.automationevent",
  "pk": "2e825c70-8c5b-4b49-b7b1-551f8d984818",
  "fields": {
    "created": "2016-10-26T16:11:58.340Z",
    "modified": "2016-10-26T16:11:58.340Z",
    "deleted": null,
    "key": "automation.event.ticket_attachment_add"
  }
},
{
  "model": "automation.automationevent",
  "pk": "3f8d3283-5430-4c06-948b-940c79f2629e",
  "fields": {
    "created": "2016-10-26T16:11:58.354Z",
    "modified": "2016-10-26T16:11:58.354Z",
    "deleted": null,
    "key": "automation.event.ticket_status_denied"
  }
},
{
  "model": "automation.automationevent",
  "pk": "4b220f23-58fc-4576-9d96-1cc21d17d3f1",
  "fields": {
    "created": "2016-10-26T16:11:58.345Z",
    "modified": "2016-10-26T16:11:58.345Z",
    "deleted": null,
    "key": "automation.event.ticket_comment"
  }
},
{
  "model": "automation.automationevent",
  "pk": "66677dc4-7025-4d76-bc9d-2676bf1da2b2",
  "fields": {
    "created": "2016-10-26T16:11:58.346Z",
    "modified": "2016-10-26T16:11:58.346Z",
    "deleted": null,
    "key": "automation.event.ticket_location_change"
  }
},
{
  "model": "automation.automationevent",
  "pk": "68279871-65ec-4cdf-b229-68261579e1bf",
  "fields": {
    "created": "2016-10-26T16:11:58.360Z",
    "modified": "2016-10-26T16:11:58.360Z",
    "deleted": null,
    "key": "automation.event.ticket_status_unsatisfactory"
  }
},
{
  "model": "automation.automationevent",
  "pk": "7dba69ba-51dd-46f3-a9db-9a73b698fe73",
  "fields": {
    "created": "2016-10-26T16:11:58.357Z",
    "modified": "2016-10-26T16:11:58.357Z",
    "deleted": null,
    "key": "automation.event.ticket_status_new"
  }
},
{
  "model": "automation.automationevent",
  "pk": "9f78b25d-8385-4bd3-9cc5-d1aadf0d6d01",
  "fields": {
    "created": "2016-10-26T16:11:58.343Z",
    "modified": "2016-10-26T16:11:58.343Z",
    "deleted": null,
    "key": "automation.event.ticket_cc_add"
  }
},
{
  "model": "automation.automationevent",
  "pk": "ab9bf177-ffb2-4aff-b0d0-6fc88a334569",
  "fields": {
    "created": "2016-10-26T16:11:58.351Z",
    "modified": "2016-10-26T16:11:58.351Z",
    "deleted": null,
    "key": "automation.event.ticket_status_complete"
  }
},
{
  "model": "automation.automationevent",
  "pk": "b310abf1-ffc6-4e0c-960d-e23e22949d81",
  "fields": {
    "created": "2016-10-26T16:11:58.335Z",
    "modified": "2016-10-26T16:11:58.335Z",
    "deleted": null,
    "key": "automation.event.ticket_assignee_change"
  }
},
{
  "model": "automation.automationevent",
  "pk": "be62446c-7215-421f-9960-9b6b24506480",
  "fields": {
    "created": "2016-10-26T16:11:58.349Z",
    "modified": "2016-10-26T16:11:58.349Z",
    "deleted": null,
    "key": "automation.event.ticket_status_cancelled"
  }
},
{
  "model": "automation.automationevent",
  "pk": "c017c0d3-c64d-4e09-b908-c02729b815e7",
  "fields": {
    "created": "2016-10-26T16:11:58.355Z",
    "modified": "2016-10-26T16:11:58.355Z",
    "deleted": null,
    "key": "automation.event.ticket_status_in_progress"
  }
},
{
  "model": "automation.automationevent",
  "pk": "fc0b80c0-edf5-470e-89dd-69383c6bba4b",
  "fields": {
    "created": "2016-10-26T16:11:58.348Z",
    "modified": "2016-10-26T16:11:58.348Z",
    "deleted": null,
    "key": "automation.event.ticket_priority_change"
  }
},
{
  "model": "automation.automationevent",
  "pk": "fea50791-c062-49c8-9b8f-6e06557ed8ce",
  "fields": {
    "created": "2016-10-26T16:11:58.342Z",
    "modified": "2016-10-26T16:11:58.342Z",
    "deleted": null,
    "key": "automation.event.ticket_category_change"
  }
},
{
  "model": "automation.automationactiontype",
  "pk": "6900640b-5164-4037-add5-97c5eae3f1f1",
  "fields": {
    "created": "2016-10-26T16:11:58.364Z",
    "modified": "2016-10-26T16:11:58.364Z",
    "deleted": null,
    "key": "automation.actions.send_email"
  }
},
{
  "model": "automation.automationactiontype",
  "pk": "6f605de4-ddb3-4aeb-a357-f5e70c53a3fa",
  "fields": {
    "created": "2016-10-26T16:11:58.372Z",
    "modified": "2016-10-26T16:11:58.372Z",
    "deleted": null,
    "key": "automation.actions.ticket_status"
  }
},
{
  "model": "automation.automationactiontype",
  "pk": "771059b5-d104-4ef4-86f9-8934243966d9",
  "fields": {
    "created": "2016-10-26T16:11:58.368Z",
    "modified": "2016-10-26T16:11:58.368Z",
    "deleted": null,
    "key": "automation.actions.ticket_priority"
  }
},
{
  "model": "automation.automationactiontype",
  "pk": "b72056a9-4520-4319-b122-30be25e96578",
  "fields": {
    "created": "2016-10-26T16:11:58.362Z",
    "modified": "2016-10-26T16:11:58.362Z",
    "deleted": null,
    "key": "automation.actions.ticket_assignee"
  }
},
{
  "model": "automation.automationactiontype",
  "pk": "c446379a-d53c-42b6-89df-cd7f94c2b3a6",
  "fields": {
    "created": "2016-10-26T16:11:58.370Z",
    "modified": "2016-10-26T16:11:58.370Z",
    "deleted": null,
    "key": "automation.actions.ticket_request"
  }
},
{
  "model": "automation.automationactiontype",
  "pk": "dae71ba1-f728-4174-971d-d9ac01918297",
  "fields": {
    "created": "2016-10-26T16:11:58.365Z",
    "modified": "2016-10-26T16:11:58.365Z",
    "deleted": null,
    "key": "automation.actions.send_sms"
  }
},
{
  "model": "automation.automationactiontype",
  "pk": "ee15fcfd-5cdc-4a92-9711-e30f4584987e",
  "fields": {
    "created": "2016-10-26T16:11:58.367Z",
    "modified": "2016-10-26T16:11:58.367Z",
    "deleted": null,
    "key": "automation.actions.ticket_cc"
  }
},
{
  "model": "automation.automationaction",
  "pk": "0ed35c9c-5b27-4de3-8c8a-e9851adc7050",
  "fields": {
    "created": "2016-10-26T16:11:58.940Z",
    "modified": "2016-10-26T16:11:58.940Z",
    "deleted": null,
    "type": "771059b5-d104-4ef4-86f9-8934243966d9",
    "automation": "689a606a-9496-4caf-99da-cdac45348415",
    "content": {
      "priority": "050530c4-ce6c-4724-9cfd-37a16e787003"
    }
  }
},
{
  "model": "automation.automationaction",
  "pk": "277d5a68-d2e9-4c82-afe6-7a79add808e0",
  "fields": {
    "created": "2016-10-26T16:11:58.718Z",
    "modified": "2016-10-26T16:11:58.718Z",
    "deleted": null,
    "type": "b72056a9-4520-4319-b122-30be25e96578",
    "automation": "3c1b7af5-6592-45ec-bd8e-10eee44d431d",
    "content": {
      "assignee": "042530c4-ce6c-4724-9cfd-37a16e787150"
    }
  }
},
{
  "model": "automation.automationaction",
  "pk": "29d14971-83a2-4db4-a15f-cdab4c6240c2",
  "fields": {
    "created": "2016-10-26T16:11:58.800Z",
    "modified": "2016-10-26T16:11:58.800Z",
    "deleted": null,
    "type": "b72056a9-4520-4319-b122-30be25e96578",
    "automation": "037d5296-2ecd-4b3a-926d-6886d6f8e63f",
    "content": {
      "assignee": "042530c4-ce6c-4724-9cfd-37a16e787111"
    }
  }
},
{
  "model": "automation.automationaction",
  "pk": "30f81ed6-239c-42f4-a69a-16839e1fd4ea",
  "fields": {
    "created": "2016-10-26T16:11:58.925Z",
    "modified": "2016-10-26T16:11:58.925Z",
    "deleted": null,
    "type": "dae71ba1-f728-4174-971d-d9ac01918297",
    "automation": "d4bdf47e-313c-4ee2-9fa3-fe076e6797fe",
    "content": {
      "recipients": [
        {
          "id": "042530c4-ce6c-4724-9cfd-37a16e787031",
          "type": "person"
        },
        {
          "id": "71e9987f-add9-4c4a-8c81-07e8026b909d",
          "type": "role"
        }
      ],
      "body": "bar"
    }
  }
},
{
  "model": "automation.automationaction",
  "pk": "373d49ca-2a85-477c-9cf5-e8000afc0223",
  "fields": {
    "created": "2016-10-26T16:11:58.580Z",
    "modified": "2016-10-26T16:11:58.580Z",
    "deleted": null,
    "type": "b72056a9-4520-4319-b122-30be25e96578",
    "automation": "c33fdbc0-9688-4f9b-9fd3-b4e9035c76bb",
    "content": {
      "assignee": "042530c4-ce6c-4724-9cfd-37a16e787116"
    }
  }
},
{
  "model": "automation.automationaction",
  "pk": "39fd13c7-1e54-484a-bcb2-c1ad72cb76eb",
  "fields": {
    "created": "2016-10-26T16:11:58.955Z",
    "modified": "2016-10-26T16:11:58.955Z",
    "deleted": null,
    "type": "6f605de4-ddb3-4aeb-a357-f5e70c53a3fa",
    "automation": "5cf54c38-03c4-4cd2-bd46-da3b29b5370d",
    "content": {
      "status": "051530c4-ce6c-4724-9cfd-37a16e787001"
    }
  }
},
{
  "model": "automation.automationaction",
  "pk": "51e84f21-cee6-4985-8d2e-19c58e610824",
  "fields": {
    "created": "2016-10-26T16:11:58.863Z",
    "modified": "2016-10-26T16:11:58.863Z",
    "deleted": null,
    "type": "6900640b-5164-4037-add5-97c5eae3f1f1",
    "automation": "c7e220fc-f217-45c3-9a36-60723631911e",
    "content": {
      "subject": "foo",
      "body": "bar",
      "recipients": [
        {
          "id": "042530c4-ce6c-4724-9cfd-37a16e787026",
          "type": "person"
        },
        {
          "id": "02b1f832-9f42-4506-b539-27ab2fbc88bf",
          "type": "role"
        }
      ]
    }
  }
},
{
  "model": "automation.automationaction",
  "pk": "80ae7dd0-78ea-48fe-8c84-8f268554dfc9",
  "fields": {
    "created": "2016-10-26T16:11:58.648Z",
    "modified": "2016-10-26T16:11:58.648Z",
    "deleted": null,
    "type": "b72056a9-4520-4319-b122-30be25e96578",
    "automation": "7f60f5bf-5005-4553-b5cf-10df56ddddb6",
    "content": {
      "assignee": "042530c4-ce6c-4724-9cfd-37a16e787160"
    }
  }
},
{
  "model": "automation.automationaction",
  "pk": "86134c51-8d3d-4e8e-a9a1-f8a57dfc84f6",
  "fields": {
    "created": "2016-10-26T16:11:58.513Z",
    "modified": "2016-10-26T16:11:58.513Z",
    "deleted": null,
    "type": "b72056a9-4520-4319-b122-30be25e96578",
    "automation": "f6575bd5-144b-4eb5-9772-1b3ee7f2a97d",
    "content": {
      "assignee": "042530c4-ce6c-4724-9cfd-37a16e787167"
    }
  }
},
{
  "model": "automation.automationaction",
  "pk": "be09ce2b-543d-46fc-ad39-5f5015e200a7",
  "fields": {
    "created": "2016-10-26T16:11:59.031Z",
    "modified": "2016-10-26T16:11:59.031Z",
    "deleted": null,
    "type": "ee15fcfd-5cdc-4a92-9711-e30f4584987e",
    "automation": "dc4b9c37-898b-4c5d-a628-82666d96c027",
    "content": {
      "ccs": [
        "042530c4-ce6c-4724-9cfd-37a16e787133"
      ]
    }
  }
},
{
  "model": "automation.automationaction",
  "pk": "bef5d01d-43b7-4c64-9df4-b98b2122acb8",
  "fields": {
    "created": "2016-10-26T16:11:58.445Z",
    "modified": "2016-10-26T16:11:58.445Z",
    "deleted": null,
    "type": "b72056a9-4520-4319-b122-30be25e96578",
    "automation": "5c6a7cd8-488e-48bb-8610-af3d2ce9b559",
    "content": {
      "assignee": "042530c4-ce6c-4724-9cfd-37a16e787043"
    }
  }
},
{
  "model": "automation.automationaction",
  "pk": "ef643c39-2bcf-4538-9788-b9371ab5247d",
  "fields": {
    "created": "2016-10-26T16:11:58.968Z",
    "modified": "2016-10-26T16:11:58.968Z",
    "deleted": null,
    "type": "c446379a-d53c-42b6-89df-cd7f94c2b3a6",
    "automation": "9eac4c87-656f-4d57-a2e8-18ee498ae919",
    "content": {
      "request": "foo"
    }
  }
},
{
  "model": "automation.automation",
  "pk": "037d5296-2ecd-4b3a-926d-6886d6f8e63f",
  "fields": {
    "created": "2016-10-26T16:11:58.747Z",
    "modified": "2016-10-26T16:11:58.747Z",
    "deleted": null,
    "tenant": "037530c4-ce6c-4724-9cfd-37a16e787001",
    "description": "ligula",
    "events": [
      "7dba69ba-51dd-46f3-a9db-9a73b698fe73"
    ]
  }
},
{
  "model": "automation.automation",
  "pk": "3c1b7af5-6592-45ec-bd8e-10eee44d431d",
  "fields": {
    "created": "2016-10-26T16:11:58.665Z",
    "modified": "2016-10-26T16:11:58.732Z",
    "deleted": null,
    "tenant": "037530c4-ce6c-4724-9cfd-37a16e787001",
    "description": "admin.placeholder.country_filter_select",
    "events": [
      "7dba69ba-51dd-46f3-a9db-9a73b698fe73"
    ]
  }
},
{
  "model": "automation.automation",
  "pk": "5c6a7cd8-488e-48bb-8610-af3d2ce9b559",
  "fields": {
    "created": "2016-10-26T16:11:58.383Z",
    "modified": "2016-10-26T16:11:58.730Z",
    "deleted": null,
    "tenant": "037530c4-ce6c-4724-9cfd-37a16e787001",
    "description": "admin.placeholder.priority_filter_select",
    "events": [
      "7dba69ba-51dd-46f3-a9db-9a73b698fe73"
    ]
  }
},
{
  "model": "automation.automation",
  "pk": "5cf54c38-03c4-4cd2-bd46-da3b29b5370d",
  "fields": {
    "created": "2016-10-26T16:11:58.949Z",
    "modified": "2016-10-26T16:11:58.949Z",
    "deleted": null,
    "tenant": "037530c4-ce6c-4724-9cfd-37a16e787001",
    "description": "varius",
    "events": [
      "7dba69ba-51dd-46f3-a9db-9a73b698fe73"
    ]
  }
},
{
  "model": "automation.automation",
  "pk": "689a606a-9496-4caf-99da-cdac45348415",
  "fields": {
    "created": "2016-10-26T16:11:58.934Z",
    "modified": "2016-10-26T16:11:58.934Z",
    "deleted": null,
    "tenant": "037530c4-ce6c-4724-9cfd-37a16e787001",
    "description": "lobortis",
    "events": [
      "7dba69ba-51dd-46f3-a9db-9a73b698fe73"
    ]
  }
},
{
  "model": "automation.automation",
  "pk": "7f60f5bf-5005-4553-b5cf-10df56ddddb6",
  "fields": {
    "created": "2016-10-26T16:11:58.596Z",
    "modified": "2016-10-26T16:11:58.738Z",
    "deleted": null,
    "tenant": "037530c4-ce6c-4724-9cfd-37a16e787001",
    "description": "admin.placeholder.state_filter_select",
    "events": [
      "7dba69ba-51dd-46f3-a9db-9a73b698fe73"
    ]
  }
},
{
  "model": "automation.automation",
  "pk": "9eac4c87-656f-4d57-a2e8-18ee498ae919",
  "fields": {
    "created": "2016-10-26T16:11:58.963Z",
    "modified": "2016-10-26T16:11:58.963Z",
    "deleted": null,
    "tenant": "037530c4-ce6c-4724-9cfd-37a16e787001",
    "description": "feugiat",
    "events": [
      "7dba69ba-51dd-46f3-a9db-9a73b698fe73"
    ]
  }
},
{
  "model": "automation.automation",
  "pk": "c33fdbc0-9688-4f9b-9fd3-b4e9035c76bb",
  "fields": {
    "created": "2016-10-26T16:11:58.526Z",
    "modified": "2016-10-26T16:11:58.727Z",
    "deleted": null,
    "tenant": "037530c4-ce6c-4724-9cfd-37a16e787001",
    "description": "location",
    "events": [
      "7dba69ba-51dd-46f3-a9db-9a73b698fe73"
    ]
  }
},
{
  "model": "automation.automation",
  "pk": "c7e220fc-f217-45c3-9a36-60723631911e",
  "fields": {
    "created": "2016-10-26T16:11:58.808Z",
    "modified": "2016-10-26T16:11:58.808Z",
    "deleted": null,
    "tenant": "037530c4-ce6c-4724-9cfd-37a16e787001",
    "description": "gravida",
    "events": [
      "7dba69ba-51dd-46f3-a9db-9a73b698fe73"
    ]
  }
},
{
  "model": "automation.automation",
  "pk": "d4bdf47e-313c-4ee2-9fa3-fe076e6797fe",
  "fields": {
    "created": "2016-10-26T16:11:58.872Z",
    "modified": "2016-10-26T16:11:58.872Z",
    "deleted": null,
    "tenant": "037530c4-ce6c-4724-9cfd-37a16e787001",
    "description": "placerat",
    "events": [
      "7dba69ba-51dd-46f3-a9db-9a73b698fe73"
    ]
  }
},
{
  "model": "automation.automation",
  "pk": "dc4b9c37-898b-4c5d-a628-82666d96c027",
  "fields": {
    "created": "2016-10-26T16:11:58.976Z",
    "modified": "2016-10-26T16:11:58.976Z",
    "deleted": null,
    "tenant": "037530c4-ce6c-4724-9cfd-37a16e787001",
    "description": "euismod",
    "events": [
      "7dba69ba-51dd-46f3-a9db-9a73b698fe73"
    ]
  }
},
{
  "model": "automation.automation",
  "pk": "f6575bd5-144b-4eb5-9772-1b3ee7f2a97d",
  "fields": {
    "created": "2016-10-26T16:11:58.460Z",
    "modified": "2016-10-26T16:11:58.735Z",
    "deleted": null,
    "tenant": "037530c4-ce6c-4724-9cfd-37a16e787001",
    "description": "admin.placeholder.category_filter_select",
    "events": [
      "7dba69ba-51dd-46f3-a9db-9a73b698fe73"
    ]
  }
},
{
  "model": "automation.automationfiltertype",
  "pk": "2cd8ecd9-efce-40a9-beba-9d37609008f1",
  "fields": {
    "created": "2016-10-26T16:11:58.586Z",
    "modified": "2016-10-26T16:11:58.586Z",
    "deleted": null,
    "key": "",
    "context": "ticket.ticket",
    "field": "location",
    "lookups": {
      "filters": "location_level"
    }
  }
},
{
  "model": "automation.automationfiltertype",
  "pk": "5adf576d-2e9b-4e94-bdee-56bc85f7c364",
  "fields": {
    "created": "2016-10-26T16:11:58.655Z",
    "modified": "2016-10-26T16:11:58.655Z",
    "deleted": null,
    "key": "admin.placeholder.state_filter_select",
    "context": "ticket.ticket",
    "field": "state",
    "lookups": {}
  }
},
{
  "model": "automation.automationfiltertype",
  "pk": "757418c8-77ea-43b3-97ac-fa7fecf5564f",
  "fields": {
    "created": "2016-10-26T16:11:58.722Z",
    "modified": "2016-10-26T16:11:58.722Z",
    "deleted": null,
    "key": "admin.placeholder.country_filter_select",
    "context": "ticket.ticket",
    "field": "country",
    "lookups": {}
  }
},
{
  "model": "automation.automationfiltertype",
  "pk": "f6820c9c-8a24-4a74-bb8e-b6cc96402faf",
  "fields": {
    "created": "2016-10-26T16:11:58.449Z",
    "modified": "2016-10-26T16:11:58.449Z",
    "deleted": null,
    "key": "admin.placeholder.priority_filter_select",
    "context": "ticket.ticket",
    "field": "priority",
    "lookups": {}
  }
},
{
  "model": "automation.automationfiltertype",
  "pk": "fdcc85d7-ef03-4340-adb5-2257626a24c3",
  "fields": {
    "created": "2016-10-26T16:11:58.516Z",
    "modified": "2016-10-26T16:11:58.516Z",
    "deleted": null,
    "key": "admin.placeholder.category_filter_select",
    "context": "ticket.ticket",
    "field": "categories",
    "lookups": {}
  }
},
{
  "model": "automation.automationfilter",
  "pk": "2691c383-de47-4f87-b395-9322bd3fd3d9",
  "fields": {
    "created": "2016-10-26T16:11:58.587Z",
    "modified": "2016-10-26T16:11:58.587Z",
    "deleted": null,
    "automation": "c33fdbc0-9688-4f9b-9fd3-b4e9035c76bb",
    "source": "2cd8ecd9-efce-40a9-beba-9d37609008f1",
    "lookups": {
      "id": "8d5e7e28-09aa-4bbe-b69b-ea8de7214c7e",
      "filters": "location_level",
      "name": "Company"
    },
    "criteria": [
      "a1a6310d-c8a0-4a8e-923a-81cb6e1ff2bc"
    ]
  }
},
{
  "model": "automation.automationfilter",
  "pk": "6f0fdd88-89f5-4443-9c13-4560fbc000dd",
  "fields": {
    "created": "2016-10-26T16:11:58.451Z",
    "modified": "2016-10-26T16:11:58.451Z",
    "deleted": null,
    "automation": "5c6a7cd8-488e-48bb-8610-af3d2ce9b559",
    "source": "f6820c9c-8a24-4a74-bb8e-b6cc96402faf",
    "lookups": {},
    "criteria": [
      "050530c4-ce6c-4724-9cfd-37a16e787003"
    ]
  }
},
{
  "model": "automation.automationfilter",
  "pk": "6f8a82d0-202d-48df-be2c-c9fbd6f7ea1d",
  "fields": {
    "created": "2016-10-26T16:11:58.723Z",
    "modified": "2016-10-26T16:11:58.723Z",
    "deleted": null,
    "automation": "3c1b7af5-6592-45ec-bd8e-10eee44d431d",
    "source": "757418c8-77ea-43b3-97ac-fa7fecf5564f",
    "lookups": {},
    "criteria": [
      "61760373-0b13-4a1e-8abe-8166ca841e01"
    ]
  }
},
{
  "model": "automation.automationfilter",
  "pk": "d2489323-29f8-4fbf-bed6-c4eebfd2a5e7",
  "fields": {
    "created": "2016-10-26T16:11:58.517Z",
    "modified": "2016-10-26T16:11:58.517Z",
    "deleted": null,
    "automation": "f6575bd5-144b-4eb5-9772-1b3ee7f2a97d",
    "source": "fdcc85d7-ef03-4340-adb5-2257626a24c3",
    "lookups": {},
    "criteria": [
      "025530c4-ce6c-4724-9cfd-37a16e787001"
    ]
  }
},
{
  "model": "automation.automationfilter",
  "pk": "dc070503-f850-4cac-a410-c3d5fd976f05",
  "fields": {
    "created": "2016-10-26T16:11:58.656Z",
    "modified": "2016-10-26T16:11:58.656Z",
    "deleted": null,
    "automation": "7f60f5bf-5005-4553-b5cf-10df56ddddb6",
    "source": "5adf576d-2e9b-4e94-bdee-56bc85f7c364",
    "lookups": {},
    "criteria": [
      "2f193a90-a270-48b7-8752-b4c5ad19156c"
    ]
  }
}
]
