[
{
  "model": "automation.automationevent",
  "pk": "01c5341e-4282-4e2b-b4b8-720823d8be1a",
  "fields": {
    "created": "2016-11-21T17:56:57.979Z",
    "modified": "2016-11-21T17:56:57.979Z",
    "deleted": null,
    "key": "automation.event.ticket_status_deferred"
  }
},
{
  "model": "automation.automationevent",
  "pk": "257f602f-c46c-444f-ae8b-8e4a5047b24e",
  "fields": {
    "created": "2016-11-21T17:56:57.975Z",
    "modified": "2016-11-21T17:56:57.975Z",
    "deleted": null,
    "key": "automation.event.ticket_status_cancelled"
  }
},
{
  "model": "automation.automationevent",
  "pk": "26ad4779-a482-4b0d-b0bb-168f50774fc7",
  "fields": {
    "created": "2016-11-21T17:56:57.988Z",
    "modified": "2016-11-21T17:56:57.988Z",
    "deleted": null,
    "key": "automation.event.ticket_status_unsatisfactory"
  }
},
{
  "model": "automation.automationevent",
  "pk": "3eca337e-ca1d-4767-a6a6-b275b38a5865",
  "fields": {
    "created": "2016-11-21T17:56:57.966Z",
    "modified": "2016-11-21T17:56:57.966Z",
    "deleted": null,
    "key": "automation.event.ticket_priority_change"
  }
},
{
  "model": "automation.automationevent",
  "pk": "4482b494-c233-44b5-9e71-0144bd3c6721",
  "fields": {
    "created": "2016-11-21T17:56:57.939Z",
    "modified": "2016-11-21T17:56:57.939Z",
    "deleted": null,
    "key": "automation.event.ticket_assignee_change"
  }
},
{
  "model": "automation.automationevent",
  "pk": "5667ec50-f34c-44d5-9d9f-a91bb445e221",
  "fields": {
    "created": "2016-11-21T17:56:57.944Z",
    "modified": "2016-11-21T17:56:57.944Z",
    "deleted": null,
    "key": "automation.event.ticket_attachment_add"
  }
},
{
  "model": "automation.automationevent",
  "pk": "613095ca-de7e-4b60-a01c-36a696fa05ba",
  "fields": {
    "created": "2016-11-21T17:56:57.957Z",
    "modified": "2016-11-21T17:56:57.957Z",
    "deleted": null,
    "key": "automation.event.ticket_location_change"
  }
},
{
  "model": "automation.automationevent",
  "pk": "65c1db78-dbc9-4ce8-9c11-2b3b250e2a35",
  "fields": {
    "created": "2016-11-21T17:56:57.949Z",
    "modified": "2016-11-21T17:56:57.949Z",
    "deleted": null,
    "key": "automation.event.ticket_comment"
  }
},
{
  "model": "automation.automationevent",
  "pk": "681df3f7-f256-4a08-8d66-ae08b8d6dd59",
  "fields": {
    "created": "2016-11-21T17:56:57.977Z",
    "modified": "2016-11-21T17:56:57.977Z",
    "deleted": null,
    "key": "automation.event.ticket_status_complete"
  }
},
{
  "model": "automation.automationevent",
  "pk": "6c2b6277-e17c-47a9-9bc4-5057cbe1893a",
  "fields": {
    "created": "2016-11-21T17:56:57.947Z",
    "modified": "2016-11-21T17:56:57.947Z",
    "deleted": null,
    "key": "automation.event.ticket_cc_add"
  }
},
{
  "model": "automation.automationevent",
  "pk": "832fe252-af57-4f4e-b271-f20d736e16d6",
  "fields": {
    "created": "2016-11-21T17:56:57.985Z",
    "modified": "2016-11-21T17:56:57.985Z",
    "deleted": null,
    "key": "automation.event.ticket_status_new"
  }
},
{
  "model": "automation.automationevent",
  "pk": "b3bdd26f-9796-4bc3-9673-d1cbb3d0ceff",
  "fields": {
    "created": "2016-11-21T17:56:57.983Z",
    "modified": "2016-11-21T17:56:57.983Z",
    "deleted": null,
    "key": "automation.event.ticket_status_in_progress"
  }
},
{
  "model": "automation.automationevent",
  "pk": "c9a34dfb-4eaf-4859-958e-87440b4aae0f",
  "fields": {
    "created": "2016-11-21T17:56:57.981Z",
    "modified": "2016-11-21T17:56:57.981Z",
    "deleted": null,
    "key": "automation.event.ticket_status_denied"
  }
},
{
  "model": "automation.automationevent",
  "pk": "ccc19110-d190-41df-ba0b-2fd9ac3645b5",
  "fields": {
    "created": "2016-11-21T17:56:57.986Z",
    "modified": "2016-11-21T17:56:57.986Z",
    "deleted": null,
    "key": "automation.event.ticket_status_pending"
  }
},
{
  "model": "automation.automationevent",
  "pk": "fa43175e-baec-480b-8244-bb7dbd4c2462",
  "fields": {
    "created": "2016-11-21T17:56:57.945Z",
    "modified": "2016-11-21T17:56:57.945Z",
    "deleted": null,
    "key": "automation.event.ticket_category_change"
  }
},
{
  "model": "automation.automationactiontype",
  "pk": "212ce49c-e21e-46fb-9128-764039564da8",
  "fields": {
    "created": "2016-11-21T17:56:57.996Z",
    "modified": "2016-11-21T17:56:57.996Z",
    "deleted": null,
    "key": "automation.actions.ticket_cc"
  }
},
{
  "model": "automation.automationactiontype",
  "pk": "40cdea65-401c-4ab8-a950-011338ecd226",
  "fields": {
    "created": "2016-11-21T17:56:57.997Z",
    "modified": "2016-11-21T17:56:57.997Z",
    "deleted": null,
    "key": "automation.actions.ticket_priority"
  }
},
{
  "model": "automation.automationactiontype",
  "pk": "545d8953-de88-4662-8933-279ffd2f7b51",
  "fields": {
    "created": "2016-11-21T17:56:57.994Z",
    "modified": "2016-11-21T17:56:57.994Z",
    "deleted": null,
    "key": "automation.actions.send_sms"
  }
},
{
  "model": "automation.automationactiontype",
  "pk": "596873a4-3498-454e-afaf-9ea4aeebc4b3",
  "fields": {
    "created": "2016-11-21T17:56:57.999Z",
    "modified": "2016-11-21T17:56:57.999Z",
    "deleted": null,
    "key": "automation.actions.ticket_request"
  }
},
{
  "model": "automation.automationactiontype",
  "pk": "6230a1b2-073b-4ea8-b2d3-9d0deed27537",
  "fields": {
    "created": "2016-11-21T17:56:57.991Z",
    "modified": "2016-11-21T17:56:57.991Z",
    "deleted": null,
    "key": "automation.actions.ticket_assignee"
  }
},
{
  "model": "automation.automationactiontype",
  "pk": "8bc54b85-4081-4207-94a6-e0bc42b5f9e9",
  "fields": {
    "created": "2016-11-21T17:56:58.000Z",
    "modified": "2016-11-21T17:56:58.000Z",
    "deleted": null,
    "key": "automation.actions.ticket_status"
  }
},
{
  "model": "automation.automationactiontype",
  "pk": "c79995a8-f088-4897-8f03-a59c493bb362",
  "fields": {
    "created": "2016-11-21T17:56:57.993Z",
    "modified": "2016-11-21T17:56:57.993Z",
    "deleted": null,
    "key": "automation.actions.send_email"
  }
},
{
  "model": "automation.automationaction",
  "pk": "01e20bc4-bd90-49c6-b975-d39b598d5373",
  "fields": {
    "created": "2016-11-21T17:56:58.679Z",
    "modified": "2016-11-21T17:56:58.679Z",
    "deleted": null,
    "type": "212ce49c-e21e-46fb-9128-764039564da8",
    "automation": "6ee6a139-cc22-4c2a-afcb-86fa6f661aa3",
    "content": {
      "ccs": [
        "042530c4-ce6c-4724-9cfd-37a16e787095"
      ]
    }
  }
},
{
  "model": "automation.automationaction",
  "pk": "1d54121e-c8dc-4578-b6b7-49407b746d6d",
  "fields": {
    "created": "2016-11-21T17:56:58.455Z",
    "modified": "2016-11-21T17:56:58.455Z",
    "deleted": null,
    "type": "6230a1b2-073b-4ea8-b2d3-9d0deed27537",
    "automation": "b6fe3cf0-269d-4a84-910d-7463f8bc9aae",
    "content": {
      "assignee": "042530c4-ce6c-4724-9cfd-37a16e787005"
    }
  }
},
{
  "model": "automation.automationaction",
  "pk": "2463989c-8374-405f-bce3-1ab35806021c",
  "fields": {
    "created": "2016-11-21T17:56:58.311Z",
    "modified": "2016-11-21T17:56:58.311Z",
    "deleted": null,
    "type": "6230a1b2-073b-4ea8-b2d3-9d0deed27537",
    "automation": "885bd05f-9d48-4647-bbc9-52ca48e0f77e",
    "content": {
      "assignee": "042530c4-ce6c-4724-9cfd-37a16e787130"
    }
  }
},
{
  "model": "automation.automationaction",
  "pk": "58ff6d95-ddc7-4774-b710-e7cae5694926",
  "fields": {
    "created": "2016-11-21T17:56:58.576Z",
    "modified": "2016-11-21T17:56:58.576Z",
    "deleted": null,
    "type": "545d8953-de88-4662-8933-279ffd2f7b51",
    "automation": "3f7436b6-8aa2-4dbf-ad04-607e1799d334",
    "content": {
      "recipients": [
        {
          "type": "person",
          "id": "042530c4-ce6c-4724-9cfd-37a16e787110"
        },
        {
          "type": "role",
          "id": "db468dea-4639-4e35-833f-0e2476693464"
        }
      ],
      "body": "bar"
    }
  }
},
{
  "model": "automation.automationaction",
  "pk": "602c753d-254b-400f-9fb5-33ade13aed51",
  "fields": {
    "created": "2016-11-21T17:56:58.591Z",
    "modified": "2016-11-21T17:56:58.591Z",
    "deleted": null,
    "type": "40cdea65-401c-4ab8-a950-011338ecd226",
    "automation": "96c01a87-22f1-4ee7-bcf0-7152727d6523",
    "content": {
      "priority": "051530c4-ce6c-4724-9cfd-37a16e787003"
    }
  }
},
{
  "model": "automation.automationaction",
  "pk": "7a356d30-d914-46ee-a6aa-c27626998ba1",
  "fields": {
    "created": "2016-11-21T17:56:58.183Z",
    "modified": "2016-11-21T17:56:58.183Z",
    "deleted": null,
    "type": "6230a1b2-073b-4ea8-b2d3-9d0deed27537",
    "automation": "141dda7e-59eb-45a5-a6d1-e27cfa7c96c0",
    "content": {
      "assignee": "042530c4-ce6c-4724-9cfd-37a16e787182"
    }
  }
},
{
  "model": "automation.automationaction",
  "pk": "a1d8676e-80b4-4fea-a48d-213b7680cf00",
  "fields": {
    "created": "2016-11-21T17:56:58.117Z",
    "modified": "2016-11-21T17:56:58.117Z",
    "deleted": null,
    "type": "6230a1b2-073b-4ea8-b2d3-9d0deed27537",
    "automation": "f1b512d8-567c-45d7-8f2b-20f1ea5bcd72",
    "content": {
      "assignee": "042530c4-ce6c-4724-9cfd-37a16e787044"
    }
  }
},
{
  "model": "automation.automationaction",
  "pk": "c00ce375-3146-4170-a155-a9afea8759a7",
  "fields": {
    "created": "2016-11-21T17:56:58.378Z",
    "modified": "2016-11-21T17:56:58.378Z",
    "deleted": null,
    "type": "6230a1b2-073b-4ea8-b2d3-9d0deed27537",
    "automation": "7f2a5660-b8f6-49de-939f-87c3869a4fb7",
    "content": {
      "assignee": "042530c4-ce6c-4724-9cfd-37a16e787169"
    }
  }
},
{
  "model": "automation.automationaction",
  "pk": "d1836235-54f9-477b-bb38-46a20c93821b",
  "fields": {
    "created": "2016-11-21T17:56:58.617Z",
    "modified": "2016-11-21T17:56:58.617Z",
    "deleted": null,
    "type": "596873a4-3498-454e-afaf-9ea4aeebc4b3",
    "automation": "6a1771d9-06cb-405b-8574-37000f6ff8ed",
    "content": {
      "request": "foo"
    }
  }
},
{
  "model": "automation.automationaction",
  "pk": "efc184b8-64ce-445f-bbe4-3a3d2ead88b7",
  "fields": {
    "created": "2016-11-21T17:56:58.515Z",
    "modified": "2016-11-21T17:56:58.515Z",
    "deleted": null,
    "type": "c79995a8-f088-4897-8f03-a59c493bb362",
    "automation": "6fec0c7f-25e8-4a7e-bf9b-9dca9e9774e8",
    "content": {
      "subject": "foo",
      "recipients": [
        {
          "type": "person",
          "id": "042530c4-ce6c-4724-9cfd-37a16e787057"
        },
        {
          "type": "role",
          "id": "73a404d9-6237-4b5f-b546-2b0b5286ac0d"
        }
      ],
      "body": "bar"
    }
  }
},
{
  "model": "automation.automationaction",
  "pk": "f1d956f8-0f44-4884-a540-82a0d826ef02",
  "fields": {
    "created": "2016-11-21T17:56:58.246Z",
    "modified": "2016-11-21T17:56:58.246Z",
    "deleted": null,
    "type": "6230a1b2-073b-4ea8-b2d3-9d0deed27537",
    "automation": "0ebeb271-0e6f-4daf-a37b-c70241eeda08",
    "content": {
      "assignee": "042530c4-ce6c-4724-9cfd-37a16e787009"
    }
  }
},
{
  "model": "automation.automationaction",
  "pk": "fe64485a-abd6-4e28-acaa-6682d1224f98",
  "fields": {
    "created": "2016-11-21T17:56:58.605Z",
    "modified": "2016-11-21T17:56:58.605Z",
    "deleted": null,
    "type": "8bc54b85-4081-4207-94a6-e0bc42b5f9e9",
    "automation": "a54541c5-aff4-4b1a-84c3-5f4e20e7cafb",
    "content": {
      "status": "049530c4-ce6c-4724-9cfd-37a16e787001"
    }
  }
},
{
  "model": "automation.automation",
  "pk": "0ebeb271-0e6f-4daf-a37b-c70241eeda08",
  "fields": {
    "created": "2016-11-21T17:56:58.196Z",
    "modified": "2016-11-21T17:56:58.397Z",
    "deleted": null,
    "tenant": "037530c4-ce6c-4724-9cfd-37a16e787001",
    "description": "location",
    "events": [
      "832fe252-af57-4f4e-b271-f20d736e16d6"
    ]
  }
},
{
  "model": "automation.automation",
  "pk": "141dda7e-59eb-45a5-a6d1-e27cfa7c96c0",
  "fields": {
    "created": "2016-11-21T17:56:58.131Z",
    "modified": "2016-11-21T17:56:58.389Z",
    "deleted": null,
    "tenant": "037530c4-ce6c-4724-9cfd-37a16e787001",
    "description": "admin.placeholder.category_filter_select",
    "events": [
      "832fe252-af57-4f4e-b271-f20d736e16d6"
    ]
  }
},
{
  "model": "automation.automation",
  "pk": "3f7436b6-8aa2-4dbf-ad04-607e1799d334",
  "fields": {
    "created": "2016-11-21T17:56:58.525Z",
    "modified": "2016-11-21T17:56:58.525Z",
    "deleted": null,
    "tenant": "037530c4-ce6c-4724-9cfd-37a16e787001",
    "description": "rhoncus",
    "events": [
      "832fe252-af57-4f4e-b271-f20d736e16d6"
    ]
  }
},
{
  "model": "automation.automation",
  "pk": "6a1771d9-06cb-405b-8574-37000f6ff8ed",
  "fields": {
    "created": "2016-11-21T17:56:58.613Z",
    "modified": "2016-11-21T17:56:58.613Z",
    "deleted": null,
    "tenant": "037530c4-ce6c-4724-9cfd-37a16e787001",
    "description": "odio",
    "events": [
      "832fe252-af57-4f4e-b271-f20d736e16d6"
    ]
  }
},
{
  "model": "automation.automation",
  "pk": "6ee6a139-cc22-4c2a-afcb-86fa6f661aa3",
  "fields": {
    "created": "2016-11-21T17:56:58.625Z",
    "modified": "2016-11-21T17:56:58.625Z",
    "deleted": null,
    "tenant": "037530c4-ce6c-4724-9cfd-37a16e787001",
    "description": "sapien",
    "events": [
      "832fe252-af57-4f4e-b271-f20d736e16d6"
    ]
  }
},
{
  "model": "automation.automation",
  "pk": "6fec0c7f-25e8-4a7e-bf9b-9dca9e9774e8",
  "fields": {
    "created": "2016-11-21T17:56:58.464Z",
    "modified": "2016-11-21T17:56:58.464Z",
    "deleted": null,
    "tenant": "037530c4-ce6c-4724-9cfd-37a16e787001",
    "description": "porttitor",
    "events": [
      "832fe252-af57-4f4e-b271-f20d736e16d6"
    ]
  }
},
{
  "model": "automation.automation",
  "pk": "7f2a5660-b8f6-49de-939f-87c3869a4fb7",
  "fields": {
    "created": "2016-11-21T17:56:58.327Z",
    "modified": "2016-11-21T17:56:58.387Z",
    "deleted": null,
    "tenant": "037530c4-ce6c-4724-9cfd-37a16e787001",
    "description": "admin.placeholder.country_filter_select",
    "events": [
      "832fe252-af57-4f4e-b271-f20d736e16d6"
    ]
  }
},
{
  "model": "automation.automation",
  "pk": "885bd05f-9d48-4647-bbc9-52ca48e0f77e",
  "fields": {
    "created": "2016-11-21T17:56:58.262Z",
    "modified": "2016-11-21T17:56:58.392Z",
    "deleted": null,
    "tenant": "037530c4-ce6c-4724-9cfd-37a16e787001",
    "description": "admin.placeholder.state_filter_select",
    "events": [
      "832fe252-af57-4f4e-b271-f20d736e16d6"
    ]
  }
},
{
  "model": "automation.automation",
  "pk": "96c01a87-22f1-4ee7-bcf0-7152727d6523",
  "fields": {
    "created": "2016-11-21T17:56:58.586Z",
    "modified": "2016-11-21T17:56:58.586Z",
    "deleted": null,
    "tenant": "037530c4-ce6c-4724-9cfd-37a16e787001",
    "description": "fusce",
    "events": [
      "832fe252-af57-4f4e-b271-f20d736e16d6"
    ]
  }
},
{
  "model": "automation.automation",
  "pk": "a54541c5-aff4-4b1a-84c3-5f4e20e7cafb",
  "fields": {
    "created": "2016-11-21T17:56:58.599Z",
    "modified": "2016-11-21T17:56:58.599Z",
    "deleted": null,
    "tenant": "037530c4-ce6c-4724-9cfd-37a16e787001",
    "description": "quisque",
    "events": [
      "832fe252-af57-4f4e-b271-f20d736e16d6"
    ]
  }
},
{
  "model": "automation.automation",
  "pk": "b6fe3cf0-269d-4a84-910d-7463f8bc9aae",
  "fields": {
    "created": "2016-11-21T17:56:58.405Z",
    "modified": "2016-11-21T17:56:58.405Z",
    "deleted": null,
    "tenant": "037530c4-ce6c-4724-9cfd-37a16e787001",
    "description": "tristique",
    "events": [
      "832fe252-af57-4f4e-b271-f20d736e16d6"
    ]
  }
},
{
  "model": "automation.automation",
  "pk": "f1b512d8-567c-45d7-8f2b-20f1ea5bcd72",
  "fields": {
    "created": "2016-11-21T17:56:58.012Z",
    "modified": "2016-11-21T17:56:58.394Z",
    "deleted": null,
    "tenant": "037530c4-ce6c-4724-9cfd-37a16e787001",
    "description": "admin.placeholder.priority_filter_select",
    "events": [
      "832fe252-af57-4f4e-b271-f20d736e16d6"
    ]
  }
},
{
  "model": "automation.automationfiltertype",
  "pk": "344030c9-c269-40e6-b197-68b17d29e2f2",
  "fields": {
    "created": "2016-11-21T17:56:58.317Z",
    "modified": "2016-11-21T17:56:58.317Z",
    "deleted": null,
    "key": "admin.placeholder.state_filter_select",
    "context": "ticket.ticket",
    "field": "state",
    "lookups": {}
  }
},
{
  "model": "automation.automationfiltertype",
  "pk": "a064cc1a-8e8d-41a2-a61c-da5e83bee2b6",
  "fields": {
    "created": "2016-11-21T17:56:58.121Z",
    "modified": "2016-11-21T17:56:58.121Z",
    "deleted": null,
    "key": "admin.placeholder.priority_filter_select",
    "context": "ticket.ticket",
    "field": "priority",
    "lookups": {}
  }
},
{
  "model": "automation.automationfiltertype",
  "pk": "c0febc12-a3d5-4268-a216-5cc22755ff41",
  "fields": {
    "created": "2016-11-21T17:56:58.252Z",
    "modified": "2016-11-21T17:56:58.252Z",
    "deleted": null,
    "key": "",
    "context": "ticket.ticket",
    "field": "location",
    "lookups": {
      "filters": "location_level"
    }
  }
},
{
  "model": "automation.automationfiltertype",
  "pk": "cc9a28f9-4556-4fb5-8251-df1937252a1f",
  "fields": {
    "created": "2016-11-21T17:56:58.186Z",
    "modified": "2016-11-21T17:56:58.186Z",
    "deleted": null,
    "key": "admin.placeholder.category_filter_select",
    "context": "ticket.ticket",
    "field": "categories",
    "lookups": {}
  }
},
{
  "model": "automation.automationfiltertype",
  "pk": "fa97af50-76a4-438e-9be4-ca9c56e31b52",
  "fields": {
    "created": "2016-11-21T17:56:58.382Z",
    "modified": "2016-11-21T17:56:58.382Z",
    "deleted": null,
    "key": "admin.placeholder.country_filter_select",
    "context": "ticket.ticket",
    "field": "country",
    "lookups": {}
  }
},
{
  "model": "automation.automationfilter",
  "pk": "04c6845d-9a5f-465c-b92f-9f515b7733c3",
  "fields": {
    "created": "2016-11-21T17:56:58.383Z",
    "modified": "2016-11-21T17:56:58.383Z",
    "deleted": null,
    "automation": "7f2a5660-b8f6-49de-939f-87c3869a4fb7",
    "source": "fa97af50-76a4-438e-9be4-ca9c56e31b52",
    "lookups": {},
    "criteria": [
      "61760373-0b13-4a1e-8abe-8166ca841e01"
    ]
  }
},
{
  "model": "automation.automationfilter",
  "pk": "1ba820ec-f24a-4ddb-a390-5554d0c3d172",
  "fields": {
    "created": "2016-11-21T17:56:58.187Z",
    "modified": "2016-11-21T17:56:58.187Z",
    "deleted": null,
    "automation": "141dda7e-59eb-45a5-a6d1-e27cfa7c96c0",
    "source": "cc9a28f9-4556-4fb5-8251-df1937252a1f",
    "lookups": {},
    "criteria": [
      "024530c4-ce6c-4724-9cfd-37a16e787001"
    ]
  }
},
{
  "model": "automation.automationfilter",
  "pk": "6d151dc4-a2cc-43ab-b4c9-1a6071cb2b88",
  "fields": {
    "created": "2016-11-21T17:56:58.318Z",
    "modified": "2016-11-21T17:56:58.318Z",
    "deleted": null,
    "automation": "885bd05f-9d48-4647-bbc9-52ca48e0f77e",
    "source": "344030c9-c269-40e6-b197-68b17d29e2f2",
    "lookups": {},
    "criteria": [
      "2f193a90-a270-48b7-8752-b4c5ad19156c"
    ]
  }
},
{
  "model": "automation.automationfilter",
  "pk": "994b625f-b3ab-48d9-99a4-5dc3a3940b59",
  "fields": {
    "created": "2016-11-21T17:56:58.122Z",
    "modified": "2016-11-21T17:56:58.122Z",
    "deleted": null,
    "automation": "f1b512d8-567c-45d7-8f2b-20f1ea5bcd72",
    "source": "a064cc1a-8e8d-41a2-a61c-da5e83bee2b6",
    "lookups": {},
    "criteria": [
      "051530c4-ce6c-4724-9cfd-37a16e787003"
    ]
  }
},
{
  "model": "automation.automationfilter",
  "pk": "a8aa613a-4536-4a02-9187-e954f558cde9",
  "fields": {
    "created": "2016-11-21T17:56:58.253Z",
    "modified": "2016-11-21T17:56:58.253Z",
    "deleted": null,
    "automation": "0ebeb271-0e6f-4daf-a37b-c70241eeda08",
    "source": "c0febc12-a3d5-4268-a216-5cc22755ff41",
    "lookups": {
      "filters": "location_level",
      "name": "Company",
      "id": "cf7e7b3f-6aeb-4d23-97ce-d796cb200aaa"
    },
    "criteria": [
      "9f663b97-0b06-4842-a9b0-81405d986ada"
    ]
  }
}
]
