[
{
  "model": "automation.automationevent",
  "pk": "0072c2d9-7eef-4bef-944b-fc7f0323c913",
  "fields": {
    "created": "2017-01-18T19:01:07.507Z",
    "modified": "2017-01-18T19:01:07.507Z",
    "deleted": null,
    "key": "automation.event.ticket_category_change"
  }
},
{
  "model": "automation.automationevent",
  "pk": "064a2a18-1acc-439b-b31a-22559e0c352f",
  "fields": {
    "created": "2017-01-18T19:01:07.521Z",
    "modified": "2017-01-18T19:01:07.522Z",
    "deleted": null,
    "key": "automation.event.ticket_status_denied"
  }
},
{
  "model": "automation.automationevent",
  "pk": "09726167-bb41-4abb-8c49-5cb4e90df322",
  "fields": {
    "created": "2017-01-18T19:01:07.520Z",
    "modified": "2017-01-18T19:01:07.520Z",
    "deleted": null,
    "key": "automation.event.ticket_status_deferred"
  }
},
{
  "model": "automation.automationevent",
  "pk": "2930a7f5-1523-4865-89c3-e0207aef4ad3",
  "fields": {
    "created": "2017-01-18T19:01:07.512Z",
    "modified": "2017-01-18T19:01:07.512Z",
    "deleted": null,
    "key": "automation.event.ticket_comment"
  }
},
{
  "model": "automation.automationevent",
  "pk": "2be7d7e1-e0eb-4271-b5c5-2f66d1f692e0",
  "fields": {
    "created": "2017-01-18T19:01:07.518Z",
    "modified": "2017-01-18T19:01:07.518Z",
    "deleted": null,
    "key": "automation.event.ticket_status_complete"
  }
},
{
  "model": "automation.automationevent",
  "pk": "43b7b930-2f2e-4306-9cf0-7c699e50eba0",
  "fields": {
    "created": "2017-01-18T19:01:07.529Z",
    "modified": "2017-01-18T19:01:07.529Z",
    "deleted": null,
    "key": "automation.event.ticket_status_solved"
  }
},
{
  "model": "automation.automationevent",
  "pk": "64908e72-5df9-4f58-9786-2b284029e1eb",
  "fields": {
    "created": "2017-01-18T19:01:07.503Z",
    "modified": "2017-01-18T19:01:07.503Z",
    "deleted": null,
    "key": "automation.event.ticket_assignee_change"
  }
},
{
  "model": "automation.automationevent",
  "pk": "66611c91-e08b-4e93-9c8c-9605cdb59b6d",
  "fields": {
    "created": "2017-01-18T19:01:07.526Z",
    "modified": "2017-01-18T19:01:07.526Z",
    "deleted": null,
    "key": "automation.event.ticket_status_new"
  }
},
{
  "model": "automation.automationevent",
  "pk": "73f236bc-5424-424d-a9f9-5ba51c9a44cf",
  "fields": {
    "created": "2017-01-18T19:01:07.528Z",
    "modified": "2017-01-18T19:01:07.528Z",
    "deleted": null,
    "key": "automation.event.ticket_status_pending"
  }
},
{
  "model": "automation.automationevent",
  "pk": "756a92cb-7ba2-44a2-a44c-59dcfe891819",
  "fields": {
    "created": "2017-01-18T19:01:07.531Z",
    "modified": "2017-01-18T19:01:07.531Z",
    "deleted": null,
    "key": "automation.event.ticket_status_unsatisfactory"
  }
},
{
  "model": "automation.automationevent",
  "pk": "8005826d-c99a-4af4-8896-386a09948a26",
  "fields": {
    "created": "2017-01-18T19:01:07.517Z",
    "modified": "2017-01-18T19:01:07.517Z",
    "deleted": null,
    "key": "automation.event.ticket_status_cancelled"
  }
},
{
  "model": "automation.automationevent",
  "pk": "8712bb68-b491-438c-988e-56dbf7bc0913",
  "fields": {
    "created": "2017-01-18T19:01:07.513Z",
    "modified": "2017-01-18T19:01:07.513Z",
    "deleted": null,
    "key": "automation.event.ticket_location_change"
  }
},
{
  "model": "automation.automationevent",
  "pk": "913fe6b4-780a-4421-8aff-581734688f77",
  "fields": {
    "created": "2017-01-18T19:01:07.523Z",
    "modified": "2017-01-18T19:01:07.523Z",
    "deleted": null,
    "key": "automation.event.ticket_status_draft"
  }
},
{
  "model": "automation.automationevent",
  "pk": "997b428f-c359-4a66-bb1a-40f3f968f171",
  "fields": {
    "created": "2017-01-18T19:01:07.509Z",
    "modified": "2017-01-18T19:01:07.509Z",
    "deleted": null,
    "key": "automation.event.ticket_cc_add"
  }
},
{
  "model": "automation.automationevent",
  "pk": "c53b8d55-5710-42e3-acdf-f612c8c5ca56",
  "fields": {
    "created": "2017-01-18T19:01:07.505Z",
    "modified": "2017-01-18T19:01:07.505Z",
    "deleted": null,
    "key": "automation.event.ticket_attachment_add"
  }
},
{
  "model": "automation.automationevent",
  "pk": "dbfc4df6-2bac-4d4f-afab-1a1435feb8cd",
  "fields": {
    "created": "2017-01-18T19:01:07.525Z",
    "modified": "2017-01-18T19:01:07.525Z",
    "deleted": null,
    "key": "automation.event.ticket_status_in_progress"
  }
},
{
  "model": "automation.automationevent",
  "pk": "f8cef8a1-134f-406a-94c4-d2294bc75d8f",
  "fields": {
    "created": "2017-01-18T19:01:07.515Z",
    "modified": "2017-01-18T19:01:07.515Z",
    "deleted": null,
    "key": "automation.event.ticket_priority_change"
  }
},
{
  "model": "automation.automationactiontype",
  "pk": "21dd3e67-9348-4992-a02f-4baab555b434",
  "fields": {
    "created": "2017-01-18T19:01:07.537Z",
    "modified": "2017-01-18T19:01:07.537Z",
    "deleted": null,
    "key": "automation.actions.ticket_cc"
  }
},
{
  "model": "automation.automationactiontype",
  "pk": "4b446ea9-1389-49b1-bec1-e270d4c56869",
  "fields": {
    "created": "2017-01-18T19:01:07.536Z",
    "modified": "2017-01-18T19:01:07.536Z",
    "deleted": null,
    "key": "automation.actions.send_sms"
  }
},
{
  "model": "automation.automationactiontype",
  "pk": "6f9ba74d-d601-4ea3-bd67-dde871e4597e",
  "fields": {
    "created": "2017-01-18T19:01:07.532Z",
    "modified": "2017-01-18T19:01:07.532Z",
    "deleted": null,
    "key": "automation.actions.ticket_assignee"
  }
},
{
  "model": "automation.automationactiontype",
  "pk": "6fd9c15e-53e5-4199-8b67-f7bb281de98c",
  "fields": {
    "created": "2017-01-18T19:01:07.539Z",
    "modified": "2017-01-18T19:01:07.539Z",
    "deleted": null,
    "key": "automation.actions.ticket_priority"
  }
},
{
  "model": "automation.automationactiontype",
  "pk": "95f9da63-2e4b-4213-b454-c9e70ca896f6",
  "fields": {
    "created": "2017-01-18T19:01:07.534Z",
    "modified": "2017-01-18T19:01:07.534Z",
    "deleted": null,
    "key": "automation.actions.send_email"
  }
},
{
  "model": "automation.automationactiontype",
  "pk": "c9db3e16-876e-45a9-8134-29c19495a99b",
  "fields": {
    "created": "2017-01-18T19:01:07.542Z",
    "modified": "2017-01-18T19:01:07.542Z",
    "deleted": null,
    "key": "automation.actions.ticket_status"
  }
},
{
  "model": "automation.automationactiontype",
  "pk": "cf04fae0-c637-4c7a-b88d-326085052abc",
  "fields": {
    "created": "2017-01-18T19:01:07.540Z",
    "modified": "2017-01-18T19:01:07.540Z",
    "deleted": null,
    "key": "automation.actions.ticket_request"
  }
},
{
  "model": "automation.automationaction",
  "pk": "0bde016d-5a5e-4d14-9074-09b9d8c7fa64",
  "fields": {
    "created": "2017-01-18T19:01:08.201Z",
    "modified": "2017-01-18T19:01:08.201Z",
    "deleted": null,
    "type": "6fd9c15e-53e5-4199-8b67-f7bb281de98c",
    "automation": "ead8b952-c4ba-406e-8f70-55a41fc0bb2c",
    "content": {
      "priority": "049530c4-ce6c-4724-9cfd-37a16e787003"
    }
  }
},
{
  "model": "automation.automationaction",
  "pk": "5225042c-b4ee-4542-892e-bf9e682b3485",
  "fields": {
    "created": "2017-01-18T19:01:07.630Z",
    "modified": "2017-01-18T19:01:07.630Z",
    "deleted": null,
    "type": "6f9ba74d-d601-4ea3-bd67-dde871e4597e",
    "automation": "abadfdb7-5416-4be9-b205-b0723c038774",
    "content": {
      "assignee": "040530c4-ce6c-4724-9cfd-37a16e787200"
    }
  }
},
{
  "model": "automation.automationaction",
  "pk": "58cf461e-46e4-448b-bd3c-d6ba377b8950",
  "fields": {
    "created": "2017-01-18T19:01:08.299Z",
    "modified": "2017-01-18T19:01:08.299Z",
    "deleted": null,
    "type": "21dd3e67-9348-4992-a02f-4baab555b434",
    "automation": "311fd150-1287-4fd4-a58f-e5b43dab1210",
    "content": {
      "ccs": [
        "040530c4-ce6c-4724-9cfd-37a16e787200"
      ]
    }
  }
},
{
  "model": "automation.automationaction",
  "pk": "9808a509-c71d-4f4d-91bf-7fa04ce475bf",
  "fields": {
    "created": "2017-01-18T19:01:07.789Z",
    "modified": "2017-01-18T19:01:07.789Z",
    "deleted": null,
    "type": "6f9ba74d-d601-4ea3-bd67-dde871e4597e",
    "automation": "c1028d4e-5f8d-4a0b-9139-ee06af722cff",
    "content": {
      "assignee": "040530c4-ce6c-4724-9cfd-37a16e787200"
    }
  }
},
{
  "model": "automation.automationaction",
  "pk": "a0ec1c34-0de7-40e3-aa81-a3db43f6406c",
  "fields": {
    "created": "2017-01-18T19:01:08.042Z",
    "modified": "2017-01-18T19:01:08.042Z",
    "deleted": null,
    "type": "6f9ba74d-d601-4ea3-bd67-dde871e4597e",
    "automation": "a6d568f7-c6bb-4da9-a9b7-fea762470f85",
    "content": {
      "assignee": "040530c4-ce6c-4724-9cfd-37a16e787200"
    }
  }
},
{
  "model": "automation.automationaction",
  "pk": "bcd44570-1292-4113-bc1c-02a7000adc78",
  "fields": {
    "created": "2017-01-18T19:01:08.216Z",
    "modified": "2017-01-18T19:01:08.216Z",
    "deleted": null,
    "type": "c9db3e16-876e-45a9-8134-29c19495a99b",
    "automation": "e0d17090-6440-4a9b-83e0-a7ce6a4dac8d",
    "content": {
      "status": "047530c4-ce6c-4724-9cfd-37a16e787007"
    }
  }
},
{
  "model": "automation.automationaction",
  "pk": "c057e714-5a33-4b2b-bca7-60cbd92780fe",
  "fields": {
    "created": "2017-01-18T19:01:07.948Z",
    "modified": "2017-01-18T19:01:07.948Z",
    "deleted": null,
    "type": "6f9ba74d-d601-4ea3-bd67-dde871e4597e",
    "automation": "60847ac9-36b0-4960-a65c-b59b913f113d",
    "content": {
      "assignee": "040530c4-ce6c-4724-9cfd-37a16e787200"
    }
  }
},
{
  "model": "automation.automationaction",
  "pk": "c42d381f-43e1-4c69-8f6a-6b3e3aff5c61",
  "fields": {
    "created": "2017-01-18T19:01:07.710Z",
    "modified": "2017-01-18T19:01:07.710Z",
    "deleted": null,
    "type": "6f9ba74d-d601-4ea3-bd67-dde871e4597e",
    "automation": "9580a3df-1206-4854-bf7c-d290cdabe4d1",
    "content": {
      "assignee": "040530c4-ce6c-4724-9cfd-37a16e787200"
    }
  }
},
{
  "model": "automation.automationaction",
  "pk": "df9c6384-53ef-46f3-a949-748b7e8f0c6a",
  "fields": {
    "created": "2017-01-18T19:01:08.116Z",
    "modified": "2017-01-18T19:01:08.116Z",
    "deleted": null,
    "type": "95f9da63-2e4b-4213-b454-c9e70ca896f6",
    "automation": "863c6b7a-3541-43c3-8850-9f9bd0baf5e4",
    "content": {
      "body": "bar",
      "recipients": [
        {
          "type": "person",
          "id": "040530c4-ce6c-4724-9cfd-37a16e787200"
        },
        {
          "type": "role",
          "id": "7adec41f-7fa5-47cb-8180-910ad907bd81"
        }
      ],
      "subject": "foo"
    }
  }
},
{
  "model": "automation.automationaction",
  "pk": "e4e37bab-3ff4-4b32-9ccd-60c5ca5a5b79",
  "fields": {
    "created": "2017-01-18T19:01:07.869Z",
    "modified": "2017-01-18T19:01:07.869Z",
    "deleted": null,
    "type": "6f9ba74d-d601-4ea3-bd67-dde871e4597e",
    "automation": "869cd9d8-622a-4fd9-bc59-47f1d7cd2d46",
    "content": {
      "assignee": "040530c4-ce6c-4724-9cfd-37a16e787200"
    }
  }
},
{
  "model": "automation.automationaction",
  "pk": "e88284e5-c3b1-4d4e-8bac-55591e6f18d5",
  "fields": {
    "created": "2017-01-18T19:01:08.230Z",
    "modified": "2017-01-18T19:01:08.230Z",
    "deleted": null,
    "type": "cf04fae0-c637-4c7a-b88d-326085052abc",
    "automation": "c66c8d77-1a98-4d9a-9d8b-e2ebaee4e2d1",
    "content": {
      "request": "foo"
    }
  }
},
{
  "model": "automation.automationaction",
  "pk": "fe0d9b8e-b60c-41e1-a314-5c5cacc4b8ae",
  "fields": {
    "created": "2017-01-18T19:01:08.186Z",
    "modified": "2017-01-18T19:01:08.186Z",
    "deleted": null,
    "type": "4b446ea9-1389-49b1-bec1-e270d4c56869",
    "automation": "0f5267fb-7c0a-4f89-8a97-a64013577ab0",
    "content": {
      "body": "bar",
      "recipients": [
        {
          "type": "person",
          "id": "040530c4-ce6c-4724-9cfd-37a16e787200"
        },
        {
          "type": "role",
          "id": "7adec41f-7fa5-47cb-8180-910ad907bd81"
        }
      ]
    }
  }
},
{
  "model": "automation.automation",
  "pk": "0f5267fb-7c0a-4f89-8a97-a64013577ab0",
  "fields": {
    "created": "2017-01-18T19:01:08.124Z",
    "modified": "2017-01-18T19:01:08.344Z",
    "deleted": null,
    "tenant": "045530c4-ce6c-4724-9cfd-37a16e787001",
    "description": "Filter: None --- Action: automation.actions.send_sms",
    "events": [
      "66611c91-e08b-4e93-9c8c-9605cdb59b6d"
    ]
  }
},
{
  "model": "automation.automation",
  "pk": "311fd150-1287-4fd4-a58f-e5b43dab1210",
  "fields": {
    "created": "2017-01-18T19:01:08.238Z",
    "modified": "2017-01-18T19:01:08.339Z",
    "deleted": null,
    "tenant": "045530c4-ce6c-4724-9cfd-37a16e787001",
    "description": "Filter: None --- Action: automation.actions.ticket_cc",
    "events": [
      "66611c91-e08b-4e93-9c8c-9605cdb59b6d"
    ]
  }
},
{
  "model": "automation.automation",
  "pk": "60847ac9-36b0-4960-a65c-b59b913f113d",
  "fields": {
    "created": "2017-01-18T19:01:07.886Z",
    "modified": "2017-01-18T19:01:08.311Z",
    "deleted": null,
    "tenant": "045530c4-ce6c-4724-9cfd-37a16e787001",
    "description": "Filter: admin.placeholder.country_filter_select --- Action: automation.actions.ticket_assignee",
    "events": [
      "66611c91-e08b-4e93-9c8c-9605cdb59b6d"
    ]
  }
},
{
  "model": "automation.automation",
  "pk": "863c6b7a-3541-43c3-8850-9f9bd0baf5e4",
  "fields": {
    "created": "2017-01-18T19:01:08.052Z",
    "modified": "2017-01-18T19:01:08.348Z",
    "deleted": null,
    "tenant": "045530c4-ce6c-4724-9cfd-37a16e787001",
    "description": "Filter: None --- Action: automation.actions.send_email",
    "events": [
      "66611c91-e08b-4e93-9c8c-9605cdb59b6d"
    ]
  }
},
{
  "model": "automation.automation",
  "pk": "869cd9d8-622a-4fd9-bc59-47f1d7cd2d46",
  "fields": {
    "created": "2017-01-18T19:01:07.806Z",
    "modified": "2017-01-18T19:01:08.322Z",
    "deleted": null,
    "tenant": "045530c4-ce6c-4724-9cfd-37a16e787001",
    "description": "Filter: admin.placeholder.state_filter_select --- Action: automation.actions.ticket_assignee",
    "events": [
      "66611c91-e08b-4e93-9c8c-9605cdb59b6d"
    ]
  }
},
{
  "model": "automation.automation",
  "pk": "9580a3df-1206-4854-bf7c-d290cdabe4d1",
  "fields": {
    "created": "2017-01-18T19:01:07.646Z",
    "modified": "2017-01-18T19:01:08.306Z",
    "deleted": null,
    "tenant": "045530c4-ce6c-4724-9cfd-37a16e787001",
    "description": "Filter: admin.placeholder.category_filter_select --- Action: automation.actions.ticket_assignee",
    "events": [
      "66611c91-e08b-4e93-9c8c-9605cdb59b6d"
    ]
  }
},
{
  "model": "automation.automation",
  "pk": "a6d568f7-c6bb-4da9-a9b7-fea762470f85",
  "fields": {
    "created": "2017-01-18T19:01:07.977Z",
    "modified": "2017-01-18T19:01:08.330Z",
    "deleted": null,
    "tenant": "045530c4-ce6c-4724-9cfd-37a16e787001",
    "description": "Filter: None --- Action: automation.actions.ticket_assignee",
    "events": [
      "66611c91-e08b-4e93-9c8c-9605cdb59b6d"
    ]
  }
},
{
  "model": "automation.automation",
  "pk": "abadfdb7-5416-4be9-b205-b0723c038774",
  "fields": {
    "created": "2017-01-18T19:01:07.555Z",
    "modified": "2017-01-18T19:01:08.316Z",
    "deleted": null,
    "tenant": "045530c4-ce6c-4724-9cfd-37a16e787001",
    "description": "Filter: admin.placeholder.priority_filter_select --- Action: automation.actions.ticket_assignee",
    "events": [
      "66611c91-e08b-4e93-9c8c-9605cdb59b6d"
    ]
  }
},
{
  "model": "automation.automation",
  "pk": "c1028d4e-5f8d-4a0b-9139-ee06af722cff",
  "fields": {
    "created": "2017-01-18T19:01:07.724Z",
    "modified": "2017-01-18T19:01:08.335Z",
    "deleted": null,
    "tenant": "045530c4-ce6c-4724-9cfd-37a16e787001",
    "description": "Filter: None --- Action: automation.actions.ticket_assignee",
    "events": [
      "66611c91-e08b-4e93-9c8c-9605cdb59b6d"
    ]
  }
},
{
  "model": "automation.automation",
  "pk": "c66c8d77-1a98-4d9a-9d8b-e2ebaee4e2d1",
  "fields": {
    "created": "2017-01-18T19:01:08.225Z",
    "modified": "2017-01-18T19:01:08.326Z",
    "deleted": null,
    "tenant": "045530c4-ce6c-4724-9cfd-37a16e787001",
    "description": "Filter: None --- Action: automation.actions.ticket_request",
    "events": [
      "66611c91-e08b-4e93-9c8c-9605cdb59b6d"
    ]
  }
},
{
  "model": "automation.automation",
  "pk": "e0d17090-6440-4a9b-83e0-a7ce6a4dac8d",
  "fields": {
    "created": "2017-01-18T19:01:08.210Z",
    "modified": "2017-01-18T19:01:08.357Z",
    "deleted": null,
    "tenant": "045530c4-ce6c-4724-9cfd-37a16e787001",
    "description": "Filter: None --- Action: automation.actions.ticket_status",
    "events": [
      "66611c91-e08b-4e93-9c8c-9605cdb59b6d"
    ]
  }
},
{
  "model": "automation.automation",
  "pk": "ead8b952-c4ba-406e-8f70-55a41fc0bb2c",
  "fields": {
    "created": "2017-01-18T19:01:08.195Z",
    "modified": "2017-01-18T19:01:08.353Z",
    "deleted": null,
    "tenant": "045530c4-ce6c-4724-9cfd-37a16e787001",
    "description": "Filter: None --- Action: automation.actions.ticket_priority",
    "events": [
      "66611c91-e08b-4e93-9c8c-9605cdb59b6d"
    ]
  }
},
{
  "model": "automation.automationfiltertype",
  "pk": "5ee6045a-2459-4eaf-be1b-d308e318da0c",
  "fields": {
    "created": "2017-01-18T19:01:07.634Z",
    "modified": "2017-01-18T19:01:07.634Z",
    "deleted": null,
    "key": "admin.placeholder.priority_filter_select",
    "context": "ticket.ticket",
    "field": "priority",
    "lookups": {}
  }
},
{
  "model": "automation.automationfiltertype",
  "pk": "5f6a72ad-4044-4fdc-847d-5370811c2d27",
  "fields": {
    "created": "2017-01-18T19:01:07.876Z",
    "modified": "2017-01-18T19:01:07.876Z",
    "deleted": null,
    "key": "admin.placeholder.state_filter_select",
    "context": "ticket.ticket",
    "field": "state",
    "lookups": {}
  }
},
{
  "model": "automation.automationfiltertype",
  "pk": "77c85d98-de4f-4354-9822-ebf21ee82060",
  "fields": {
    "created": "2017-01-18T19:01:07.714Z",
    "modified": "2017-01-18T19:01:07.714Z",
    "deleted": null,
    "key": "admin.placeholder.category_filter_select",
    "context": "ticket.ticket",
    "field": "categories",
    "lookups": {}
  }
},
{
  "model": "automation.automationfiltertype",
  "pk": "7f3ec130-5fa9-4e23-b005-e182589e962d",
  "fields": {
    "created": "2017-01-18T19:01:07.951Z",
    "modified": "2017-01-18T19:01:07.952Z",
    "deleted": null,
    "key": "admin.placeholder.country_filter_select",
    "context": "ticket.ticket",
    "field": "country",
    "lookups": {}
  }
},
{
  "model": "automation.automationfiltertype",
  "pk": "de5086ed-7e02-47d2-9a29-d6d483214704",
  "fields": {
    "created": "2017-01-18T19:01:07.796Z",
    "modified": "2017-01-18T19:01:07.796Z",
    "deleted": null,
    "key": "",
    "context": "ticket.ticket",
    "field": "location",
    "lookups": {
      "filters": "location_level"
    }
  }
},
{
  "model": "automation.automationfilter",
  "pk": "20fe0120-809d-46b9-bb54-ed277d5daa8c",
  "fields": {
    "created": "2017-01-18T19:01:07.877Z",
    "modified": "2017-01-18T19:01:07.877Z",
    "deleted": null,
    "automation": "869cd9d8-622a-4fd9-bc59-47f1d7cd2d46",
    "source": "5f6a72ad-4044-4fdc-847d-5370811c2d27",
    "lookups": {},
    "criteria": [
      "2f193a90-a270-48b7-8752-b4c5ad19156c"
    ]
  }
},
{
  "model": "automation.automationfilter",
  "pk": "32a7d7b6-bf65-4a55-83da-424975996f27",
  "fields": {
    "created": "2017-01-18T19:01:07.715Z",
    "modified": "2017-01-18T19:01:07.715Z",
    "deleted": null,
    "automation": "9580a3df-1206-4854-bf7c-d290cdabe4d1",
    "source": "77c85d98-de4f-4354-9822-ebf21ee82060",
    "lookups": {},
    "criteria": [
      "023530c4-ce6c-4724-9cfd-37a16e787001"
    ]
  }
},
{
  "model": "automation.automationfilter",
  "pk": "6e45f23f-0be7-41c1-9636-6b6a801a24c5",
  "fields": {
    "created": "2017-01-18T19:01:07.953Z",
    "modified": "2017-01-18T19:01:07.953Z",
    "deleted": null,
    "automation": "60847ac9-36b0-4960-a65c-b59b913f113d",
    "source": "7f3ec130-5fa9-4e23-b005-e182589e962d",
    "lookups": {},
    "criteria": [
      "61760373-0b13-4a1e-8abe-8166ca841e01"
    ]
  }
},
{
  "model": "automation.automationfilter",
  "pk": "bd905dee-8d13-46cf-b38e-8894e940f249",
  "fields": {
    "created": "2017-01-18T19:01:07.797Z",
    "modified": "2017-01-18T19:01:07.797Z",
    "deleted": null,
    "automation": "c1028d4e-5f8d-4a0b-9139-ee06af722cff",
    "source": "de5086ed-7e02-47d2-9a29-d6d483214704",
    "lookups": {
      "filters": "location_level",
      "name": "Company",
      "id": "69adb6fc-b959-4619-aecb-51195ebeb75e"
    },
    "criteria": [
      "f387061c-35eb-4a80-8447-f26132266e7d"
    ]
  }
},
{
  "model": "automation.automationfilter",
  "pk": "eeec1250-1cd8-4adf-9a83-4148de972cf8",
  "fields": {
    "created": "2017-01-18T19:01:07.636Z",
    "modified": "2017-01-18T19:01:07.636Z",
    "deleted": null,
    "automation": "abadfdb7-5416-4be9-b205-b0723c038774",
    "source": "5ee6045a-2459-4eaf-be1b-d308e318da0c",
    "lookups": {},
    "criteria": [
      "049530c4-ce6c-4724-9cfd-37a16e787003"
    ]
  }
}
]
