[
{
  "model": "automation.automationevent",
  "pk": "2447bebf-3e46-4210-b93a-c31238d6ac1a",
  "fields": {
    "created": "2017-01-17T17:51:47.230Z",
    "modified": "2017-01-17T17:51:47.230Z",
    "deleted": null,
    "key": "automation.event.ticket_location_change"
  }
},
{
  "model": "automation.automationevent",
  "pk": "301ba3c9-5692-4bc8-980c-98b94d48bc0d",
  "fields": {
    "created": "2017-01-17T17:51:47.237Z",
    "modified": "2017-01-17T17:51:47.237Z",
    "deleted": null,
    "key": "automation.event.ticket_status_denied"
  }
},
{
  "model": "automation.automationevent",
  "pk": "480e1c69-0f1c-4f42-9044-ed1a17d5c110",
  "fields": {
    "created": "2017-01-17T17:51:47.231Z",
    "modified": "2017-01-17T17:51:47.231Z",
    "deleted": null,
    "key": "automation.event.ticket_priority_change"
  }
},
{
  "model": "automation.automationevent",
  "pk": "6144cae6-0a98-4cac-b616-39f7add1ec19",
  "fields": {
    "created": "2017-01-17T17:51:47.245Z",
    "modified": "2017-01-17T17:51:47.245Z",
    "deleted": null,
    "key": "automation.event.ticket_status_solved"
  }
},
{
  "model": "automation.automationevent",
  "pk": "65444dae-9d54-4ace-bbee-69559e0e89c9",
  "fields": {
    "created": "2017-01-17T17:51:47.242Z",
    "modified": "2017-01-17T17:51:47.242Z",
    "deleted": null,
    "key": "automation.event.ticket_status_new"
  }
},
{
  "model": "automation.automationevent",
  "pk": "6b5cdd8f-aeaa-427e-8336-b0d7d87feefb",
  "fields": {
    "created": "2017-01-17T17:51:47.236Z",
    "modified": "2017-01-17T17:51:47.236Z",
    "deleted": null,
    "key": "automation.event.ticket_status_deferred"
  }
},
{
  "model": "automation.automationevent",
  "pk": "768ad294-b09d-4448-97ec-1bd4b74d9ce6",
  "fields": {
    "created": "2017-01-17T17:51:47.226Z",
    "modified": "2017-01-17T17:51:47.226Z",
    "deleted": null,
    "key": "automation.event.ticket_cc_add"
  }
},
{
  "model": "automation.automationevent",
  "pk": "8cf1479f-00bf-4af0-bad7-ea62058cf9ef",
  "fields": {
    "created": "2017-01-17T17:51:47.224Z",
    "modified": "2017-01-17T17:51:47.224Z",
    "deleted": null,
    "key": "automation.event.ticket_category_change"
  }
},
{
  "model": "automation.automationevent",
  "pk": "963d5abd-dc7a-4d70-a8da-1c2bd2cb523b",
  "fields": {
    "created": "2017-01-17T17:51:47.243Z",
    "modified": "2017-01-17T17:51:47.243Z",
    "deleted": null,
    "key": "automation.event.ticket_status_pending"
  }
},
{
  "model": "automation.automationevent",
  "pk": "9f7556b7-430a-48ff-a35b-913e03e8cb6f",
  "fields": {
    "created": "2017-01-17T17:51:47.240Z",
    "modified": "2017-01-17T17:51:47.240Z",
    "deleted": null,
    "key": "automation.event.ticket_status_in_progress"
  }
},
{
  "model": "automation.automationevent",
  "pk": "a658076c-5bf8-45ec-8d78-52b4e4202a42",
  "fields": {
    "created": "2017-01-17T17:51:47.222Z",
    "modified": "2017-01-17T17:51:47.223Z",
    "deleted": null,
    "key": "automation.event.ticket_attachment_add"
  }
},
{
  "model": "automation.automationevent",
  "pk": "b616b7b4-71a9-4b75-8ebc-1d7995c1bed2",
  "fields": {
    "created": "2017-01-17T17:51:47.246Z",
    "modified": "2017-01-17T17:51:47.246Z",
    "deleted": null,
    "key": "automation.event.ticket_status_unsatisfactory"
  }
},
{
  "model": "automation.automationevent",
  "pk": "c5831ceb-412c-400a-81dc-b93ad827e937",
  "fields": {
    "created": "2017-01-17T17:51:47.228Z",
    "modified": "2017-01-17T17:51:47.228Z",
    "deleted": null,
    "key": "automation.event.ticket_comment"
  }
},
{
  "model": "automation.automationevent",
  "pk": "cc744596-f30e-4b1e-88c2-1665c2f38964",
  "fields": {
    "created": "2017-01-17T17:51:47.218Z",
    "modified": "2017-01-17T17:51:47.218Z",
    "deleted": null,
    "key": "automation.event.ticket_assignee_change"
  }
},
{
  "model": "automation.automationevent",
  "pk": "ce8d6b40-88fe-4800-96be-341c0f69b9e0",
  "fields": {
    "created": "2017-01-17T17:51:47.234Z",
    "modified": "2017-01-17T17:51:47.234Z",
    "deleted": null,
    "key": "automation.event.ticket_status_complete"
  }
},
{
  "model": "automation.automationevent",
  "pk": "d7bdabb9-135d-4324-aff5-93e5bc16bc0a",
  "fields": {
    "created": "2017-01-17T17:51:47.239Z",
    "modified": "2017-01-17T17:51:47.239Z",
    "deleted": null,
    "key": "automation.event.ticket_status_draft"
  }
},
{
  "model": "automation.automationevent",
  "pk": "e2f2efee-e6ad-4c15-8d3f-1dfe063b0e23",
  "fields": {
    "created": "2017-01-17T17:51:47.233Z",
    "modified": "2017-01-17T17:51:47.233Z",
    "deleted": null,
    "key": "automation.event.ticket_status_cancelled"
  }
},
{
  "model": "automation.automationactiontype",
  "pk": "6857e510-6d3e-41c0-8dd3-4e253ad9235a",
  "fields": {
    "created": "2017-01-17T17:51:47.248Z",
    "modified": "2017-01-17T17:51:47.248Z",
    "deleted": null,
    "key": "automation.actions.ticket_assignee"
  }
},
{
  "model": "automation.automationactiontype",
  "pk": "755044b1-53a2-4763-9c6b-2b98c5c7d997",
  "fields": {
    "created": "2017-01-17T17:51:47.255Z",
    "modified": "2017-01-17T17:51:47.255Z",
    "deleted": null,
    "key": "automation.actions.ticket_priority"
  }
},
{
  "model": "automation.automationactiontype",
  "pk": "8ee3dc4a-b19a-4fd5-b163-19babc00b08a",
  "fields": {
    "created": "2017-01-17T17:51:47.250Z",
    "modified": "2017-01-17T17:51:47.250Z",
    "deleted": null,
    "key": "automation.actions.send_email"
  }
},
{
  "model": "automation.automationactiontype",
  "pk": "c988b1c5-4b5e-48fb-9d8b-e08bef994453",
  "fields": {
    "created": "2017-01-17T17:51:47.253Z",
    "modified": "2017-01-17T17:51:47.253Z",
    "deleted": null,
    "key": "automation.actions.ticket_cc"
  }
},
{
  "model": "automation.automationactiontype",
  "pk": "d68bd9b6-2807-49c1-bf14-d170a03fbe30",
  "fields": {
    "created": "2017-01-17T17:51:47.258Z",
    "modified": "2017-01-17T17:51:47.258Z",
    "deleted": null,
    "key": "automation.actions.ticket_status"
  }
},
{
  "model": "automation.automationactiontype",
  "pk": "de59d691-da1d-46d6-bb33-6b632de54d51",
  "fields": {
    "created": "2017-01-17T17:51:47.257Z",
    "modified": "2017-01-17T17:51:47.257Z",
    "deleted": null,
    "key": "automation.actions.ticket_request"
  }
},
{
  "model": "automation.automationactiontype",
  "pk": "f53e34a6-adf7-455e-8654-58643e8d6784",
  "fields": {
    "created": "2017-01-17T17:51:47.252Z",
    "modified": "2017-01-17T17:51:47.252Z",
    "deleted": null,
    "key": "automation.actions.send_sms"
  }
},
{
  "model": "automation.automationaction",
  "pk": "2674ba5f-d1ca-4cc9-86b6-531a52cd7cd8",
  "fields": {
    "created": "2017-01-17T17:51:48.023Z",
    "modified": "2017-01-17T17:51:48.023Z",
    "deleted": null,
    "type": "c988b1c5-4b5e-48fb-9d8b-e08bef994453",
    "automation": "8355102a-ef85-4577-bd6d-dd59eaec9045",
    "content": {
      "ccs": [
        "039530c4-ce6c-4724-9cfd-37a16e787201"
      ]
    }
  }
},
{
  "model": "automation.automationaction",
  "pk": "2d2552be-95c5-4fb2-8462-49eee3f03a0c",
  "fields": {
    "created": "2017-01-17T17:51:47.491Z",
    "modified": "2017-01-17T17:51:47.491Z",
    "deleted": null,
    "type": "6857e510-6d3e-41c0-8dd3-4e253ad9235a",
    "automation": "9d11ca4f-3997-41d1-89f5-53a5891772fc",
    "content": {
      "assignee": "039530c4-ce6c-4724-9cfd-37a16e787200"
    }
  }
},
{
  "model": "automation.automationaction",
  "pk": "33dee8bb-6146-42d5-938a-b22ef262ec31",
  "fields": {
    "created": "2017-01-17T17:51:47.418Z",
    "modified": "2017-01-17T17:51:47.418Z",
    "deleted": null,
    "type": "6857e510-6d3e-41c0-8dd3-4e253ad9235a",
    "automation": "3328d8a5-f05a-4dc1-86b2-6580fddf9895",
    "content": {
      "assignee": "039530c4-ce6c-4724-9cfd-37a16e787200"
    }
  }
},
{
  "model": "automation.automationaction",
  "pk": "501042dd-6f9e-408e-88ba-ed3b8768615b",
  "fields": {
    "created": "2017-01-17T17:51:47.646Z",
    "modified": "2017-01-17T17:51:47.646Z",
    "deleted": null,
    "type": "6857e510-6d3e-41c0-8dd3-4e253ad9235a",
    "automation": "3807a85f-a21e-43cb-b4c8-172bca9eae4b",
    "content": {
      "assignee": "039530c4-ce6c-4724-9cfd-37a16e787200"
    }
  }
},
{
  "model": "automation.automationaction",
  "pk": "86b87ede-ffe1-4fba-82d9-f5bc10341846",
  "fields": {
    "created": "2017-01-17T17:51:47.921Z",
    "modified": "2017-01-17T17:51:47.921Z",
    "deleted": null,
    "type": "de59d691-da1d-46d6-bb33-6b632de54d51",
    "automation": "5d094de5-4b40-4159-b20a-27b2ba35ea1c",
    "content": {
      "request": "foo"
    }
  }
},
{
  "model": "automation.automationaction",
  "pk": "8e86cea8-4c94-4eb6-99a5-e929198f18e1",
  "fields": {
    "created": "2017-01-17T17:51:47.343Z",
    "modified": "2017-01-17T17:51:47.343Z",
    "deleted": null,
    "type": "6857e510-6d3e-41c0-8dd3-4e253ad9235a",
    "automation": "a377b0ff-0b44-4df3-b3af-1e83e0a82b43",
    "content": {
      "assignee": "039530c4-ce6c-4724-9cfd-37a16e787200"
    }
  }
},
{
  "model": "automation.automationaction",
  "pk": "90d24c76-25eb-47e6-b8ce-8a508cd36ab2",
  "fields": {
    "created": "2017-01-17T17:51:47.738Z",
    "modified": "2017-01-17T17:51:47.738Z",
    "deleted": null,
    "type": "6857e510-6d3e-41c0-8dd3-4e253ad9235a",
    "automation": "a6af9f3e-1b53-4d7c-adfc-0a19a61fbdc7",
    "content": {
      "assignee": "039530c4-ce6c-4724-9cfd-37a16e787200"
    }
  }
},
{
  "model": "automation.automationaction",
  "pk": "d4714049-bdca-421f-940e-5fc813dbf61d",
  "fields": {
    "created": "2017-01-17T17:51:47.810Z",
    "modified": "2017-01-17T17:51:47.810Z",
    "deleted": null,
    "type": "8ee3dc4a-b19a-4fd5-b163-19babc00b08a",
    "automation": "ed4264f7-19eb-4289-afea-5bea21c24ce7",
    "content": {
      "body": "bar",
      "subject": "foo",
      "recipients": [
        {
          "id": "039530c4-ce6c-4724-9cfd-37a16e787200",
          "type": "person"
        },
        {
          "id": "3ff23f73-f910-4ed1-9004-898dbec2de0b",
          "type": "role"
        }
      ]
    }
  }
},
{
  "model": "automation.automationaction",
  "pk": "d720f0e9-80a6-4e51-8e0c-09c9ac594191",
  "fields": {
    "created": "2017-01-17T17:51:47.568Z",
    "modified": "2017-01-17T17:51:47.568Z",
    "deleted": null,
    "type": "6857e510-6d3e-41c0-8dd3-4e253ad9235a",
    "automation": "22b2dd1b-ce75-44ab-ae50-f768b619f573",
    "content": {
      "assignee": "039530c4-ce6c-4724-9cfd-37a16e787200"
    }
  }
},
{
  "model": "automation.automationaction",
  "pk": "dbbe036d-2572-4c51-9f5b-ccdb1e7e5a40",
  "fields": {
    "created": "2017-01-17T17:51:47.893Z",
    "modified": "2017-01-17T17:51:47.893Z",
    "deleted": null,
    "type": "755044b1-53a2-4763-9c6b-2b98c5c7d997",
    "automation": "286212c3-0fcf-4b2a-b5b4-9eef5283131a",
    "content": {
      "priority": "050530c4-ce6c-4724-9cfd-37a16e787003"
    }
  }
},
{
  "model": "automation.automationaction",
  "pk": "e164abb3-debb-4b2e-8fef-7a8ec25379de",
  "fields": {
    "created": "2017-01-17T17:51:47.908Z",
    "modified": "2017-01-17T17:51:47.908Z",
    "deleted": null,
    "type": "d68bd9b6-2807-49c1-bf14-d170a03fbe30",
    "automation": "a723e0ea-99e4-4406-b554-0cafb76d3b59",
    "content": {
      "status": "051530c4-ce6c-4724-9cfd-37a16e787007"
    }
  }
},
{
  "model": "automation.automationaction",
  "pk": "e587a182-b1f7-4220-b3fc-ca386a3bf905",
  "fields": {
    "created": "2017-01-17T17:51:47.879Z",
    "modified": "2017-01-17T17:51:47.879Z",
    "deleted": null,
    "type": "f53e34a6-adf7-455e-8654-58643e8d6784",
    "automation": "3cde95f3-cb44-4f8f-b8db-48b448e60aaa",
    "content": {
      "body": "bar",
      "recipients": [
        {
          "id": "039530c4-ce6c-4724-9cfd-37a16e787200",
          "type": "person"
        },
        {
          "id": "3ff23f73-f910-4ed1-9004-898dbec2de0b",
          "type": "role"
        }
      ]
    }
  }
},
{
  "model": "automation.automation",
  "pk": "22b2dd1b-ce75-44ab-ae50-f768b619f573",
  "fields": {
    "created": "2017-01-17T17:51:47.507Z",
    "modified": "2017-01-17T17:51:48.045Z",
    "deleted": null,
    "tenant": "045530c4-ce6c-4724-9cfd-37a16e787001",
    "description": "Filter: admin.placeholder.state_filter_select --- Action: automation.actions.ticket_assignee",
    "events": [
      "65444dae-9d54-4ace-bbee-69559e0e89c9"
    ]
  }
},
{
  "model": "automation.automation",
  "pk": "286212c3-0fcf-4b2a-b5b4-9eef5283131a",
  "fields": {
    "created": "2017-01-17T17:51:47.888Z",
    "modified": "2017-01-17T17:51:48.066Z",
    "deleted": null,
    "tenant": "045530c4-ce6c-4724-9cfd-37a16e787001",
    "description": "Filter: None --- Action: automation.actions.ticket_priority",
    "events": [
      "65444dae-9d54-4ace-bbee-69559e0e89c9"
    ]
  }
},
{
  "model": "automation.automation",
  "pk": "3328d8a5-f05a-4dc1-86b2-6580fddf9895",
  "fields": {
    "created": "2017-01-17T17:51:47.357Z",
    "modified": "2017-01-17T17:51:48.030Z",
    "deleted": null,
    "tenant": "045530c4-ce6c-4724-9cfd-37a16e787001",
    "description": "Filter: admin.placeholder.category_filter_select --- Action: automation.actions.ticket_assignee",
    "events": [
      "65444dae-9d54-4ace-bbee-69559e0e89c9"
    ]
  }
},
{
  "model": "automation.automation",
  "pk": "3807a85f-a21e-43cb-b4c8-172bca9eae4b",
  "fields": {
    "created": "2017-01-17T17:51:47.585Z",
    "modified": "2017-01-17T17:51:48.035Z",
    "deleted": null,
    "tenant": "045530c4-ce6c-4724-9cfd-37a16e787001",
    "description": "Filter: admin.placeholder.country_filter_select --- Action: automation.actions.ticket_assignee",
    "events": [
      "65444dae-9d54-4ace-bbee-69559e0e89c9"
    ]
  }
},
{
  "model": "automation.automation",
  "pk": "3cde95f3-cb44-4f8f-b8db-48b448e60aaa",
  "fields": {
    "created": "2017-01-17T17:51:47.819Z",
    "modified": "2017-01-17T17:51:48.080Z",
    "deleted": null,
    "tenant": "045530c4-ce6c-4724-9cfd-37a16e787001",
    "description": "Filter: None --- Action: automation.actions.send_sms",
    "events": [
      "65444dae-9d54-4ace-bbee-69559e0e89c9"
    ]
  }
},
{
  "model": "automation.automation",
  "pk": "5d094de5-4b40-4159-b20a-27b2ba35ea1c",
  "fields": {
    "created": "2017-01-17T17:51:47.917Z",
    "modified": "2017-01-17T17:51:48.075Z",
    "deleted": null,
    "tenant": "045530c4-ce6c-4724-9cfd-37a16e787001",
    "description": "Filter: None --- Action: automation.actions.ticket_request",
    "events": [
      "65444dae-9d54-4ace-bbee-69559e0e89c9"
    ]
  }
},
{
  "model": "automation.automation",
  "pk": "8355102a-ef85-4577-bd6d-dd59eaec9045",
  "fields": {
    "created": "2017-01-17T17:51:47.930Z",
    "modified": "2017-01-17T17:51:48.053Z",
    "deleted": null,
    "tenant": "045530c4-ce6c-4724-9cfd-37a16e787001",
    "description": "Filter: None --- Action: automation.actions.ticket_cc",
    "events": [
      "65444dae-9d54-4ace-bbee-69559e0e89c9"
    ]
  }
},
{
  "model": "automation.automation",
  "pk": "9d11ca4f-3997-41d1-89f5-53a5891772fc",
  "fields": {
    "created": "2017-01-17T17:51:47.431Z",
    "modified": "2017-01-17T17:51:48.071Z",
    "deleted": null,
    "tenant": "045530c4-ce6c-4724-9cfd-37a16e787001",
    "description": "Filter: None --- Action: automation.actions.ticket_assignee",
    "events": [
      "65444dae-9d54-4ace-bbee-69559e0e89c9"
    ]
  }
},
{
  "model": "automation.automation",
  "pk": "a377b0ff-0b44-4df3-b3af-1e83e0a82b43",
  "fields": {
    "created": "2017-01-17T17:51:47.270Z",
    "modified": "2017-01-17T17:51:48.040Z",
    "deleted": null,
    "tenant": "045530c4-ce6c-4724-9cfd-37a16e787001",
    "description": "Filter: admin.placeholder.priority_filter_select --- Action: automation.actions.ticket_assignee",
    "events": [
      "65444dae-9d54-4ace-bbee-69559e0e89c9"
    ]
  }
},
{
  "model": "automation.automation",
  "pk": "a6af9f3e-1b53-4d7c-adfc-0a19a61fbdc7",
  "fields": {
    "created": "2017-01-17T17:51:47.675Z",
    "modified": "2017-01-17T17:51:48.058Z",
    "deleted": null,
    "tenant": "045530c4-ce6c-4724-9cfd-37a16e787001",
    "description": "Filter: None --- Action: automation.actions.ticket_assignee",
    "events": [
      "65444dae-9d54-4ace-bbee-69559e0e89c9"
    ]
  }
},
{
  "model": "automation.automation",
  "pk": "a723e0ea-99e4-4406-b554-0cafb76d3b59",
  "fields": {
    "created": "2017-01-17T17:51:47.902Z",
    "modified": "2017-01-17T17:51:48.049Z",
    "deleted": null,
    "tenant": "045530c4-ce6c-4724-9cfd-37a16e787001",
    "description": "Filter: None --- Action: automation.actions.ticket_status",
    "events": [
      "65444dae-9d54-4ace-bbee-69559e0e89c9"
    ]
  }
},
{
  "model": "automation.automation",
  "pk": "ed4264f7-19eb-4289-afea-5bea21c24ce7",
  "fields": {
    "created": "2017-01-17T17:51:47.748Z",
    "modified": "2017-01-17T17:51:48.062Z",
    "deleted": null,
    "tenant": "045530c4-ce6c-4724-9cfd-37a16e787001",
    "description": "Filter: None --- Action: automation.actions.send_email",
    "events": [
      "65444dae-9d54-4ace-bbee-69559e0e89c9"
    ]
  }
},
{
  "model": "automation.automationfiltertype",
  "pk": "0b205941-7443-4197-9671-5aef943a6c37",
  "fields": {
    "created": "2017-01-17T17:51:47.347Z",
    "modified": "2017-01-17T17:51:47.347Z",
    "deleted": null,
    "key": "admin.placeholder.priority_filter_select",
    "context": "ticket.ticket",
    "field": "priority",
    "lookups": {}
  }
},
{
  "model": "automation.automationfiltertype",
  "pk": "1df37672-b822-4bc3-b3a6-a9d52782e3e2",
  "fields": {
    "created": "2017-01-17T17:51:47.421Z",
    "modified": "2017-01-17T17:51:47.421Z",
    "deleted": null,
    "key": "admin.placeholder.category_filter_select",
    "context": "ticket.ticket",
    "field": "categories",
    "lookups": {}
  }
},
{
  "model": "automation.automationfiltertype",
  "pk": "528c99a9-4034-4ab2-a4da-9681d1d268ef",
  "fields": {
    "created": "2017-01-17T17:51:47.497Z",
    "modified": "2017-01-17T17:51:47.497Z",
    "deleted": null,
    "key": "",
    "context": "ticket.ticket",
    "field": "location",
    "lookups": {
      "filters": "location_level"
    }
  }
},
{
  "model": "automation.automationfiltertype",
  "pk": "85131a85-a1c0-470b-b00d-53bc5ec0b04d",
  "fields": {
    "created": "2017-01-17T17:51:47.649Z",
    "modified": "2017-01-17T17:51:47.649Z",
    "deleted": null,
    "key": "admin.placeholder.country_filter_select",
    "context": "ticket.ticket",
    "field": "country",
    "lookups": {}
  }
},
{
  "model": "automation.automationfiltertype",
  "pk": "992de6ec-9f49-460e-9dd6-aafd70e5f12e",
  "fields": {
    "created": "2017-01-17T17:51:47.575Z",
    "modified": "2017-01-17T17:51:47.575Z",
    "deleted": null,
    "key": "admin.placeholder.state_filter_select",
    "context": "ticket.ticket",
    "field": "state",
    "lookups": {}
  }
},
{
  "model": "automation.automationfilter",
  "pk": "35c9abc2-6cdb-4fec-8fc5-049b284dde4b",
  "fields": {
    "created": "2017-01-17T17:51:47.348Z",
    "modified": "2017-01-17T17:51:47.348Z",
    "deleted": null,
    "automation": "a377b0ff-0b44-4df3-b3af-1e83e0a82b43",
    "source": "0b205941-7443-4197-9671-5aef943a6c37",
    "lookups": {},
    "criteria": [
      "050530c4-ce6c-4724-9cfd-37a16e787003"
    ]
  }
},
{
  "model": "automation.automationfilter",
  "pk": "52a79c74-5e96-4de3-bcfe-2b5afb5f2dfc",
  "fields": {
    "created": "2017-01-17T17:51:47.576Z",
    "modified": "2017-01-17T17:51:47.576Z",
    "deleted": null,
    "automation": "22b2dd1b-ce75-44ab-ae50-f768b619f573",
    "source": "992de6ec-9f49-460e-9dd6-aafd70e5f12e",
    "lookups": {},
    "criteria": [
      "2f193a90-a270-48b7-8752-b4c5ad19156c"
    ]
  }
},
{
  "model": "automation.automationfilter",
  "pk": "8ec9fab8-9141-4690-bd01-5f5365c59288",
  "fields": {
    "created": "2017-01-17T17:51:47.422Z",
    "modified": "2017-01-17T17:51:47.422Z",
    "deleted": null,
    "automation": "3328d8a5-f05a-4dc1-86b2-6580fddf9895",
    "source": "1df37672-b822-4bc3-b3a6-a9d52782e3e2",
    "lookups": {},
    "criteria": [
      "024530c4-ce6c-4724-9cfd-37a16e787001"
    ]
  }
},
{
  "model": "automation.automationfilter",
  "pk": "c6a62850-65ce-4807-851b-1a5ad137d3e4",
  "fields": {
    "created": "2017-01-17T17:51:47.651Z",
    "modified": "2017-01-17T17:51:47.651Z",
    "deleted": null,
    "automation": "3807a85f-a21e-43cb-b4c8-172bca9eae4b",
    "source": "85131a85-a1c0-470b-b00d-53bc5ec0b04d",
    "lookups": {},
    "criteria": [
      "61760373-0b13-4a1e-8abe-8166ca841e01"
    ]
  }
},
{
  "model": "automation.automationfilter",
  "pk": "ca4e870d-2c46-40d0-96de-79fa2413915b",
  "fields": {
    "created": "2017-01-17T17:51:47.498Z",
    "modified": "2017-01-17T17:51:47.498Z",
    "deleted": null,
    "automation": "9d11ca4f-3997-41d1-89f5-53a5891772fc",
    "source": "528c99a9-4034-4ab2-a4da-9681d1d268ef",
    "lookups": {
      "id": "7b966a5c-937a-49a8-9159-7f01c55e5d68",
      "filters": "location_level",
      "name": "Company"
    },
    "criteria": [
      "4182465c-5230-47ae-90ce-7afb2a641922"
    ]
  }
}
]
