[
{
  "model": "automation.automationevent",
  "pk": "0eb1f9cf-d010-46ad-977f-589ef4ea736e",
  "fields": {
    "created": "2017-01-25T20:48:42.967Z",
    "modified": "2017-01-25T20:48:42.967Z",
    "deleted": null,
    "key": "automation.event.ticket_attachment_add"
  }
},
{
  "model": "automation.automationevent",
  "pk": "10c0b83f-2601-43a5-a704-3d2902b32059",
  "fields": {
    "created": "2017-01-25T20:48:42.969Z",
    "modified": "2017-01-25T20:48:42.969Z",
    "deleted": null,
    "key": "automation.event.ticket_category_change"
  }
},
{
  "model": "automation.automationevent",
  "pk": "14ce5bae-b49e-4d1d-9710-4557dedd7488",
  "fields": {
    "created": "2017-01-25T20:48:42.982Z",
    "modified": "2017-01-25T20:48:42.982Z",
    "deleted": null,
    "key": "automation.event.ticket_status_denied"
  }
},
{
  "model": "automation.automationevent",
  "pk": "4ad8062a-48ce-46ad-980c-cba7b96bae6f",
  "fields": {
    "created": "2017-01-25T20:48:42.988Z",
    "modified": "2017-01-25T20:48:42.988Z",
    "deleted": null,
    "key": "automation.event.ticket_status_pending"
  }
},
{
  "model": "automation.automationevent",
  "pk": "5e595536-4587-4563-9b6d-bc0196964824",
  "fields": {
    "created": "2017-01-25T20:48:42.971Z",
    "modified": "2017-01-25T20:48:42.971Z",
    "deleted": null,
    "key": "automation.event.ticket_cc_add"
  }
},
{
  "model": "automation.automationevent",
  "pk": "6288d97a-8da2-4ec0-bb7b-c4e2b04b892e",
  "fields": {
    "created": "2017-01-25T20:48:42.973Z",
    "modified": "2017-01-25T20:48:42.973Z",
    "deleted": null,
    "key": "automation.event.ticket_comment"
  }
},
{
  "model": "automation.automationevent",
  "pk": "7fa18aca-4d5c-4924-b391-8fc498940826",
  "fields": {
    "created": "2017-01-25T20:48:42.990Z",
    "modified": "2017-01-25T20:48:42.990Z",
    "deleted": null,
    "key": "automation.event.ticket_status_solved"
  }
},
{
  "model": "automation.automationevent",
  "pk": "8129c9e5-76bc-4f0c-a28c-9f0627c684eb",
  "fields": {
    "created": "2017-01-25T20:48:42.991Z",
    "modified": "2017-01-25T20:48:42.991Z",
    "deleted": null,
    "key": "automation.event.ticket_status_unsatisfactory"
  }
},
{
  "model": "automation.automationevent",
  "pk": "9219fb51-90a2-4ff7-85cd-af83d90cddde",
  "fields": {
    "created": "2017-01-25T20:48:42.980Z",
    "modified": "2017-01-25T20:48:42.980Z",
    "deleted": null,
    "key": "automation.event.ticket_status_deferred"
  }
},
{
  "model": "automation.automationevent",
  "pk": "994d8f47-16da-48fe-b55a-4f5bae08a108",
  "fields": {
    "created": "2017-01-25T20:48:42.987Z",
    "modified": "2017-01-25T20:48:42.987Z",
    "deleted": null,
    "key": "automation.event.ticket_status_new"
  }
},
{
  "model": "automation.automationevent",
  "pk": "bb3a0c48-eaf4-457f-9fa8-0108aa01cecf",
  "fields": {
    "created": "2017-01-25T20:48:42.962Z",
    "modified": "2017-01-25T20:48:42.962Z",
    "deleted": null,
    "key": "automation.event.ticket_assignee_change"
  }
},
{
  "model": "automation.automationevent",
  "pk": "be7c412c-1ea6-45b8-a638-bafdd5a58e46",
  "fields": {
    "created": "2017-01-25T20:48:42.974Z",
    "modified": "2017-01-25T20:48:42.974Z",
    "deleted": null,
    "key": "automation.event.ticket_location_change"
  }
},
{
  "model": "automation.automationevent",
  "pk": "c62e1982-a757-4977-b383-2fb771635666",
  "fields": {
    "created": "2017-01-25T20:48:42.979Z",
    "modified": "2017-01-25T20:48:42.979Z",
    "deleted": null,
    "key": "automation.event.ticket_status_complete"
  }
},
{
  "model": "automation.automationevent",
  "pk": "c963a377-d27f-41d8-8491-ef769af50a12",
  "fields": {
    "created": "2017-01-25T20:48:42.976Z",
    "modified": "2017-01-25T20:48:42.976Z",
    "deleted": null,
    "key": "automation.event.ticket_priority_change"
  }
},
{
  "model": "automation.automationevent",
  "pk": "cd42d1fb-ed1b-4f0d-be48-e28ae0dca7e2",
  "fields": {
    "created": "2017-01-25T20:48:42.985Z",
    "modified": "2017-01-25T20:48:42.985Z",
    "deleted": null,
    "key": "automation.event.ticket_status_in_progress"
  }
},
{
  "model": "automation.automationevent",
  "pk": "cedb6b55-e9d3-4865-a74e-a35eb75291a1",
  "fields": {
    "created": "2017-01-25T20:48:42.983Z",
    "modified": "2017-01-25T20:48:42.983Z",
    "deleted": null,
    "key": "automation.event.ticket_status_draft"
  }
},
{
  "model": "automation.automationevent",
  "pk": "e4cdc808-2320-4854-a290-eb71dd2752f1",
  "fields": {
    "created": "2017-01-25T20:48:42.977Z",
    "modified": "2017-01-25T20:48:42.977Z",
    "deleted": null,
    "key": "automation.event.ticket_status_cancelled"
  }
},
{
  "model": "automation.automationactiontype",
  "pk": "0bec85aa-c56c-44bd-be6d-dd172068d610",
  "fields": {
    "created": "2017-01-25T20:48:43.003Z",
    "modified": "2017-01-25T20:48:43.003Z",
    "deleted": null,
    "key": "automation.actions.ticket_status"
  }
},
{
  "model": "automation.automationactiontype",
  "pk": "408a2918-f484-46a7-8fea-939982e790a1",
  "fields": {
    "created": "2017-01-25T20:48:42.993Z",
    "modified": "2017-01-25T20:48:42.993Z",
    "deleted": null,
    "key": "automation.actions.ticket_assignee"
  }
},
{
  "model": "automation.automationactiontype",
  "pk": "81ef1e5c-7da0-4694-ae61-7d92b64a1521",
  "fields": {
    "created": "2017-01-25T20:48:42.998Z",
    "modified": "2017-01-25T20:48:42.998Z",
    "deleted": null,
    "key": "automation.actions.ticket_cc"
  }
},
{
  "model": "automation.automationactiontype",
  "pk": "c341d93b-d3c0-4406-a360-c312afdbd0cc",
  "fields": {
    "created": "2017-01-25T20:48:43.000Z",
    "modified": "2017-01-25T20:48:43.000Z",
    "deleted": null,
    "key": "automation.actions.ticket_priority"
  }
},
{
  "model": "automation.automationactiontype",
  "pk": "cae6f915-5c6f-4ec1-9b53-1bdab52ce568",
  "fields": {
    "created": "2017-01-25T20:48:43.001Z",
    "modified": "2017-01-25T20:48:43.001Z",
    "deleted": null,
    "key": "automation.actions.ticket_request"
  }
},
{
  "model": "automation.automationactiontype",
  "pk": "de1a022c-77f8-43ad-a83e-f8f970a0d7e1",
  "fields": {
    "created": "2017-01-25T20:48:42.995Z",
    "modified": "2017-01-25T20:48:42.995Z",
    "deleted": null,
    "key": "automation.actions.send_email"
  }
},
{
  "model": "automation.automationactiontype",
  "pk": "f0a2c2ef-34ce-455e-a0a1-334e391fb2c9",
  "fields": {
    "created": "2017-01-25T20:48:42.996Z",
    "modified": "2017-01-25T20:48:42.996Z",
    "deleted": null,
    "key": "automation.actions.send_sms"
  }
},
{
  "model": "automation.automationaction",
  "pk": "1df39c8f-38e5-455c-a751-8d14cf494c5b",
  "fields": {
    "created": "2017-01-25T20:48:43.318Z",
    "modified": "2017-01-25T20:48:43.318Z",
    "deleted": null,
    "type": "408a2918-f484-46a7-8fea-939982e790a1",
    "automation": "84a086d7-f57e-43d0-a5ff-4f1bb1a0acf8",
    "content": {
      "assignee": "042530c4-ce6c-4724-9cfd-37a16e787200"
    }
  }
},
{
  "model": "automation.automationaction",
  "pk": "1ea34f68-af31-4235-821c-6ff1465119c8",
  "fields": {
    "created": "2017-01-25T20:48:43.623Z",
    "modified": "2017-01-25T20:48:43.623Z",
    "deleted": null,
    "type": "f0a2c2ef-34ce-455e-a0a1-334e391fb2c9",
    "automation": "c03603df-b7e5-49f0-a438-b1bfefb6d424",
    "content": {
      "recipients": [
        {
          "type": "person",
          "id": "042530c4-ce6c-4724-9cfd-37a16e787200"
        },
        {
          "type": "role",
          "id": "2aa71e85-31d3-47e3-836b-f338d3892acc"
        }
      ],
      "body": "bar"
    }
  }
},
{
  "model": "automation.automationaction",
  "pk": "311a3815-0777-4a56-bef5-fc251a2e86a1",
  "fields": {
    "created": "2017-01-25T20:48:43.652Z",
    "modified": "2017-01-25T20:48:43.652Z",
    "deleted": null,
    "type": "0bec85aa-c56c-44bd-be6d-dd172068d610",
    "automation": "e03d0666-fcbb-4726-9bcf-c58a9d1f434b",
    "content": {
      "status": "051530c4-ce6c-4724-9cfd-37a16e787007"
    }
  }
},
{
  "model": "automation.automationaction",
  "pk": "35affac7-5dec-4e2b-8499-4b30d1f0beb2",
  "fields": {
    "created": "2017-01-25T20:48:43.167Z",
    "modified": "2017-01-25T20:48:43.167Z",
    "deleted": null,
    "type": "408a2918-f484-46a7-8fea-939982e790a1",
    "automation": "258080b6-9c9d-4b62-abd2-d51d2fcd7538",
    "content": {
      "assignee": "042530c4-ce6c-4724-9cfd-37a16e787200"
    }
  }
},
{
  "model": "automation.automationaction",
  "pk": "49ba8851-70ca-4585-b622-7015fc43924c",
  "fields": {
    "created": "2017-01-25T20:48:43.637Z",
    "modified": "2017-01-25T20:48:43.637Z",
    "deleted": null,
    "type": "c341d93b-d3c0-4406-a360-c312afdbd0cc",
    "automation": "2b4b250f-eb80-44e8-a097-a58eec1aa062",
    "content": {
      "priority": "049530c4-ce6c-4724-9cfd-37a16e787003"
    }
  }
},
{
  "model": "automation.automationaction",
  "pk": "4bb52dec-ca4c-4ab7-86c6-e50be4ddad68",
  "fields": {
    "created": "2017-01-25T20:48:43.242Z",
    "modified": "2017-01-25T20:48:43.242Z",
    "deleted": null,
    "type": "408a2918-f484-46a7-8fea-939982e790a1",
    "automation": "fdf22243-4f80-4b54-8224-1589f9ff8019",
    "content": {
      "assignee": "042530c4-ce6c-4724-9cfd-37a16e787200"
    }
  }
},
{
  "model": "automation.automationaction",
  "pk": "563b332c-a840-471c-9ce6-ac780325eff3",
  "fields": {
    "created": "2017-01-25T20:48:43.665Z",
    "modified": "2017-01-25T20:48:43.665Z",
    "deleted": null,
    "type": "cae6f915-5c6f-4ec1-9b53-1bdab52ce568",
    "automation": "657fb725-049f-4a49-9227-def5f4642e5b",
    "content": {
      "request": "foo"
    }
  }
},
{
  "model": "automation.automationaction",
  "pk": "5bbb0e68-a68a-46be-9c19-e3c4e608b672",
  "fields": {
    "created": "2017-01-25T20:48:43.732Z",
    "modified": "2017-01-25T20:48:43.732Z",
    "deleted": null,
    "type": "81ef1e5c-7da0-4694-ae61-7d92b64a1521",
    "automation": "ee011ae0-bc39-4ffe-972c-70a75dffe26f",
    "content": {
      "ccs": [
        "042530c4-ce6c-4724-9cfd-37a16e787200"
      ]
    }
  }
},
{
  "model": "automation.automationaction",
  "pk": "5c2f26c4-90e8-4fca-bc8d-d9c0a086ba43",
  "fields": {
    "created": "2017-01-25T20:48:43.484Z",
    "modified": "2017-01-25T20:48:43.484Z",
    "deleted": null,
    "type": "408a2918-f484-46a7-8fea-939982e790a1",
    "automation": "3b13f20d-f56b-4124-84bd-ea79e3699648",
    "content": {
      "assignee": "042530c4-ce6c-4724-9cfd-37a16e787200"
    }
  }
},
{
  "model": "automation.automationaction",
  "pk": "732812de-4198-45af-96cc-f180c60ea05a",
  "fields": {
    "created": "2017-01-25T20:48:43.092Z",
    "modified": "2017-01-25T20:48:43.092Z",
    "deleted": null,
    "type": "408a2918-f484-46a7-8fea-939982e790a1",
    "automation": "4cbcbeed-18f6-4bc5-85f7-9366884b3bbd",
    "content": {
      "assignee": "042530c4-ce6c-4724-9cfd-37a16e787200"
    }
  }
},
{
  "model": "automation.automationaction",
  "pk": "efae3855-d05e-437f-af04-4b991a22e85c",
  "fields": {
    "created": "2017-01-25T20:48:43.396Z",
    "modified": "2017-01-25T20:48:43.396Z",
    "deleted": null,
    "type": "408a2918-f484-46a7-8fea-939982e790a1",
    "automation": "28a4e4e9-459b-4cd2-b8d5-f1b1c5417fbe",
    "content": {
      "assignee": "042530c4-ce6c-4724-9cfd-37a16e787200"
    }
  }
},
{
  "model": "automation.automationaction",
  "pk": "fafc9a21-3e7e-43a9-97ae-edb3e5fbd0cd",
  "fields": {
    "created": "2017-01-25T20:48:43.554Z",
    "modified": "2017-01-25T20:48:43.554Z",
    "deleted": null,
    "type": "de1a022c-77f8-43ad-a83e-f8f970a0d7e1",
    "automation": "83f90aea-826a-4967-83bb-7181055a60c2",
    "content": {
      "subject": "foo",
      "recipients": [
        {
          "type": "person",
          "id": "042530c4-ce6c-4724-9cfd-37a16e787200"
        },
        {
          "type": "role",
          "id": "2aa71e85-31d3-47e3-836b-f338d3892acc"
        }
      ],
      "body": "bar"
    }
  }
},
{
  "model": "automation.automation",
  "pk": "258080b6-9c9d-4b62-abd2-d51d2fcd7538",
  "fields": {
    "created": "2017-01-25T20:48:43.106Z",
    "modified": "2017-01-25T20:48:43.738Z",
    "deleted": null,
    "tenant": "044530c4-ce6c-4724-9cfd-37a16e787001",
    "description": "Filter: admin.placeholder.category_filter_select --- Action: automation.actions.ticket_assignee",
    "events": [
      "994d8f47-16da-48fe-b55a-4f5bae08a108"
    ]
  }
},
{
  "model": "automation.automation",
  "pk": "28a4e4e9-459b-4cd2-b8d5-f1b1c5417fbe",
  "fields": {
    "created": "2017-01-25T20:48:43.336Z",
    "modified": "2017-01-25T20:48:43.743Z",
    "deleted": null,
    "tenant": "044530c4-ce6c-4724-9cfd-37a16e787001",
    "description": "Filter: admin.placeholder.country_filter_select --- Action: automation.actions.ticket_assignee",
    "events": [
      "994d8f47-16da-48fe-b55a-4f5bae08a108"
    ]
  }
},
{
  "model": "automation.automation",
  "pk": "2b4b250f-eb80-44e8-a097-a58eec1aa062",
  "fields": {
    "created": "2017-01-25T20:48:43.632Z",
    "modified": "2017-01-25T20:48:43.762Z",
    "deleted": null,
    "tenant": "044530c4-ce6c-4724-9cfd-37a16e787001",
    "description": "Filter: None --- Action: automation.actions.ticket_priority",
    "events": [
      "994d8f47-16da-48fe-b55a-4f5bae08a108"
    ]
  }
},
{
  "model": "automation.automation",
  "pk": "3b13f20d-f56b-4124-84bd-ea79e3699648",
  "fields": {
    "created": "2017-01-25T20:48:43.424Z",
    "modified": "2017-01-25T20:48:43.766Z",
    "deleted": null,
    "tenant": "044530c4-ce6c-4724-9cfd-37a16e787001",
    "description": "Filter: None --- Action: automation.actions.ticket_assignee",
    "events": [
      "994d8f47-16da-48fe-b55a-4f5bae08a108"
    ]
  }
},
{
  "model": "automation.automation",
  "pk": "4cbcbeed-18f6-4bc5-85f7-9366884b3bbd",
  "fields": {
    "created": "2017-01-25T20:48:43.016Z",
    "modified": "2017-01-25T20:48:43.748Z",
    "deleted": null,
    "tenant": "044530c4-ce6c-4724-9cfd-37a16e787001",
    "description": "Filter: admin.placeholder.priority_filter_select --- Action: automation.actions.ticket_assignee",
    "events": [
      "994d8f47-16da-48fe-b55a-4f5bae08a108"
    ]
  }
},
{
  "model": "automation.automation",
  "pk": "657fb725-049f-4a49-9227-def5f4642e5b",
  "fields": {
    "created": "2017-01-25T20:48:43.660Z",
    "modified": "2017-01-25T20:48:43.770Z",
    "deleted": null,
    "tenant": "044530c4-ce6c-4724-9cfd-37a16e787001",
    "description": "Filter: None --- Action: automation.actions.ticket_request",
    "events": [
      "994d8f47-16da-48fe-b55a-4f5bae08a108"
    ]
  }
},
{
  "model": "automation.automation",
  "pk": "83f90aea-826a-4967-83bb-7181055a60c2",
  "fields": {
    "created": "2017-01-25T20:48:43.493Z",
    "modified": "2017-01-25T20:48:43.787Z",
    "deleted": null,
    "tenant": "044530c4-ce6c-4724-9cfd-37a16e787001",
    "description": "Filter: None --- Action: automation.actions.send_email",
    "events": [
      "994d8f47-16da-48fe-b55a-4f5bae08a108"
    ]
  }
},
{
  "model": "automation.automation",
  "pk": "84a086d7-f57e-43d0-a5ff-4f1bb1a0acf8",
  "fields": {
    "created": "2017-01-25T20:48:43.258Z",
    "modified": "2017-01-25T20:48:43.753Z",
    "deleted": null,
    "tenant": "044530c4-ce6c-4724-9cfd-37a16e787001",
    "description": "Filter: admin.placeholder.state_filter_select --- Action: automation.actions.ticket_assignee",
    "events": [
      "994d8f47-16da-48fe-b55a-4f5bae08a108"
    ]
  }
},
{
  "model": "automation.automation",
  "pk": "c03603df-b7e5-49f0-a438-b1bfefb6d424",
  "fields": {
    "created": "2017-01-25T20:48:43.563Z",
    "modified": "2017-01-25T20:48:43.758Z",
    "deleted": null,
    "tenant": "044530c4-ce6c-4724-9cfd-37a16e787001",
    "description": "Filter: None --- Action: automation.actions.send_sms",
    "events": [
      "994d8f47-16da-48fe-b55a-4f5bae08a108"
    ]
  }
},
{
  "model": "automation.automation",
  "pk": "e03d0666-fcbb-4726-9bcf-c58a9d1f434b",
  "fields": {
    "created": "2017-01-25T20:48:43.646Z",
    "modified": "2017-01-25T20:48:43.783Z",
    "deleted": null,
    "tenant": "044530c4-ce6c-4724-9cfd-37a16e787001",
    "description": "Filter: None --- Action: automation.actions.ticket_status",
    "events": [
      "994d8f47-16da-48fe-b55a-4f5bae08a108"
    ]
  }
},
{
  "model": "automation.automation",
  "pk": "ee011ae0-bc39-4ffe-972c-70a75dffe26f",
  "fields": {
    "created": "2017-01-25T20:48:43.674Z",
    "modified": "2017-01-25T20:48:43.774Z",
    "deleted": null,
    "tenant": "044530c4-ce6c-4724-9cfd-37a16e787001",
    "description": "Filter: None --- Action: automation.actions.ticket_cc",
    "events": [
      "994d8f47-16da-48fe-b55a-4f5bae08a108"
    ]
  }
},
{
  "model": "automation.automation",
  "pk": "fdf22243-4f80-4b54-8224-1589f9ff8019",
  "fields": {
    "created": "2017-01-25T20:48:43.180Z",
    "modified": "2017-01-25T20:48:43.779Z",
    "deleted": null,
    "tenant": "044530c4-ce6c-4724-9cfd-37a16e787001",
    "description": "Filter: None --- Action: automation.actions.ticket_assignee",
    "events": [
      "994d8f47-16da-48fe-b55a-4f5bae08a108"
    ]
  }
},
{
  "model": "automation.automationfiltertype",
  "pk": "2f43e82a-e7ea-47a0-a619-98fec4c952a1",
  "fields": {
    "created": "2017-01-25T20:48:43.400Z",
    "modified": "2017-01-25T20:48:43.400Z",
    "deleted": null,
    "key": "admin.placeholder.country_filter_select",
    "context": "ticket.ticket",
    "field": "country",
    "lookups": {}
  }
},
{
  "model": "automation.automationfiltertype",
  "pk": "4a7afe10-b6d9-46ce-9376-0c50650cd452",
  "fields": {
    "created": "2017-01-25T20:48:43.325Z",
    "modified": "2017-01-25T20:48:43.325Z",
    "deleted": null,
    "key": "admin.placeholder.state_filter_select",
    "context": "ticket.ticket",
    "field": "state",
    "lookups": {}
  }
},
{
  "model": "automation.automationfiltertype",
  "pk": "6e118f84-0cf2-4e8e-8182-5360a78a5d1b",
  "fields": {
    "created": "2017-01-25T20:48:43.096Z",
    "modified": "2017-01-25T20:48:43.096Z",
    "deleted": null,
    "key": "admin.placeholder.priority_filter_select",
    "context": "ticket.ticket",
    "field": "priority",
    "lookups": {}
  }
},
{
  "model": "automation.automationfiltertype",
  "pk": "d8305992-5894-42fb-af4e-05ef62c89e3e",
  "fields": {
    "created": "2017-01-25T20:48:43.248Z",
    "modified": "2017-01-25T20:48:43.248Z",
    "deleted": null,
    "key": "",
    "context": "ticket.ticket",
    "field": "location",
    "lookups": {
      "filters": "location_level"
    }
  }
},
{
  "model": "automation.automationfiltertype",
  "pk": "f69f752c-2b77-43d7-b237-3bc3f6aac7e5",
  "fields": {
    "created": "2017-01-25T20:48:43.170Z",
    "modified": "2017-01-25T20:48:43.170Z",
    "deleted": null,
    "key": "admin.placeholder.category_filter_select",
    "context": "ticket.ticket",
    "field": "categories",
    "lookups": {}
  }
},
{
  "model": "automation.automationfilter",
  "pk": "08c1d1c9-e3e1-451b-be37-cef62feb596a",
  "fields": {
    "created": "2017-01-25T20:48:43.401Z",
    "modified": "2017-01-25T20:48:43.401Z",
    "deleted": null,
    "automation": "28a4e4e9-459b-4cd2-b8d5-f1b1c5417fbe",
    "source": "2f43e82a-e7ea-47a0-a619-98fec4c952a1",
    "lookups": {},
    "criteria": [
      "61760373-0b13-4a1e-8abe-8166ca841e01"
    ]
  }
},
{
  "model": "automation.automationfilter",
  "pk": "35bf3b60-7909-49b4-9021-cfe5866d59bc",
  "fields": {
    "created": "2017-01-25T20:48:43.171Z",
    "modified": "2017-01-25T20:48:43.171Z",
    "deleted": null,
    "automation": "258080b6-9c9d-4b62-abd2-d51d2fcd7538",
    "source": "f69f752c-2b77-43d7-b237-3bc3f6aac7e5",
    "lookups": {},
    "criteria": [
      "025530c4-ce6c-4724-9cfd-37a16e787001"
    ]
  }
},
{
  "model": "automation.automationfilter",
  "pk": "71dc02da-6b8a-421c-832b-0b98733a2d1a",
  "fields": {
    "created": "2017-01-25T20:48:43.097Z",
    "modified": "2017-01-25T20:48:43.097Z",
    "deleted": null,
    "automation": "4cbcbeed-18f6-4bc5-85f7-9366884b3bbd",
    "source": "6e118f84-0cf2-4e8e-8182-5360a78a5d1b",
    "lookups": {},
    "criteria": [
      "049530c4-ce6c-4724-9cfd-37a16e787003"
    ]
  }
},
{
  "model": "automation.automationfilter",
  "pk": "765ea9a8-4d0f-415d-b46e-7ed9cea61b8a",
  "fields": {
    "created": "2017-01-25T20:48:43.327Z",
    "modified": "2017-01-25T20:48:43.327Z",
    "deleted": null,
    "automation": "84a086d7-f57e-43d0-a5ff-4f1bb1a0acf8",
    "source": "4a7afe10-b6d9-46ce-9376-0c50650cd452",
    "lookups": {},
    "criteria": [
      "2f193a90-a270-48b7-8752-b4c5ad19156c"
    ]
  }
},
{
  "model": "automation.automationfilter",
  "pk": "c373803c-b7e6-4478-b38b-dc640c9c8bd4",
  "fields": {
    "created": "2017-01-25T20:48:43.249Z",
    "modified": "2017-01-25T20:48:43.249Z",
    "deleted": null,
    "automation": "fdf22243-4f80-4b54-8224-1589f9ff8019",
    "source": "d8305992-5894-42fb-af4e-05ef62c89e3e",
    "lookups": {
      "filters": "location_level",
      "id": "ee83dada-439f-4cbf-95b6-c36ebe65b39c",
      "name": "Company"
    },
    "criteria": [
      "dc487b6b-5855-4ad9-a184-d1db1c14ff46"
    ]
  }
}
]
