[
{
  "model": "automation.automationevent",
  "pk": "4112aac0-c52e-4c57-9665-ec227b8ba565",
  "fields": {
    "created": "2016-12-15T21:18:55.010Z",
    "modified": "2016-12-15T21:18:55.010Z",
    "deleted": null,
    "key": "automation.event.ticket_status_deferred"
  }
},
{
  "model": "automation.automationevent",
  "pk": "47f27cdb-a667-4dd7-aabc-2bce4173c23f",
  "fields": {
    "created": "2016-12-15T21:18:55.018Z",
    "modified": "2016-12-15T21:18:55.018Z",
    "deleted": null,
    "key": "automation.event.ticket_status_unsatisfactory"
  }
},
{
  "model": "automation.automationevent",
  "pk": "6798024c-e572-4ad7-8525-8c76d0244e0b",
  "fields": {
    "created": "2016-12-15T21:18:55.008Z",
    "modified": "2016-12-15T21:18:55.008Z",
    "deleted": null,
    "key": "automation.event.ticket_status_complete"
  }
},
{
  "model": "automation.automationevent",
  "pk": "6acbf043-e752-4ec5-bea8-6d1ac4bbe27e",
  "fields": {
    "created": "2016-12-15T21:18:54.996Z",
    "modified": "2016-12-15T21:18:54.996Z",
    "deleted": null,
    "key": "automation.event.ticket_attachment_add"
  }
},
{
  "model": "automation.automationevent",
  "pk": "755232f6-275d-474b-a588-432773ed2043",
  "fields": {
    "created": "2016-12-15T21:18:55.015Z",
    "modified": "2016-12-15T21:18:55.015Z",
    "deleted": null,
    "key": "automation.event.ticket_status_new"
  }
},
{
  "model": "automation.automationevent",
  "pk": "7a8cee72-b065-4d81-8145-d0442cca7c09",
  "fields": {
    "created": "2016-12-15T21:18:54.998Z",
    "modified": "2016-12-15T21:18:54.998Z",
    "deleted": null,
    "key": "automation.event.ticket_category_change"
  }
},
{
  "model": "automation.automationevent",
  "pk": "7d585fba-68d4-4820-92df-4528dda9e570",
  "fields": {
    "created": "2016-12-15T21:18:54.992Z",
    "modified": "2016-12-15T21:18:54.992Z",
    "deleted": null,
    "key": "automation.event.ticket_assignee_change"
  }
},
{
  "model": "automation.automationevent",
  "pk": "89c148fe-cd47-44ce-9b46-f5794e3c27ff",
  "fields": {
    "created": "2016-12-15T21:18:55.003Z",
    "modified": "2016-12-15T21:18:55.003Z",
    "deleted": null,
    "key": "automation.event.ticket_location_change"
  }
},
{
  "model": "automation.automationevent",
  "pk": "97f1585a-e9b0-4c4f-92c7-3830451a1059",
  "fields": {
    "created": "2016-12-15T21:18:55.002Z",
    "modified": "2016-12-15T21:18:55.002Z",
    "deleted": null,
    "key": "automation.event.ticket_comment"
  }
},
{
  "model": "automation.automationevent",
  "pk": "b5ee122a-0d87-45e9-963f-e94537820bd0",
  "fields": {
    "created": "2016-12-15T21:18:55.013Z",
    "modified": "2016-12-15T21:18:55.013Z",
    "deleted": null,
    "key": "automation.event.ticket_status_in_progress"
  }
},
{
  "model": "automation.automationevent",
  "pk": "d23a516a-7ec3-4dd1-a3f8-befa9261b9ec",
  "fields": {
    "created": "2016-12-15T21:18:55.000Z",
    "modified": "2016-12-15T21:18:55.000Z",
    "deleted": null,
    "key": "automation.event.ticket_cc_add"
  }
},
{
  "model": "automation.automationevent",
  "pk": "d50fc3ae-8c2a-43dc-9510-834d3851de14",
  "fields": {
    "created": "2016-12-15T21:18:55.006Z",
    "modified": "2016-12-15T21:18:55.006Z",
    "deleted": null,
    "key": "automation.event.ticket_status_cancelled"
  }
},
{
  "model": "automation.automationevent",
  "pk": "e90621ee-60a9-4404-91e2-4105f528f3d3",
  "fields": {
    "created": "2016-12-15T21:18:55.016Z",
    "modified": "2016-12-15T21:18:55.016Z",
    "deleted": null,
    "key": "automation.event.ticket_status_pending"
  }
},
{
  "model": "automation.automationevent",
  "pk": "eb856d12-e1e6-41e0-a31f-c27c4bfbc92e",
  "fields": {
    "created": "2016-12-15T21:18:55.012Z",
    "modified": "2016-12-15T21:18:55.012Z",
    "deleted": null,
    "key": "automation.event.ticket_status_denied"
  }
},
{
  "model": "automation.automationevent",
  "pk": "fa7ed4a9-6abd-404e-be9b-224bb7711568",
  "fields": {
    "created": "2016-12-15T21:18:55.005Z",
    "modified": "2016-12-15T21:18:55.005Z",
    "deleted": null,
    "key": "automation.event.ticket_priority_change"
  }
},
{
  "model": "automation.automationactiontype",
  "pk": "087e2698-4dd5-45c0-addc-350dda8bb319",
  "fields": {
    "created": "2016-12-15T21:18:55.030Z",
    "modified": "2016-12-15T21:18:55.030Z",
    "deleted": null,
    "key": "automation.actions.ticket_status"
  }
},
{
  "model": "automation.automationactiontype",
  "pk": "14b2d550-ced3-4406-8ca4-6095ffcdb6a1",
  "fields": {
    "created": "2016-12-15T21:18:55.023Z",
    "modified": "2016-12-15T21:18:55.023Z",
    "deleted": null,
    "key": "automation.actions.send_sms"
  }
},
{
  "model": "automation.automationactiontype",
  "pk": "1bc9b449-2481-489c-ae3c-7b849c3f3ab5",
  "fields": {
    "created": "2016-12-15T21:18:55.020Z",
    "modified": "2016-12-15T21:18:55.020Z",
    "deleted": null,
    "key": "automation.actions.ticket_assignee"
  }
},
{
  "model": "automation.automationactiontype",
  "pk": "207d24a3-d3ec-48c2-9691-f58dc62cda8f",
  "fields": {
    "created": "2016-12-15T21:18:55.026Z",
    "modified": "2016-12-15T21:18:55.026Z",
    "deleted": null,
    "key": "automation.actions.ticket_priority"
  }
},
{
  "model": "automation.automationactiontype",
  "pk": "3296e471-ae09-4e4d-820a-0239c96892ec",
  "fields": {
    "created": "2016-12-15T21:18:55.025Z",
    "modified": "2016-12-15T21:18:55.025Z",
    "deleted": null,
    "key": "automation.actions.ticket_cc"
  }
},
{
  "model": "automation.automationactiontype",
  "pk": "65eb4222-2977-4087-b769-8ca962456c86",
  "fields": {
    "created": "2016-12-15T21:18:55.021Z",
    "modified": "2016-12-15T21:18:55.021Z",
    "deleted": null,
    "key": "automation.actions.send_email"
  }
},
{
  "model": "automation.automationactiontype",
  "pk": "91881ffd-a961-4cdb-856a-8ea6af2f8704",
  "fields": {
    "created": "2016-12-15T21:18:55.028Z",
    "modified": "2016-12-15T21:18:55.028Z",
    "deleted": null,
    "key": "automation.actions.ticket_request"
  }
},
{
  "model": "automation.automationaction",
  "pk": "020c77bd-8406-4f56-955a-51ad94c19478",
  "fields": {
    "created": "2016-12-15T21:18:55.643Z",
    "modified": "2016-12-15T21:18:55.643Z",
    "deleted": null,
    "type": "91881ffd-a961-4cdb-856a-8ea6af2f8704",
    "automation": "90c3511b-0e01-4fc4-93f1-20328b686036",
    "content": {
      "request": "foo"
    }
  }
},
{
  "model": "automation.automationaction",
  "pk": "0f6c8839-3240-4bd2-8ef8-6735f38c2d2c",
  "fields": {
    "created": "2016-12-15T21:18:55.629Z",
    "modified": "2016-12-15T21:18:55.629Z",
    "deleted": null,
    "type": "087e2698-4dd5-45c0-addc-350dda8bb319",
    "automation": "80404dad-bb43-4a13-bd7b-06a47d73d3c4",
    "content": {
      "status": "051530c4-ce6c-4724-9cfd-37a16e787001"
    }
  }
},
{
  "model": "automation.automationaction",
  "pk": "0fc91f43-abc5-47dd-a87e-b6bc1e20a186",
  "fields": {
    "created": "2016-12-15T21:18:55.388Z",
    "modified": "2016-12-15T21:18:55.388Z",
    "deleted": null,
    "type": "1bc9b449-2481-489c-ae3c-7b849c3f3ab5",
    "automation": "b1d7f335-4a66-4303-a21c-f807ee2aa20e",
    "content": {
      "assignee": "043530c4-ce6c-4724-9cfd-37a16e787032"
    }
  }
},
{
  "model": "automation.automationaction",
  "pk": "14120c3e-b7cb-4fb4-9b76-833d67c8027e",
  "fields": {
    "created": "2016-12-15T21:18:55.614Z",
    "modified": "2016-12-15T21:18:55.614Z",
    "deleted": null,
    "type": "207d24a3-d3ec-48c2-9691-f58dc62cda8f",
    "automation": "a8e58d74-94c7-4ef3-826b-e20a0f89238f",
    "content": {
      "priority": "047530c4-ce6c-4724-9cfd-37a16e787003"
    }
  }
},
{
  "model": "automation.automationaction",
  "pk": "1cf56191-004f-49d8-bc80-12f7c7d89ed4",
  "fields": {
    "created": "2016-12-15T21:18:55.244Z",
    "modified": "2016-12-15T21:18:55.244Z",
    "deleted": null,
    "type": "1bc9b449-2481-489c-ae3c-7b849c3f3ab5",
    "automation": "c0df643c-2d09-4a65-924b-63c8ed063754",
    "content": {
      "assignee": "043530c4-ce6c-4724-9cfd-37a16e787041"
    }
  }
},
{
  "model": "automation.automationaction",
  "pk": "212f9f38-79be-4e98-9e4b-ba3e8b990561",
  "fields": {
    "created": "2016-12-15T21:18:55.175Z",
    "modified": "2016-12-15T21:18:55.175Z",
    "deleted": null,
    "type": "1bc9b449-2481-489c-ae3c-7b849c3f3ab5",
    "automation": "397821b2-2037-4ba1-add9-81f3820fe642",
    "content": {
      "assignee": "043530c4-ce6c-4724-9cfd-37a16e787029"
    }
  }
},
{
  "model": "automation.automationaction",
  "pk": "26998607-233a-42b2-a1a9-ce3cc09687eb",
  "fields": {
    "created": "2016-12-15T21:18:55.535Z",
    "modified": "2016-12-15T21:18:55.535Z",
    "deleted": null,
    "type": "65eb4222-2977-4087-b769-8ca962456c86",
    "automation": "c22bd522-058e-4d32-ad74-ca2c6d5aa429",
    "content": {
      "body": "bar",
      "subject": "foo",
      "recipients": [
        {
          "type": "person",
          "id": "043530c4-ce6c-4724-9cfd-37a16e787035"
        },
        {
          "type": "role",
          "id": "6a22abcf-1155-4478-a3b1-ed982b8a2b76"
        }
      ]
    }
  }
},
{
  "model": "automation.automationaction",
  "pk": "4ec36935-53d6-44f5-9d3d-5cf946c2be0e",
  "fields": {
    "created": "2016-12-15T21:18:55.104Z",
    "modified": "2016-12-15T21:18:55.104Z",
    "deleted": null,
    "type": "1bc9b449-2481-489c-ae3c-7b849c3f3ab5",
    "automation": "26607db1-cb37-41f3-bc75-8014a73a3c0b",
    "content": {
      "assignee": "043530c4-ce6c-4724-9cfd-37a16e787147"
    }
  }
},
{
  "model": "automation.automationaction",
  "pk": "4fa47c20-8a1b-4e71-8681-7a183c7a2fe5",
  "fields": {
    "created": "2016-12-15T21:18:55.470Z",
    "modified": "2016-12-15T21:18:55.470Z",
    "deleted": null,
    "type": "1bc9b449-2481-489c-ae3c-7b849c3f3ab5",
    "automation": "983b8fec-01d7-4457-af90-4a1181e83b60",
    "content": {
      "assignee": "043530c4-ce6c-4724-9cfd-37a16e787129"
    }
  }
},
{
  "model": "automation.automationaction",
  "pk": "95a8cd78-c827-416e-8d0a-050f23f507a0",
  "fields": {
    "created": "2016-12-15T21:18:55.600Z",
    "modified": "2016-12-15T21:18:55.600Z",
    "deleted": null,
    "type": "14b2d550-ced3-4406-8ca4-6095ffcdb6a1",
    "automation": "cd83fa44-871a-43cd-9af7-ef4e1bf53694",
    "content": {
      "body": "bar",
      "recipients": [
        {
          "type": "person",
          "id": "043530c4-ce6c-4724-9cfd-37a16e787062"
        },
        {
          "type": "role",
          "id": "46efa266-658a-4eb3-b975-b8e782dbc25e"
        }
      ]
    }
  }
},
{
  "model": "automation.automationaction",
  "pk": "a69ac6f7-6ed1-40e0-9dd5-07bccf68fa40",
  "fields": {
    "created": "2016-12-15T21:18:55.317Z",
    "modified": "2016-12-15T21:18:55.317Z",
    "deleted": null,
    "type": "1bc9b449-2481-489c-ae3c-7b849c3f3ab5",
    "automation": "07cc038f-c412-4809-a2ba-533cb9106cec",
    "content": {
      "assignee": "043530c4-ce6c-4724-9cfd-37a16e787144"
    }
  }
},
{
  "model": "automation.automationaction",
  "pk": "b20d9616-8a01-4517-bbae-e7b4c6c6259b",
  "fields": {
    "created": "2016-12-15T21:18:55.704Z",
    "modified": "2016-12-15T21:18:55.704Z",
    "deleted": null,
    "type": "3296e471-ae09-4e4d-820a-0239c96892ec",
    "automation": "134681c3-01cc-4c72-843f-444f99f58b36",
    "content": {
      "ccs": [
        "043530c4-ce6c-4724-9cfd-37a16e787197"
      ]
    }
  }
},
{
  "model": "automation.automation",
  "pk": "07cc038f-c412-4809-a2ba-533cb9106cec",
  "fields": {
    "created": "2016-12-15T21:18:55.261Z",
    "modified": "2016-12-15T21:18:55.732Z",
    "deleted": null,
    "tenant": "037530c4-ce6c-4724-9cfd-37a16e787001",
    "description": "Filter: admin.placeholder.state_filter_select --- Action: automation.actions.ticket_assignee",
    "events": [
      "755232f6-275d-474b-a588-432773ed2043"
    ]
  }
},
{
  "model": "automation.automation",
  "pk": "134681c3-01cc-4c72-843f-444f99f58b36",
  "fields": {
    "created": "2016-12-15T21:18:55.652Z",
    "modified": "2016-12-15T21:18:55.710Z",
    "deleted": null,
    "tenant": "037530c4-ce6c-4724-9cfd-37a16e787001",
    "description": "Filter: None --- Action: automation.actions.ticket_cc",
    "events": [
      "755232f6-275d-474b-a588-432773ed2043"
    ]
  }
},
{
  "model": "automation.automation",
  "pk": "26607db1-cb37-41f3-bc75-8014a73a3c0b",
  "fields": {
    "created": "2016-12-15T21:18:55.041Z",
    "modified": "2016-12-15T21:18:55.726Z",
    "deleted": null,
    "tenant": "037530c4-ce6c-4724-9cfd-37a16e787001",
    "description": "Filter: admin.placeholder.priority_filter_select --- Action: automation.actions.ticket_assignee",
    "events": [
      "755232f6-275d-474b-a588-432773ed2043"
    ]
  }
},
{
  "model": "automation.automation",
  "pk": "397821b2-2037-4ba1-add9-81f3820fe642",
  "fields": {
    "created": "2016-12-15T21:18:55.119Z",
    "modified": "2016-12-15T21:18:55.715Z",
    "deleted": null,
    "tenant": "037530c4-ce6c-4724-9cfd-37a16e787001",
    "description": "Filter: admin.placeholder.category_filter_select --- Action: automation.actions.ticket_assignee",
    "events": [
      "755232f6-275d-474b-a588-432773ed2043"
    ]
  }
},
{
  "model": "automation.automation",
  "pk": "80404dad-bb43-4a13-bd7b-06a47d73d3c4",
  "fields": {
    "created": "2016-12-15T21:18:55.623Z",
    "modified": "2016-12-15T21:18:55.756Z",
    "deleted": null,
    "tenant": "037530c4-ce6c-4724-9cfd-37a16e787001",
    "description": "Filter: None --- Action: automation.actions.ticket_status",
    "events": [
      "755232f6-275d-474b-a588-432773ed2043"
    ]
  }
},
{
  "model": "automation.automation",
  "pk": "90c3511b-0e01-4fc4-93f1-20328b686036",
  "fields": {
    "created": "2016-12-15T21:18:55.638Z",
    "modified": "2016-12-15T21:18:55.760Z",
    "deleted": null,
    "tenant": "037530c4-ce6c-4724-9cfd-37a16e787001",
    "description": "Filter: None --- Action: automation.actions.ticket_request",
    "events": [
      "755232f6-275d-474b-a588-432773ed2043"
    ]
  }
},
{
  "model": "automation.automation",
  "pk": "983b8fec-01d7-4457-af90-4a1181e83b60",
  "fields": {
    "created": "2016-12-15T21:18:55.417Z",
    "modified": "2016-12-15T21:18:55.746Z",
    "deleted": null,
    "tenant": "037530c4-ce6c-4724-9cfd-37a16e787001",
    "description": "Filter: None --- Action: automation.actions.ticket_assignee",
    "events": [
      "755232f6-275d-474b-a588-432773ed2043"
    ]
  }
},
{
  "model": "automation.automation",
  "pk": "a8e58d74-94c7-4ef3-826b-e20a0f89238f",
  "fields": {
    "created": "2016-12-15T21:18:55.609Z",
    "modified": "2016-12-15T21:18:55.752Z",
    "deleted": null,
    "tenant": "037530c4-ce6c-4724-9cfd-37a16e787001",
    "description": "Filter: None --- Action: automation.actions.ticket_priority",
    "events": [
      "755232f6-275d-474b-a588-432773ed2043"
    ]
  }
},
{
  "model": "automation.automation",
  "pk": "b1d7f335-4a66-4303-a21c-f807ee2aa20e",
  "fields": {
    "created": "2016-12-15T21:18:55.334Z",
    "modified": "2016-12-15T21:18:55.721Z",
    "deleted": null,
    "tenant": "037530c4-ce6c-4724-9cfd-37a16e787001",
    "description": "Filter: admin.placeholder.country_filter_select --- Action: automation.actions.ticket_assignee",
    "events": [
      "755232f6-275d-474b-a588-432773ed2043"
    ]
  }
},
{
  "model": "automation.automation",
  "pk": "c0df643c-2d09-4a65-924b-63c8ed063754",
  "fields": {
    "created": "2016-12-15T21:18:55.189Z",
    "modified": "2016-12-15T21:18:55.765Z",
    "deleted": null,
    "tenant": "037530c4-ce6c-4724-9cfd-37a16e787001",
    "description": "Filter: None --- Action: automation.actions.ticket_assignee",
    "events": [
      "755232f6-275d-474b-a588-432773ed2043"
    ]
  }
},
{
  "model": "automation.automation",
  "pk": "c22bd522-058e-4d32-ad74-ca2c6d5aa429",
  "fields": {
    "created": "2016-12-15T21:18:55.480Z",
    "modified": "2016-12-15T21:18:55.737Z",
    "deleted": null,
    "tenant": "037530c4-ce6c-4724-9cfd-37a16e787001",
    "description": "Filter: None --- Action: automation.actions.send_email",
    "events": [
      "755232f6-275d-474b-a588-432773ed2043"
    ]
  }
},
{
  "model": "automation.automation",
  "pk": "cd83fa44-871a-43cd-9af7-ef4e1bf53694",
  "fields": {
    "created": "2016-12-15T21:18:55.544Z",
    "modified": "2016-12-15T21:18:55.742Z",
    "deleted": null,
    "tenant": "037530c4-ce6c-4724-9cfd-37a16e787001",
    "description": "Filter: None --- Action: automation.actions.send_sms",
    "events": [
      "755232f6-275d-474b-a588-432773ed2043"
    ]
  }
},
{
  "model": "automation.automationfiltertype",
  "pk": "00072db3-7b39-4b6b-8002-2baf3aaf4725",
  "fields": {
    "created": "2016-12-15T21:18:55.324Z",
    "modified": "2016-12-15T21:18:55.324Z",
    "deleted": null,
    "key": "admin.placeholder.state_filter_select",
    "context": "ticket.ticket",
    "field": "state",
    "lookups": {}
  }
},
{
  "model": "automation.automationfiltertype",
  "pk": "1810f7bd-a583-43de-9385-2f946f3cc902",
  "fields": {
    "created": "2016-12-15T21:18:55.251Z",
    "modified": "2016-12-15T21:18:55.251Z",
    "deleted": null,
    "key": "",
    "context": "ticket.ticket",
    "field": "location",
    "lookups": {
      "filters": "location_level"
    }
  }
},
{
  "model": "automation.automationfiltertype",
  "pk": "733ca44d-a39b-46ec-8edb-508e0eb87301",
  "fields": {
    "created": "2016-12-15T21:18:55.392Z",
    "modified": "2016-12-15T21:18:55.392Z",
    "deleted": null,
    "key": "admin.placeholder.country_filter_select",
    "context": "ticket.ticket",
    "field": "country",
    "lookups": {}
  }
},
{
  "model": "automation.automationfiltertype",
  "pk": "8d15e62b-46c0-4e71-aa58-697e09f6e799",
  "fields": {
    "created": "2016-12-15T21:18:55.108Z",
    "modified": "2016-12-15T21:18:55.108Z",
    "deleted": null,
    "key": "admin.placeholder.priority_filter_select",
    "context": "ticket.ticket",
    "field": "priority",
    "lookups": {}
  }
},
{
  "model": "automation.automationfiltertype",
  "pk": "9a4e4a98-354b-4c54-8cd9-a85283f6f244",
  "fields": {
    "created": "2016-12-15T21:18:55.179Z",
    "modified": "2016-12-15T21:18:55.179Z",
    "deleted": null,
    "key": "admin.placeholder.category_filter_select",
    "context": "ticket.ticket",
    "field": "categories",
    "lookups": {}
  }
},
{
  "model": "automation.automationfilter",
  "pk": "0f9387d7-00d5-47e3-9b7b-b016d7eb9ab1",
  "fields": {
    "created": "2016-12-15T21:18:55.252Z",
    "modified": "2016-12-15T21:18:55.252Z",
    "deleted": null,
    "automation": "c0df643c-2d09-4a65-924b-63c8ed063754",
    "source": "1810f7bd-a583-43de-9385-2f946f3cc902",
    "lookups": {
      "id": "228e6aec-9bc3-43bc-ab77-322f4b52d7d2",
      "name": "Company",
      "filters": "location_level"
    },
    "criteria": [
      "5f84bbad-1b05-49ac-af47-0af75ee43781"
    ]
  }
},
{
  "model": "automation.automationfilter",
  "pk": "3464ad78-cb8c-4987-bdb4-90d3ed253f29",
  "fields": {
    "created": "2016-12-15T21:18:55.180Z",
    "modified": "2016-12-15T21:18:55.180Z",
    "deleted": null,
    "automation": "397821b2-2037-4ba1-add9-81f3820fe642",
    "source": "9a4e4a98-354b-4c54-8cd9-a85283f6f244",
    "lookups": {},
    "criteria": [
      "024530c4-ce6c-4724-9cfd-37a16e787001"
    ]
  }
},
{
  "model": "automation.automationfilter",
  "pk": "5b97e30f-d34c-472b-98d0-ded49928f786",
  "fields": {
    "created": "2016-12-15T21:18:55.109Z",
    "modified": "2016-12-15T21:18:55.109Z",
    "deleted": null,
    "automation": "26607db1-cb37-41f3-bc75-8014a73a3c0b",
    "source": "8d15e62b-46c0-4e71-aa58-697e09f6e799",
    "lookups": {},
    "criteria": [
      "047530c4-ce6c-4724-9cfd-37a16e787003"
    ]
  }
},
{
  "model": "automation.automationfilter",
  "pk": "6af5d7a2-1730-47df-a58d-d992aae2b607",
  "fields": {
    "created": "2016-12-15T21:18:55.325Z",
    "modified": "2016-12-15T21:18:55.325Z",
    "deleted": null,
    "automation": "07cc038f-c412-4809-a2ba-533cb9106cec",
    "source": "00072db3-7b39-4b6b-8002-2baf3aaf4725",
    "lookups": {},
    "criteria": [
      "2f193a90-a270-48b7-8752-b4c5ad19156c"
    ]
  }
},
{
  "model": "automation.automationfilter",
  "pk": "6bd92e6f-9cd4-4182-b25f-fafe19cd73c1",
  "fields": {
    "created": "2016-12-15T21:18:55.393Z",
    "modified": "2016-12-15T21:18:55.393Z",
    "deleted": null,
    "automation": "b1d7f335-4a66-4303-a21c-f807ee2aa20e",
    "source": "733ca44d-a39b-46ec-8edb-508e0eb87301",
    "lookups": {},
    "criteria": [
      "61760373-0b13-4a1e-8abe-8166ca841e01"
    ]
  }
}
]
