[
{
  "model": "automation.automationevent",
  "pk": "03b8ceb2-2722-48fc-bc68-60aad32bf73a",
  "fields": {
    "created": "2016-11-17T14:54:45.364Z",
    "modified": "2016-11-17T14:54:45.364Z",
    "deleted": null,
    "key": "automation.event.ticket_status_new"
  }
},
{
  "model": "automation.automationevent",
  "pk": "065bd2b5-808d-4ea0-b14e-b05cf6f44272",
  "fields": {
    "created": "2016-11-17T14:54:45.353Z",
    "modified": "2016-11-17T14:54:45.353Z",
    "deleted": null,
    "key": "automation.event.ticket_location_change"
  }
},
{
  "model": "automation.automationevent",
  "pk": "1c5f9558-cad0-416c-8125-8dbf07160d26",
  "fields": {
    "created": "2016-11-17T14:54:45.350Z",
    "modified": "2016-11-17T14:54:45.350Z",
    "deleted": null,
    "key": "automation.event.ticket_cc_add"
  }
},
{
  "model": "automation.automationevent",
  "pk": "1ca826da-3e63-4ba9-9fa2-c390a882396d",
  "fields": {
    "created": "2016-11-17T14:54:45.351Z",
    "modified": "2016-11-17T14:54:45.351Z",
    "deleted": null,
    "key": "automation.event.ticket_comment"
  }
},
{
  "model": "automation.automationevent",
  "pk": "31d8ddf7-0cdf-4b69-865a-951c830a9b4e",
  "fields": {
    "created": "2016-11-17T14:54:45.362Z",
    "modified": "2016-11-17T14:54:45.362Z",
    "deleted": null,
    "key": "automation.event.ticket_status_in_progress"
  }
},
{
  "model": "automation.automationevent",
  "pk": "63656cbd-2705-4639-b960-7b0b2f203ad5",
  "fields": {
    "created": "2016-11-17T14:54:45.367Z",
    "modified": "2016-11-17T14:54:45.367Z",
    "deleted": null,
    "key": "automation.event.ticket_status_unsatisfactory"
  }
},
{
  "model": "automation.automationevent",
  "pk": "694f41ed-c333-46a7-9fdb-134a2520e602",
  "fields": {
    "created": "2016-11-17T14:54:45.358Z",
    "modified": "2016-11-17T14:54:45.358Z",
    "deleted": null,
    "key": "automation.event.ticket_status_complete"
  }
},
{
  "model": "automation.automationevent",
  "pk": "7e7185f1-4dfe-4cbc-a6db-2650d0359956",
  "fields": {
    "created": "2016-11-17T14:54:45.365Z",
    "modified": "2016-11-17T14:54:45.365Z",
    "deleted": null,
    "key": "automation.event.ticket_status_pending"
  }
},
{
  "model": "automation.automationevent",
  "pk": "93c32b4e-47d9-4239-b991-a30b37ce0492",
  "fields": {
    "created": "2016-11-17T14:54:45.355Z",
    "modified": "2016-11-17T14:54:45.355Z",
    "deleted": null,
    "key": "automation.event.ticket_priority_change"
  }
},
{
  "model": "automation.automationevent",
  "pk": "970f79a7-eb42-4321-8aa0-de0934ee8703",
  "fields": {
    "created": "2016-11-17T14:54:45.348Z",
    "modified": "2016-11-17T14:54:45.348Z",
    "deleted": null,
    "key": "automation.event.ticket_category_change"
  }
},
{
  "model": "automation.automationevent",
  "pk": "af6c5d15-a56d-415e-8b3c-d152c78bf5ff",
  "fields": {
    "created": "2016-11-17T14:54:45.359Z",
    "modified": "2016-11-17T14:54:45.359Z",
    "deleted": null,
    "key": "automation.event.ticket_status_deferred"
  }
},
{
  "model": "automation.automationevent",
  "pk": "b58e74e1-ec62-4aac-8606-2a4e4e6adf35",
  "fields": {
    "created": "2016-11-17T14:54:45.356Z",
    "modified": "2016-11-17T14:54:45.356Z",
    "deleted": null,
    "key": "automation.event.ticket_status_cancelled"
  }
},
{
  "model": "automation.automationevent",
  "pk": "e06ad87d-df04-44b1-af18-ea4d426340e9",
  "fields": {
    "created": "2016-11-17T14:54:45.346Z",
    "modified": "2016-11-17T14:54:45.346Z",
    "deleted": null,
    "key": "automation.event.ticket_attachment_add"
  }
},
{
  "model": "automation.automationevent",
  "pk": "e34865c9-2ca1-46ae-9dc9-c7728adff750",
  "fields": {
    "created": "2016-11-17T14:54:45.342Z",
    "modified": "2016-11-17T14:54:45.342Z",
    "deleted": null,
    "key": "automation.event.ticket_assignee_change"
  }
},
{
  "model": "automation.automationevent",
  "pk": "fa25eb81-9549-403a-8b7d-885da4c6f985",
  "fields": {
    "created": "2016-11-17T14:54:45.361Z",
    "modified": "2016-11-17T14:54:45.361Z",
    "deleted": null,
    "key": "automation.event.ticket_status_denied"
  }
},
{
  "model": "automation.automationactiontype",
  "pk": "0bc8426c-cdc0-44b9-883c-1138bad31b90",
  "fields": {
    "created": "2016-11-17T14:54:45.370Z",
    "modified": "2016-11-17T14:54:45.370Z",
    "deleted": null,
    "key": "automation.actions.ticket_assignee"
  }
},
{
  "model": "automation.automationactiontype",
  "pk": "18a4f024-d54c-486e-ac15-d4569aafdfa4",
  "fields": {
    "created": "2016-11-17T14:54:45.376Z",
    "modified": "2016-11-17T14:54:45.376Z",
    "deleted": null,
    "key": "automation.actions.ticket_cc"
  }
},
{
  "model": "automation.automationactiontype",
  "pk": "34999dd3-9654-44c6-a23b-ffbb165a8f55",
  "fields": {
    "created": "2016-11-17T14:54:45.379Z",
    "modified": "2016-11-17T14:54:45.379Z",
    "deleted": null,
    "key": "automation.actions.ticket_request"
  }
},
{
  "model": "automation.automationactiontype",
  "pk": "36e61eea-31ef-44ae-9e86-f61e9fd7ca07",
  "fields": {
    "created": "2016-11-17T14:54:45.377Z",
    "modified": "2016-11-17T14:54:45.377Z",
    "deleted": null,
    "key": "automation.actions.ticket_priority"
  }
},
{
  "model": "automation.automationactiontype",
  "pk": "72abba72-2918-46bc-8400-b77d027f23fd",
  "fields": {
    "created": "2016-11-17T14:54:45.372Z",
    "modified": "2016-11-17T14:54:45.372Z",
    "deleted": null,
    "key": "automation.actions.send_email"
  }
},
{
  "model": "automation.automationactiontype",
  "pk": "a9524f73-200f-46a5-aa87-90d1b6a16e61",
  "fields": {
    "created": "2016-11-17T14:54:45.374Z",
    "modified": "2016-11-17T14:54:45.374Z",
    "deleted": null,
    "key": "automation.actions.send_sms"
  }
},
{
  "model": "automation.automationactiontype",
  "pk": "ec8f3557-7d06-41f3-8dd6-c92010599371",
  "fields": {
    "created": "2016-11-17T14:54:45.380Z",
    "modified": "2016-11-17T14:54:45.380Z",
    "deleted": null,
    "key": "automation.actions.ticket_status"
  }
},
{
  "model": "automation.automationaction",
  "pk": "0bfd3200-30ea-45ad-a558-e2c78e427343",
  "fields": {
    "created": "2016-11-17T14:54:45.611Z",
    "modified": "2016-11-17T14:54:45.611Z",
    "deleted": null,
    "type": "0bc8426c-cdc0-44b9-883c-1138bad31b90",
    "automation": "56f62533-0bf1-4a54-a044-69b3a90f33ef",
    "content": {
      "assignee": "040530c4-ce6c-4724-9cfd-37a16e787204"
    }
  }
},
{
  "model": "automation.automationaction",
  "pk": "1276e225-ce76-4e8f-ba8d-64943642dc12",
  "fields": {
    "created": "2016-11-17T14:54:45.914Z",
    "modified": "2016-11-17T14:54:45.914Z",
    "deleted": null,
    "type": "72abba72-2918-46bc-8400-b77d027f23fd",
    "automation": "e4c2a511-b8ba-4336-a56e-91e85fe3d7d8",
    "content": {
      "body": "bar",
      "recipients": [
        {
          "id": "040530c4-ce6c-4724-9cfd-37a16e787208",
          "type": "person"
        },
        {
          "id": "57fef2ae-23bb-4f56-b969-626be8aec75d",
          "type": "role"
        }
      ],
      "subject": "foo"
    }
  }
},
{
  "model": "automation.automationaction",
  "pk": "3860240c-afe1-4d8b-89ad-d10a252e443b",
  "fields": {
    "created": "2016-11-17T14:54:46.090Z",
    "modified": "2016-11-17T14:54:46.090Z",
    "deleted": null,
    "type": "18a4f024-d54c-486e-ac15-d4569aafdfa4",
    "automation": "63f45bad-c465-4bfa-bd2a-d93774e5c870",
    "content": {
      "ccs": [
        "040530c4-ce6c-4724-9cfd-37a16e787210"
      ]
    }
  }
},
{
  "model": "automation.automationaction",
  "pk": "5c01a7ba-b341-476b-a05e-d27765904346",
  "fields": {
    "created": "2016-11-17T14:54:45.760Z",
    "modified": "2016-11-17T14:54:45.761Z",
    "deleted": null,
    "type": "0bc8426c-cdc0-44b9-883c-1138bad31b90",
    "automation": "7671c322-550c-4dc8-b89f-de910f47a090",
    "content": {
      "assignee": "040530c4-ce6c-4724-9cfd-37a16e787206"
    }
  }
},
{
  "model": "automation.automationaction",
  "pk": "71e0ff9b-119b-447d-85f3-6025c06cfcc7",
  "fields": {
    "created": "2016-11-17T14:54:46.024Z",
    "modified": "2016-11-17T14:54:46.024Z",
    "deleted": null,
    "type": "34999dd3-9654-44c6-a23b-ffbb165a8f55",
    "automation": "40bbdf49-62b1-437e-b5f1-1f3b352ad844",
    "content": {
      "request": "foo"
    }
  }
},
{
  "model": "automation.automationaction",
  "pk": "7492580a-4c47-48f9-9b71-c6db28afbcea",
  "fields": {
    "created": "2016-11-17T14:54:45.847Z",
    "modified": "2016-11-17T14:54:45.848Z",
    "deleted": null,
    "type": "0bc8426c-cdc0-44b9-883c-1138bad31b90",
    "automation": "1cb05c1f-df2b-416e-a4e4-1d0761658c78",
    "content": {
      "assignee": "040530c4-ce6c-4724-9cfd-37a16e787207"
    }
  }
},
{
  "model": "automation.automationaction",
  "pk": "785d472b-1827-4421-99a4-fdb4e360704e",
  "fields": {
    "created": "2016-11-17T14:54:46.011Z",
    "modified": "2016-11-17T14:54:46.011Z",
    "deleted": null,
    "type": "ec8f3557-7d06-41f3-8dd6-c92010599371",
    "automation": "4db29e57-085e-4328-a121-a42b976daea3",
    "content": {
      "status": "051530c4-ce6c-4724-9cfd-37a16e787001"
    }
  }
},
{
  "model": "automation.automationaction",
  "pk": "8c20c930-abf6-487f-8776-a01f9d3aa690",
  "fields": {
    "created": "2016-11-17T14:54:45.537Z",
    "modified": "2016-11-17T14:54:45.537Z",
    "deleted": null,
    "type": "0bc8426c-cdc0-44b9-883c-1138bad31b90",
    "automation": "4c0339b4-5c79-4fd1-99cc-4f8ba04e53bb",
    "content": {
      "assignee": "040530c4-ce6c-4724-9cfd-37a16e787203"
    }
  }
},
{
  "model": "automation.automationaction",
  "pk": "b2a90ae9-8b39-41f5-9308-6088cbe8716a",
  "fields": {
    "created": "2016-11-17T14:54:45.687Z",
    "modified": "2016-11-17T14:54:45.687Z",
    "deleted": null,
    "type": "0bc8426c-cdc0-44b9-883c-1138bad31b90",
    "automation": "dc9afce0-9535-4df0-b58b-910de6a16bf9",
    "content": {
      "assignee": "040530c4-ce6c-4724-9cfd-37a16e787205"
    }
  }
},
{
  "model": "automation.automationaction",
  "pk": "bf613d49-5b72-4386-9c00-e462140ea555",
  "fields": {
    "created": "2016-11-17T14:54:45.462Z",
    "modified": "2016-11-17T14:54:45.462Z",
    "deleted": null,
    "type": "0bc8426c-cdc0-44b9-883c-1138bad31b90",
    "automation": "bfaba43b-5510-4575-b90e-b33966adeb00",
    "content": {
      "assignee": "040530c4-ce6c-4724-9cfd-37a16e787202"
    }
  }
},
{
  "model": "automation.automationaction",
  "pk": "d7b89383-0797-4f0d-a341-67ea9df498ec",
  "fields": {
    "created": "2016-11-17T14:54:45.998Z",
    "modified": "2016-11-17T14:54:45.998Z",
    "deleted": null,
    "type": "36e61eea-31ef-44ae-9e86-f61e9fd7ca07",
    "automation": "5abeed22-5620-44b9-a8af-ff212dd3e26c",
    "content": {
      "priority": "048530c4-ce6c-4724-9cfd-37a16e787003"
    }
  }
},
{
  "model": "automation.automationaction",
  "pk": "eb285399-259f-4d27-ac7a-8d3987ff10e7",
  "fields": {
    "created": "2016-11-17T14:54:45.985Z",
    "modified": "2016-11-17T14:54:45.985Z",
    "deleted": null,
    "type": "a9524f73-200f-46a5-aa87-90d1b6a16e61",
    "automation": "bc323da0-8559-41ad-973e-b7048d00dbc0",
    "content": {
      "body": "bar",
      "recipients": [
        {
          "id": "040530c4-ce6c-4724-9cfd-37a16e787209",
          "type": "person"
        },
        {
          "id": "6e76daf9-63da-45be-84d6-1c29bad0bad4",
          "type": "role"
        }
      ]
    }
  }
},
{
  "model": "automation.automation",
  "pk": "1cb05c1f-df2b-416e-a4e4-1d0761658c78",
  "fields": {
    "created": "2016-11-17T14:54:45.788Z",
    "modified": "2016-11-17T14:54:45.788Z",
    "deleted": null,
    "tenant": "037530c4-ce6c-4724-9cfd-37a16e787001",
    "description": "nascetur",
    "events": [
      "03b8ceb2-2722-48fc-bc68-60aad32bf73a"
    ]
  }
},
{
  "model": "automation.automation",
  "pk": "40bbdf49-62b1-437e-b5f1-1f3b352ad844",
  "fields": {
    "created": "2016-11-17T14:54:46.019Z",
    "modified": "2016-11-17T14:54:46.019Z",
    "deleted": null,
    "tenant": "037530c4-ce6c-4724-9cfd-37a16e787001",
    "description": "ut",
    "events": [
      "03b8ceb2-2722-48fc-bc68-60aad32bf73a"
    ]
  }
},
{
  "model": "automation.automation",
  "pk": "4c0339b4-5c79-4fd1-99cc-4f8ba04e53bb",
  "fields": {
    "created": "2016-11-17T14:54:45.476Z",
    "modified": "2016-11-17T14:54:45.771Z",
    "deleted": null,
    "tenant": "037530c4-ce6c-4724-9cfd-37a16e787001",
    "description": "admin.placeholder.category_filter_select",
    "events": [
      "03b8ceb2-2722-48fc-bc68-60aad32bf73a"
    ]
  }
},
{
  "model": "automation.automation",
  "pk": "4db29e57-085e-4328-a121-a42b976daea3",
  "fields": {
    "created": "2016-11-17T14:54:46.006Z",
    "modified": "2016-11-17T14:54:46.006Z",
    "deleted": null,
    "tenant": "037530c4-ce6c-4724-9cfd-37a16e787001",
    "description": "varius",
    "events": [
      "03b8ceb2-2722-48fc-bc68-60aad32bf73a"
    ]
  }
},
{
  "model": "automation.automation",
  "pk": "56f62533-0bf1-4a54-a044-69b3a90f33ef",
  "fields": {
    "created": "2016-11-17T14:54:45.549Z",
    "modified": "2016-11-17T14:54:45.774Z",
    "deleted": null,
    "tenant": "037530c4-ce6c-4724-9cfd-37a16e787001",
    "description": "location",
    "events": [
      "03b8ceb2-2722-48fc-bc68-60aad32bf73a"
    ]
  }
},
{
  "model": "automation.automation",
  "pk": "5abeed22-5620-44b9-a8af-ff212dd3e26c",
  "fields": {
    "created": "2016-11-17T14:54:45.993Z",
    "modified": "2016-11-17T14:54:45.993Z",
    "deleted": null,
    "tenant": "037530c4-ce6c-4724-9cfd-37a16e787001",
    "description": "commodo",
    "events": [
      "03b8ceb2-2722-48fc-bc68-60aad32bf73a"
    ]
  }
},
{
  "model": "automation.automation",
  "pk": "63f45bad-c465-4bfa-bd2a-d93774e5c870",
  "fields": {
    "created": "2016-11-17T14:54:46.033Z",
    "modified": "2016-11-17T14:54:46.033Z",
    "deleted": null,
    "tenant": "037530c4-ce6c-4724-9cfd-37a16e787001",
    "description": "porttitor",
    "events": [
      "03b8ceb2-2722-48fc-bc68-60aad32bf73a"
    ]
  }
},
{
  "model": "automation.automation",
  "pk": "7671c322-550c-4dc8-b89f-de910f47a090",
  "fields": {
    "created": "2016-11-17T14:54:45.701Z",
    "modified": "2016-11-17T14:54:45.779Z",
    "deleted": null,
    "tenant": "037530c4-ce6c-4724-9cfd-37a16e787001",
    "description": "admin.placeholder.country_filter_select",
    "events": [
      "03b8ceb2-2722-48fc-bc68-60aad32bf73a"
    ]
  }
},
{
  "model": "automation.automation",
  "pk": "bc323da0-8559-41ad-973e-b7048d00dbc0",
  "fields": {
    "created": "2016-11-17T14:54:45.922Z",
    "modified": "2016-11-17T14:54:45.922Z",
    "deleted": null,
    "tenant": "037530c4-ce6c-4724-9cfd-37a16e787001",
    "description": "aliquam",
    "events": [
      "03b8ceb2-2722-48fc-bc68-60aad32bf73a"
    ]
  }
},
{
  "model": "automation.automation",
  "pk": "bfaba43b-5510-4575-b90e-b33966adeb00",
  "fields": {
    "created": "2016-11-17T14:54:45.392Z",
    "modified": "2016-11-17T14:54:45.768Z",
    "deleted": null,
    "tenant": "037530c4-ce6c-4724-9cfd-37a16e787001",
    "description": "admin.placeholder.priority_filter_select",
    "events": [
      "03b8ceb2-2722-48fc-bc68-60aad32bf73a"
    ]
  }
},
{
  "model": "automation.automation",
  "pk": "dc9afce0-9535-4df0-b58b-910de6a16bf9",
  "fields": {
    "created": "2016-11-17T14:54:45.626Z",
    "modified": "2016-11-17T14:54:45.776Z",
    "deleted": null,
    "tenant": "037530c4-ce6c-4724-9cfd-37a16e787001",
    "description": "admin.placeholder.state_filter_select",
    "events": [
      "03b8ceb2-2722-48fc-bc68-60aad32bf73a"
    ]
  }
},
{
  "model": "automation.automation",
  "pk": "e4c2a511-b8ba-4336-a56e-91e85fe3d7d8",
  "fields": {
    "created": "2016-11-17T14:54:45.855Z",
    "modified": "2016-11-17T14:54:45.855Z",
    "deleted": null,
    "tenant": "037530c4-ce6c-4724-9cfd-37a16e787001",
    "description": "urna",
    "events": [
      "03b8ceb2-2722-48fc-bc68-60aad32bf73a"
    ]
  }
},
{
  "model": "automation.automationfiltertype",
  "pk": "106e571a-1fa7-4f20-a195-a3a4f25b050c",
  "fields": {
    "created": "2016-11-17T14:54:45.764Z",
    "modified": "2016-11-17T14:54:45.764Z",
    "deleted": null,
    "key": "admin.placeholder.country_filter_select",
    "context": "ticket.ticket",
    "field": "country",
    "lookups": {}
  }
},
{
  "model": "automation.automationfiltertype",
  "pk": "73cdf429-bd4d-4efc-b00b-7dc385ace3cb",
  "fields": {
    "created": "2016-11-17T14:54:45.540Z",
    "modified": "2016-11-17T14:54:45.540Z",
    "deleted": null,
    "key": "admin.placeholder.category_filter_select",
    "context": "ticket.ticket",
    "field": "categories",
    "lookups": {}
  }
},
{
  "model": "automation.automationfiltertype",
  "pk": "7f5e8d13-f44c-4c5f-8afe-2e8f1559a358",
  "fields": {
    "created": "2016-11-17T14:54:45.466Z",
    "modified": "2016-11-17T14:54:45.466Z",
    "deleted": null,
    "key": "admin.placeholder.priority_filter_select",
    "context": "ticket.ticket",
    "field": "priority",
    "lookups": {}
  }
},
{
  "model": "automation.automationfiltertype",
  "pk": "e584542b-42a2-4a23-9a63-f3bb0a3aa15e",
  "fields": {
    "created": "2016-11-17T14:54:45.692Z",
    "modified": "2016-11-17T14:54:45.692Z",
    "deleted": null,
    "key": "admin.placeholder.state_filter_select",
    "context": "ticket.ticket",
    "field": "state",
    "lookups": {}
  }
},
{
  "model": "automation.automationfiltertype",
  "pk": "f254f834-510a-4a61-9357-395508e63e2c",
  "fields": {
    "created": "2016-11-17T14:54:45.616Z",
    "modified": "2016-11-17T14:54:45.616Z",
    "deleted": null,
    "key": "",
    "context": "ticket.ticket",
    "field": "location",
    "lookups": {
      "filters": "location_level"
    }
  }
},
{
  "model": "automation.automationfilter",
  "pk": "13c86b3e-63c3-4014-86b7-4bb7f10bfc7c",
  "fields": {
    "created": "2016-11-17T14:54:45.467Z",
    "modified": "2016-11-17T14:54:45.467Z",
    "deleted": null,
    "automation": "bfaba43b-5510-4575-b90e-b33966adeb00",
    "source": "7f5e8d13-f44c-4c5f-8afe-2e8f1559a358",
    "lookups": {},
    "criteria": [
      "048530c4-ce6c-4724-9cfd-37a16e787003"
    ]
  }
},
{
  "model": "automation.automationfilter",
  "pk": "3c4a9bcb-4b4b-4c7b-b8ef-0ce9f6042881",
  "fields": {
    "created": "2016-11-17T14:54:45.541Z",
    "modified": "2016-11-17T14:54:45.541Z",
    "deleted": null,
    "automation": "4c0339b4-5c79-4fd1-99cc-4f8ba04e53bb",
    "source": "73cdf429-bd4d-4efc-b00b-7dc385ace3cb",
    "lookups": {},
    "criteria": [
      "024530c4-ce6c-4724-9cfd-37a16e787001"
    ]
  }
},
{
  "model": "automation.automationfilter",
  "pk": "7d60db7f-620d-4e85-a39d-82294979e634",
  "fields": {
    "created": "2016-11-17T14:54:45.617Z",
    "modified": "2016-11-17T14:54:45.617Z",
    "deleted": null,
    "automation": "56f62533-0bf1-4a54-a044-69b3a90f33ef",
    "source": "f254f834-510a-4a61-9357-395508e63e2c",
    "lookups": {
      "id": "2bae0375-99fb-48f8-abc2-bc27fffca033",
      "name": "Company",
      "filters": "location_level"
    },
    "criteria": [
      "0c216f31-26b0-48a4-8316-095051de11b8"
    ]
  }
},
{
  "model": "automation.automationfilter",
  "pk": "7fed8f2a-86f7-4534-b635-e4c5d587b54a",
  "fields": {
    "created": "2016-11-17T14:54:45.693Z",
    "modified": "2016-11-17T14:54:45.694Z",
    "deleted": null,
    "automation": "dc9afce0-9535-4df0-b58b-910de6a16bf9",
    "source": "e584542b-42a2-4a23-9a63-f3bb0a3aa15e",
    "lookups": {},
    "criteria": [
      "2f193a90-a270-48b7-8752-b4c5ad19156c"
    ]
  }
},
{
  "model": "automation.automationfilter",
  "pk": "d76149de-d873-4476-ae2a-5f52ea34b929",
  "fields": {
    "created": "2016-11-17T14:54:45.765Z",
    "modified": "2016-11-17T14:54:45.765Z",
    "deleted": null,
    "automation": "7671c322-550c-4dc8-b89f-de910f47a090",
    "source": "106e571a-1fa7-4f20-a195-a3a4f25b050c",
    "lookups": {},
    "criteria": [
      "61760373-0b13-4a1e-8abe-8166ca841e01"
    ]
  }
}
]
