[
{
  "model": "automation.automationevent",
  "pk": "04f3cf12-a528-4dc0-bf89-f32a82c0baf0",
  "fields": {
    "created": "2016-09-30T19:24:07.679Z",
    "modified": "2016-09-30T19:24:07.679Z",
    "deleted": null,
    "key": "automation.event.ticket_status_in_progress"
  }
},
{
  "model": "automation.automationevent",
  "pk": "0945fedb-6de9-4b98-a081-031d40870af0",
  "fields": {
    "created": "2016-09-30T19:24:07.669Z",
    "modified": "2016-09-30T19:24:07.669Z",
    "deleted": null,
    "key": "automation.event.ticket_location_change"
  }
},
{
  "model": "automation.automationevent",
  "pk": "0b5e45b9-7526-48c6-a1ec-d8bf472b1b66",
  "fields": {
    "created": "2016-09-30T19:24:07.675Z",
    "modified": "2016-09-30T19:24:07.675Z",
    "deleted": null,
    "key": "automation.event.ticket_status_deferred"
  }
},
{
  "model": "automation.automationevent",
  "pk": "1beaa357-2a68-463e-8307-e44e718323a1",
  "fields": {
    "created": "2016-09-30T19:24:07.680Z",
    "modified": "2016-09-30T19:24:07.680Z",
    "deleted": null,
    "key": "automation.event.ticket_status_new"
  }
},
{
  "model": "automation.automationevent",
  "pk": "2796d6d8-f486-49da-933d-c7ab145e0552",
  "fields": {
    "created": "2016-09-30T19:24:07.682Z",
    "modified": "2016-09-30T19:24:07.682Z",
    "deleted": null,
    "key": "automation.event.ticket_status_pending"
  }
},
{
  "model": "automation.automationevent",
  "pk": "36846dad-9848-4a24-8ec9-73e2a186b888",
  "fields": {
    "created": "2016-09-30T19:24:07.661Z",
    "modified": "2016-09-30T19:24:07.661Z",
    "deleted": null,
    "key": "automation.event.ticket_attachment_add"
  }
},
{
  "model": "automation.automationevent",
  "pk": "37d0826d-23f7-453f-b629-48258cf53f72",
  "fields": {
    "created": "2016-09-30T19:24:07.667Z",
    "modified": "2016-09-30T19:24:07.667Z",
    "deleted": null,
    "key": "automation.event.ticket_comment"
  }
},
{
  "model": "automation.automationevent",
  "pk": "5c423559-b6a4-4f97-9382-4599bc671f46",
  "fields": {
    "created": "2016-09-30T19:24:07.684Z",
    "modified": "2016-09-30T19:24:07.684Z",
    "deleted": null,
    "key": "automation.event.ticket_status_unsatisfactory"
  }
},
{
  "model": "automation.automationevent",
  "pk": "8d2eab79-1ef6-4602-abe8-655a572c45f8",
  "fields": {
    "created": "2016-09-30T19:24:07.677Z",
    "modified": "2016-09-30T19:24:07.677Z",
    "deleted": null,
    "key": "automation.event.ticket_status_denied"
  }
},
{
  "model": "automation.automationevent",
  "pk": "9c3be46d-9380-4440-aad0-ea346347977e",
  "fields": {
    "created": "2016-09-30T19:24:07.663Z",
    "modified": "2016-09-30T19:24:07.663Z",
    "deleted": null,
    "key": "automation.event.ticket_category_change"
  }
},
{
  "model": "automation.automationevent",
  "pk": "a695f1c2-422c-4499-8739-05629541fa43",
  "fields": {
    "created": "2016-09-30T19:24:07.671Z",
    "modified": "2016-09-30T19:24:07.671Z",
    "deleted": null,
    "key": "automation.event.ticket_priority_change"
  }
},
{
  "model": "automation.automationevent",
  "pk": "c7b40762-3f71-49ff-a076-4795b846d319",
  "fields": {
    "created": "2016-09-30T19:24:07.674Z",
    "modified": "2016-09-30T19:24:07.674Z",
    "deleted": null,
    "key": "automation.event.ticket_status_complete"
  }
},
{
  "model": "automation.automationevent",
  "pk": "db3040d8-110a-4ccb-8c34-0181f5141912",
  "fields": {
    "created": "2016-09-30T19:24:07.657Z",
    "modified": "2016-09-30T19:24:07.657Z",
    "deleted": null,
    "key": "automation.event.ticket_assignee_change"
  }
},
{
  "model": "automation.automationevent",
  "pk": "de6b0961-4c7e-4d6e-890d-f723be41c1da",
  "fields": {
    "created": "2016-09-30T19:24:07.665Z",
    "modified": "2016-09-30T19:24:07.665Z",
    "deleted": null,
    "key": "automation.event.ticket_cc_add"
  }
},
{
  "model": "automation.automationevent",
  "pk": "f5f2e1d8-e197-4038-94ba-bd5f30938229",
  "fields": {
    "created": "2016-09-30T19:24:07.672Z",
    "modified": "2016-09-30T19:24:07.672Z",
    "deleted": null,
    "key": "automation.event.ticket_status_cancelled"
  }
},
{
  "model": "automation.automationactiontype",
  "pk": "08b25ea0-7cd9-4ca3-b677-ed9216d66c3d",
  "fields": {
    "created": "2016-09-30T19:24:07.696Z",
    "modified": "2016-09-30T19:24:07.696Z",
    "deleted": null,
    "key": "automation.actions.ticket_status"
  }
},
{
  "model": "automation.automationactiontype",
  "pk": "35032635-c39e-4ea9-9efd-d147435edde1",
  "fields": {
    "created": "2016-09-30T19:24:07.693Z",
    "modified": "2016-09-30T19:24:07.693Z",
    "deleted": null,
    "key": "automation.actions.ticket_priority"
  }
},
{
  "model": "automation.automationactiontype",
  "pk": "553068fa-ab13-44ca-9319-fd43c3d2f75c",
  "fields": {
    "created": "2016-09-30T19:24:07.688Z",
    "modified": "2016-09-30T19:24:07.688Z",
    "deleted": null,
    "key": "automation.actions.send_email"
  }
},
{
  "model": "automation.automationactiontype",
  "pk": "684a04cb-b9a7-4fd0-a3f8-8dd1bc000f3d",
  "fields": {
    "created": "2016-09-30T19:24:07.687Z",
    "modified": "2016-09-30T19:24:07.687Z",
    "deleted": null,
    "key": "automation.actions.ticket_assignee"
  }
},
{
  "model": "automation.automationactiontype",
  "pk": "6cfcffcc-7fa1-4a46-bb18-4ae99503b4c0",
  "fields": {
    "created": "2016-09-30T19:24:07.691Z",
    "modified": "2016-09-30T19:24:07.691Z",
    "deleted": null,
    "key": "automation.actions.ticket_cc"
  }
},
{
  "model": "automation.automationactiontype",
  "pk": "87d5a6d7-9eb6-454b-921c-40c5e51043c3",
  "fields": {
    "created": "2016-09-30T19:24:07.695Z",
    "modified": "2016-09-30T19:24:07.695Z",
    "deleted": null,
    "key": "automation.actions.ticket_request"
  }
},
{
  "model": "automation.automationactiontype",
  "pk": "a7c21fbe-48b4-4fcb-b649-8dfc3fc6400b",
  "fields": {
    "created": "2016-09-30T19:24:07.690Z",
    "modified": "2016-09-30T19:24:07.690Z",
    "deleted": null,
    "key": "automation.actions.send_sms"
  }
},
{
  "model": "automation.automationaction",
  "pk": "0395c2b2-f9fc-4f22-8a0a-ed41d110a375",
  "fields": {
    "created": "2016-09-30T19:24:07.768Z",
    "modified": "2016-09-30T19:24:07.768Z",
    "deleted": null,
    "type": "684a04cb-b9a7-4fd0-a3f8-8dd1bc000f3d",
    "automation": "8abe1bc0-c9e7-4e76-b3f2-910380c36db8",
    "content": {
      "assignee": "039530c4-ce6c-4724-9cfd-37a16e787104"
    }
  }
},
{
  "model": "automation.automationaction",
  "pk": "1c57fe61-90bc-4a7d-ad8c-6f096eb3d18d",
  "fields": {
    "created": "2016-09-30T19:24:07.971Z",
    "modified": "2016-09-30T19:24:07.971Z",
    "deleted": null,
    "type": "684a04cb-b9a7-4fd0-a3f8-8dd1bc000f3d",
    "automation": "e681f5f5-b032-4dd5-8050-90c8c86b166c",
    "content": {
      "assignee": "039530c4-ce6c-4724-9cfd-37a16e787116"
    }
  }
},
{
  "model": "automation.automationaction",
  "pk": "2461938f-efd0-4708-b843-cd72f9f50802",
  "fields": {
    "created": "2016-09-30T19:24:07.900Z",
    "modified": "2016-09-30T19:24:07.900Z",
    "deleted": null,
    "type": "684a04cb-b9a7-4fd0-a3f8-8dd1bc000f3d",
    "automation": "9d99dc6f-d401-48b5-97d1-dfc260f4f376",
    "content": {
      "assignee": "039530c4-ce6c-4724-9cfd-37a16e787098"
    }
  }
},
{
  "model": "automation.automationaction",
  "pk": "35e37bbb-ed26-4695-a33c-0483fb05e8cb",
  "fields": {
    "created": "2016-09-30T19:24:08.183Z",
    "modified": "2016-09-30T19:24:08.183Z",
    "deleted": null,
    "type": "553068fa-ab13-44ca-9319-fd43c3d2f75c",
    "automation": "6f369a77-cc76-4175-84fb-bd18722e7e13",
    "content": {
      "recipients": [
        "039530c4-ce6c-4724-9cfd-37a16e787120"
      ],
      "body": "bar",
      "subject": "foo"
    }
  }
},
{
  "model": "automation.automationaction",
  "pk": "3b833c70-93e1-4ddb-8305-575e8ce5a1bb",
  "fields": {
    "created": "2016-09-30T19:24:07.835Z",
    "modified": "2016-09-30T19:24:07.835Z",
    "deleted": null,
    "type": "684a04cb-b9a7-4fd0-a3f8-8dd1bc000f3d",
    "automation": "9c3e098e-cbee-46b3-a0ec-e1744b397538",
    "content": {
      "assignee": "039530c4-ce6c-4724-9cfd-37a16e787142"
    }
  }
},
{
  "model": "automation.automationaction",
  "pk": "3ef9cd5a-e966-440e-b2c3-c54d8c67e442",
  "fields": {
    "created": "2016-09-30T19:24:08.278Z",
    "modified": "2016-09-30T19:24:08.278Z",
    "deleted": null,
    "type": "87d5a6d7-9eb6-454b-921c-40c5e51043c3",
    "automation": "33d4b33c-969f-488a-ab1f-334d1ceb8388",
    "content": {
      "request": "foo"
    }
  }
},
{
  "model": "automation.automationaction",
  "pk": "8cf9ff42-6eb7-4941-bdbf-6210d2f7ce4e",
  "fields": {
    "created": "2016-09-30T19:24:08.253Z",
    "modified": "2016-09-30T19:24:08.254Z",
    "deleted": null,
    "type": "35032635-c39e-4ea9-9efd-d147435edde1",
    "automation": "216e5100-01c4-4687-a60d-59feb3ef1788",
    "content": {
      "priority": "045530c4-ce6c-4724-9cfd-37a16e787003"
    }
  }
},
{
  "model": "automation.automationaction",
  "pk": "96fceb9c-92f6-412b-afa1-c093cbdec620",
  "fields": {
    "created": "2016-09-30T19:24:08.241Z",
    "modified": "2016-09-30T19:24:08.241Z",
    "deleted": null,
    "type": "a7c21fbe-48b4-4fcb-b649-8dfc3fc6400b",
    "automation": "a93f5352-7001-4fc3-b95e-feac6ba973c6",
    "content": {
      "body": "bar",
      "recipients": [
        "039530c4-ce6c-4724-9cfd-37a16e787050"
      ]
    }
  }
},
{
  "model": "automation.automationaction",
  "pk": "a1a3fb46-fe92-4579-a923-e32f78337db0",
  "fields": {
    "created": "2016-09-30T19:24:08.338Z",
    "modified": "2016-09-30T19:24:08.338Z",
    "deleted": null,
    "type": "6cfcffcc-7fa1-4a46-bb18-4ae99503b4c0",
    "automation": "93b947bc-328f-4127-8fa3-23c560d024db",
    "content": {
      "ccs": [
        "039530c4-ce6c-4724-9cfd-37a16e787001"
      ]
    }
  }
},
{
  "model": "automation.automationaction",
  "pk": "c3a93c30-b851-4386-92f2-be4f990b3c35",
  "fields": {
    "created": "2016-09-30T19:24:08.124Z",
    "modified": "2016-09-30T19:24:08.124Z",
    "deleted": null,
    "type": "684a04cb-b9a7-4fd0-a3f8-8dd1bc000f3d",
    "automation": "19b48f3b-8fe9-4f82-b6e5-42f3e6798793",
    "content": {
      "assignee": "039530c4-ce6c-4724-9cfd-37a16e787037"
    }
  }
},
{
  "model": "automation.automationaction",
  "pk": "cb2b17ca-8d6c-4391-9838-c9d7f2f4213d",
  "fields": {
    "created": "2016-09-30T19:24:08.043Z",
    "modified": "2016-09-30T19:24:08.043Z",
    "deleted": null,
    "type": "684a04cb-b9a7-4fd0-a3f8-8dd1bc000f3d",
    "automation": "ff98b995-8b12-4393-8137-ccdb360379dd",
    "content": {
      "assignee": "039530c4-ce6c-4724-9cfd-37a16e787128"
    }
  }
},
{
  "model": "automation.automationaction",
  "pk": "ec020b19-cf73-4a10-bc33-6bc5271e7a00",
  "fields": {
    "created": "2016-09-30T19:24:08.267Z",
    "modified": "2016-09-30T19:24:08.267Z",
    "deleted": null,
    "type": "08b25ea0-7cd9-4ca3-b677-ed9216d66c3d",
    "automation": "dcbad3dc-d2e8-4938-9919-e6e12a2841d1",
    "content": {
      "status": "047530c4-ce6c-4724-9cfd-37a16e787005"
    }
  }
},
{
  "model": "automation.automation",
  "pk": "19b48f3b-8fe9-4f82-b6e5-42f3e6798793",
  "fields": {
    "created": "2016-09-30T19:24:08.071Z",
    "modified": "2016-09-30T19:24:08.071Z",
    "deleted": null,
    "tenant": "038530c4-ce6c-4724-9cfd-37a16e787001",
    "description": "dolor",
    "events": [
      "1beaa357-2a68-463e-8307-e44e718323a1"
    ]
  }
},
{
  "model": "automation.automation",
  "pk": "216e5100-01c4-4687-a60d-59feb3ef1788",
  "fields": {
    "created": "2016-09-30T19:24:08.248Z",
    "modified": "2016-09-30T19:24:08.248Z",
    "deleted": null,
    "tenant": "038530c4-ce6c-4724-9cfd-37a16e787001",
    "description": "venenatis",
    "events": [
      "1beaa357-2a68-463e-8307-e44e718323a1"
    ]
  }
},
{
  "model": "automation.automation",
  "pk": "33d4b33c-969f-488a-ab1f-334d1ceb8388",
  "fields": {
    "created": "2016-09-30T19:24:08.273Z",
    "modified": "2016-09-30T19:24:08.273Z",
    "deleted": null,
    "tenant": "038530c4-ce6c-4724-9cfd-37a16e787001",
    "description": "magnis",
    "events": [
      "1beaa357-2a68-463e-8307-e44e718323a1"
    ]
  }
},
{
  "model": "automation.automation",
  "pk": "6f369a77-cc76-4175-84fb-bd18722e7e13",
  "fields": {
    "created": "2016-09-30T19:24:08.131Z",
    "modified": "2016-09-30T19:24:08.131Z",
    "deleted": null,
    "tenant": "038530c4-ce6c-4724-9cfd-37a16e787001",
    "description": "erat",
    "events": [
      "1beaa357-2a68-463e-8307-e44e718323a1"
    ]
  }
},
{
  "model": "automation.automation",
  "pk": "8abe1bc0-c9e7-4e76-b3f2-910380c36db8",
  "fields": {
    "created": "2016-09-30T19:24:07.705Z",
    "modified": "2016-09-30T19:24:08.053Z",
    "deleted": null,
    "tenant": "038530c4-ce6c-4724-9cfd-37a16e787001",
    "description": "admin.placeholder.priority_filter_select",
    "events": [
      "1beaa357-2a68-463e-8307-e44e718323a1"
    ]
  }
},
{
  "model": "automation.automation",
  "pk": "93b947bc-328f-4127-8fa3-23c560d024db",
  "fields": {
    "created": "2016-09-30T19:24:08.286Z",
    "modified": "2016-09-30T19:24:08.286Z",
    "deleted": null,
    "tenant": "038530c4-ce6c-4724-9cfd-37a16e787001",
    "description": "molestie",
    "events": [
      "1beaa357-2a68-463e-8307-e44e718323a1"
    ]
  }
},
{
  "model": "automation.automation",
  "pk": "9c3e098e-cbee-46b3-a0ec-e1744b397538",
  "fields": {
    "created": "2016-09-30T19:24:07.781Z",
    "modified": "2016-09-30T19:24:08.056Z",
    "deleted": null,
    "tenant": "038530c4-ce6c-4724-9cfd-37a16e787001",
    "description": "admin.placeholder.category_filter_select",
    "events": [
      "1beaa357-2a68-463e-8307-e44e718323a1"
    ]
  }
},
{
  "model": "automation.automation",
  "pk": "9d99dc6f-d401-48b5-97d1-dfc260f4f376",
  "fields": {
    "created": "2016-09-30T19:24:07.846Z",
    "modified": "2016-09-30T19:24:08.064Z",
    "deleted": null,
    "tenant": "038530c4-ce6c-4724-9cfd-37a16e787001",
    "description": "location",
    "events": [
      "1beaa357-2a68-463e-8307-e44e718323a1"
    ]
  }
},
{
  "model": "automation.automation",
  "pk": "a93f5352-7001-4fc3-b95e-feac6ba973c6",
  "fields": {
    "created": "2016-09-30T19:24:08.190Z",
    "modified": "2016-09-30T19:24:08.190Z",
    "deleted": null,
    "tenant": "038530c4-ce6c-4724-9cfd-37a16e787001",
    "description": "vehicula",
    "events": [
      "1beaa357-2a68-463e-8307-e44e718323a1"
    ]
  }
},
{
  "model": "automation.automation",
  "pk": "dcbad3dc-d2e8-4938-9919-e6e12a2841d1",
  "fields": {
    "created": "2016-09-30T19:24:08.261Z",
    "modified": "2016-09-30T19:24:08.261Z",
    "deleted": null,
    "tenant": "038530c4-ce6c-4724-9cfd-37a16e787001",
    "description": "suscipit",
    "events": [
      "1beaa357-2a68-463e-8307-e44e718323a1"
    ]
  }
},
{
  "model": "automation.automation",
  "pk": "e681f5f5-b032-4dd5-8050-90c8c86b166c",
  "fields": {
    "created": "2016-09-30T19:24:07.917Z",
    "modified": "2016-09-30T19:24:08.061Z",
    "deleted": null,
    "tenant": "038530c4-ce6c-4724-9cfd-37a16e787001",
    "description": "admin.placeholder.state_filter_select",
    "events": [
      "1beaa357-2a68-463e-8307-e44e718323a1"
    ]
  }
},
{
  "model": "automation.automation",
  "pk": "ff98b995-8b12-4393-8137-ccdb360379dd",
  "fields": {
    "created": "2016-09-30T19:24:07.987Z",
    "modified": "2016-09-30T19:24:08.059Z",
    "deleted": null,
    "tenant": "038530c4-ce6c-4724-9cfd-37a16e787001",
    "description": "admin.placeholder.country_filter_select",
    "events": [
      "1beaa357-2a68-463e-8307-e44e718323a1"
    ]
  }
},
{
  "model": "automation.automationfiltertype",
  "pk": "405dc925-4967-4aa4-8c69-233b77700a1e",
  "fields": {
    "created": "2016-09-30T19:24:07.978Z",
    "modified": "2016-09-30T19:24:07.978Z",
    "deleted": null,
    "key": "admin.placeholder.state_filter_select",
    "context": "ticket.ticket",
    "field": "state",
    "lookups": {}
  }
},
{
  "model": "automation.automationfiltertype",
  "pk": "6f5cb14f-34c1-444c-bab6-7bfe6a2d09f9",
  "fields": {
    "created": "2016-09-30T19:24:08.046Z",
    "modified": "2016-09-30T19:24:08.046Z",
    "deleted": null,
    "key": "admin.placeholder.country_filter_select",
    "context": "ticket.ticket",
    "field": "country",
    "lookups": {}
  }
},
{
  "model": "automation.automationfiltertype",
  "pk": "719dc47e-8f61-4478-97e0-96eda86ca131",
  "fields": {
    "created": "2016-09-30T19:24:07.839Z",
    "modified": "2016-09-30T19:24:07.839Z",
    "deleted": null,
    "key": "admin.placeholder.category_filter_select",
    "context": "ticket.ticket",
    "field": "categories",
    "lookups": {}
  }
},
{
  "model": "automation.automationfiltertype",
  "pk": "85355fb3-1f10-4b63-8518-a7cf612c1a75",
  "fields": {
    "created": "2016-09-30T19:24:07.907Z",
    "modified": "2016-09-30T19:24:07.907Z",
    "deleted": null,
    "key": "",
    "context": "ticket.ticket",
    "field": "location",
    "lookups": {
      "filters": "location_level"
    }
  }
},
{
  "model": "automation.automationfiltertype",
  "pk": "f77ac795-f64d-45ee-b38c-c5627dd57dce",
  "fields": {
    "created": "2016-09-30T19:24:07.772Z",
    "modified": "2016-09-30T19:24:07.772Z",
    "deleted": null,
    "key": "admin.placeholder.priority_filter_select",
    "context": "ticket.ticket",
    "field": "priority",
    "lookups": {}
  }
},
{
  "model": "automation.automationfilter",
  "pk": "2261c417-abca-4f2e-baf3-6ed8effb47e9",
  "fields": {
    "created": "2016-09-30T19:24:07.774Z",
    "modified": "2016-09-30T19:24:07.774Z",
    "deleted": null,
    "automation": "8abe1bc0-c9e7-4e76-b3f2-910380c36db8",
    "source": "f77ac795-f64d-45ee-b38c-c5627dd57dce",
    "lookups": {},
    "criteria": [
      "045530c4-ce6c-4724-9cfd-37a16e787003"
    ]
  }
},
{
  "model": "automation.automationfilter",
  "pk": "26496ae3-583b-456c-b3da-23bc1872abc0",
  "fields": {
    "created": "2016-09-30T19:24:07.840Z",
    "modified": "2016-09-30T19:24:07.840Z",
    "deleted": null,
    "automation": "9c3e098e-cbee-46b3-a0ec-e1744b397538",
    "source": "719dc47e-8f61-4478-97e0-96eda86ca131",
    "lookups": {},
    "criteria": [
      "020530c4-ce6c-4724-9cfd-37a16e787001"
    ]
  }
},
{
  "model": "automation.automationfilter",
  "pk": "2a6c1853-1691-4063-99c1-9de2dddecbe4",
  "fields": {
    "created": "2016-09-30T19:24:08.047Z",
    "modified": "2016-09-30T19:24:08.047Z",
    "deleted": null,
    "automation": "ff98b995-8b12-4393-8137-ccdb360379dd",
    "source": "6f5cb14f-34c1-444c-bab6-7bfe6a2d09f9",
    "lookups": {},
    "criteria": [
      "61760373-0b13-4a1e-8abe-8166ca841e01"
    ]
  }
},
{
  "model": "automation.automationfilter",
  "pk": "35e296da-5fa5-433e-8f0c-a38a8dbd9efe",
  "fields": {
    "created": "2016-09-30T19:24:07.979Z",
    "modified": "2016-09-30T19:24:07.979Z",
    "deleted": null,
    "automation": "e681f5f5-b032-4dd5-8050-90c8c86b166c",
    "source": "405dc925-4967-4aa4-8c69-233b77700a1e",
    "lookups": {},
    "criteria": [
      "2f193a90-a270-48b7-8752-b4c5ad19156c"
    ]
  }
},
{
  "model": "automation.automationfilter",
  "pk": "affdd561-1355-45ce-9882-29f14446f1f7",
  "fields": {
    "created": "2016-09-30T19:24:07.908Z",
    "modified": "2016-09-30T19:24:07.908Z",
    "deleted": null,
    "automation": "9d99dc6f-d401-48b5-97d1-dfc260f4f376",
    "source": "85355fb3-1f10-4b63-8518-a7cf612c1a75",
    "lookups": {
      "id": "a852a26e-81c8-494a-b871-8ffeb7a99600",
      "filters": "location_level",
      "name": "Company"
    },
    "criteria": [
      "2b26bcb6-5514-4e68-abf7-5d661ec5bc8e"
    ]
  }
}
]
