[
{
  "model": "automation.automationevent",
  "pk": "0d379dfc-231b-4ab5-a35f-3397131f82ec",
  "fields": {
    "created": "2017-02-14T00:42:07.785Z",
    "modified": "2017-02-14T00:42:07.785Z",
    "deleted": null,
    "key": "automation.event.ticket_assignee_change"
  }
},
{
  "model": "automation.automationevent",
  "pk": "172e18d9-c99f-4b03-8b86-63dbc0407283",
  "fields": {
    "created": "2017-02-14T00:42:07.798Z",
    "modified": "2017-02-14T00:42:07.798Z",
    "deleted": null,
    "key": "automation.event.ticket_priority_change"
  }
},
{
  "model": "automation.automationevent",
  "pk": "2bd4cce7-fee1-4e0a-ac42-d61eca1f0730",
  "fields": {
    "created": "2017-02-14T00:42:07.796Z",
    "modified": "2017-02-14T00:42:07.796Z",
    "deleted": null,
    "key": "automation.event.ticket_location_change"
  }
},
{
  "model": "automation.automationevent",
  "pk": "35e6e244-621b-4d94-b9af-c8b7a6df9ed3",
  "fields": {
    "created": "2017-02-14T00:42:07.801Z",
    "modified": "2017-02-14T00:42:07.801Z",
    "deleted": null,
    "key": "automation.event.ticket_status_complete"
  }
},
{
  "model": "automation.automationevent",
  "pk": "4ed91c28-4625-457c-a322-915d15656226",
  "fields": {
    "created": "2017-02-14T00:42:07.806Z",
    "modified": "2017-02-14T00:42:07.806Z",
    "deleted": null,
    "key": "automation.event.ticket_status_draft"
  }
},
{
  "model": "automation.automationevent",
  "pk": "6db89590-cd16-4511-8773-11830446a6ba",
  "fields": {
    "created": "2017-02-14T00:42:07.804Z",
    "modified": "2017-02-14T00:42:07.804Z",
    "deleted": null,
    "key": "automation.event.ticket_status_denied"
  }
},
{
  "model": "automation.automationevent",
  "pk": "70f22c93-ace9-49d9-94c1-9550943a392a",
  "fields": {
    "created": "2017-02-14T00:42:07.803Z",
    "modified": "2017-02-14T00:42:07.803Z",
    "deleted": null,
    "key": "automation.event.ticket_status_deferred"
  }
},
{
  "model": "automation.automationevent",
  "pk": "906b5abe-5c80-4adc-aa8d-0f553a2e7fbb",
  "fields": {
    "created": "2017-02-14T00:42:07.790Z",
    "modified": "2017-02-14T00:42:07.790Z",
    "deleted": null,
    "key": "automation.event.ticket_attachment_add"
  }
},
{
  "model": "automation.automationevent",
  "pk": "90d45b11-7bc0-414b-9a8b-7e35f5b3c5f2",
  "fields": {
    "created": "2017-02-14T00:42:07.800Z",
    "modified": "2017-02-14T00:42:07.800Z",
    "deleted": null,
    "key": "automation.event.ticket_status_cancelled"
  }
},
{
  "model": "automation.automationevent",
  "pk": "95718523-63f3-4ba5-9301-e31b5c5abb6d",
  "fields": {
    "created": "2017-02-14T00:42:07.795Z",
    "modified": "2017-02-14T00:42:07.795Z",
    "deleted": null,
    "key": "automation.event.ticket_comment"
  }
},
{
  "model": "automation.automationevent",
  "pk": "a54e57a6-2968-4df4-b79c-6e40c8ce3a33",
  "fields": {
    "created": "2017-02-14T00:42:07.792Z",
    "modified": "2017-02-14T00:42:07.792Z",
    "deleted": null,
    "key": "automation.event.ticket_category_change"
  }
},
{
  "model": "automation.automationevent",
  "pk": "b228d340-3669-4d5c-bc8e-6293dbbe6f06",
  "fields": {
    "created": "2017-02-14T00:42:07.812Z",
    "modified": "2017-02-14T00:42:07.812Z",
    "deleted": null,
    "key": "automation.event.ticket_status_solved"
  }
},
{
  "model": "automation.automationevent",
  "pk": "d7378e0a-59d2-4743-87a0-0db9091d0259",
  "fields": {
    "created": "2017-02-14T00:42:07.810Z",
    "modified": "2017-02-14T00:42:07.811Z",
    "deleted": null,
    "key": "automation.event.ticket_status_pending"
  }
},
{
  "model": "automation.automationevent",
  "pk": "dde082e8-10ef-4ff9-9bb5-94a3e1c4161f",
  "fields": {
    "created": "2017-02-14T00:42:07.814Z",
    "modified": "2017-02-14T00:42:07.814Z",
    "deleted": null,
    "key": "automation.event.ticket_status_unsatisfactory"
  }
},
{
  "model": "automation.automationevent",
  "pk": "dfec7a7c-0d21-4a59-9bd4-446d6dff66d7",
  "fields": {
    "created": "2017-02-14T00:42:07.807Z",
    "modified": "2017-02-14T00:42:07.807Z",
    "deleted": null,
    "key": "automation.event.ticket_status_in_progress"
  }
},
{
  "model": "automation.automationevent",
  "pk": "f96fe434-2888-4859-9c0c-7bbdb2b4f430",
  "fields": {
    "created": "2017-02-14T00:42:07.793Z",
    "modified": "2017-02-14T00:42:07.793Z",
    "deleted": null,
    "key": "automation.event.ticket_cc_add"
  }
},
{
  "model": "automation.automationevent",
  "pk": "ffa0e09e-b40a-4959-8c33-a355e066d6d8",
  "fields": {
    "created": "2017-02-14T00:42:07.809Z",
    "modified": "2017-02-14T00:42:07.809Z",
    "deleted": null,
    "key": "automation.event.ticket_status_new"
  }
},
{
  "model": "automation.automationactiontype",
  "pk": "6a0e80a2-3477-49ab-becd-81847d754f76",
  "fields": {
    "created": "2017-02-14T00:42:07.822Z",
    "modified": "2017-02-14T00:42:07.822Z",
    "deleted": null,
    "key": "automation.actions.ticket_priority"
  }
},
{
  "model": "automation.automationactiontype",
  "pk": "73d851ee-3e56-4f7e-b2f5-da11f447377a",
  "fields": {
    "created": "2017-02-14T00:42:07.817Z",
    "modified": "2017-02-14T00:42:07.817Z",
    "deleted": null,
    "key": "automation.actions.send_email"
  }
},
{
  "model": "automation.automationactiontype",
  "pk": "8087a4cd-0e15-4c66-9c80-21b4e1c9f628",
  "fields": {
    "created": "2017-02-14T00:42:07.823Z",
    "modified": "2017-02-14T00:42:07.823Z",
    "deleted": null,
    "key": "automation.actions.ticket_request"
  }
},
{
  "model": "automation.automationactiontype",
  "pk": "9313f05b-6d65-4fe3-9c40-c272d3e602b1",
  "fields": {
    "created": "2017-02-14T00:42:07.816Z",
    "modified": "2017-02-14T00:42:07.816Z",
    "deleted": null,
    "key": "automation.actions.ticket_assignee"
  }
},
{
  "model": "automation.automationactiontype",
  "pk": "9a895d55-8d53-432e-b629-8831dfee4753",
  "fields": {
    "created": "2017-02-14T00:42:07.819Z",
    "modified": "2017-02-14T00:42:07.819Z",
    "deleted": null,
    "key": "automation.actions.send_sms"
  }
},
{
  "model": "automation.automationactiontype",
  "pk": "b170af51-4395-4b5c-a92f-cb1158f8b543",
  "fields": {
    "created": "2017-02-14T00:42:07.825Z",
    "modified": "2017-02-14T00:42:07.825Z",
    "deleted": null,
    "key": "automation.actions.ticket_status"
  }
},
{
  "model": "automation.automationactiontype",
  "pk": "ce5d59b0-e888-46b0-9175-07bf00dc227f",
  "fields": {
    "created": "2017-02-14T00:42:07.820Z",
    "modified": "2017-02-14T00:42:07.820Z",
    "deleted": null,
    "key": "automation.actions.ticket_cc"
  }
},
{
  "model": "automation.automationaction",
  "pk": "19cf505f-5e99-4602-99cf-e939ef75d6aa",
  "fields": {
    "created": "2017-02-14T00:42:08.152Z",
    "modified": "2017-02-14T00:42:08.152Z",
    "deleted": null,
    "type": "9313f05b-6d65-4fe3-9c40-c272d3e602b1",
    "automation": "958bdfe3-124b-4c6f-abfe-cf150d115ae8",
    "content": {
      "assignee": "040530c4-ce6c-4724-9cfd-37a16e787200"
    }
  }
},
{
  "model": "automation.automationaction",
  "pk": "326b2348-358a-4500-96ef-09a0c7763f56",
  "fields": {
    "created": "2017-02-14T00:42:08.234Z",
    "modified": "2017-02-14T00:42:08.234Z",
    "deleted": null,
    "type": "9313f05b-6d65-4fe3-9c40-c272d3e602b1",
    "automation": "0e982078-1da9-42e7-9f16-62660d28d94d",
    "content": {
      "assignee": "040530c4-ce6c-4724-9cfd-37a16e787200"
    }
  }
},
{
  "model": "automation.automationaction",
  "pk": "3c9c5720-89ae-4f24-b34e-a12edae9269d",
  "fields": {
    "created": "2017-02-14T00:42:08.590Z",
    "modified": "2017-02-14T00:42:08.590Z",
    "deleted": null,
    "type": "ce5d59b0-e888-46b0-9175-07bf00dc227f",
    "automation": "ce22b114-6f18-4964-9289-9b3f5691561e",
    "content": {
      "ccs": [
        "040530c4-ce6c-4724-9cfd-37a16e787200"
      ]
    }
  }
},
{
  "model": "automation.automationaction",
  "pk": "499305b9-32b0-4823-a93f-76db5af6a0a9",
  "fields": {
    "created": "2017-02-14T00:42:08.505Z",
    "modified": "2017-02-14T00:42:08.505Z",
    "deleted": null,
    "type": "b170af51-4395-4b5c-a92f-cb1158f8b543",
    "automation": "eedbeca0-f727-462c-b0c4-8e622199b16b",
    "content": {
      "status": "051530c4-ce6c-4724-9cfd-37a16e787007"
    }
  }
},
{
  "model": "automation.automationaction",
  "pk": "49cd1d95-d8cb-4a90-b43f-98016b0467be",
  "fields": {
    "created": "2017-02-14T00:42:08.329Z",
    "modified": "2017-02-14T00:42:08.329Z",
    "deleted": null,
    "type": "9313f05b-6d65-4fe3-9c40-c272d3e602b1",
    "automation": "6df97428-494b-41a0-954a-ac0de264d58f",
    "content": {
      "assignee": "040530c4-ce6c-4724-9cfd-37a16e787200"
    }
  }
},
{
  "model": "automation.automationaction",
  "pk": "56d11e9b-6728-4020-809f-fe0c1586ba7c",
  "fields": {
    "created": "2017-02-14T00:42:07.993Z",
    "modified": "2017-02-14T00:42:07.993Z",
    "deleted": null,
    "type": "9313f05b-6d65-4fe3-9c40-c272d3e602b1",
    "automation": "9ecbd989-801e-4561-86fb-6cc9513ca9eb",
    "content": {
      "assignee": "040530c4-ce6c-4724-9cfd-37a16e787200"
    }
  }
},
{
  "model": "automation.automationaction",
  "pk": "59db5e3f-9702-47e8-85d0-3ae239fb5aec",
  "fields": {
    "created": "2017-02-14T00:42:08.070Z",
    "modified": "2017-02-14T00:42:08.070Z",
    "deleted": null,
    "type": "9313f05b-6d65-4fe3-9c40-c272d3e602b1",
    "automation": "78bf6ea7-b8dc-417e-8f4d-5ae3776a6b9f",
    "content": {
      "assignee": "040530c4-ce6c-4724-9cfd-37a16e787200"
    }
  }
},
{
  "model": "automation.automationaction",
  "pk": "6d243aae-d959-4c0f-9044-06aa8e66eb3c",
  "fields": {
    "created": "2017-02-14T00:42:08.491Z",
    "modified": "2017-02-14T00:42:08.491Z",
    "deleted": null,
    "type": "6a0e80a2-3477-49ab-becd-81847d754f76",
    "automation": "70abfb63-f4c4-4196-a113-688765f8934f",
    "content": {
      "priority": "052530c4-ce6c-4724-9cfd-37a16e787003"
    }
  }
},
{
  "model": "automation.automationaction",
  "pk": "9dd717a2-2a81-4ced-af2c-5baa995fcca7",
  "fields": {
    "created": "2017-02-14T00:42:07.912Z",
    "modified": "2017-02-14T00:42:07.912Z",
    "deleted": null,
    "type": "9313f05b-6d65-4fe3-9c40-c272d3e602b1",
    "automation": "35b81e46-444f-4d62-8506-2d4ccb599549",
    "content": {
      "assignee": "040530c4-ce6c-4724-9cfd-37a16e787200"
    }
  }
},
{
  "model": "automation.automationaction",
  "pk": "bc88cae9-8b0c-4f2e-a2df-1ccd11fefcb5",
  "fields": {
    "created": "2017-02-14T00:42:08.477Z",
    "modified": "2017-02-14T00:42:08.477Z",
    "deleted": null,
    "type": "9a895d55-8d53-432e-b629-8831dfee4753",
    "automation": "df2b8f71-b222-4fdf-88c6-0016073483f8",
    "content": {
      "body": "bar",
      "recipients": [
        {
          "type": "person",
          "id": "040530c4-ce6c-4724-9cfd-37a16e787200"
        },
        {
          "type": "role",
          "id": "5886c7aa-957b-4a38-b7da-4bf021a3550f"
        }
      ]
    }
  }
},
{
  "model": "automation.automationaction",
  "pk": "ccb95c07-12f8-4628-8369-a6c68ef92a63",
  "fields": {
    "created": "2017-02-14T00:42:08.518Z",
    "modified": "2017-02-14T00:42:08.518Z",
    "deleted": null,
    "type": "8087a4cd-0e15-4c66-9c80-21b4e1c9f628",
    "automation": "cd5047e6-4b42-436e-86bd-ecfc15e64e76",
    "content": {
      "request": "foo"
    }
  }
},
{
  "model": "automation.automationaction",
  "pk": "f9bd7049-6fe0-403c-bd21-9f5f63d2f2d2",
  "fields": {
    "created": "2017-02-14T00:42:08.403Z",
    "modified": "2017-02-14T00:42:08.403Z",
    "deleted": null,
    "type": "73d851ee-3e56-4f7e-b2f5-da11f447377a",
    "automation": "507ac6f0-a027-46f6-9e7e-2a84168b1fe1",
    "content": {
      "body": "bar",
      "recipients": [
        {
          "type": "person",
          "id": "040530c4-ce6c-4724-9cfd-37a16e787200"
        },
        {
          "type": "role",
          "id": "5886c7aa-957b-4a38-b7da-4bf021a3550f"
        }
      ],
      "subject": "foo"
    }
  }
},
{
  "model": "automation.automation",
  "pk": "0e982078-1da9-42e7-9f16-62660d28d94d",
  "fields": {
    "created": "2017-02-14T00:42:08.169Z",
    "modified": "2017-02-14T00:42:08.606Z",
    "deleted": null,
    "tenant": "044530c4-ce6c-4724-9cfd-37a16e787001",
    "description": "Filter: admin.placeholder.country_filter_select --- Action: automation.actions.ticket_assignee",
    "events": [
      "ffa0e09e-b40a-4959-8c33-a355e066d6d8"
    ]
  }
},
{
  "model": "automation.automation",
  "pk": "35b81e46-444f-4d62-8506-2d4ccb599549",
  "fields": {
    "created": "2017-02-14T00:42:07.837Z",
    "modified": "2017-02-14T00:42:08.611Z",
    "deleted": null,
    "tenant": "044530c4-ce6c-4724-9cfd-37a16e787001",
    "description": "Filter: admin.placeholder.priority_filter_select --- Action: automation.actions.ticket_assignee",
    "events": [
      "ffa0e09e-b40a-4959-8c33-a355e066d6d8"
    ]
  }
},
{
  "model": "automation.automation",
  "pk": "507ac6f0-a027-46f6-9e7e-2a84168b1fe1",
  "fields": {
    "created": "2017-02-14T00:42:08.339Z",
    "modified": "2017-02-14T00:42:08.595Z",
    "deleted": null,
    "tenant": "044530c4-ce6c-4724-9cfd-37a16e787001",
    "description": "Filter: None --- Action: automation.actions.send_email",
    "events": [
      "ffa0e09e-b40a-4959-8c33-a355e066d6d8"
    ]
  }
},
{
  "model": "automation.automation",
  "pk": "6df97428-494b-41a0-954a-ac0de264d58f",
  "fields": {
    "created": "2017-02-14T00:42:08.263Z",
    "modified": "2017-02-14T00:42:08.638Z",
    "deleted": null,
    "tenant": "044530c4-ce6c-4724-9cfd-37a16e787001",
    "description": "Filter: None --- Action: automation.actions.ticket_assignee",
    "events": [
      "ffa0e09e-b40a-4959-8c33-a355e066d6d8"
    ]
  }
},
{
  "model": "automation.automation",
  "pk": "70abfb63-f4c4-4196-a113-688765f8934f",
  "fields": {
    "created": "2017-02-14T00:42:08.485Z",
    "modified": "2017-02-14T00:42:08.634Z",
    "deleted": null,
    "tenant": "044530c4-ce6c-4724-9cfd-37a16e787001",
    "description": "Filter: None --- Action: automation.actions.ticket_priority",
    "events": [
      "ffa0e09e-b40a-4959-8c33-a355e066d6d8"
    ]
  }
},
{
  "model": "automation.automation",
  "pk": "78bf6ea7-b8dc-417e-8f4d-5ae3776a6b9f",
  "fields": {
    "created": "2017-02-14T00:42:08.006Z",
    "modified": "2017-02-14T00:42:08.625Z",
    "deleted": null,
    "tenant": "044530c4-ce6c-4724-9cfd-37a16e787001",
    "description": "Filter: None --- Action: automation.actions.ticket_assignee",
    "events": [
      "ffa0e09e-b40a-4959-8c33-a355e066d6d8"
    ]
  }
},
{
  "model": "automation.automation",
  "pk": "958bdfe3-124b-4c6f-abfe-cf150d115ae8",
  "fields": {
    "created": "2017-02-14T00:42:08.086Z",
    "modified": "2017-02-14T00:42:08.616Z",
    "deleted": null,
    "tenant": "044530c4-ce6c-4724-9cfd-37a16e787001",
    "description": "Filter: admin.placeholder.state_filter_select --- Action: automation.actions.ticket_assignee",
    "events": [
      "ffa0e09e-b40a-4959-8c33-a355e066d6d8"
    ]
  }
},
{
  "model": "automation.automation",
  "pk": "9ecbd989-801e-4561-86fb-6cc9513ca9eb",
  "fields": {
    "created": "2017-02-14T00:42:07.927Z",
    "modified": "2017-02-14T00:42:08.601Z",
    "deleted": null,
    "tenant": "044530c4-ce6c-4724-9cfd-37a16e787001",
    "description": "Filter: admin.placeholder.category_filter_select --- Action: automation.actions.ticket_assignee",
    "events": [
      "ffa0e09e-b40a-4959-8c33-a355e066d6d8"
    ]
  }
},
{
  "model": "automation.automation",
  "pk": "cd5047e6-4b42-436e-86bd-ecfc15e64e76",
  "fields": {
    "created": "2017-02-14T00:42:08.514Z",
    "modified": "2017-02-14T00:42:08.646Z",
    "deleted": null,
    "tenant": "044530c4-ce6c-4724-9cfd-37a16e787001",
    "description": "Filter: None --- Action: automation.actions.ticket_request",
    "events": [
      "ffa0e09e-b40a-4959-8c33-a355e066d6d8"
    ]
  }
},
{
  "model": "automation.automation",
  "pk": "ce22b114-6f18-4964-9289-9b3f5691561e",
  "fields": {
    "created": "2017-02-14T00:42:08.527Z",
    "modified": "2017-02-14T00:42:08.629Z",
    "deleted": null,
    "tenant": "044530c4-ce6c-4724-9cfd-37a16e787001",
    "description": "Filter: None --- Action: automation.actions.ticket_cc",
    "events": [
      "ffa0e09e-b40a-4959-8c33-a355e066d6d8"
    ]
  }
},
{
  "model": "automation.automation",
  "pk": "df2b8f71-b222-4fdf-88c6-0016073483f8",
  "fields": {
    "created": "2017-02-14T00:42:08.412Z",
    "modified": "2017-02-14T00:42:08.620Z",
    "deleted": null,
    "tenant": "044530c4-ce6c-4724-9cfd-37a16e787001",
    "description": "Filter: None --- Action: automation.actions.send_sms",
    "events": [
      "ffa0e09e-b40a-4959-8c33-a355e066d6d8"
    ]
  }
},
{
  "model": "automation.automation",
  "pk": "eedbeca0-f727-462c-b0c4-8e622199b16b",
  "fields": {
    "created": "2017-02-14T00:42:08.499Z",
    "modified": "2017-02-14T00:42:08.642Z",
    "deleted": null,
    "tenant": "044530c4-ce6c-4724-9cfd-37a16e787001",
    "description": "Filter: None --- Action: automation.actions.ticket_status",
    "events": [
      "ffa0e09e-b40a-4959-8c33-a355e066d6d8"
    ]
  }
},
{
  "model": "automation.automationfiltertype",
  "pk": "26642f73-99b3-4bbe-9272-ee71564016a5",
  "fields": {
    "created": "2017-02-14T00:42:07.996Z",
    "modified": "2017-02-14T00:42:07.996Z",
    "deleted": null,
    "key": "admin.placeholder.category_filter_select",
    "context": "ticket.ticket",
    "field": "categories",
    "lookups": {}
  }
},
{
  "model": "automation.automationfiltertype",
  "pk": "490e1c42-4206-442e-a1aa-e9f8c752cd34",
  "fields": {
    "created": "2017-02-14T00:42:08.076Z",
    "modified": "2017-02-14T00:42:08.076Z",
    "deleted": null,
    "key": "",
    "context": "ticket.ticket",
    "field": "location",
    "lookups": {
      "filters": "location_level"
    }
  }
},
{
  "model": "automation.automationfiltertype",
  "pk": "8c862bfc-ed03-4bdb-a24d-0a633778c3dc",
  "fields": {
    "created": "2017-02-14T00:42:08.158Z",
    "modified": "2017-02-14T00:42:08.158Z",
    "deleted": null,
    "key": "admin.placeholder.state_filter_select",
    "context": "ticket.ticket",
    "field": "state",
    "lookups": {}
  }
},
{
  "model": "automation.automationfiltertype",
  "pk": "ae2f8b64-f5de-43ed-a16e-42166bf52119",
  "fields": {
    "created": "2017-02-14T00:42:08.238Z",
    "modified": "2017-02-14T00:42:08.238Z",
    "deleted": null,
    "key": "admin.placeholder.country_filter_select",
    "context": "ticket.ticket",
    "field": "country",
    "lookups": {}
  }
},
{
  "model": "automation.automationfiltertype",
  "pk": "b558c074-1192-4d3e-b8f1-16c44cebd0ab",
  "fields": {
    "created": "2017-02-14T00:42:07.916Z",
    "modified": "2017-02-14T00:42:07.916Z",
    "deleted": null,
    "key": "admin.placeholder.priority_filter_select",
    "context": "ticket.ticket",
    "field": "priority",
    "lookups": {}
  }
},
{
  "model": "automation.automationfilter",
  "pk": "2d5dd0df-878a-43dd-9edb-e8b5072a2edd",
  "fields": {
    "created": "2017-02-14T00:42:08.239Z",
    "modified": "2017-02-14T00:42:08.239Z",
    "deleted": null,
    "automation": "0e982078-1da9-42e7-9f16-62660d28d94d",
    "source": "ae2f8b64-f5de-43ed-a16e-42166bf52119",
    "lookups": {},
    "criteria": [
      "61760373-0b13-4a1e-8abe-8166ca841e01"
    ]
  }
},
{
  "model": "automation.automationfilter",
  "pk": "a7c28bfa-62af-4527-8c93-7ac927232947",
  "fields": {
    "created": "2017-02-14T00:42:08.078Z",
    "modified": "2017-02-14T00:42:08.078Z",
    "deleted": null,
    "automation": "78bf6ea7-b8dc-417e-8f4d-5ae3776a6b9f",
    "source": "490e1c42-4206-442e-a1aa-e9f8c752cd34",
    "lookups": {
      "filters": "location_level",
      "id": "f2125054-bdf0-4545-97b8-b7fc2a46864e",
      "name": "Company"
    },
    "criteria": [
      "a1a1252a-41fa-43f0-a011-5a83ea5f7810"
    ]
  }
},
{
  "model": "automation.automationfilter",
  "pk": "e68cfde1-9a5f-4fca-b4e6-0a4fc9574005",
  "fields": {
    "created": "2017-02-14T00:42:08.160Z",
    "modified": "2017-02-14T00:42:08.160Z",
    "deleted": null,
    "automation": "958bdfe3-124b-4c6f-abfe-cf150d115ae8",
    "source": "8c862bfc-ed03-4bdb-a24d-0a633778c3dc",
    "lookups": {},
    "criteria": [
      "2f193a90-a270-48b7-8752-b4c5ad19156c"
    ]
  }
},
{
  "model": "automation.automationfilter",
  "pk": "f1494d2e-feef-4f93-ae08-72b3e2e023a8",
  "fields": {
    "created": "2017-02-14T00:42:07.917Z",
    "modified": "2017-02-14T00:42:07.917Z",
    "deleted": null,
    "automation": "35b81e46-444f-4d62-8506-2d4ccb599549",
    "source": "b558c074-1192-4d3e-b8f1-16c44cebd0ab",
    "lookups": {},
    "criteria": [
      "052530c4-ce6c-4724-9cfd-37a16e787003"
    ]
  }
},
{
  "model": "automation.automationfilter",
  "pk": "faba3d97-798d-4d85-a005-a37cd2c5bf99",
  "fields": {
    "created": "2017-02-14T00:42:07.997Z",
    "modified": "2017-02-14T00:42:07.997Z",
    "deleted": null,
    "automation": "9ecbd989-801e-4561-86fb-6cc9513ca9eb",
    "source": "26642f73-99b3-4bbe-9272-ee71564016a5",
    "lookups": {},
    "criteria": [
      "025530c4-ce6c-4724-9cfd-37a16e787001"
    ]
  }
}
]
