[
{
  "model": "dtd.treedata",
  "pk": "010530c4-ce6c-4724-9cfd-37a16e787001",
  "fields": {
    "created": "2016-05-05T23:45:30.955Z",
    "modified": "2016-05-05T23:45:30.955Z",
    "deleted": null,
    "key": "Start",
    "description": "Start",
    "note": "0",
    "note_type": "admin.dtd.note_type.success",
    "prompt": null,
    "link_type": "admin.dtd.link_type.buttons"
  }
},
{
  "model": "dtd.treedata",
  "pk": "010530c4-ce6c-4724-9cfd-37a16e787002",
  "fields": {
    "created": "2016-05-05T23:45:30.969Z",
    "modified": "2016-05-05T23:45:30.970Z",
    "deleted": null,
    "key": "Repair",
    "description": "Repair",
    "note": "1",
    "note_type": "admin.dtd.note_type.success",
    "prompt": "0",
    "link_type": "admin.dtd.link_type.buttons"
  }
},
{
  "model": "dtd.treedata",
  "pk": "010530c4-ce6c-4724-9cfd-37a16e787003",
  "fields": {
    "created": "2016-05-05T23:45:30.982Z",
    "modified": "2016-05-05T23:45:30.982Z",
    "deleted": null,
    "key": "Appliances",
    "description": "Appliances",
    "note": "2",
    "note_type": "admin.dtd.note_type.success",
    "prompt": "1",
    "link_type": "admin.dtd.link_type.buttons"
  }
},
{
  "model": "dtd.treedata",
  "pk": "010530c4-ce6c-4724-9cfd-37a16e787004",
  "fields": {
    "created": "2016-05-05T23:45:30.985Z",
    "modified": "2016-05-05T23:45:30.985Z",
    "deleted": null,
    "key": "Microwave",
    "description": "Microwave",
    "note": "3",
    "note_type": "admin.dtd.note_type.success",
    "prompt": "2",
    "link_type": "admin.dtd.link_type.buttons"
  }
},
{
  "model": "dtd.treedata",
  "pk": "010530c4-ce6c-4724-9cfd-37a16e787005",
  "fields": {
    "created": "2016-05-05T23:45:30.988Z",
    "modified": "2016-05-05T23:45:30.988Z",
    "deleted": null,
    "key": "Broken",
    "description": "Broken",
    "note": "4",
    "note_type": "admin.dtd.note_type.success",
    "prompt": "3",
    "link_type": "admin.dtd.link_type.buttons"
  }
},
{
  "model": "dtd.treedata",
  "pk": "010530c4-ce6c-4724-9cfd-37a16e787006",
  "fields": {
    "created": "2016-05-05T23:45:30.991Z",
    "modified": "2016-05-05T23:45:30.991Z",
    "deleted": null,
    "key": "Replace",
    "description": "Replace",
    "note": "5",
    "note_type": "admin.dtd.note_type.success",
    "prompt": "3",
    "link_type": "admin.dtd.link_type.buttons"
  }
},
{
  "model": "dtd.treedata",
  "pk": "010530c4-ce6c-4724-9cfd-37a16e787007",
  "fields": {
    "created": "2016-05-05T23:45:30.994Z",
    "modified": "2016-05-05T23:45:30.994Z",
    "deleted": null,
    "key": "Refrigerator",
    "description": "Refrigerator",
    "note": "6",
    "note_type": "admin.dtd.note_type.success",
    "prompt": "2",
    "link_type": "admin.dtd.link_type.buttons"
  }
},
{
  "model": "dtd.treedata",
  "pk": "010530c4-ce6c-4724-9cfd-37a16e787008",
  "fields": {
    "created": "2016-05-05T23:45:30.996Z",
    "modified": "2016-05-05T23:45:30.996Z",
    "deleted": null,
    "key": "Broken-2",
    "description": "Broken-2",
    "note": "7",
    "note_type": "admin.dtd.note_type.success",
    "prompt": "6",
    "link_type": "admin.dtd.link_type.buttons"
  }
},
{
  "model": "dtd.treedata",
  "pk": "010530c4-ce6c-4724-9cfd-37a16e787009",
  "fields": {
    "created": "2016-05-05T23:45:30.999Z",
    "modified": "2016-05-05T23:45:30.999Z",
    "deleted": null,
    "key": "Replace-2",
    "description": "Replace-2",
    "note": "8",
    "note_type": "admin.dtd.note_type.success",
    "prompt": "6",
    "link_type": "admin.dtd.link_type.buttons"
  }
},
{
  "model": "dtd.treedata",
  "pk": "010530c4-ce6c-4724-9cfd-37a16e787010",
  "fields": {
    "created": "2016-05-05T23:45:31.002Z",
    "modified": "2016-05-05T23:45:31.002Z",
    "deleted": null,
    "key": "Stove",
    "description": "Stove",
    "note": "9",
    "note_type": "admin.dtd.note_type.success",
    "prompt": "2",
    "link_type": "admin.dtd.link_type.buttons"
  }
},
{
  "model": "dtd.treedata",
  "pk": "010530c4-ce6c-4724-9cfd-37a16e787011",
  "fields": {
    "created": "2016-05-05T23:45:31.005Z",
    "modified": "2016-05-05T23:45:31.005Z",
    "deleted": null,
    "key": "Broken-3",
    "description": "Broken-3",
    "note": "10",
    "note_type": "admin.dtd.note_type.success",
    "prompt": "9",
    "link_type": "admin.dtd.link_type.buttons"
  }
},
{
  "model": "dtd.treedata",
  "pk": "010530c4-ce6c-4724-9cfd-37a16e787012",
  "fields": {
    "created": "2016-05-05T23:45:31.008Z",
    "modified": "2016-05-05T23:45:31.008Z",
    "deleted": null,
    "key": "Replace-3",
    "description": "Replace-3",
    "note": "11",
    "note_type": "admin.dtd.note_type.success",
    "prompt": "9",
    "link_type": "admin.dtd.link_type.buttons"
  }
},
{
  "model": "dtd.treedata",
  "pk": "010530c4-ce6c-4724-9cfd-37a16e787013",
  "fields": {
    "created": "2016-05-05T23:45:31.010Z",
    "modified": "2016-05-05T23:45:31.010Z",
    "deleted": null,
    "key": "Maintenance",
    "description": "Maintenance",
    "note": "12",
    "note_type": "admin.dtd.note_type.success",
    "prompt": "0",
    "link_type": "admin.dtd.link_type.buttons"
  }
},
{
  "model": "dtd.treedata",
  "pk": "010530c4-ce6c-4724-9cfd-37a16e787014",
  "fields": {
    "created": "2016-05-05T23:45:31.023Z",
    "modified": "2016-05-05T23:45:31.023Z",
    "deleted": null,
    "key": "Parking Lot",
    "description": "Parking Lot",
    "note": "13",
    "note_type": "admin.dtd.note_type.success",
    "prompt": "12",
    "link_type": "admin.dtd.link_type.buttons"
  }
},
{
  "model": "dtd.treedata",
  "pk": "010530c4-ce6c-4724-9cfd-37a16e787015",
  "fields": {
    "created": "2016-05-05T23:45:31.027Z",
    "modified": "2016-05-05T23:45:31.027Z",
    "deleted": null,
    "key": "Potholes",
    "description": "Potholes",
    "note": "14",
    "note_type": "admin.dtd.note_type.success",
    "prompt": "13",
    "link_type": "admin.dtd.link_type.buttons"
  }
},
{
  "model": "dtd.treedata",
  "pk": "010530c4-ce6c-4724-9cfd-37a16e787016",
  "fields": {
    "created": "2016-05-05T23:45:31.030Z",
    "modified": "2016-05-05T23:45:31.030Z",
    "deleted": null,
    "key": "Repaving",
    "description": "Repaving",
    "note": "15",
    "note_type": "admin.dtd.note_type.success",
    "prompt": "13",
    "link_type": "admin.dtd.link_type.buttons"
  }
},
{
  "model": "dtd.treedata",
  "pk": "010530c4-ce6c-4724-9cfd-37a16e787017",
  "fields": {
    "created": "2016-05-05T23:45:31.032Z",
    "modified": "2016-05-05T23:45:31.032Z",
    "deleted": null,
    "key": "Striping",
    "description": "Striping",
    "note": "16",
    "note_type": "admin.dtd.note_type.success",
    "prompt": "13",
    "link_type": "admin.dtd.link_type.buttons"
  }
},
{
  "model": "dtd.treedata",
  "pk": "010530c4-ce6c-4724-9cfd-37a16e787018",
  "fields": {
    "created": "2016-05-05T23:45:31.035Z",
    "modified": "2016-05-05T23:45:31.035Z",
    "deleted": null,
    "key": "Plumbing",
    "description": "Plumbing",
    "note": "17",
    "note_type": "admin.dtd.note_type.success",
    "prompt": "12",
    "link_type": "admin.dtd.link_type.buttons"
  }
},
{
  "model": "dtd.treedata",
  "pk": "010530c4-ce6c-4724-9cfd-37a16e787019",
  "fields": {
    "created": "2016-05-05T23:45:31.038Z",
    "modified": "2016-05-05T23:45:31.038Z",
    "deleted": null,
    "key": "Toilet",
    "description": "Toilet",
    "note": "18",
    "note_type": "admin.dtd.note_type.success",
    "prompt": "17",
    "link_type": "admin.dtd.link_type.buttons"
  }
},
{
  "model": "dtd.treedata",
  "pk": "010530c4-ce6c-4724-9cfd-37a16e787020",
  "fields": {
    "created": "2016-05-05T23:45:31.041Z",
    "modified": "2016-05-05T23:45:31.041Z",
    "deleted": null,
    "key": "Sink",
    "description": "Sink",
    "note": "19",
    "note_type": "admin.dtd.note_type.success",
    "prompt": "17",
    "link_type": "admin.dtd.link_type.buttons"
  }
},
{
  "model": "dtd.treedata",
  "pk": "010530c4-ce6c-4724-9cfd-37a16e787021",
  "fields": {
    "created": "2016-05-05T23:45:31.044Z",
    "modified": "2016-05-05T23:45:31.044Z",
    "deleted": null,
    "key": "Water Heater",
    "description": "Water Heater",
    "note": "20",
    "note_type": "admin.dtd.note_type.success",
    "prompt": "17",
    "link_type": "admin.dtd.link_type.buttons"
  }
},
{
  "model": "dtd.treedata",
  "pk": "010530c4-ce6c-4724-9cfd-37a16e787022",
  "fields": {
    "created": "2016-05-05T23:45:31.046Z",
    "modified": "2016-05-05T23:45:31.046Z",
    "deleted": null,
    "key": "Urinals",
    "description": "Urinals",
    "note": "21",
    "note_type": "admin.dtd.note_type.success",
    "prompt": "17",
    "link_type": "admin.dtd.link_type.buttons"
  }
},
{
  "model": "dtd.treedata",
  "pk": "010530c4-ce6c-4724-9cfd-37a16e787023",
  "fields": {
    "created": "2016-05-05T23:45:31.049Z",
    "modified": "2016-05-05T23:45:31.049Z",
    "deleted": null,
    "key": "Pipes",
    "description": "Pipes",
    "note": "22",
    "note_type": "admin.dtd.note_type.success",
    "prompt": "17",
    "link_type": "admin.dtd.link_type.buttons"
  }
},
{
  "model": "dtd.treefield",
  "pk": "0748813f-0a35-41e2-9dea-2597aa693189",
  "fields": {
    "created": "2016-05-05T23:45:30.971Z",
    "modified": "2016-05-05T23:45:30.971Z",
    "deleted": null,
    "order": 0,
    "label": "text",
    "type": "admin.dtd.label.field.text",
    "required": true,
    "tree_data": "010530c4-ce6c-4724-9cfd-37a16e787002"
  }
},
{
  "model": "dtd.treefield",
  "pk": "3557fcb9-35f2-49ce-8a58-48e0d4a2c982",
  "fields": {
    "created": "2016-05-05T23:45:31.015Z",
    "modified": "2016-05-05T23:45:31.015Z",
    "deleted": null,
    "order": 0,
    "label": "select",
    "type": "admin.dtd.label.field.select",
    "required": true,
    "tree_data": "010530c4-ce6c-4724-9cfd-37a16e787013"
  }
},
{
  "model": "dtd.treefield",
  "pk": "562c2389-9d20-4874-87ff-770559803378",
  "fields": {
    "created": "2016-05-05T23:45:31.012Z",
    "modified": "2016-05-05T23:45:31.012Z",
    "deleted": null,
    "order": 0,
    "label": "text",
    "type": "admin.dtd.label.field.text",
    "required": true,
    "tree_data": "010530c4-ce6c-4724-9cfd-37a16e787013"
  }
},
{
  "model": "dtd.treefield",
  "pk": "6bd4496d-1151-4381-a16b-e6ecf63c0819",
  "fields": {
    "created": "2016-05-05T23:45:30.977Z",
    "modified": "2016-05-05T23:45:30.977Z",
    "deleted": null,
    "order": 0,
    "label": "checkbox",
    "type": "admin.dtd.label.field.checkbox",
    "required": true,
    "tree_data": "010530c4-ce6c-4724-9cfd-37a16e787002"
  }
},
{
  "model": "dtd.treefield",
  "pk": "89349b6b-934f-4c04-8e3c-dcbced83d347",
  "fields": {
    "created": "2016-05-05T23:45:30.972Z",
    "modified": "2016-05-05T23:45:30.972Z",
    "deleted": null,
    "order": 0,
    "label": "number",
    "type": "admin.dtd.label.field.number",
    "required": true,
    "tree_data": "010530c4-ce6c-4724-9cfd-37a16e787002"
  }
},
{
  "model": "dtd.treefield",
  "pk": "9a58c793-4a70-455a-9372-08aff43da889",
  "fields": {
    "created": "2016-05-05T23:45:31.014Z",
    "modified": "2016-05-05T23:45:31.014Z",
    "deleted": null,
    "order": 0,
    "label": "textarea",
    "type": "admin.dtd.label.field.textarea",
    "required": true,
    "tree_data": "010530c4-ce6c-4724-9cfd-37a16e787013"
  }
},
{
  "model": "dtd.treefield",
  "pk": "a9e14af3-1a3c-455c-bc8e-41fd4b4d65a9",
  "fields": {
    "created": "2016-05-05T23:45:30.964Z",
    "modified": "2016-05-05T23:45:30.964Z",
    "deleted": null,
    "order": 0,
    "label": "checkbox",
    "type": "admin.dtd.label.field.checkbox",
    "required": true,
    "tree_data": "010530c4-ce6c-4724-9cfd-37a16e787001"
  }
},
{
  "model": "dtd.treefield",
  "pk": "be9dfb9c-7876-4cfc-ae14-335309b75a64",
  "fields": {
    "created": "2016-05-05T23:45:30.959Z",
    "modified": "2016-05-05T23:45:30.959Z",
    "deleted": null,
    "order": 0,
    "label": "textarea",
    "type": "admin.dtd.label.field.textarea",
    "required": true,
    "tree_data": "010530c4-ce6c-4724-9cfd-37a16e787001"
  }
},
{
  "model": "dtd.treefield",
  "pk": "cd86c3a2-2454-4888-8873-b0ede7991545",
  "fields": {
    "created": "2016-05-05T23:45:30.974Z",
    "modified": "2016-05-05T23:45:30.974Z",
    "deleted": null,
    "order": 0,
    "label": "select",
    "type": "admin.dtd.label.field.select",
    "required": true,
    "tree_data": "010530c4-ce6c-4724-9cfd-37a16e787002"
  }
},
{
  "model": "dtd.treefield",
  "pk": "eaaf7b5c-47ac-45cf-9024-c5de56c934a7",
  "fields": {
    "created": "2016-05-05T23:45:31.018Z",
    "modified": "2016-05-05T23:45:31.018Z",
    "deleted": null,
    "order": 0,
    "label": "checkbox",
    "type": "admin.dtd.label.field.checkbox",
    "required": true,
    "tree_data": "010530c4-ce6c-4724-9cfd-37a16e787013"
  }
},
{
  "model": "dtd.treefield",
  "pk": "ee106519-b3b6-48a3-90aa-a89b8c156517",
  "fields": {
    "created": "2016-05-05T23:45:30.961Z",
    "modified": "2016-05-05T23:45:30.961Z",
    "deleted": null,
    "order": 0,
    "label": "select",
    "type": "admin.dtd.label.field.select",
    "required": true,
    "tree_data": "010530c4-ce6c-4724-9cfd-37a16e787001"
  }
},
{
  "model": "dtd.treefield",
  "pk": "f24a5f25-19f7-4675-80af-0af063ea9dc6",
  "fields": {
    "created": "2016-05-05T23:45:30.973Z",
    "modified": "2016-05-05T23:45:30.973Z",
    "deleted": null,
    "order": 0,
    "label": "textarea",
    "type": "admin.dtd.label.field.textarea",
    "required": true,
    "tree_data": "010530c4-ce6c-4724-9cfd-37a16e787002"
  }
},
{
  "model": "dtd.treefield",
  "pk": "f59f228a-de2d-4bf3-907b-f3b55d8d82dd",
  "fields": {
    "created": "2016-05-05T23:45:30.958Z",
    "modified": "2016-05-05T23:45:30.958Z",
    "deleted": null,
    "order": 0,
    "label": "number",
    "type": "admin.dtd.label.field.number",
    "required": true,
    "tree_data": "010530c4-ce6c-4724-9cfd-37a16e787001"
  }
},
{
  "model": "dtd.treefield",
  "pk": "f86f6dcf-bbdf-4004-9637-9b45a295fa00",
  "fields": {
    "created": "2016-05-05T23:45:31.013Z",
    "modified": "2016-05-05T23:45:31.013Z",
    "deleted": null,
    "order": 0,
    "label": "number",
    "type": "admin.dtd.label.field.number",
    "required": true,
    "tree_data": "010530c4-ce6c-4724-9cfd-37a16e787013"
  }
},
{
  "model": "dtd.treefield",
  "pk": "fe2543a1-5126-49ef-a005-1f8b51ba944b",
  "fields": {
    "created": "2016-05-05T23:45:30.957Z",
    "modified": "2016-05-05T23:45:30.957Z",
    "deleted": null,
    "order": 0,
    "label": "text",
    "type": "admin.dtd.label.field.text",
    "required": true,
    "tree_data": "010530c4-ce6c-4724-9cfd-37a16e787001"
  }
},
{
  "model": "dtd.treeoption",
  "pk": "0531bddb-74db-4b95-b70a-d04630677b9d",
  "fields": {
    "created": "2016-05-05T23:45:31.017Z",
    "modified": "2016-05-05T23:45:31.017Z",
    "deleted": null,
    "order": 0,
    "text": "odio",
    "field": "3557fcb9-35f2-49ce-8a58-48e0d4a2c982"
  }
},
{
  "model": "dtd.treeoption",
  "pk": "1a27f7c2-e857-4619-8895-68ef412e769f",
  "fields": {
    "created": "2016-05-05T23:45:31.020Z",
    "modified": "2016-05-05T23:45:31.020Z",
    "deleted": null,
    "order": 0,
    "text": "ante",
    "field": "eaaf7b5c-47ac-45cf-9024-c5de56c934a7"
  }
},
{
  "model": "dtd.treeoption",
  "pk": "21bbd2b8-f11a-475c-873e-e3752a0440d4",
  "fields": {
    "created": "2016-05-05T23:45:30.976Z",
    "modified": "2016-05-05T23:45:30.976Z",
    "deleted": null,
    "order": 0,
    "text": "cursus",
    "field": "cd86c3a2-2454-4888-8873-b0ede7991545"
  }
},
{
  "model": "dtd.treeoption",
  "pk": "348d2ccd-b5ea-4db4-a21d-ec4a6f96000c",
  "fields": {
    "created": "2016-05-05T23:45:30.966Z",
    "modified": "2016-05-05T23:45:30.966Z",
    "deleted": null,
    "order": 0,
    "text": "ad",
    "field": "a9e14af3-1a3c-455c-bc8e-41fd4b4d65a9"
  }
},
{
  "model": "dtd.treeoption",
  "pk": "381cc859-ca21-476c-91d5-80b3d8e18a58",
  "fields": {
    "created": "2016-05-05T23:45:31.019Z",
    "modified": "2016-05-05T23:45:31.019Z",
    "deleted": null,
    "order": 0,
    "text": "dignissim",
    "field": "eaaf7b5c-47ac-45cf-9024-c5de56c934a7"
  }
},
{
  "model": "dtd.treeoption",
  "pk": "420d0eac-e133-42c2-9047-eead19b0d81c",
  "fields": {
    "created": "2016-05-05T23:45:31.016Z",
    "modified": "2016-05-05T23:45:31.016Z",
    "deleted": null,
    "order": 0,
    "text": "lacus",
    "field": "3557fcb9-35f2-49ce-8a58-48e0d4a2c982"
  }
},
{
  "model": "dtd.treeoption",
  "pk": "50e30bce-7c0d-4f55-8d3e-a4c68a4fef35",
  "fields": {
    "created": "2016-05-05T23:45:30.978Z",
    "modified": "2016-05-05T23:45:30.978Z",
    "deleted": null,
    "order": 0,
    "text": "lobortis",
    "field": "6bd4496d-1151-4381-a16b-e6ecf63c0819"
  }
},
{
  "model": "dtd.treeoption",
  "pk": "5f606d68-4f83-4aaa-a137-a1dedf0e3a82",
  "fields": {
    "created": "2016-05-05T23:45:30.962Z",
    "modified": "2016-05-05T23:45:30.962Z",
    "deleted": null,
    "order": 0,
    "text": "rutrum",
    "field": "ee106519-b3b6-48a3-90aa-a89b8c156517"
  }
},
{
  "model": "dtd.treeoption",
  "pk": "76b01440-b078-445f-bfea-095c09d970db",
  "fields": {
    "created": "2016-05-05T23:45:30.963Z",
    "modified": "2016-05-05T23:45:30.963Z",
    "deleted": null,
    "order": 0,
    "text": "tempus",
    "field": "ee106519-b3b6-48a3-90aa-a89b8c156517"
  }
},
{
  "model": "dtd.treeoption",
  "pk": "9331b1ae-615d-4de0-8ac8-749212d0d4c0",
  "fields": {
    "created": "2016-05-05T23:45:30.979Z",
    "modified": "2016-05-05T23:45:30.979Z",
    "deleted": null,
    "order": 0,
    "text": "odio",
    "field": "6bd4496d-1151-4381-a16b-e6ecf63c0819"
  }
},
{
  "model": "dtd.treeoption",
  "pk": "ed813ec1-c5d7-4f75-b209-0b26fb216ad8",
  "fields": {
    "created": "2016-05-05T23:45:30.965Z",
    "modified": "2016-05-05T23:45:30.965Z",
    "deleted": null,
    "order": 0,
    "text": "adipiscing",
    "field": "a9e14af3-1a3c-455c-bc8e-41fd4b4d65a9"
  }
},
{
  "model": "dtd.treeoption",
  "pk": "f1e88c4f-f7dc-4985-9bba-625944d5c8d9",
  "fields": {
    "created": "2016-05-05T23:45:30.975Z",
    "modified": "2016-05-05T23:45:30.975Z",
    "deleted": null,
    "order": 0,
    "text": "potenti",
    "field": "cd86c3a2-2454-4888-8873-b0ede7991545"
  }
},
{
  "model": "dtd.treelink",
  "pk": "09028034-f7d9-4358-965c-fbd33c4cca49",
  "fields": {
    "created": "2016-05-05T23:45:31.074Z",
    "modified": "2016-05-05T23:45:31.355Z",
    "deleted": null,
    "order": 15,
    "text": "Repaving",
    "action_button": false,
    "is_header": false,
    "request": "13",
    "priority": null,
    "status": null,
    "destination": "010530c4-ce6c-4724-9cfd-37a16e787016",
    "dtd": "010530c4-ce6c-4724-9cfd-37a16e787014",
    "categories": []
  }
},
{
  "model": "dtd.treelink",
  "pk": "139fb08e-80c3-4be3-be20-85cfa01a1c09",
  "fields": {
    "created": "2016-05-05T23:45:31.085Z",
    "modified": "2016-05-05T23:45:31.471Z",
    "deleted": null,
    "order": 22,
    "text": "Pipes",
    "action_button": false,
    "is_header": false,
    "request": "17",
    "priority": null,
    "status": null,
    "destination": "010530c4-ce6c-4724-9cfd-37a16e787023",
    "dtd": "010530c4-ce6c-4724-9cfd-37a16e787018",
    "categories": []
  }
},
{
  "model": "dtd.treelink",
  "pk": "14a7df59-1daa-4821-b3e4-8a86ec2b96b1",
  "fields": {
    "created": "2016-05-05T23:45:31.060Z",
    "modified": "2016-05-05T23:45:31.198Z",
    "deleted": null,
    "order": 6,
    "text": "Refrigerator",
    "action_button": false,
    "is_header": false,
    "request": "2",
    "priority": null,
    "status": null,
    "destination": "010530c4-ce6c-4724-9cfd-37a16e787007",
    "dtd": "010530c4-ce6c-4724-9cfd-37a16e787003",
    "categories": []
  }
},
{
  "model": "dtd.treelink",
  "pk": "1f6e371e-9009-4536-a759-745b34980fd6",
  "fields": {
    "created": "2016-05-05T23:45:31.064Z",
    "modified": "2016-05-05T23:45:31.233Z",
    "deleted": null,
    "order": 8,
    "text": "Replace-2",
    "action_button": false,
    "is_header": false,
    "request": "6",
    "priority": null,
    "status": null,
    "destination": "010530c4-ce6c-4724-9cfd-37a16e787009",
    "dtd": "010530c4-ce6c-4724-9cfd-37a16e787007",
    "categories": []
  }
},
{
  "model": "dtd.treelink",
  "pk": "2425ef1d-ca45-4dab-a013-44227f662c0a",
  "fields": {
    "created": "2016-05-05T23:45:31.073Z",
    "modified": "2016-05-05T23:45:31.341Z",
    "deleted": null,
    "order": 14,
    "text": "Potholes",
    "action_button": false,
    "is_header": false,
    "request": "13",
    "priority": null,
    "status": null,
    "destination": "010530c4-ce6c-4724-9cfd-37a16e787015",
    "dtd": "010530c4-ce6c-4724-9cfd-37a16e787014",
    "categories": []
  }
},
{
  "model": "dtd.treelink",
  "pk": "2f6c6cae-e25f-4ec6-a2e7-b23e05167047",
  "fields": {
    "created": "2016-05-05T23:45:31.056Z",
    "modified": "2016-05-05T23:45:31.152Z",
    "deleted": null,
    "order": 3,
    "text": "Microwave",
    "action_button": false,
    "is_header": false,
    "request": "2",
    "priority": null,
    "status": null,
    "destination": "010530c4-ce6c-4724-9cfd-37a16e787004",
    "dtd": "010530c4-ce6c-4724-9cfd-37a16e787003",
    "categories": []
  }
},
{
  "model": "dtd.treelink",
  "pk": "49035ced-dfdc-45c8-8d62-0733eb277ece",
  "fields": {
    "created": "2016-05-05T23:45:31.057Z",
    "modified": "2016-05-05T23:45:31.172Z",
    "deleted": null,
    "order": 4,
    "text": "Broken",
    "action_button": false,
    "is_header": false,
    "request": "3",
    "priority": null,
    "status": null,
    "destination": "010530c4-ce6c-4724-9cfd-37a16e787005",
    "dtd": "010530c4-ce6c-4724-9cfd-37a16e787004",
    "categories": []
  }
},
{
  "model": "dtd.treelink",
  "pk": "4a1818c5-9302-4561-8051-8e35a03c570c",
  "fields": {
    "created": "2016-05-05T23:45:31.071Z",
    "modified": "2016-05-05T23:45:31.318Z",
    "deleted": null,
    "order": 13,
    "text": "Parking Lot",
    "action_button": false,
    "is_header": false,
    "request": "12",
    "priority": null,
    "status": null,
    "destination": "010530c4-ce6c-4724-9cfd-37a16e787014",
    "dtd": "010530c4-ce6c-4724-9cfd-37a16e787013",
    "categories": []
  }
},
{
  "model": "dtd.treelink",
  "pk": "4f1e963a-00e7-49c8-9995-6f7d34850b17",
  "fields": {
    "created": "2016-05-05T23:45:31.070Z",
    "modified": "2016-05-05T23:45:31.299Z",
    "deleted": null,
    "order": 12,
    "text": "Maintenance",
    "action_button": false,
    "is_header": false,
    "request": "0",
    "priority": null,
    "status": null,
    "destination": "010530c4-ce6c-4724-9cfd-37a16e787013",
    "dtd": "010530c4-ce6c-4724-9cfd-37a16e787001",
    "categories": []
  }
},
{
  "model": "dtd.treelink",
  "pk": "55df796d-4d70-45eb-b800-d7af88524a66",
  "fields": {
    "created": "2016-05-05T23:45:31.068Z",
    "modified": "2016-05-05T23:45:31.284Z",
    "deleted": null,
    "order": 11,
    "text": "Replace-3",
    "action_button": false,
    "is_header": false,
    "request": "9",
    "priority": null,
    "status": null,
    "destination": "010530c4-ce6c-4724-9cfd-37a16e787012",
    "dtd": "010530c4-ce6c-4724-9cfd-37a16e787010",
    "categories": []
  }
},
{
  "model": "dtd.treelink",
  "pk": "6a6365f8-2fe9-427e-ac23-0321424da3d3",
  "fields": {
    "created": "2016-05-05T23:45:31.083Z",
    "modified": "2016-05-05T23:45:31.458Z",
    "deleted": null,
    "order": 21,
    "text": "Urinals",
    "action_button": false,
    "is_header": false,
    "request": "17",
    "priority": null,
    "status": null,
    "destination": "010530c4-ce6c-4724-9cfd-37a16e787022",
    "dtd": "010530c4-ce6c-4724-9cfd-37a16e787018",
    "categories": []
  }
},
{
  "model": "dtd.treelink",
  "pk": "6cba9478-6e5e-4de9-ae0c-52d4ef796157",
  "fields": {
    "created": "2016-05-05T23:45:31.067Z",
    "modified": "2016-05-05T23:45:31.267Z",
    "deleted": null,
    "order": 10,
    "text": "Broken-3",
    "action_button": false,
    "is_header": false,
    "request": "9",
    "priority": null,
    "status": null,
    "destination": "010530c4-ce6c-4724-9cfd-37a16e787011",
    "dtd": "010530c4-ce6c-4724-9cfd-37a16e787010",
    "categories": []
  }
},
{
  "model": "dtd.treelink",
  "pk": "75d25c86-c2f5-44a6-9004-7f6944ca82a7",
  "fields": {
    "created": "2016-05-05T23:45:31.054Z",
    "modified": "2016-05-05T23:45:31.127Z",
    "deleted": null,
    "order": 2,
    "text": "Appliances",
    "action_button": false,
    "is_header": false,
    "request": "1",
    "priority": null,
    "status": null,
    "destination": "010530c4-ce6c-4724-9cfd-37a16e787003",
    "dtd": "010530c4-ce6c-4724-9cfd-37a16e787002",
    "categories": []
  }
},
{
  "model": "dtd.treelink",
  "pk": "7bd35ada-603d-474f-9097-f2e10c1f1671",
  "fields": {
    "created": "2016-05-05T23:45:31.082Z",
    "modified": "2016-05-05T23:45:31.443Z",
    "deleted": null,
    "order": 20,
    "text": "Water Heater",
    "action_button": false,
    "is_header": false,
    "request": "17",
    "priority": null,
    "status": null,
    "destination": "010530c4-ce6c-4724-9cfd-37a16e787021",
    "dtd": "010530c4-ce6c-4724-9cfd-37a16e787018",
    "categories": []
  }
},
{
  "model": "dtd.treelink",
  "pk": "7dd17abe-b1be-4639-a6d7-4e9e0453fa1f",
  "fields": {
    "created": "2016-05-05T23:45:31.079Z",
    "modified": "2016-05-05T23:45:31.415Z",
    "deleted": null,
    "order": 18,
    "text": "Toilet",
    "action_button": false,
    "is_header": false,
    "request": "17",
    "priority": null,
    "status": null,
    "destination": "010530c4-ce6c-4724-9cfd-37a16e787019",
    "dtd": "010530c4-ce6c-4724-9cfd-37a16e787018",
    "categories": []
  }
},
{
  "model": "dtd.treelink",
  "pk": "89fc3f9a-f71c-4d0b-84e4-97fca59bf03b",
  "fields": {
    "created": "2016-05-05T23:45:31.065Z",
    "modified": "2016-05-05T23:45:31.247Z",
    "deleted": null,
    "order": 9,
    "text": "Stove",
    "action_button": false,
    "is_header": false,
    "request": "2",
    "priority": null,
    "status": null,
    "destination": "010530c4-ce6c-4724-9cfd-37a16e787010",
    "dtd": "010530c4-ce6c-4724-9cfd-37a16e787003",
    "categories": []
  }
},
{
  "model": "dtd.treelink",
  "pk": "a6597ff8-0e3f-4fd0-8917-69396c20d0cf",
  "fields": {
    "created": "2016-05-05T23:45:31.053Z",
    "modified": "2016-05-05T23:45:31.109Z",
    "deleted": null,
    "order": 1,
    "text": "Repair",
    "action_button": false,
    "is_header": false,
    "request": "0",
    "priority": null,
    "status": null,
    "destination": "010530c4-ce6c-4724-9cfd-37a16e787002",
    "dtd": "010530c4-ce6c-4724-9cfd-37a16e787001",
    "categories": []
  }
},
{
  "model": "dtd.treelink",
  "pk": "a7036dee-1b82-4aee-b769-3bdf5d93fd31",
  "fields": {
    "created": "2016-05-05T23:45:31.076Z",
    "modified": "2016-05-05T23:45:31.368Z",
    "deleted": null,
    "order": 16,
    "text": "Striping",
    "action_button": false,
    "is_header": false,
    "request": "13",
    "priority": null,
    "status": null,
    "destination": "010530c4-ce6c-4724-9cfd-37a16e787017",
    "dtd": "010530c4-ce6c-4724-9cfd-37a16e787014",
    "categories": []
  }
},
{
  "model": "dtd.treelink",
  "pk": "c598c138-5c7d-4ba2-8cd8-0cd876184e81",
  "fields": {
    "created": "2016-05-05T23:45:31.051Z",
    "modified": "2016-05-05T23:45:31.088Z",
    "deleted": null,
    "order": 0,
    "text": "Start",
    "action_button": false,
    "is_header": false,
    "request": null,
    "priority": null,
    "status": null,
    "destination": "010530c4-ce6c-4724-9cfd-37a16e787001",
    "dtd": null,
    "categories": []
  }
},
{
  "model": "dtd.treelink",
  "pk": "da27c47f-feb6-4a1f-a0cf-adcde910aa25",
  "fields": {
    "created": "2016-05-05T23:45:31.077Z",
    "modified": "2016-05-05T23:45:31.384Z",
    "deleted": null,
    "order": 17,
    "text": "Plumbing",
    "action_button": false,
    "is_header": false,
    "request": "12",
    "priority": null,
    "status": null,
    "destination": "010530c4-ce6c-4724-9cfd-37a16e787018",
    "dtd": "010530c4-ce6c-4724-9cfd-37a16e787013",
    "categories": []
  }
},
{
  "model": "dtd.treelink",
  "pk": "dd75b565-15d4-4e05-8801-b6eadaff3f34",
  "fields": {
    "created": "2016-05-05T23:45:31.062Z",
    "modified": "2016-05-05T23:45:31.219Z",
    "deleted": null,
    "order": 7,
    "text": "Broken-2",
    "action_button": false,
    "is_header": false,
    "request": "6",
    "priority": null,
    "status": null,
    "destination": "010530c4-ce6c-4724-9cfd-37a16e787008",
    "dtd": "010530c4-ce6c-4724-9cfd-37a16e787007",
    "categories": []
  }
},
{
  "model": "dtd.treelink",
  "pk": "f20fc29a-7377-46f4-8aa7-ac8add535ab3",
  "fields": {
    "created": "2016-05-05T23:45:31.059Z",
    "modified": "2016-05-05T23:45:31.185Z",
    "deleted": null,
    "order": 5,
    "text": "Replace",
    "action_button": false,
    "is_header": false,
    "request": "3",
    "priority": null,
    "status": null,
    "destination": "010530c4-ce6c-4724-9cfd-37a16e787006",
    "dtd": "010530c4-ce6c-4724-9cfd-37a16e787004",
    "categories": []
  }
},
{
  "model": "dtd.treelink",
  "pk": "f488b55c-e39d-4270-b04d-807202104462",
  "fields": {
    "created": "2016-05-05T23:45:31.080Z",
    "modified": "2016-05-05T23:45:31.429Z",
    "deleted": null,
    "order": 19,
    "text": "Sink",
    "action_button": false,
    "is_header": false,
    "request": "17",
    "priority": null,
    "status": null,
    "destination": "010530c4-ce6c-4724-9cfd-37a16e787020",
    "dtd": "010530c4-ce6c-4724-9cfd-37a16e787018",
    "categories": []
  }
}
]
