[
{
  "model": "dtd.treedata",
  "pk": "0de4cb77-e7ae-40e1-9966-69da2a48e44e",
  "fields": {
    "created": "2016-04-27T17:42:58.236Z",
    "modified": "2016-04-27T17:42:58.236Z",
    "deleted": null,
    "key": "Broken-2",
    "description": "Broken-2",
    "note": "7",
    "note_type": "admin.dtd.note_type.success",
    "prompt": "6",
    "link_type": "admin.dtd.link_type.buttons"
  }
},
{
  "model": "dtd.treedata",
  "pk": "17b7ec2a-8e1a-43dc-a5ca-c41054239971",
  "fields": {
    "created": "2016-04-27T17:42:58.237Z",
    "modified": "2016-04-27T17:42:58.237Z",
    "deleted": null,
    "key": "Replace-2",
    "description": "Replace-2",
    "note": "8",
    "note_type": "admin.dtd.note_type.success",
    "prompt": "6",
    "link_type": "admin.dtd.link_type.buttons"
  }
},
{
  "model": "dtd.treedata",
  "pk": "18fe23de-eefb-4745-bfb8-f99b73d01c6d",
  "fields": {
    "created": "2016-04-27T17:42:58.233Z",
    "modified": "2016-04-27T17:42:58.233Z",
    "deleted": null,
    "key": "Replace",
    "description": "Replace",
    "note": "5",
    "note_type": "admin.dtd.note_type.success",
    "prompt": "3",
    "link_type": "admin.dtd.link_type.buttons"
  }
},
{
  "model": "dtd.treedata",
  "pk": "2671fc14-57a9-4e08-aef5-f0eaa42f215d",
  "fields": {
    "created": "2016-04-27T17:42:58.263Z",
    "modified": "2016-04-27T17:42:58.263Z",
    "deleted": null,
    "key": "Sink",
    "description": "Sink",
    "note": "19",
    "note_type": "admin.dtd.note_type.success",
    "prompt": "17",
    "link_type": "admin.dtd.link_type.buttons"
  }
},
{
  "model": "dtd.treedata",
  "pk": "275c6d64-b67a-4152-ab8d-ac0aa903d528",
  "fields": {
    "created": "2016-04-27T17:42:58.260Z",
    "modified": "2016-04-27T17:42:58.260Z",
    "deleted": null,
    "key": "Plumbing",
    "description": "Plumbing",
    "note": "17",
    "note_type": "admin.dtd.note_type.success",
    "prompt": "12",
    "link_type": "admin.dtd.link_type.buttons"
  }
},
{
  "model": "dtd.treedata",
  "pk": "466bcb04-85ab-462e-89ec-3413f0401aa2",
  "fields": {
    "created": "2016-04-27T17:42:58.217Z",
    "modified": "2016-04-27T17:42:58.217Z",
    "deleted": null,
    "key": "Repair",
    "description": "Repair",
    "note": "1",
    "note_type": "admin.dtd.note_type.success",
    "prompt": "0",
    "link_type": "admin.dtd.link_type.buttons"
  }
},
{
  "model": "dtd.treedata",
  "pk": "52301963-9554-4506-9933-2138392558e1",
  "fields": {
    "created": "2016-04-27T17:42:58.240Z",
    "modified": "2016-04-27T17:42:58.240Z",
    "deleted": null,
    "key": "Broken-3",
    "description": "Broken-3",
    "note": "10",
    "note_type": "admin.dtd.note_type.success",
    "prompt": "9",
    "link_type": "admin.dtd.link_type.buttons"
  }
},
{
  "model": "dtd.treedata",
  "pk": "6e6ba7c4-d195-4fbb-8eb3-37f41a16a1fd",
  "fields": {
    "created": "2016-04-27T17:42:58.254Z",
    "modified": "2016-04-27T17:42:58.254Z",
    "deleted": null,
    "key": "Parking Lot",
    "description": "Parking Lot",
    "note": "13",
    "note_type": "admin.dtd.note_type.success",
    "prompt": "12",
    "link_type": "admin.dtd.link_type.buttons"
  }
},
{
  "model": "dtd.treedata",
  "pk": "72db3d2c-317a-450f-86a2-7355488ba494",
  "fields": {
    "created": "2016-04-27T17:42:58.242Z",
    "modified": "2016-04-27T17:42:58.242Z",
    "deleted": null,
    "key": "Replace-3",
    "description": "Replace-3",
    "note": "11",
    "note_type": "admin.dtd.note_type.success",
    "prompt": "9",
    "link_type": "admin.dtd.link_type.buttons"
  }
},
{
  "model": "dtd.treedata",
  "pk": "7569375a-bc90-4d7f-a862-920a103f5dc6",
  "fields": {
    "created": "2016-04-27T17:42:58.239Z",
    "modified": "2016-04-27T17:42:58.239Z",
    "deleted": null,
    "key": "Stove",
    "description": "Stove",
    "note": "9",
    "note_type": "admin.dtd.note_type.success",
    "prompt": "2",
    "link_type": "admin.dtd.link_type.buttons"
  }
},
{
  "model": "dtd.treedata",
  "pk": "7a8c8295-f9ae-4d60-a35c-071a26bf2b77",
  "fields": {
    "created": "2016-04-27T17:42:58.259Z",
    "modified": "2016-04-27T17:42:58.259Z",
    "deleted": null,
    "key": "Striping",
    "description": "Striping",
    "note": "16",
    "note_type": "admin.dtd.note_type.success",
    "prompt": "13",
    "link_type": "admin.dtd.link_type.buttons"
  }
},
{
  "model": "dtd.treedata",
  "pk": "88ea6b56-859f-420e-abe3-e2a4a1c17b62",
  "fields": {
    "created": "2016-04-27T17:42:58.256Z",
    "modified": "2016-04-27T17:42:58.256Z",
    "deleted": null,
    "key": "Potholes",
    "description": "Potholes",
    "note": "14",
    "note_type": "admin.dtd.note_type.success",
    "prompt": "13",
    "link_type": "admin.dtd.link_type.buttons"
  }
},
{
  "model": "dtd.treedata",
  "pk": "8db14f06-cd34-41ad-b7cc-8382d33c8b09",
  "fields": {
    "created": "2016-04-27T17:42:58.264Z",
    "modified": "2016-04-27T17:42:58.264Z",
    "deleted": null,
    "key": "Water Heater",
    "description": "Water Heater",
    "note": "20",
    "note_type": "admin.dtd.note_type.success",
    "prompt": "17",
    "link_type": "admin.dtd.link_type.buttons"
  }
},
{
  "model": "dtd.treedata",
  "pk": "91881673-702e-456d-a27e-eb1d77948d4b",
  "fields": {
    "created": "2016-04-27T17:42:58.257Z",
    "modified": "2016-04-27T17:42:58.257Z",
    "deleted": null,
    "key": "Repaving",
    "description": "Repaving",
    "note": "15",
    "note_type": "admin.dtd.note_type.success",
    "prompt": "13",
    "link_type": "admin.dtd.link_type.buttons"
  }
},
{
  "model": "dtd.treedata",
  "pk": "91a772e7-b27d-4b13-a641-9e063990d041",
  "fields": {
    "created": "2016-04-27T17:42:58.230Z",
    "modified": "2016-04-27T17:42:58.230Z",
    "deleted": null,
    "key": "Microwave",
    "description": "Microwave",
    "note": "3",
    "note_type": "admin.dtd.note_type.success",
    "prompt": "2",
    "link_type": "admin.dtd.link_type.buttons"
  }
},
{
  "model": "dtd.treedata",
  "pk": "9cf2b0c5-d2c5-4cb1-be71-a8a3046f450f",
  "fields": {
    "created": "2016-04-27T17:42:58.231Z",
    "modified": "2016-04-27T17:42:58.231Z",
    "deleted": null,
    "key": "Broken",
    "description": "Broken",
    "note": "4",
    "note_type": "admin.dtd.note_type.success",
    "prompt": "3",
    "link_type": "admin.dtd.link_type.buttons"
  }
},
{
  "model": "dtd.treedata",
  "pk": "ad207652-a986-4ed0-a6fe-931c273347f7",
  "fields": {
    "created": "2016-04-27T17:42:58.261Z",
    "modified": "2016-04-27T17:42:58.261Z",
    "deleted": null,
    "key": "Toilet",
    "description": "Toilet",
    "note": "18",
    "note_type": "admin.dtd.note_type.success",
    "prompt": "17",
    "link_type": "admin.dtd.link_type.buttons"
  }
},
{
  "model": "dtd.treedata",
  "pk": "ccc4a8ab-8fa7-4261-b656-392fdf7978f1",
  "fields": {
    "created": "2016-04-27T17:42:58.267Z",
    "modified": "2016-04-27T17:42:58.267Z",
    "deleted": null,
    "key": "Pipes",
    "description": "Pipes",
    "note": "22",
    "note_type": "admin.dtd.note_type.success",
    "prompt": "17",
    "link_type": "admin.dtd.link_type.buttons"
  }
},
{
  "model": "dtd.treedata",
  "pk": "dc88fd98-8705-4694-ba94-746343d5c872",
  "fields": {
    "created": "2016-04-27T17:42:58.266Z",
    "modified": "2016-04-27T17:42:58.266Z",
    "deleted": null,
    "key": "Urinals",
    "description": "Urinals",
    "note": "21",
    "note_type": "admin.dtd.note_type.success",
    "prompt": "17",
    "link_type": "admin.dtd.link_type.buttons"
  }
},
{
  "model": "dtd.treedata",
  "pk": "f200139b-9809-47d7-8c7e-a4940c5b02d0",
  "fields": {
    "created": "2016-04-27T17:42:58.234Z",
    "modified": "2016-04-27T17:42:58.234Z",
    "deleted": null,
    "key": "Refrigerator",
    "description": "Refrigerator",
    "note": "6",
    "note_type": "admin.dtd.note_type.success",
    "prompt": "2",
    "link_type": "admin.dtd.link_type.buttons"
  }
},
{
  "model": "dtd.treedata",
  "pk": "f5be80af-23d7-4820-832b-6db885f24315",
  "fields": {
    "created": "2016-04-27T17:42:58.243Z",
    "modified": "2016-04-27T17:42:58.243Z",
    "deleted": null,
    "key": "Maintenance",
    "description": "Maintenance",
    "note": "12",
    "note_type": "admin.dtd.note_type.success",
    "prompt": "0",
    "link_type": "admin.dtd.link_type.buttons"
  }
},
{
  "model": "dtd.treedata",
  "pk": "f77e12a9-8671-4e94-a029-42f6c6393b65",
  "fields": {
    "created": "2016-04-27T17:42:58.228Z",
    "modified": "2016-04-27T17:42:58.228Z",
    "deleted": null,
    "key": "Appliances",
    "description": "Appliances",
    "note": "2",
    "note_type": "admin.dtd.note_type.success",
    "prompt": "1",
    "link_type": "admin.dtd.link_type.buttons"
  }
},
{
  "model": "dtd.treedata",
  "pk": "ff24209e-d307-43b3-a9a0-34146d364d0a",
  "fields": {
    "created": "2016-04-27T17:42:58.204Z",
    "modified": "2016-04-27T17:42:58.204Z",
    "deleted": null,
    "key": "Start",
    "description": "Start",
    "note": "0",
    "note_type": "admin.dtd.note_type.success",
    "prompt": null,
    "link_type": "admin.dtd.link_type.buttons"
  }
},
{
  "model": "dtd.treefield",
  "pk": "12508623-54dc-4081-9684-8fe38cf82a03",
  "fields": {
    "created": "2016-04-27T17:42:58.219Z",
    "modified": "2016-04-27T17:42:58.219Z",
    "deleted": null,
    "order": 0,
    "label": "number",
    "type": "admin.dtd.label.field.number",
    "required": true,
    "tree_data": "466bcb04-85ab-462e-89ec-3413f0401aa2"
  }
},
{
  "model": "dtd.treefield",
  "pk": "1b9947d2-e075-414f-b035-1329b1468aad",
  "fields": {
    "created": "2016-04-27T17:42:58.221Z",
    "modified": "2016-04-27T17:42:58.221Z",
    "deleted": null,
    "order": 0,
    "label": "select",
    "type": "admin.dtd.label.field.select",
    "required": true,
    "tree_data": "466bcb04-85ab-462e-89ec-3413f0401aa2"
  }
},
{
  "model": "dtd.treefield",
  "pk": "20914171-f935-4b01-b121-fc234742cda9",
  "fields": {
    "created": "2016-04-27T17:42:58.244Z",
    "modified": "2016-04-27T17:42:58.244Z",
    "deleted": null,
    "order": 0,
    "label": "text",
    "type": "admin.dtd.label.field.text",
    "required": true,
    "tree_data": "f5be80af-23d7-4820-832b-6db885f24315"
  }
},
{
  "model": "dtd.treefield",
  "pk": "2f6160ad-4f18-48e6-861b-746295478c02",
  "fields": {
    "created": "2016-04-27T17:42:58.250Z",
    "modified": "2016-04-27T17:42:58.250Z",
    "deleted": null,
    "order": 0,
    "label": "checkbox",
    "type": "admin.dtd.label.field.checkbox",
    "required": true,
    "tree_data": "f5be80af-23d7-4820-832b-6db885f24315"
  }
},
{
  "model": "dtd.treefield",
  "pk": "8aca369b-9030-408d-8828-5fb7e3f61942",
  "fields": {
    "created": "2016-04-27T17:42:58.218Z",
    "modified": "2016-04-27T17:42:58.218Z",
    "deleted": null,
    "order": 0,
    "label": "text",
    "type": "admin.dtd.label.field.text",
    "required": true,
    "tree_data": "466bcb04-85ab-462e-89ec-3413f0401aa2"
  }
},
{
  "model": "dtd.treefield",
  "pk": "8d8316ed-acbe-4eff-ba30-07af9ada06d3",
  "fields": {
    "created": "2016-04-27T17:42:58.213Z",
    "modified": "2016-04-27T17:42:58.213Z",
    "deleted": null,
    "order": 0,
    "label": "checkbox",
    "type": "admin.dtd.label.field.checkbox",
    "required": true,
    "tree_data": "ff24209e-d307-43b3-a9a0-34146d364d0a"
  }
},
{
  "model": "dtd.treefield",
  "pk": "9f7682dc-66f3-468c-bf1f-9ea6603b48aa",
  "fields": {
    "created": "2016-04-27T17:42:58.208Z",
    "modified": "2016-04-27T17:42:58.208Z",
    "deleted": null,
    "order": 0,
    "label": "textarea",
    "type": "admin.dtd.label.field.textarea",
    "required": true,
    "tree_data": "ff24209e-d307-43b3-a9a0-34146d364d0a"
  }
},
{
  "model": "dtd.treefield",
  "pk": "a04d1f0e-d059-4fbe-aa7e-07466bd4f845",
  "fields": {
    "created": "2016-04-27T17:42:58.245Z",
    "modified": "2016-04-27T17:42:58.245Z",
    "deleted": null,
    "order": 0,
    "label": "number",
    "type": "admin.dtd.label.field.number",
    "required": true,
    "tree_data": "f5be80af-23d7-4820-832b-6db885f24315"
  }
},
{
  "model": "dtd.treefield",
  "pk": "a14bdae1-1c44-4117-9ad9-2aab4aae12d8",
  "fields": {
    "created": "2016-04-27T17:42:58.224Z",
    "modified": "2016-04-27T17:42:58.224Z",
    "deleted": null,
    "order": 0,
    "label": "checkbox",
    "type": "admin.dtd.label.field.checkbox",
    "required": true,
    "tree_data": "466bcb04-85ab-462e-89ec-3413f0401aa2"
  }
},
{
  "model": "dtd.treefield",
  "pk": "bd7eb8a1-7f65-4ec5-836c-eb24752bbda3",
  "fields": {
    "created": "2016-04-27T17:42:58.220Z",
    "modified": "2016-04-27T17:42:58.220Z",
    "deleted": null,
    "order": 0,
    "label": "textarea",
    "type": "admin.dtd.label.field.textarea",
    "required": true,
    "tree_data": "466bcb04-85ab-462e-89ec-3413f0401aa2"
  }
},
{
  "model": "dtd.treefield",
  "pk": "ca576e3f-b895-4643-8857-dc1c425329d5",
  "fields": {
    "created": "2016-04-27T17:42:58.247Z",
    "modified": "2016-04-27T17:42:58.247Z",
    "deleted": null,
    "order": 0,
    "label": "select",
    "type": "admin.dtd.label.field.select",
    "required": true,
    "tree_data": "f5be80af-23d7-4820-832b-6db885f24315"
  }
},
{
  "model": "dtd.treefield",
  "pk": "de31a58e-5e48-4f05-afc5-a770789524c0",
  "fields": {
    "created": "2016-04-27T17:42:58.206Z",
    "modified": "2016-04-27T17:42:58.206Z",
    "deleted": null,
    "order": 0,
    "label": "text",
    "type": "admin.dtd.label.field.text",
    "required": true,
    "tree_data": "ff24209e-d307-43b3-a9a0-34146d364d0a"
  }
},
{
  "model": "dtd.treefield",
  "pk": "e873ce6e-d416-448a-aead-0bb987174719",
  "fields": {
    "created": "2016-04-27T17:42:58.209Z",
    "modified": "2016-04-27T17:42:58.209Z",
    "deleted": null,
    "order": 0,
    "label": "select",
    "type": "admin.dtd.label.field.select",
    "required": true,
    "tree_data": "ff24209e-d307-43b3-a9a0-34146d364d0a"
  }
},
{
  "model": "dtd.treefield",
  "pk": "ecaad5bc-af0f-4079-8257-e37cd55b7b06",
  "fields": {
    "created": "2016-04-27T17:42:58.207Z",
    "modified": "2016-04-27T17:42:58.207Z",
    "deleted": null,
    "order": 0,
    "label": "number",
    "type": "admin.dtd.label.field.number",
    "required": true,
    "tree_data": "ff24209e-d307-43b3-a9a0-34146d364d0a"
  }
},
{
  "model": "dtd.treefield",
  "pk": "f2e8f079-84ec-4b3f-9dec-231f1f9635fa",
  "fields": {
    "created": "2016-04-27T17:42:58.246Z",
    "modified": "2016-04-27T17:42:58.246Z",
    "deleted": null,
    "order": 0,
    "label": "textarea",
    "type": "admin.dtd.label.field.textarea",
    "required": true,
    "tree_data": "f5be80af-23d7-4820-832b-6db885f24315"
  }
},
{
  "model": "dtd.treeoption",
  "pk": "14c94334-fde7-4c41-aee9-d9c6ed7c580d",
  "fields": {
    "created": "2016-04-27T17:42:58.252Z",
    "modified": "2016-04-27T17:42:58.253Z",
    "deleted": null,
    "order": 0,
    "text": "ridiculus",
    "field": "2f6160ad-4f18-48e6-861b-746295478c02"
  }
},
{
  "model": "dtd.treeoption",
  "pk": "21d5c970-3073-4ef2-9e9b-0b3f715e939d",
  "fields": {
    "created": "2016-04-27T17:42:58.214Z",
    "modified": "2016-04-27T17:42:58.214Z",
    "deleted": null,
    "order": 0,
    "text": "aptent",
    "field": "8d8316ed-acbe-4eff-ba30-07af9ada06d3"
  }
},
{
  "model": "dtd.treeoption",
  "pk": "246ad6bf-b14a-437e-acf9-3629f5d791a4",
  "fields": {
    "created": "2016-04-27T17:42:58.211Z",
    "modified": "2016-04-27T17:42:58.211Z",
    "deleted": null,
    "order": 0,
    "text": "est",
    "field": "e873ce6e-d416-448a-aead-0bb987174719"
  }
},
{
  "model": "dtd.treeoption",
  "pk": "553e6926-c2ab-4f04-bc58-ab9297d38b6d",
  "fields": {
    "created": "2016-04-27T17:42:58.223Z",
    "modified": "2016-04-27T17:42:58.223Z",
    "deleted": null,
    "order": 0,
    "text": "orci",
    "field": "1b9947d2-e075-414f-b035-1329b1468aad"
  }
},
{
  "model": "dtd.treeoption",
  "pk": "712e1e48-4713-4afd-a1ac-4dfb0dd71194",
  "fields": {
    "created": "2016-04-27T17:42:58.226Z",
    "modified": "2016-04-27T17:42:58.226Z",
    "deleted": null,
    "order": 0,
    "text": "cras",
    "field": "a14bdae1-1c44-4117-9ad9-2aab4aae12d8"
  }
},
{
  "model": "dtd.treeoption",
  "pk": "765746e0-8529-4fa0-9948-93dafb83d6d5",
  "fields": {
    "created": "2016-04-27T17:42:58.251Z",
    "modified": "2016-04-27T17:42:58.251Z",
    "deleted": null,
    "order": 0,
    "text": "erat",
    "field": "2f6160ad-4f18-48e6-861b-746295478c02"
  }
},
{
  "model": "dtd.treeoption",
  "pk": "784922a3-21f1-42d7-b9e4-7e5f8813421b",
  "fields": {
    "created": "2016-04-27T17:42:58.249Z",
    "modified": "2016-04-27T17:42:58.249Z",
    "deleted": null,
    "order": 0,
    "text": "ridiculus",
    "field": "ca576e3f-b895-4643-8857-dc1c425329d5"
  }
},
{
  "model": "dtd.treeoption",
  "pk": "8eaae481-c2e7-4ef1-a2ba-a519bbc795f5",
  "fields": {
    "created": "2016-04-27T17:42:58.248Z",
    "modified": "2016-04-27T17:42:58.248Z",
    "deleted": null,
    "order": 0,
    "text": "eros",
    "field": "ca576e3f-b895-4643-8857-dc1c425329d5"
  }
},
{
  "model": "dtd.treeoption",
  "pk": "a3e1cdcc-0816-46c1-831a-b7693ad40114",
  "fields": {
    "created": "2016-04-27T17:42:58.212Z",
    "modified": "2016-04-27T17:42:58.212Z",
    "deleted": null,
    "order": 0,
    "text": "parturient",
    "field": "e873ce6e-d416-448a-aead-0bb987174719"
  }
},
{
  "model": "dtd.treeoption",
  "pk": "d8289c66-46bd-4a5a-ad2f-e70759b35bf0",
  "fields": {
    "created": "2016-04-27T17:42:58.222Z",
    "modified": "2016-04-27T17:42:58.222Z",
    "deleted": null,
    "order": 0,
    "text": "class",
    "field": "1b9947d2-e075-414f-b035-1329b1468aad"
  }
},
{
  "model": "dtd.treeoption",
  "pk": "f5d30856-fd09-4edf-84be-2ee4cb8c831a",
  "fields": {
    "created": "2016-04-27T17:42:58.225Z",
    "modified": "2016-04-27T17:42:58.225Z",
    "deleted": null,
    "order": 0,
    "text": "risus",
    "field": "a14bdae1-1c44-4117-9ad9-2aab4aae12d8"
  }
},
{
  "model": "dtd.treeoption",
  "pk": "fe57d08f-001b-4847-8493-b2b733377636",
  "fields": {
    "created": "2016-04-27T17:42:58.215Z",
    "modified": "2016-04-27T17:42:58.215Z",
    "deleted": null,
    "order": 0,
    "text": "cum",
    "field": "8d8316ed-acbe-4eff-ba30-07af9ada06d3"
  }
},
{
  "model": "dtd.treelink",
  "pk": "0a6bea5f-4228-42d6-92b3-103e21653f5e",
  "fields": {
    "created": "2016-04-27T17:42:58.275Z",
    "modified": "2016-04-27T17:42:58.384Z",
    "deleted": null,
    "order": 4,
    "text": "Broken",
    "action_button": false,
    "is_header": false,
    "request": "3",
    "priority": null,
    "status": null,
    "destination": "9cf2b0c5-d2c5-4cb1-be71-a8a3046f450f",
    "dtd": "91a772e7-b27d-4b13-a641-9e063990d041",
    "categories": []
  }
},
{
  "model": "dtd.treelink",
  "pk": "1a17e4c9-d43f-4b87-8377-47abab9cd338",
  "fields": {
    "created": "2016-04-27T17:42:58.270Z",
    "modified": "2016-04-27T17:42:58.325Z",
    "deleted": null,
    "order": 1,
    "text": "Repair",
    "action_button": false,
    "is_header": false,
    "request": "0",
    "priority": null,
    "status": null,
    "destination": "466bcb04-85ab-462e-89ec-3413f0401aa2",
    "dtd": "ff24209e-d307-43b3-a9a0-34146d364d0a",
    "categories": []
  }
},
{
  "model": "dtd.treelink",
  "pk": "22b0b3d8-9380-4b9a-a361-f6040e8c815c",
  "fields": {
    "created": "2016-04-27T17:42:58.278Z",
    "modified": "2016-04-27T17:42:58.411Z",
    "deleted": null,
    "order": 6,
    "text": "Refrigerator",
    "action_button": false,
    "is_header": false,
    "request": "2",
    "priority": null,
    "status": null,
    "destination": "f200139b-9809-47d7-8c7e-a4940c5b02d0",
    "dtd": "f77e12a9-8671-4e94-a029-42f6c6393b65",
    "categories": []
  }
},
{
  "model": "dtd.treelink",
  "pk": "2feed289-f304-44c1-a9a6-06d096916096",
  "fields": {
    "created": "2016-04-27T17:42:58.300Z",
    "modified": "2016-04-27T17:42:58.654Z",
    "deleted": null,
    "order": 21,
    "text": "Urinals",
    "action_button": false,
    "is_header": false,
    "request": "17",
    "priority": null,
    "status": null,
    "destination": "dc88fd98-8705-4694-ba94-746343d5c872",
    "dtd": "275c6d64-b67a-4152-ab8d-ac0aa903d528",
    "categories": []
  }
},
{
  "model": "dtd.treelink",
  "pk": "41b06c57-c3c3-4911-8f54-8c3e9747622b",
  "fields": {
    "created": "2016-04-27T17:42:58.285Z",
    "modified": "2016-04-27T17:42:58.490Z",
    "deleted": null,
    "order": 11,
    "text": "Replace-3",
    "action_button": false,
    "is_header": false,
    "request": "9",
    "priority": null,
    "status": null,
    "destination": "72db3d2c-317a-450f-86a2-7355488ba494",
    "dtd": "7569375a-bc90-4d7f-a862-920a103f5dc6",
    "categories": []
  }
},
{
  "model": "dtd.treelink",
  "pk": "666ad011-3bb0-4c42-a912-c7c1a4958eef",
  "fields": {
    "created": "2016-04-27T17:42:58.297Z",
    "modified": "2016-04-27T17:42:58.628Z",
    "deleted": null,
    "order": 19,
    "text": "Sink",
    "action_button": false,
    "is_header": false,
    "request": "17",
    "priority": null,
    "status": null,
    "destination": "2671fc14-57a9-4e08-aef5-f0eaa42f215d",
    "dtd": "275c6d64-b67a-4152-ab8d-ac0aa903d528",
    "categories": []
  }
},
{
  "model": "dtd.treelink",
  "pk": "6c3362fb-17ec-45fe-a98c-a56712cdf800",
  "fields": {
    "created": "2016-04-27T17:42:58.276Z",
    "modified": "2016-04-27T17:42:58.397Z",
    "deleted": null,
    "order": 5,
    "text": "Replace",
    "action_button": false,
    "is_header": false,
    "request": "3",
    "priority": null,
    "status": null,
    "destination": "18fe23de-eefb-4745-bfb8-f99b73d01c6d",
    "dtd": "91a772e7-b27d-4b13-a641-9e063990d041",
    "categories": []
  }
},
{
  "model": "dtd.treelink",
  "pk": "6c860711-47e9-4c6c-8282-2961020938d0",
  "fields": {
    "created": "2016-04-27T17:42:58.302Z",
    "modified": "2016-04-27T17:42:58.668Z",
    "deleted": null,
    "order": 22,
    "text": "Pipes",
    "action_button": false,
    "is_header": false,
    "request": "17",
    "priority": null,
    "status": null,
    "destination": "ccc4a8ab-8fa7-4261-b656-392fdf7978f1",
    "dtd": "275c6d64-b67a-4152-ab8d-ac0aa903d528",
    "categories": []
  }
},
{
  "model": "dtd.treelink",
  "pk": "725cf87d-26bf-439e-99e1-2aa632807e4e",
  "fields": {
    "created": "2016-04-27T17:42:58.293Z",
    "modified": "2016-04-27T17:42:58.573Z",
    "deleted": null,
    "order": 16,
    "text": "Striping",
    "action_button": false,
    "is_header": false,
    "request": "13",
    "priority": null,
    "status": null,
    "destination": "7a8c8295-f9ae-4d60-a35c-071a26bf2b77",
    "dtd": "6e6ba7c4-d195-4fbb-8eb3-37f41a16a1fd",
    "categories": []
  }
},
{
  "model": "dtd.treelink",
  "pk": "77c5a1c9-8614-4357-8ecd-4877f86e7b0f",
  "fields": {
    "created": "2016-04-27T17:42:58.299Z",
    "modified": "2016-04-27T17:42:58.641Z",
    "deleted": null,
    "order": 20,
    "text": "Water Heater",
    "action_button": false,
    "is_header": false,
    "request": "17",
    "priority": null,
    "status": null,
    "destination": "8db14f06-cd34-41ad-b7cc-8382d33c8b09",
    "dtd": "275c6d64-b67a-4152-ab8d-ac0aa903d528",
    "categories": []
  }
},
{
  "model": "dtd.treelink",
  "pk": "8eca7f65-aa0a-4477-a72b-38b0ee8fde71",
  "fields": {
    "created": "2016-04-27T17:42:58.284Z",
    "modified": "2016-04-27T17:42:58.476Z",
    "deleted": null,
    "order": 10,
    "text": "Broken-3",
    "action_button": false,
    "is_header": false,
    "request": "9",
    "priority": null,
    "status": null,
    "destination": "52301963-9554-4506-9933-2138392558e1",
    "dtd": "7569375a-bc90-4d7f-a862-920a103f5dc6",
    "categories": []
  }
},
{
  "model": "dtd.treelink",
  "pk": "8f140d48-009c-4c99-ad5f-9f51f9ad079f",
  "fields": {
    "created": "2016-04-27T17:42:58.281Z",
    "modified": "2016-04-27T17:42:58.444Z",
    "deleted": null,
    "order": 8,
    "text": "Replace-2",
    "action_button": false,
    "is_header": false,
    "request": "6",
    "priority": null,
    "status": null,
    "destination": "17b7ec2a-8e1a-43dc-a5ca-c41054239971",
    "dtd": "f200139b-9809-47d7-8c7e-a4940c5b02d0",
    "categories": []
  }
},
{
  "model": "dtd.treelink",
  "pk": "a36f62a5-3d74-4e1d-b343-17a3a0fd77e6",
  "fields": {
    "created": "2016-04-27T17:42:58.287Z",
    "modified": "2016-04-27T17:42:58.503Z",
    "deleted": null,
    "order": 12,
    "text": "Maintenance",
    "action_button": false,
    "is_header": false,
    "request": "0",
    "priority": null,
    "status": null,
    "destination": "f5be80af-23d7-4820-832b-6db885f24315",
    "dtd": "ff24209e-d307-43b3-a9a0-34146d364d0a",
    "categories": []
  }
},
{
  "model": "dtd.treelink",
  "pk": "a7da7489-937c-4999-96ab-050487e89446",
  "fields": {
    "created": "2016-04-27T17:42:58.296Z",
    "modified": "2016-04-27T17:42:58.615Z",
    "deleted": null,
    "order": 18,
    "text": "Toilet",
    "action_button": false,
    "is_header": false,
    "request": "17",
    "priority": null,
    "status": null,
    "destination": "ad207652-a986-4ed0-a6fe-931c273347f7",
    "dtd": "275c6d64-b67a-4152-ab8d-ac0aa903d528",
    "categories": []
  }
},
{
  "model": "dtd.treelink",
  "pk": "acf9fc8a-09dd-4b5e-8fb3-50694f9f494e",
  "fields": {
    "created": "2016-04-27T17:42:58.290Z",
    "modified": "2016-04-27T17:42:58.546Z",
    "deleted": null,
    "order": 14,
    "text": "Potholes",
    "action_button": false,
    "is_header": false,
    "request": "13",
    "priority": null,
    "status": null,
    "destination": "88ea6b56-859f-420e-abe3-e2a4a1c17b62",
    "dtd": "6e6ba7c4-d195-4fbb-8eb3-37f41a16a1fd",
    "categories": []
  }
},
{
  "model": "dtd.treelink",
  "pk": "b861102d-1e08-43cb-9179-47c59b624a27",
  "fields": {
    "created": "2016-04-27T17:42:58.288Z",
    "modified": "2016-04-27T17:42:58.522Z",
    "deleted": null,
    "order": 13,
    "text": "Parking Lot",
    "action_button": false,
    "is_header": false,
    "request": "12",
    "priority": null,
    "status": null,
    "destination": "6e6ba7c4-d195-4fbb-8eb3-37f41a16a1fd",
    "dtd": "f5be80af-23d7-4820-832b-6db885f24315",
    "categories": []
  }
},
{
  "model": "dtd.treelink",
  "pk": "b984f9a0-235a-403d-b798-f8b4d825acaf",
  "fields": {
    "created": "2016-04-27T17:42:58.269Z",
    "modified": "2016-04-27T17:42:58.305Z",
    "deleted": null,
    "order": 0,
    "text": "Start",
    "action_button": false,
    "is_header": false,
    "request": null,
    "priority": null,
    "status": null,
    "destination": "ff24209e-d307-43b3-a9a0-34146d364d0a",
    "dtd": null,
    "categories": []
  }
},
{
  "model": "dtd.treelink",
  "pk": "ce0df469-5d49-4119-bd57-b9e1e41e2099",
  "fields": {
    "created": "2016-04-27T17:42:58.282Z",
    "modified": "2016-04-27T17:42:58.457Z",
    "deleted": null,
    "order": 9,
    "text": "Stove",
    "action_button": false,
    "is_header": false,
    "request": "2",
    "priority": null,
    "status": null,
    "destination": "7569375a-bc90-4d7f-a862-920a103f5dc6",
    "dtd": "f77e12a9-8671-4e94-a029-42f6c6393b65",
    "categories": []
  }
},
{
  "model": "dtd.treelink",
  "pk": "da3fb798-e477-4493-a693-766d241dd084",
  "fields": {
    "created": "2016-04-27T17:42:58.294Z",
    "modified": "2016-04-27T17:42:58.586Z",
    "deleted": null,
    "order": 17,
    "text": "Plumbing",
    "action_button": false,
    "is_header": false,
    "request": "12",
    "priority": null,
    "status": null,
    "destination": "275c6d64-b67a-4152-ab8d-ac0aa903d528",
    "dtd": "f5be80af-23d7-4820-832b-6db885f24315",
    "categories": []
  }
},
{
  "model": "dtd.treelink",
  "pk": "e7e51617-a61d-4c78-81a0-d2ded2f5ad9e",
  "fields": {
    "created": "2016-04-27T17:42:58.272Z",
    "modified": "2016-04-27T17:42:58.341Z",
    "deleted": null,
    "order": 2,
    "text": "Appliances",
    "action_button": false,
    "is_header": false,
    "request": "1",
    "priority": null,
    "status": null,
    "destination": "f77e12a9-8671-4e94-a029-42f6c6393b65",
    "dtd": "466bcb04-85ab-462e-89ec-3413f0401aa2",
    "categories": []
  }
},
{
  "model": "dtd.treelink",
  "pk": "ecd690c4-b6bb-4ac4-8782-7aa00ec44494",
  "fields": {
    "created": "2016-04-27T17:42:58.273Z",
    "modified": "2016-04-27T17:42:58.365Z",
    "deleted": null,
    "order": 3,
    "text": "Microwave",
    "action_button": false,
    "is_header": false,
    "request": "2",
    "priority": null,
    "status": null,
    "destination": "91a772e7-b27d-4b13-a641-9e063990d041",
    "dtd": "f77e12a9-8671-4e94-a029-42f6c6393b65",
    "categories": []
  }
},
{
  "model": "dtd.treelink",
  "pk": "ef49f3b3-9db8-4bce-8772-6eb5ce5bb385",
  "fields": {
    "created": "2016-04-27T17:42:58.279Z",
    "modified": "2016-04-27T17:42:58.430Z",
    "deleted": null,
    "order": 7,
    "text": "Broken-2",
    "action_button": false,
    "is_header": false,
    "request": "6",
    "priority": null,
    "status": null,
    "destination": "0de4cb77-e7ae-40e1-9966-69da2a48e44e",
    "dtd": "f200139b-9809-47d7-8c7e-a4940c5b02d0",
    "categories": []
  }
},
{
  "model": "dtd.treelink",
  "pk": "fcba1d03-c7e5-4c92-8b64-782a760ba246",
  "fields": {
    "created": "2016-04-27T17:42:58.291Z",
    "modified": "2016-04-27T17:42:58.559Z",
    "deleted": null,
    "order": 15,
    "text": "Repaving",
    "action_button": false,
    "is_header": false,
    "request": "13",
    "priority": null,
    "status": null,
    "destination": "91881673-702e-456d-a27e-eb1d77948d4b",
    "dtd": "6e6ba7c4-d195-4fbb-8eb3-37f41a16a1fd",
    "categories": []
  }
}
]
