[
{
  "fields": {
    "model": "logentry",
    "app_label": "admin"
  },
  "model": "contenttypes.contenttype",
  "pk": 1
},
{
  "fields": {
    "model": "permission",
    "app_label": "auth"
  },
  "model": "contenttypes.contenttype",
  "pk": 2
},
{
  "fields": {
    "model": "group",
    "app_label": "auth"
  },
  "model": "contenttypes.contenttype",
  "pk": 3
},
{
  "fields": {
    "model": "contenttype",
    "app_label": "contenttypes"
  },
  "model": "contenttypes.contenttype",
  "pk": 4
},
{
  "fields": {
    "model": "session",
    "app_label": "sessions"
  },
  "model": "contenttypes.contenttype",
  "pk": 5
},
{
  "fields": {
    "model": "site",
    "app_label": "sites"
  },
  "model": "contenttypes.contenttype",
  "pk": 6
},
{
  "fields": {
    "model": "flatpage",
    "app_label": "flatpages"
  },
  "model": "contenttypes.contenttype",
  "pk": 7
},
{
  "fields": {
    "model": "corsmodel",
    "app_label": "corsheaders"
  },
  "model": "contenttypes.contenttype",
  "pk": 8
},
{
  "fields": {
    "model": "currency",
    "app_label": "accounting"
  },
  "model": "contenttypes.contenttype",
  "pk": 9
},
{
  "fields": {
    "model": "categorytype",
    "app_label": "category"
  },
  "model": "contenttypes.contenttype",
  "pk": 10
},
{
  "fields": {
    "model": "category",
    "app_label": "category"
  },
  "model": "contenttypes.contenttype",
  "pk": 11
},
{
  "fields": {
    "model": "phonenumbertype",
    "app_label": "contact"
  },
  "model": "contenttypes.contenttype",
  "pk": 12
},
{
  "fields": {
    "model": "phonenumber",
    "app_label": "contact"
  },
  "model": "contenttypes.contenttype",
  "pk": 13
},
{
  "fields": {
    "model": "addresstype",
    "app_label": "contact"
  },
  "model": "contenttypes.contenttype",
  "pk": 14
},
{
  "fields": {
    "model": "address",
    "app_label": "contact"
  },
  "model": "contenttypes.contenttype",
  "pk": 15
},
{
  "fields": {
    "model": "emailtype",
    "app_label": "contact"
  },
  "model": "contenttypes.contenttype",
  "pk": 16
},
{
  "fields": {
    "model": "email",
    "app_label": "contact"
  },
  "model": "contenttypes.contenttype",
  "pk": 17
},
{
  "fields": {
    "model": "locationlevel",
    "app_label": "location"
  },
  "model": "contenttypes.contenttype",
  "pk": 18
},
{
  "fields": {
    "model": "locationstatus",
    "app_label": "location"
  },
  "model": "contenttypes.contenttype",
  "pk": 19
},
{
  "fields": {
    "model": "locationtype",
    "app_label": "location"
  },
  "model": "contenttypes.contenttype",
  "pk": 20
},
{
  "fields": {
    "model": "location",
    "app_label": "location"
  },
  "model": "contenttypes.contenttype",
  "pk": 21
},
{
  "fields": {
    "model": "role",
    "app_label": "person"
  },
  "model": "contenttypes.contenttype",
  "pk": 22
},
{
  "fields": {
    "model": "proxyrole",
    "app_label": "person"
  },
  "model": "contenttypes.contenttype",
  "pk": 23
},
{
  "fields": {
    "model": "personstatus",
    "app_label": "person"
  },
  "model": "contenttypes.contenttype",
  "pk": 24
},
{
  "fields": {
    "model": "person",
    "app_label": "person"
  },
  "model": "contenttypes.contenttype",
  "pk": 25
},
{
  "fields": {
    "model": "tester",
    "app_label": "util"
  },
  "model": "contenttypes.contenttype",
  "pk": 26
},
{
  "fields": {
    "model": "mainsetting",
    "app_label": "util"
  },
  "model": "contenttypes.contenttype",
  "pk": 27
},
{
  "fields": {
    "model": "customsetting",
    "app_label": "util"
  },
  "model": "contenttypes.contenttype",
  "pk": 28
},
{
  "fields": {
    "model": "state",
    "app_label": "util"
  },
  "model": "contenttypes.contenttype",
  "pk": 29
},
{
  "fields": {
    "model": "workorderstatus",
    "app_label": "order"
  },
  "model": "contenttypes.contenttype",
  "pk": 30
},
{
  "fields": {
    "model": "workorder",
    "app_label": "order"
  },
  "model": "contenttypes.contenttype",
  "pk": 31
},
{
  "fields": {
    "domain": "example.com",
    "name": "example.com"
  },
  "model": "sites.site",
  "pk": 1
},
{
  "fields": {
    "code": "usd",
    "name": "US Dollar",
    "created": "2015-08-14T20:31:48.621Z",
    "deleted": null,
    "symbol": "$",
    "format": "$00.00",
    "modified": "2015-08-14T20:31:48.621Z"
  },
  "model": "accounting.currency",
  "pk": "4f95bc60-542a-4dd0-943b-40ac8bb64b16"
},
{
  "fields": {
    "deleted": null,
    "description": "active",
    "modified": "2015-08-14T20:31:48.634Z",
    "name": "",
    "created": "2015-08-14T20:31:48.634Z"
  },
  "model": "person.personstatus",
  "pk": "119a88b9-d7c8-4f3b-b09e-324ed399ed2f"
},
{
  "fields": {
    "codename": "add_logentry",
    "name": "Can add log entry",
    "content_type": 1
  },
  "model": "auth.permission",
  "pk": 1
},
{
  "fields": {
    "codename": "change_logentry",
    "name": "Can change log entry",
    "content_type": 1
  },
  "model": "auth.permission",
  "pk": 2
},
{
  "fields": {
    "codename": "delete_logentry",
    "name": "Can delete log entry",
    "content_type": 1
  },
  "model": "auth.permission",
  "pk": 3
},
{
  "fields": {
    "codename": "add_permission",
    "name": "Can add permission",
    "content_type": 2
  },
  "model": "auth.permission",
  "pk": 4
},
{
  "fields": {
    "codename": "change_permission",
    "name": "Can change permission",
    "content_type": 2
  },
  "model": "auth.permission",
  "pk": 5
},
{
  "fields": {
    "codename": "delete_permission",
    "name": "Can delete permission",
    "content_type": 2
  },
  "model": "auth.permission",
  "pk": 6
},
{
  "fields": {
    "codename": "add_group",
    "name": "Can add group",
    "content_type": 3
  },
  "model": "auth.permission",
  "pk": 7
},
{
  "fields": {
    "codename": "change_group",
    "name": "Can change group",
    "content_type": 3
  },
  "model": "auth.permission",
  "pk": 8
},
{
  "fields": {
    "codename": "delete_group",
    "name": "Can delete group",
    "content_type": 3
  },
  "model": "auth.permission",
  "pk": 9
},
{
  "fields": {
    "codename": "add_contenttype",
    "name": "Can add content type",
    "content_type": 4
  },
  "model": "auth.permission",
  "pk": 10
},
{
  "fields": {
    "codename": "change_contenttype",
    "name": "Can change content type",
    "content_type": 4
  },
  "model": "auth.permission",
  "pk": 11
},
{
  "fields": {
    "codename": "delete_contenttype",
    "name": "Can delete content type",
    "content_type": 4
  },
  "model": "auth.permission",
  "pk": 12
},
{
  "fields": {
    "codename": "add_session",
    "name": "Can add session",
    "content_type": 5
  },
  "model": "auth.permission",
  "pk": 13
},
{
  "fields": {
    "codename": "change_session",
    "name": "Can change session",
    "content_type": 5
  },
  "model": "auth.permission",
  "pk": 14
},
{
  "fields": {
    "codename": "delete_session",
    "name": "Can delete session",
    "content_type": 5
  },
  "model": "auth.permission",
  "pk": 15
},
{
  "fields": {
    "codename": "add_site",
    "name": "Can add site",
    "content_type": 6
  },
  "model": "auth.permission",
  "pk": 16
},
{
  "fields": {
    "codename": "change_site",
    "name": "Can change site",
    "content_type": 6
  },
  "model": "auth.permission",
  "pk": 17
},
{
  "fields": {
    "codename": "delete_site",
    "name": "Can delete site",
    "content_type": 6
  },
  "model": "auth.permission",
  "pk": 18
},
{
  "fields": {
    "codename": "add_flatpage",
    "name": "Can add flat page",
    "content_type": 7
  },
  "model": "auth.permission",
  "pk": 19
},
{
  "fields": {
    "codename": "change_flatpage",
    "name": "Can change flat page",
    "content_type": 7
  },
  "model": "auth.permission",
  "pk": 20
},
{
  "fields": {
    "codename": "delete_flatpage",
    "name": "Can delete flat page",
    "content_type": 7
  },
  "model": "auth.permission",
  "pk": 21
},
{
  "fields": {
    "codename": "add_corsmodel",
    "name": "Can add cors model",
    "content_type": 8
  },
  "model": "auth.permission",
  "pk": 22
},
{
  "fields": {
    "codename": "change_corsmodel",
    "name": "Can change cors model",
    "content_type": 8
  },
  "model": "auth.permission",
  "pk": 23
},
{
  "fields": {
    "codename": "delete_corsmodel",
    "name": "Can delete cors model",
    "content_type": 8
  },
  "model": "auth.permission",
  "pk": 24
},
{
  "fields": {
    "codename": "add_currency",
    "name": "Can add currency",
    "content_type": 9
  },
  "model": "auth.permission",
  "pk": 25
},
{
  "fields": {
    "codename": "change_currency",
    "name": "Can change currency",
    "content_type": 9
  },
  "model": "auth.permission",
  "pk": 26
},
{
  "fields": {
    "codename": "delete_currency",
    "name": "Can delete currency",
    "content_type": 9
  },
  "model": "auth.permission",
  "pk": 27
},
{
  "fields": {
    "codename": "add_categorytype",
    "name": "Can add category type",
    "content_type": 10
  },
  "model": "auth.permission",
  "pk": 28
},
{
  "fields": {
    "codename": "change_categorytype",
    "name": "Can change category type",
    "content_type": 10
  },
  "model": "auth.permission",
  "pk": 29
},
{
  "fields": {
    "codename": "delete_categorytype",
    "name": "Can delete category type",
    "content_type": 10
  },
  "model": "auth.permission",
  "pk": 30
},
{
  "fields": {
    "codename": "add_category",
    "name": "Can add category",
    "content_type": 11
  },
  "model": "auth.permission",
  "pk": 31
},
{
  "fields": {
    "codename": "change_category",
    "name": "Can change category",
    "content_type": 11
  },
  "model": "auth.permission",
  "pk": 32
},
{
  "fields": {
    "codename": "delete_category",
    "name": "Can delete category",
    "content_type": 11
  },
  "model": "auth.permission",
  "pk": 33
},
{
  "fields": {
    "codename": "add_phonenumbertype",
    "name": "Can add phone number type",
    "content_type": 12
  },
  "model": "auth.permission",
  "pk": 34
},
{
  "fields": {
    "codename": "change_phonenumbertype",
    "name": "Can change phone number type",
    "content_type": 12
  },
  "model": "auth.permission",
  "pk": 35
},
{
  "fields": {
    "codename": "delete_phonenumbertype",
    "name": "Can delete phone number type",
    "content_type": 12
  },
  "model": "auth.permission",
  "pk": 36
},
{
  "fields": {
    "codename": "add_phonenumber",
    "name": "Can add phone number",
    "content_type": 13
  },
  "model": "auth.permission",
  "pk": 37
},
{
  "fields": {
    "codename": "change_phonenumber",
    "name": "Can change phone number",
    "content_type": 13
  },
  "model": "auth.permission",
  "pk": 38
},
{
  "fields": {
    "codename": "delete_phonenumber",
    "name": "Can delete phone number",
    "content_type": 13
  },
  "model": "auth.permission",
  "pk": 39
},
{
  "fields": {
    "codename": "add_addresstype",
    "name": "Can add address type",
    "content_type": 14
  },
  "model": "auth.permission",
  "pk": 40
},
{
  "fields": {
    "codename": "change_addresstype",
    "name": "Can change address type",
    "content_type": 14
  },
  "model": "auth.permission",
  "pk": 41
},
{
  "fields": {
    "codename": "delete_addresstype",
    "name": "Can delete address type",
    "content_type": 14
  },
  "model": "auth.permission",
  "pk": 42
},
{
  "fields": {
    "codename": "add_address",
    "name": "Can add address",
    "content_type": 15
  },
  "model": "auth.permission",
  "pk": 43
},
{
  "fields": {
    "codename": "change_address",
    "name": "Can change address",
    "content_type": 15
  },
  "model": "auth.permission",
  "pk": 44
},
{
  "fields": {
    "codename": "delete_address",
    "name": "Can delete address",
    "content_type": 15
  },
  "model": "auth.permission",
  "pk": 45
},
{
  "fields": {
    "codename": "add_emailtype",
    "name": "Can add email type",
    "content_type": 16
  },
  "model": "auth.permission",
  "pk": 46
},
{
  "fields": {
    "codename": "change_emailtype",
    "name": "Can change email type",
    "content_type": 16
  },
  "model": "auth.permission",
  "pk": 47
},
{
  "fields": {
    "codename": "delete_emailtype",
    "name": "Can delete email type",
    "content_type": 16
  },
  "model": "auth.permission",
  "pk": 48
},
{
  "fields": {
    "codename": "add_email",
    "name": "Can add email",
    "content_type": 17
  },
  "model": "auth.permission",
  "pk": 49
},
{
  "fields": {
    "codename": "change_email",
    "name": "Can change email",
    "content_type": 17
  },
  "model": "auth.permission",
  "pk": 50
},
{
  "fields": {
    "codename": "delete_email",
    "name": "Can delete email",
    "content_type": 17
  },
  "model": "auth.permission",
  "pk": 51
},
{
  "fields": {
    "codename": "add_locationlevel",
    "name": "Can add location level",
    "content_type": 18
  },
  "model": "auth.permission",
  "pk": 52
},
{
  "fields": {
    "codename": "change_locationlevel",
    "name": "Can change location level",
    "content_type": 18
  },
  "model": "auth.permission",
  "pk": 53
},
{
  "fields": {
    "codename": "delete_locationlevel",
    "name": "Can delete location level",
    "content_type": 18
  },
  "model": "auth.permission",
  "pk": 54
},
{
  "fields": {
    "codename": "add_locationstatus",
    "name": "Can add location status",
    "content_type": 19
  },
  "model": "auth.permission",
  "pk": 55
},
{
  "fields": {
    "codename": "change_locationstatus",
    "name": "Can change location status",
    "content_type": 19
  },
  "model": "auth.permission",
  "pk": 56
},
{
  "fields": {
    "codename": "delete_locationstatus",
    "name": "Can delete location status",
    "content_type": 19
  },
  "model": "auth.permission",
  "pk": 57
},
{
  "fields": {
    "codename": "add_locationtype",
    "name": "Can add location type",
    "content_type": 20
  },
  "model": "auth.permission",
  "pk": 58
},
{
  "fields": {
    "codename": "change_locationtype",
    "name": "Can change location type",
    "content_type": 20
  },
  "model": "auth.permission",
  "pk": 59
},
{
  "fields": {
    "codename": "delete_locationtype",
    "name": "Can delete location type",
    "content_type": 20
  },
  "model": "auth.permission",
  "pk": 60
},
{
  "fields": {
    "codename": "add_location",
    "name": "Can add location",
    "content_type": 21
  },
  "model": "auth.permission",
  "pk": 61
},
{
  "fields": {
    "codename": "change_location",
    "name": "Can change location",
    "content_type": 21
  },
  "model": "auth.permission",
  "pk": 62
},
{
  "fields": {
    "codename": "delete_location",
    "name": "Can delete location",
    "content_type": 21
  },
  "model": "auth.permission",
  "pk": 63
},
{
  "fields": {
    "codename": "add_role",
    "name": "Can add role",
    "content_type": 22
  },
  "model": "auth.permission",
  "pk": 64
},
{
  "fields": {
    "codename": "change_role",
    "name": "Can change role",
    "content_type": 22
  },
  "model": "auth.permission",
  "pk": 65
},
{
  "fields": {
    "codename": "delete_role",
    "name": "Can delete role",
    "content_type": 22
  },
  "model": "auth.permission",
  "pk": 66
},
{
  "fields": {
    "codename": "add_proxyrole",
    "name": "Can add proxy role",
    "content_type": 23
  },
  "model": "auth.permission",
  "pk": 67
},
{
  "fields": {
    "codename": "change_proxyrole",
    "name": "Can change proxy role",
    "content_type": 23
  },
  "model": "auth.permission",
  "pk": 68
},
{
  "fields": {
    "codename": "delete_proxyrole",
    "name": "Can delete proxy role",
    "content_type": 23
  },
  "model": "auth.permission",
  "pk": 69
},
{
  "fields": {
    "codename": "add_personstatus",
    "name": "Can add person status",
    "content_type": 24
  },
  "model": "auth.permission",
  "pk": 70
},
{
  "fields": {
    "codename": "change_personstatus",
    "name": "Can change person status",
    "content_type": 24
  },
  "model": "auth.permission",
  "pk": 71
},
{
  "fields": {
    "codename": "delete_personstatus",
    "name": "Can delete person status",
    "content_type": 24
  },
  "model": "auth.permission",
  "pk": 72
},
{
  "fields": {
    "codename": "add_person",
    "name": "Can add person",
    "content_type": 25
  },
  "model": "auth.permission",
  "pk": 73
},
{
  "fields": {
    "codename": "change_person",
    "name": "Can change person",
    "content_type": 25
  },
  "model": "auth.permission",
  "pk": 74
},
{
  "fields": {
    "codename": "delete_person",
    "name": "Can delete person",
    "content_type": 25
  },
  "model": "auth.permission",
  "pk": 75
},
{
  "fields": {
    "codename": "add_tester",
    "name": "Can add tester",
    "content_type": 26
  },
  "model": "auth.permission",
  "pk": 76
},
{
  "fields": {
    "codename": "change_tester",
    "name": "Can change tester",
    "content_type": 26
  },
  "model": "auth.permission",
  "pk": 77
},
{
  "fields": {
    "codename": "delete_tester",
    "name": "Can delete tester",
    "content_type": 26
  },
  "model": "auth.permission",
  "pk": 78
},
{
  "fields": {
    "codename": "add_mainsetting",
    "name": "Can add main setting",
    "content_type": 27
  },
  "model": "auth.permission",
  "pk": 79
},
{
  "fields": {
    "codename": "change_mainsetting",
    "name": "Can change main setting",
    "content_type": 27
  },
  "model": "auth.permission",
  "pk": 80
},
{
  "fields": {
    "codename": "delete_mainsetting",
    "name": "Can delete main setting",
    "content_type": 27
  },
  "model": "auth.permission",
  "pk": 81
},
{
  "fields": {
    "codename": "add_customsetting",
    "name": "Can add custom setting",
    "content_type": 28
  },
  "model": "auth.permission",
  "pk": 82
},
{
  "fields": {
    "codename": "change_customsetting",
    "name": "Can change custom setting",
    "content_type": 28
  },
  "model": "auth.permission",
  "pk": 83
},
{
  "fields": {
    "codename": "delete_customsetting",
    "name": "Can delete custom setting",
    "content_type": 28
  },
  "model": "auth.permission",
  "pk": 84
},
{
  "fields": {
    "codename": "add_state",
    "name": "Can add state",
    "content_type": 29
  },
  "model": "auth.permission",
  "pk": 85
},
{
  "fields": {
    "codename": "change_state",
    "name": "Can change state",
    "content_type": 29
  },
  "model": "auth.permission",
  "pk": 86
},
{
  "fields": {
    "codename": "delete_state",
    "name": "Can delete state",
    "content_type": 29
  },
  "model": "auth.permission",
  "pk": 87
},
{
  "fields": {
    "codename": "add_workorderstatus",
    "name": "Can add work order status",
    "content_type": 30
  },
  "model": "auth.permission",
  "pk": 88
},
{
  "fields": {
    "codename": "change_workorderstatus",
    "name": "Can change work order status",
    "content_type": 30
  },
  "model": "auth.permission",
  "pk": 89
},
{
  "fields": {
    "codename": "delete_workorderstatus",
    "name": "Can delete work order status",
    "content_type": 30
  },
  "model": "auth.permission",
  "pk": 90
},
{
  "fields": {
    "codename": "add_workorder",
    "name": "Can add work order",
    "content_type": 31
  },
  "model": "auth.permission",
  "pk": 91
},
{
  "fields": {
    "codename": "change_workorder",
    "name": "Can change work order",
    "content_type": 31
  },
  "model": "auth.permission",
  "pk": 92
},
{
  "fields": {
    "codename": "delete_workorder",
    "name": "Can delete work order",
    "content_type": 31
  },
  "model": "auth.permission",
  "pk": 93
},
{
  "fields": {
    "name": "swiBXVTLaF",
    "permissions": []
  },
  "model": "auth.group",
  "pk": 1
},
{
  "fields": {
    "name": "MEIIbcZnmj",
    "permissions": []
  },
  "model": "auth.group",
  "pk": 2
},
{
  "fields": {
    "name": "LRNvRFDhyo",
    "permissions": []
  },
  "model": "auth.group",
  "pk": 3
},
{
  "fields": {
    "name": "YLpEufpbkm",
    "permissions": []
  },
  "model": "auth.group",
  "pk": 4
},
{
  "fields": {
    "name": "YAavCsEMDb",
    "permissions": []
  },
  "model": "auth.group",
  "pk": 5
},
{
  "fields": {
    "name": "CnQCeBqilM",
    "permissions": []
  },
  "model": "auth.group",
  "pk": 6
},
{
  "fields": {
    "name": "nJwGmGXcYb",
    "permissions": []
  },
  "model": "auth.group",
  "pk": 7
},
{
  "fields": {
    "name": "ApsoLskvtA",
    "permissions": []
  },
  "model": "auth.group",
  "pk": 8
},
{
  "fields": {
    "name": "ARyhBLyOcR",
    "permissions": []
  },
  "model": "auth.group",
  "pk": 9
},
{
  "fields": {
    "name": "lQFrqFqnVY",
    "permissions": []
  },
  "model": "auth.group",
  "pk": 10
},
{
  "fields": {
    "name": "moEVjhVFqN",
    "permissions": []
  },
  "model": "auth.group",
  "pk": 11
},
{
  "fields": {
    "name": "efTuKWTzPF",
    "permissions": []
  },
  "model": "auth.group",
  "pk": 12
},
{
  "fields": {
    "name": "rtUnibEvWL",
    "permissions": []
  },
  "model": "auth.group",
  "pk": 13
},
{
  "fields": {
    "name": "HvNVzuufCR",
    "permissions": []
  },
  "model": "auth.group",
  "pk": 14
},
{
  "fields": {
    "name": "qNRVPTczor",
    "permissions": []
  },
  "model": "auth.group",
  "pk": 15
},
{
  "fields": {
    "name": "OzKbPVaElE",
    "permissions": []
  },
  "model": "auth.group",
  "pk": 16
},
{
  "fields": {
    "name": "YWuZHkCsSs",
    "permissions": []
  },
  "model": "auth.group",
  "pk": 17
},
{
  "fields": {
    "name": "PllrExSxfg",
    "permissions": []
  },
  "model": "auth.group",
  "pk": 18
},
{
  "fields": {
    "name": "YyWpuIoROT",
    "permissions": []
  },
  "model": "auth.group",
  "pk": 19
},
{
  "fields": {
    "name": "SpDzgCioLQ",
    "permissions": []
  },
  "model": "auth.group",
  "pk": 20
},
{
  "fields": {
    "name": "RaGpUIjMzA",
    "permissions": []
  },
  "model": "auth.group",
  "pk": 21
},
{
  "fields": {
    "name": "fpjnWbEODo",
    "permissions": []
  },
  "model": "auth.group",
  "pk": 22
},
{
  "fields": {
    "name": "skvmjhqXvW",
    "permissions": []
  },
  "model": "auth.group",
  "pk": 23
},
{
  "fields": {
    "name": "QOyxRRLRFf",
    "permissions": []
  },
  "model": "auth.group",
  "pk": 24
},
{
  "fields": {
    "name": "jhVuiodzFo",
    "permissions": []
  },
  "model": "auth.group",
  "pk": 25
},
{
  "fields": {
    "name": "CWdcjQnkON",
    "permissions": []
  },
  "model": "auth.group",
  "pk": 26
},
{
  "fields": {
    "msg_stored_link": false,
    "msg_copy_default": false,
    "tabs": "",
    "msg_copy_email": false,
    "create_all": false,
    "allow_approval": false,
    "msg_viewall": false,
    "inv_select_assign": "all",
    "inv_autoapprove": false,
    "dashboad_links": "",
    "proxy_set": false,
    "password_expire_alert": true,
    "password_min_length": 6,
    "group": 4,
    "default_accept_notify": true,
    "password_history_length": null,
    "inv_wo_status": null,
    "proxy_approval_bypass": false,
    "password_char_types": "SpRArQQasCkMQovmNWTyJKQVxbTMcFCKlIYfInxLvJReVghrPqcIwXbawXXXVMdoHxIbUZUAtxIYPqgArGWQgVEhHsvnWzamcSUn",
    "dashboad_text": "",
    "password_expire": null,
    "inv_max_approval_currency": "usd",
    "wo_show_tkt_attach": false,
    "wo_show_inactive": false,
    "deleted": null,
    "msg_address": false,
    "wo_days_backdate": null,
    "inv_max_approval_amount": 0,
    "default_accept_assign": true,
    "location_level": null,
    "accept_notify": false,
    "role_type": "Internal",
    "inv_close_wo": "Do not display",
    "name": "YLpEufpbkm",
    "created": "2015-08-14T20:31:49.334Z",
    "wo_edit_closeout": false,
    "modules": "",
    "modified": "2015-08-14T20:31:49.334Z",
    "inv_req_attach": true,
    "wo_allow_backdate": false,
    "default_auth_currency": "4f95bc60-542a-4dd0-943b-40ac8bb64b16",
    "default_auth_amount": "0.0000",
    "inv_wait": null,
    "wo_notes": false,
    "accept_assign": false,
    "inv_options": "new"
  },
  "model": "person.role",
  "pk": "04833438-1cf3-417f-b0cd-3882c5698057"
},
{
  "fields": {
    "msg_stored_link": false,
    "msg_copy_default": false,
    "tabs": "",
    "msg_copy_email": false,
    "create_all": false,
    "allow_approval": false,
    "msg_viewall": false,
    "inv_select_assign": "all",
    "inv_autoapprove": false,
    "dashboad_links": "",
    "proxy_set": false,
    "password_expire_alert": true,
    "password_min_length": 6,
    "group": 25,
    "default_accept_notify": true,
    "password_history_length": null,
    "inv_wo_status": null,
    "proxy_approval_bypass": false,
    "password_char_types": "DXCXTEHHSMJDhvksAKkjCJpJcenjdOAasjAUwIpsCbdjeFcaHSNqJxIDOGPNSUZMGsGWdnoRhKXvuiEVvVhpvkfgKXiMqByOswUl",
    "dashboad_text": "",
    "password_expire": null,
    "inv_max_approval_currency": "usd",
    "wo_show_tkt_attach": false,
    "wo_show_inactive": false,
    "deleted": null,
    "msg_address": false,
    "wo_days_backdate": null,
    "inv_max_approval_amount": 0,
    "default_accept_assign": true,
    "location_level": null,
    "accept_notify": false,
    "role_type": "Internal",
    "inv_close_wo": "Do not display",
    "name": "jhVuiodzFo",
    "created": "2015-08-14T20:31:49.613Z",
    "wo_edit_closeout": false,
    "modules": "",
    "modified": "2015-08-14T20:31:49.613Z",
    "inv_req_attach": true,
    "wo_allow_backdate": false,
    "default_auth_currency": "4f95bc60-542a-4dd0-943b-40ac8bb64b16",
    "default_auth_amount": "0.0000",
    "inv_wait": null,
    "wo_notes": false,
    "accept_assign": false,
    "inv_options": "new"
  },
  "model": "person.role",
  "pk": "1d18b6fa-3b82-40f4-9d4c-1f2ce16709ca"
},
{
  "fields": {
    "msg_stored_link": false,
    "msg_copy_default": false,
    "tabs": "",
    "msg_copy_email": false,
    "create_all": false,
    "allow_approval": false,
    "msg_viewall": false,
    "inv_select_assign": "all",
    "inv_autoapprove": false,
    "dashboad_links": "",
    "proxy_set": false,
    "password_expire_alert": true,
    "password_min_length": 6,
    "group": 7,
    "default_accept_notify": true,
    "password_history_length": null,
    "inv_wo_status": null,
    "proxy_approval_bypass": false,
    "password_char_types": "LJzIjUkBMBwYkKVKVGWKKwkgKTNlguJXkzbVHESNTLiPRBZgPnbMYxkaOmKBfdyENHVqIDiyGpaaHkhSwIhFQfOSyposdSrVltxw",
    "dashboad_text": "",
    "password_expire": null,
    "inv_max_approval_currency": "usd",
    "wo_show_tkt_attach": false,
    "wo_show_inactive": false,
    "deleted": null,
    "msg_address": false,
    "wo_days_backdate": null,
    "inv_max_approval_amount": 0,
    "default_accept_assign": true,
    "location_level": null,
    "accept_notify": false,
    "role_type": "Internal",
    "inv_close_wo": "Do not display",
    "name": "nJwGmGXcYb",
    "created": "2015-08-14T20:31:49.376Z",
    "wo_edit_closeout": false,
    "modules": "",
    "modified": "2015-08-14T20:31:49.376Z",
    "inv_req_attach": true,
    "wo_allow_backdate": false,
    "default_auth_currency": "4f95bc60-542a-4dd0-943b-40ac8bb64b16",
    "default_auth_amount": "0.0000",
    "inv_wait": null,
    "wo_notes": false,
    "accept_assign": false,
    "inv_options": "new"
  },
  "model": "person.role",
  "pk": "24adaef9-7265-42c4-ad9e-a3365e2481c1"
},
{
  "fields": {
    "msg_stored_link": false,
    "msg_copy_default": false,
    "tabs": "",
    "msg_copy_email": false,
    "create_all": false,
    "allow_approval": false,
    "msg_viewall": false,
    "inv_select_assign": "all",
    "inv_autoapprove": false,
    "dashboad_links": "",
    "proxy_set": false,
    "password_expire_alert": true,
    "password_min_length": 6,
    "group": 13,
    "default_accept_notify": true,
    "password_history_length": null,
    "inv_wo_status": null,
    "proxy_approval_bypass": false,
    "password_char_types": "SWljJKwdESaUdUORPdkvnMxVIeUdmuKFURxVBhFIyizmTUhBTzuJrIgDQvqgnhdHJsrUIpnDEtdqJzlevYfWoLxPULwOohzWigbx",
    "dashboad_text": "",
    "password_expire": null,
    "inv_max_approval_currency": "usd",
    "wo_show_tkt_attach": false,
    "wo_show_inactive": false,
    "deleted": null,
    "msg_address": false,
    "wo_days_backdate": null,
    "inv_max_approval_amount": 0,
    "default_accept_assign": true,
    "location_level": null,
    "accept_notify": false,
    "role_type": "Internal",
    "inv_close_wo": "Do not display",
    "name": "rtUnibEvWL",
    "created": "2015-08-14T20:31:49.456Z",
    "wo_edit_closeout": false,
    "modules": "",
    "modified": "2015-08-14T20:31:49.456Z",
    "inv_req_attach": true,
    "wo_allow_backdate": false,
    "default_auth_currency": "4f95bc60-542a-4dd0-943b-40ac8bb64b16",
    "default_auth_amount": "0.0000",
    "inv_wait": null,
    "wo_notes": false,
    "accept_assign": false,
    "inv_options": "new"
  },
  "model": "person.role",
  "pk": "4d21823d-63ff-43fd-85aa-48f49236370d"
},
{
  "fields": {
    "msg_stored_link": false,
    "msg_copy_default": false,
    "tabs": "",
    "msg_copy_email": false,
    "create_all": false,
    "allow_approval": false,
    "msg_viewall": false,
    "inv_select_assign": "all",
    "inv_autoapprove": false,
    "dashboad_links": "",
    "proxy_set": false,
    "password_expire_alert": true,
    "password_min_length": 6,
    "group": 16,
    "default_accept_notify": true,
    "password_history_length": null,
    "inv_wo_status": null,
    "proxy_approval_bypass": false,
    "password_char_types": "QspkNYohEEhMeUBwtgQSyDjqyKNJVwFabKQaGnBkQKbgUvvJAPsKAMmDefTAumLeQyNnPXlVWUvSXYlmHqRUnmkiXGMRsiGDAOin",
    "dashboad_text": "",
    "password_expire": null,
    "inv_max_approval_currency": "usd",
    "wo_show_tkt_attach": false,
    "wo_show_inactive": false,
    "deleted": null,
    "msg_address": false,
    "wo_days_backdate": null,
    "inv_max_approval_amount": 0,
    "default_accept_assign": true,
    "location_level": null,
    "accept_notify": false,
    "role_type": "Internal",
    "inv_close_wo": "Do not display",
    "name": "OzKbPVaElE",
    "created": "2015-08-14T20:31:49.496Z",
    "wo_edit_closeout": false,
    "modules": "",
    "modified": "2015-08-14T20:31:49.496Z",
    "inv_req_attach": true,
    "wo_allow_backdate": false,
    "default_auth_currency": "4f95bc60-542a-4dd0-943b-40ac8bb64b16",
    "default_auth_amount": "0.0000",
    "inv_wait": null,
    "wo_notes": false,
    "accept_assign": false,
    "inv_options": "new"
  },
  "model": "person.role",
  "pk": "72e3531b-ade1-4560-86fa-848fadaa2f90"
},
{
  "fields": {
    "msg_stored_link": false,
    "msg_copy_default": false,
    "tabs": "",
    "msg_copy_email": false,
    "create_all": false,
    "allow_approval": false,
    "msg_viewall": false,
    "inv_select_assign": "all",
    "inv_autoapprove": false,
    "dashboad_links": "",
    "proxy_set": false,
    "password_expire_alert": true,
    "password_min_length": 6,
    "group": 14,
    "default_accept_notify": true,
    "password_history_length": null,
    "inv_wo_status": null,
    "proxy_approval_bypass": false,
    "password_char_types": "hmTWdikSQcCEiFsxLBtcycUMLUpGbTLNtmreXRKIAwOMfplaSTQrgdyFhpHKiPIQLclfjFevxzVRoIOGQvupVYclWENswXLolrKh",
    "dashboad_text": "",
    "password_expire": null,
    "inv_max_approval_currency": "usd",
    "wo_show_tkt_attach": false,
    "wo_show_inactive": false,
    "deleted": null,
    "msg_address": false,
    "wo_days_backdate": null,
    "inv_max_approval_amount": 0,
    "default_accept_assign": true,
    "location_level": null,
    "accept_notify": false,
    "role_type": "Internal",
    "inv_close_wo": "Do not display",
    "name": "HvNVzuufCR",
    "created": "2015-08-14T20:31:49.469Z",
    "wo_edit_closeout": false,
    "modules": "",
    "modified": "2015-08-14T20:31:49.469Z",
    "inv_req_attach": true,
    "wo_allow_backdate": false,
    "default_auth_currency": "4f95bc60-542a-4dd0-943b-40ac8bb64b16",
    "default_auth_amount": "0.0000",
    "inv_wait": null,
    "wo_notes": false,
    "accept_assign": false,
    "inv_options": "new"
  },
  "model": "person.role",
  "pk": "9515b58a-9092-43c6-939a-641c4b22a452"
},
{
  "fields": {
    "msg_stored_link": false,
    "msg_copy_default": false,
    "tabs": "",
    "msg_copy_email": false,
    "create_all": false,
    "allow_approval": false,
    "msg_viewall": false,
    "inv_select_assign": "all",
    "inv_autoapprove": false,
    "dashboad_links": "",
    "proxy_set": false,
    "password_expire_alert": true,
    "password_min_length": 6,
    "group": 2,
    "default_accept_notify": true,
    "password_history_length": null,
    "inv_wo_status": null,
    "proxy_approval_bypass": false,
    "password_char_types": "cpiSGQMPypXFXpJBrxTiQCRkLneDCUdnqojQScgsWcjXtOUkiczLjhYyXyKyFWtFPsTRFVowxkbbQFgqvkODWDUztRttpLfPaHOz",
    "dashboad_text": "",
    "password_expire": null,
    "inv_max_approval_currency": "usd",
    "wo_show_tkt_attach": false,
    "wo_show_inactive": false,
    "deleted": null,
    "msg_address": false,
    "wo_days_backdate": null,
    "inv_max_approval_amount": 0,
    "default_accept_assign": true,
    "location_level": null,
    "accept_notify": false,
    "role_type": "Internal",
    "inv_close_wo": "Do not display",
    "name": "MEIIbcZnmj",
    "created": "2015-08-14T20:31:49.303Z",
    "wo_edit_closeout": false,
    "modules": "",
    "modified": "2015-08-14T20:31:49.303Z",
    "inv_req_attach": true,
    "wo_allow_backdate": false,
    "default_auth_currency": "4f95bc60-542a-4dd0-943b-40ac8bb64b16",
    "default_auth_amount": "0.0000",
    "inv_wait": null,
    "wo_notes": false,
    "accept_assign": false,
    "inv_options": "new"
  },
  "model": "person.role",
  "pk": "9fd33bca-11d6-462c-8170-a519ceaec197"
},
{
  "fields": {
    "msg_stored_link": false,
    "msg_copy_default": false,
    "tabs": "",
    "msg_copy_email": false,
    "create_all": false,
    "allow_approval": false,
    "msg_viewall": false,
    "inv_select_assign": "all",
    "inv_autoapprove": false,
    "dashboad_links": "",
    "proxy_set": false,
    "password_expire_alert": true,
    "password_min_length": 6,
    "group": 24,
    "default_accept_notify": true,
    "password_history_length": null,
    "inv_wo_status": null,
    "proxy_approval_bypass": false,
    "password_char_types": "AsNIlmjLVnBIzRaCyxoFiqXBBSNMdanyfqKVvxJsNnZgCBEIRTXwSOjjkgVewhniADaXcpdMKhwLBEqshKnPmjxPkrfVzTcqwoxV",
    "dashboad_text": "",
    "password_expire": null,
    "inv_max_approval_currency": "usd",
    "wo_show_tkt_attach": false,
    "wo_show_inactive": false,
    "deleted": null,
    "msg_address": false,
    "wo_days_backdate": null,
    "inv_max_approval_amount": 0,
    "default_accept_assign": true,
    "location_level": null,
    "accept_notify": false,
    "role_type": "Internal",
    "inv_close_wo": "Do not display",
    "name": "QOyxRRLRFf",
    "created": "2015-08-14T20:31:49.600Z",
    "wo_edit_closeout": false,
    "modules": "",
    "modified": "2015-08-14T20:31:49.600Z",
    "inv_req_attach": true,
    "wo_allow_backdate": false,
    "default_auth_currency": "4f95bc60-542a-4dd0-943b-40ac8bb64b16",
    "default_auth_amount": "0.0000",
    "inv_wait": null,
    "wo_notes": false,
    "accept_assign": false,
    "inv_options": "new"
  },
  "model": "person.role",
  "pk": "a043ca81-8f24-4571-bde5-3f699fcdabde"
},
{
  "fields": {
    "msg_stored_link": false,
    "msg_copy_default": false,
    "tabs": "",
    "msg_copy_email": false,
    "create_all": false,
    "allow_approval": false,
    "msg_viewall": false,
    "inv_select_assign": "all",
    "inv_autoapprove": false,
    "dashboad_links": "",
    "proxy_set": false,
    "password_expire_alert": true,
    "password_min_length": 6,
    "group": 3,
    "default_accept_notify": true,
    "password_history_length": null,
    "inv_wo_status": null,
    "proxy_approval_bypass": false,
    "password_char_types": "OdwwRVgltMgcDjgpNtqJKzvdnqeLfBmEKQXadvRWcwwSpQxhjfURnPXqJcRRogCgWQzAStcbveyzzJpQjwIWKOnsjXZMvBmnhvGO",
    "dashboad_text": "",
    "password_expire": null,
    "inv_max_approval_currency": "usd",
    "wo_show_tkt_attach": false,
    "wo_show_inactive": false,
    "deleted": null,
    "msg_address": false,
    "wo_days_backdate": null,
    "inv_max_approval_amount": 0,
    "default_accept_assign": true,
    "location_level": null,
    "accept_notify": false,
    "role_type": "Internal",
    "inv_close_wo": "Do not display",
    "name": "LRNvRFDhyo",
    "created": "2015-08-14T20:31:49.318Z",
    "wo_edit_closeout": false,
    "modules": "",
    "modified": "2015-08-14T20:31:49.318Z",
    "inv_req_attach": true,
    "wo_allow_backdate": false,
    "default_auth_currency": "4f95bc60-542a-4dd0-943b-40ac8bb64b16",
    "default_auth_amount": "0.0000",
    "inv_wait": null,
    "wo_notes": false,
    "accept_assign": false,
    "inv_options": "new"
  },
  "model": "person.role",
  "pk": "aa0da0be-4967-421d-ba01-3caa4ded7269"
},
{
  "fields": {
    "msg_stored_link": false,
    "msg_copy_default": false,
    "tabs": "",
    "msg_copy_email": false,
    "create_all": false,
    "allow_approval": false,
    "msg_viewall": false,
    "inv_select_assign": "all",
    "inv_autoapprove": false,
    "dashboad_links": "",
    "proxy_set": false,
    "password_expire_alert": true,
    "password_min_length": 6,
    "group": 5,
    "default_accept_notify": true,
    "password_history_length": null,
    "inv_wo_status": null,
    "proxy_approval_bypass": false,
    "password_char_types": "vUaummZrMfCFZwvUBDcwhFFmDLLBsaEQhCgdlJqsQLSmMCZJBicejVsFFajrKtjtqORyYHxqDvxahvyUyuYGAcXJliiXdjVWuhoe",
    "dashboad_text": "",
    "password_expire": null,
    "inv_max_approval_currency": "usd",
    "wo_show_tkt_attach": false,
    "wo_show_inactive": false,
    "deleted": null,
    "msg_address": false,
    "wo_days_backdate": null,
    "inv_max_approval_amount": 0,
    "default_accept_assign": true,
    "location_level": null,
    "accept_notify": false,
    "role_type": "Internal",
    "inv_close_wo": "Do not display",
    "name": "YAavCsEMDb",
    "created": "2015-08-14T20:31:49.348Z",
    "wo_edit_closeout": false,
    "modules": "",
    "modified": "2015-08-14T20:31:49.348Z",
    "inv_req_attach": true,
    "wo_allow_backdate": false,
    "default_auth_currency": "4f95bc60-542a-4dd0-943b-40ac8bb64b16",
    "default_auth_amount": "0.0000",
    "inv_wait": null,
    "wo_notes": false,
    "accept_assign": false,
    "inv_options": "new"
  },
  "model": "person.role",
  "pk": "ad84232f-8013-474f-b4ad-7f570aaa5d21"
},
{
  "fields": {
    "msg_stored_link": false,
    "msg_copy_default": false,
    "tabs": "",
    "msg_copy_email": false,
    "create_all": false,
    "allow_approval": false,
    "msg_viewall": false,
    "inv_select_assign": "all",
    "inv_autoapprove": false,
    "dashboad_links": "",
    "proxy_set": false,
    "password_expire_alert": true,
    "password_min_length": 6,
    "group": 10,
    "default_accept_notify": true,
    "password_history_length": null,
    "inv_wo_status": null,
    "proxy_approval_bypass": false,
    "password_char_types": "OLpmPcJPPMeGxCUroCETDUKmJYhSQoTupeAnwpeZQfYTLmlxITfXdJzdxkqqzdOvvohnyCRZLYHYbDIfnFDunpDJgThQqTcXAFTS",
    "dashboad_text": "",
    "password_expire": null,
    "inv_max_approval_currency": "usd",
    "wo_show_tkt_attach": false,
    "wo_show_inactive": false,
    "deleted": null,
    "msg_address": false,
    "wo_days_backdate": null,
    "inv_max_approval_amount": 0,
    "default_accept_assign": true,
    "location_level": null,
    "accept_notify": false,
    "role_type": "Internal",
    "inv_close_wo": "Do not display",
    "name": "lQFrqFqnVY",
    "created": "2015-08-14T20:31:49.415Z",
    "wo_edit_closeout": false,
    "modules": "",
    "modified": "2015-08-14T20:31:49.415Z",
    "inv_req_attach": true,
    "wo_allow_backdate": false,
    "default_auth_currency": "4f95bc60-542a-4dd0-943b-40ac8bb64b16",
    "default_auth_amount": "0.0000",
    "inv_wait": null,
    "wo_notes": false,
    "accept_assign": false,
    "inv_options": "new"
  },
  "model": "person.role",
  "pk": "af2f315e-76da-4add-9458-78688f46b877"
},
{
  "fields": {
    "msg_stored_link": false,
    "msg_copy_default": false,
    "tabs": "",
    "msg_copy_email": false,
    "create_all": false,
    "allow_approval": false,
    "msg_viewall": false,
    "inv_select_assign": "all",
    "inv_autoapprove": false,
    "dashboad_links": "",
    "proxy_set": false,
    "password_expire_alert": true,
    "password_min_length": 6,
    "group": 8,
    "default_accept_notify": true,
    "password_history_length": null,
    "inv_wo_status": null,
    "proxy_approval_bypass": false,
    "password_char_types": "aJFIvMpgknbVBjAvihNiAlFRaRmANsvgTWGDlBOQooBAqLgVbjJEhMpBcTluNpDCxXTGUWcjEmPaSasjklqSrDVRDbIjCoOiCOHP",
    "dashboad_text": "",
    "password_expire": null,
    "inv_max_approval_currency": "usd",
    "wo_show_tkt_attach": false,
    "wo_show_inactive": false,
    "deleted": null,
    "msg_address": false,
    "wo_days_backdate": null,
    "inv_max_approval_amount": 0,
    "default_accept_assign": true,
    "location_level": null,
    "accept_notify": false,
    "role_type": "Internal",
    "inv_close_wo": "Do not display",
    "name": "ApsoLskvtA",
    "created": "2015-08-14T20:31:49.390Z",
    "wo_edit_closeout": false,
    "modules": "",
    "modified": "2015-08-14T20:31:49.390Z",
    "inv_req_attach": true,
    "wo_allow_backdate": false,
    "default_auth_currency": "4f95bc60-542a-4dd0-943b-40ac8bb64b16",
    "default_auth_amount": "0.0000",
    "inv_wait": null,
    "wo_notes": false,
    "accept_assign": false,
    "inv_options": "new"
  },
  "model": "person.role",
  "pk": "b4047a74-1b2e-4a43-91e9-377d255beb92"
},
{
  "fields": {
    "msg_stored_link": false,
    "msg_copy_default": false,
    "tabs": "",
    "msg_copy_email": false,
    "create_all": false,
    "allow_approval": false,
    "msg_viewall": false,
    "inv_select_assign": "all",
    "inv_autoapprove": false,
    "dashboad_links": "",
    "proxy_set": false,
    "password_expire_alert": true,
    "password_min_length": 6,
    "group": 26,
    "default_accept_notify": true,
    "password_history_length": null,
    "inv_wo_status": null,
    "proxy_approval_bypass": false,
    "password_char_types": "vyWSJvgURYvKVsJdxTLNzjOGQqzzhsmWrpGQcIBNwFWuXWGgmShGUxWPVyxvKMWpVZIWTlNvrfbIHUxIrNOwkpcinGJsAmkmCuAz",
    "dashboad_text": "",
    "password_expire": null,
    "inv_max_approval_currency": "usd",
    "wo_show_tkt_attach": false,
    "wo_show_inactive": false,
    "deleted": null,
    "msg_address": false,
    "wo_days_backdate": null,
    "inv_max_approval_amount": 0,
    "default_accept_assign": true,
    "location_level": null,
    "accept_notify": false,
    "role_type": "Internal",
    "inv_close_wo": "Do not display",
    "name": "CWdcjQnkON",
    "created": "2015-08-14T20:31:49.627Z",
    "wo_edit_closeout": false,
    "modules": "",
    "modified": "2015-08-14T20:31:49.627Z",
    "inv_req_attach": true,
    "wo_allow_backdate": false,
    "default_auth_currency": "4f95bc60-542a-4dd0-943b-40ac8bb64b16",
    "default_auth_amount": "0.0000",
    "inv_wait": null,
    "wo_notes": false,
    "accept_assign": false,
    "inv_options": "new"
  },
  "model": "person.role",
  "pk": "b5edcd97-ef85-4996-8c44-be2ed6409cde"
},
{
  "fields": {
    "msg_stored_link": false,
    "msg_copy_default": false,
    "tabs": "",
    "msg_copy_email": false,
    "create_all": false,
    "allow_approval": false,
    "msg_viewall": false,
    "inv_select_assign": "all",
    "inv_autoapprove": false,
    "dashboad_links": "",
    "proxy_set": false,
    "password_expire_alert": true,
    "password_min_length": 6,
    "group": 15,
    "default_accept_notify": true,
    "password_history_length": null,
    "inv_wo_status": null,
    "proxy_approval_bypass": false,
    "password_char_types": "hnSVqRWGbABXogGsyqzGaBmTKmEGmMkBzOmnVuXXiBruGoZiQjnYbvYGbYqqEZPVrRXZArfIMhFEicnJJBnGAQFaMdPuaiPnyvUf",
    "dashboad_text": "",
    "password_expire": null,
    "inv_max_approval_currency": "usd",
    "wo_show_tkt_attach": false,
    "wo_show_inactive": false,
    "deleted": null,
    "msg_address": false,
    "wo_days_backdate": null,
    "inv_max_approval_amount": 0,
    "default_accept_assign": true,
    "location_level": null,
    "accept_notify": false,
    "role_type": "Internal",
    "inv_close_wo": "Do not display",
    "name": "qNRVPTczor",
    "created": "2015-08-14T20:31:49.482Z",
    "wo_edit_closeout": false,
    "modules": "",
    "modified": "2015-08-14T20:31:49.482Z",
    "inv_req_attach": true,
    "wo_allow_backdate": false,
    "default_auth_currency": "4f95bc60-542a-4dd0-943b-40ac8bb64b16",
    "default_auth_amount": "0.0000",
    "inv_wait": null,
    "wo_notes": false,
    "accept_assign": false,
    "inv_options": "new"
  },
  "model": "person.role",
  "pk": "c0a63d96-18d9-44a5-97a3-0ad0874c131c"
},
{
  "fields": {
    "msg_stored_link": false,
    "msg_copy_default": false,
    "tabs": "",
    "msg_copy_email": false,
    "create_all": false,
    "allow_approval": false,
    "msg_viewall": false,
    "inv_select_assign": "all",
    "inv_autoapprove": false,
    "dashboad_links": "",
    "proxy_set": false,
    "password_expire_alert": true,
    "password_min_length": 6,
    "group": 11,
    "default_accept_notify": true,
    "password_history_length": null,
    "inv_wo_status": null,
    "proxy_approval_bypass": false,
    "password_char_types": "tXshrvIvjxYKErUoDmaOBkLCcHFjwAiPrDWLfinFbkumaiunHdeqWOYLuCTZHbPfXBbbfWjpEqrFwxXiZebYfxEkfoCONPQZrKeb",
    "dashboad_text": "",
    "password_expire": null,
    "inv_max_approval_currency": "usd",
    "wo_show_tkt_attach": false,
    "wo_show_inactive": false,
    "deleted": null,
    "msg_address": false,
    "wo_days_backdate": null,
    "inv_max_approval_amount": 0,
    "default_accept_assign": true,
    "location_level": null,
    "accept_notify": false,
    "role_type": "Internal",
    "inv_close_wo": "Do not display",
    "name": "moEVjhVFqN",
    "created": "2015-08-14T20:31:49.429Z",
    "wo_edit_closeout": false,
    "modules": "",
    "modified": "2015-08-14T20:31:49.429Z",
    "inv_req_attach": true,
    "wo_allow_backdate": false,
    "default_auth_currency": "4f95bc60-542a-4dd0-943b-40ac8bb64b16",
    "default_auth_amount": "0.0000",
    "inv_wait": null,
    "wo_notes": false,
    "accept_assign": false,
    "inv_options": "new"
  },
  "model": "person.role",
  "pk": "cba236fe-8196-4f3a-a827-2fae0d5e36de"
},
{
  "fields": {
    "msg_stored_link": false,
    "msg_copy_default": false,
    "tabs": "",
    "msg_copy_email": false,
    "create_all": false,
    "allow_approval": false,
    "msg_viewall": false,
    "inv_select_assign": "all",
    "inv_autoapprove": false,
    "dashboad_links": "",
    "proxy_set": false,
    "password_expire_alert": true,
    "password_min_length": 6,
    "group": 23,
    "default_accept_notify": true,
    "password_history_length": null,
    "inv_wo_status": null,
    "proxy_approval_bypass": false,
    "password_char_types": "HXthRfdDtvFrtWyBlQFOJXzciNcZnwNUEIjbvepGOauhjPQFASFLNSaTAiMVzOJZYloyCITzECQseFmpiicfidvhrGLZOTDHsjtl",
    "dashboad_text": "",
    "password_expire": null,
    "inv_max_approval_currency": "usd",
    "wo_show_tkt_attach": false,
    "wo_show_inactive": false,
    "deleted": null,
    "msg_address": false,
    "wo_days_backdate": null,
    "inv_max_approval_amount": 0,
    "default_accept_assign": true,
    "location_level": null,
    "accept_notify": false,
    "role_type": "Internal",
    "inv_close_wo": "Do not display",
    "name": "skvmjhqXvW",
    "created": "2015-08-14T20:31:49.589Z",
    "wo_edit_closeout": false,
    "modules": "",
    "modified": "2015-08-14T20:31:49.589Z",
    "inv_req_attach": true,
    "wo_allow_backdate": false,
    "default_auth_currency": "4f95bc60-542a-4dd0-943b-40ac8bb64b16",
    "default_auth_amount": "0.0000",
    "inv_wait": null,
    "wo_notes": false,
    "accept_assign": false,
    "inv_options": "new"
  },
  "model": "person.role",
  "pk": "d75250a9-8afe-49b0-bfb2-1b793f485c84"
},
{
  "fields": {
    "msg_stored_link": false,
    "msg_copy_default": false,
    "tabs": "",
    "msg_copy_email": false,
    "create_all": false,
    "allow_approval": false,
    "msg_viewall": false,
    "inv_select_assign": "all",
    "inv_autoapprove": false,
    "dashboad_links": "",
    "proxy_set": false,
    "password_expire_alert": true,
    "password_min_length": 6,
    "group": 1,
    "default_accept_notify": true,
    "password_history_length": null,
    "inv_wo_status": null,
    "proxy_approval_bypass": false,
    "password_char_types": "KpHzDYGGLTlKZUoihhoXKTmJrUvkDuWMRqFWbNlCxgXHjyRWLjAqvdvnPWgqPOuMTNKzGhqCfLLyQkNTNsnBRizjKrpDiobyEikz",
    "dashboad_text": "",
    "password_expire": null,
    "inv_max_approval_currency": "usd",
    "wo_show_tkt_attach": false,
    "wo_show_inactive": false,
    "deleted": null,
    "msg_address": false,
    "wo_days_backdate": null,
    "inv_max_approval_amount": 0,
    "default_accept_assign": true,
    "location_level": null,
    "accept_notify": false,
    "role_type": "Internal",
    "inv_close_wo": "Do not display",
    "name": "swiBXVTLaF",
    "created": "2015-08-14T20:31:48.630Z",
    "wo_edit_closeout": false,
    "modules": "",
    "modified": "2015-08-14T20:31:48.630Z",
    "inv_req_attach": true,
    "wo_allow_backdate": false,
    "default_auth_currency": "4f95bc60-542a-4dd0-943b-40ac8bb64b16",
    "default_auth_amount": "0.0000",
    "inv_wait": null,
    "wo_notes": false,
    "accept_assign": false,
    "inv_options": "new"
  },
  "model": "person.role",
  "pk": "d8b546aa-5aac-4154-9afd-40d662d338b6"
},
{
  "fields": {
    "msg_stored_link": false,
    "msg_copy_default": false,
    "tabs": "",
    "msg_copy_email": false,
    "create_all": false,
    "allow_approval": false,
    "msg_viewall": false,
    "inv_select_assign": "all",
    "inv_autoapprove": false,
    "dashboad_links": "",
    "proxy_set": false,
    "password_expire_alert": true,
    "password_min_length": 6,
    "group": 12,
    "default_accept_notify": true,
    "password_history_length": null,
    "inv_wo_status": null,
    "proxy_approval_bypass": false,
    "password_char_types": "fWBjWpxVQFNFyfFhVptAaRbMeMUQBNtbwYllQCGDetFvNULnSmLFYrhNYqHEIspARnQnTkPtoRQTjlZeWcoJeqUYHwghudamDehD",
    "dashboad_text": "",
    "password_expire": null,
    "inv_max_approval_currency": "usd",
    "wo_show_tkt_attach": false,
    "wo_show_inactive": false,
    "deleted": null,
    "msg_address": false,
    "wo_days_backdate": null,
    "inv_max_approval_amount": 0,
    "default_accept_assign": true,
    "location_level": null,
    "accept_notify": false,
    "role_type": "Internal",
    "inv_close_wo": "Do not display",
    "name": "efTuKWTzPF",
    "created": "2015-08-14T20:31:49.442Z",
    "wo_edit_closeout": false,
    "modules": "",
    "modified": "2015-08-14T20:31:49.442Z",
    "inv_req_attach": true,
    "wo_allow_backdate": false,
    "default_auth_currency": "4f95bc60-542a-4dd0-943b-40ac8bb64b16",
    "default_auth_amount": "0.0000",
    "inv_wait": null,
    "wo_notes": false,
    "accept_assign": false,
    "inv_options": "new"
  },
  "model": "person.role",
  "pk": "dac2370b-c473-49ce-8df4-dcdb4a2e5aee"
},
{
  "fields": {
    "msg_stored_link": false,
    "msg_copy_default": false,
    "tabs": "",
    "msg_copy_email": false,
    "create_all": false,
    "allow_approval": false,
    "msg_viewall": false,
    "inv_select_assign": "all",
    "inv_autoapprove": false,
    "dashboad_links": "",
    "proxy_set": false,
    "password_expire_alert": true,
    "password_min_length": 6,
    "group": 20,
    "default_accept_notify": true,
    "password_history_length": null,
    "inv_wo_status": null,
    "proxy_approval_bypass": false,
    "password_char_types": "ErKlHQdeyDBcpRrvGfZFaykOuhVjqhecYTjFUzdNGtXUfIXdCtPeduubsEfLnyWHSVdXkamFEmRDwISQTiHEKMHRQcXDbzWQnESN",
    "dashboad_text": "",
    "password_expire": null,
    "inv_max_approval_currency": "usd",
    "wo_show_tkt_attach": false,
    "wo_show_inactive": false,
    "deleted": null,
    "msg_address": false,
    "wo_days_backdate": null,
    "inv_max_approval_amount": 0,
    "default_accept_assign": true,
    "location_level": null,
    "accept_notify": false,
    "role_type": "Internal",
    "inv_close_wo": "Do not display",
    "name": "SpDzgCioLQ",
    "created": "2015-08-14T20:31:49.551Z",
    "wo_edit_closeout": false,
    "modules": "",
    "modified": "2015-08-14T20:31:49.551Z",
    "inv_req_attach": true,
    "wo_allow_backdate": false,
    "default_auth_currency": "4f95bc60-542a-4dd0-943b-40ac8bb64b16",
    "default_auth_amount": "0.0000",
    "inv_wait": null,
    "wo_notes": false,
    "accept_assign": false,
    "inv_options": "new"
  },
  "model": "person.role",
  "pk": "db588e69-12c9-432c-90bb-5508bbea4c91"
},
{
  "fields": {
    "msg_stored_link": false,
    "msg_copy_default": false,
    "tabs": "",
    "msg_copy_email": false,
    "create_all": false,
    "allow_approval": false,
    "msg_viewall": false,
    "inv_select_assign": "all",
    "inv_autoapprove": false,
    "dashboad_links": "",
    "proxy_set": false,
    "password_expire_alert": true,
    "password_min_length": 6,
    "group": 9,
    "default_accept_notify": true,
    "password_history_length": null,
    "inv_wo_status": null,
    "proxy_approval_bypass": false,
    "password_char_types": "jNhzOiPwGLGaWcwLiKkxPhJbRwZrxrYEkiCCsYqeVRRHmqDBVxItAdEWyKZMFMFqTzBMXbVPOqhToKttkHGIvLfxoBPjNIHbGcVq",
    "dashboad_text": "",
    "password_expire": null,
    "inv_max_approval_currency": "usd",
    "wo_show_tkt_attach": false,
    "wo_show_inactive": false,
    "deleted": null,
    "msg_address": false,
    "wo_days_backdate": null,
    "inv_max_approval_amount": 0,
    "default_accept_assign": true,
    "location_level": null,
    "accept_notify": false,
    "role_type": "Internal",
    "inv_close_wo": "Do not display",
    "name": "ARyhBLyOcR",
    "created": "2015-08-14T20:31:49.400Z",
    "wo_edit_closeout": false,
    "modules": "",
    "modified": "2015-08-14T20:31:49.400Z",
    "inv_req_attach": true,
    "wo_allow_backdate": false,
    "default_auth_currency": "4f95bc60-542a-4dd0-943b-40ac8bb64b16",
    "default_auth_amount": "0.0000",
    "inv_wait": null,
    "wo_notes": false,
    "accept_assign": false,
    "inv_options": "new"
  },
  "model": "person.role",
  "pk": "db9805ca-0a8e-4e86-a785-9c24127eecc8"
},
{
  "fields": {
    "msg_stored_link": false,
    "msg_copy_default": false,
    "tabs": "",
    "msg_copy_email": false,
    "create_all": false,
    "allow_approval": false,
    "msg_viewall": false,
    "inv_select_assign": "all",
    "inv_autoapprove": false,
    "dashboad_links": "",
    "proxy_set": false,
    "password_expire_alert": true,
    "password_min_length": 6,
    "group": 18,
    "default_accept_notify": true,
    "password_history_length": null,
    "inv_wo_status": null,
    "proxy_approval_bypass": false,
    "password_char_types": "UXVSDvqtivZKIEqfKLtESOUHKZAYtINDhLVUWFWXVbkPjNxdhBqhFhoQaMgUGLnSPIquBjqgVouALARhWOhbfiOSMNOhffkhddvN",
    "dashboad_text": "",
    "password_expire": null,
    "inv_max_approval_currency": "usd",
    "wo_show_tkt_attach": false,
    "wo_show_inactive": false,
    "deleted": null,
    "msg_address": false,
    "wo_days_backdate": null,
    "inv_max_approval_amount": 0,
    "default_accept_assign": true,
    "location_level": null,
    "accept_notify": false,
    "role_type": "Internal",
    "inv_close_wo": "Do not display",
    "name": "PllrExSxfg",
    "created": "2015-08-14T20:31:49.524Z",
    "wo_edit_closeout": false,
    "modules": "",
    "modified": "2015-08-14T20:31:49.524Z",
    "inv_req_attach": true,
    "wo_allow_backdate": false,
    "default_auth_currency": "4f95bc60-542a-4dd0-943b-40ac8bb64b16",
    "default_auth_amount": "0.0000",
    "inv_wait": null,
    "wo_notes": false,
    "accept_assign": false,
    "inv_options": "new"
  },
  "model": "person.role",
  "pk": "dc9c54a1-f34c-4346-8f91-b75f9810fba9"
},
{
  "fields": {
    "msg_stored_link": false,
    "msg_copy_default": false,
    "tabs": "",
    "msg_copy_email": false,
    "create_all": false,
    "allow_approval": false,
    "msg_viewall": false,
    "inv_select_assign": "all",
    "inv_autoapprove": false,
    "dashboad_links": "",
    "proxy_set": false,
    "password_expire_alert": true,
    "password_min_length": 6,
    "group": 22,
    "default_accept_notify": true,
    "password_history_length": null,
    "inv_wo_status": null,
    "proxy_approval_bypass": false,
    "password_char_types": "ObnSQfmZlgfMyyJTqJWRNOUGOyxhYOHJJnpbazCYpJWiuxzTYWHdcyBruJPgucCeBmrPJNPbrfTVYPwzcRmsFZJyJafNqKnSyDla",
    "dashboad_text": "",
    "password_expire": null,
    "inv_max_approval_currency": "usd",
    "wo_show_tkt_attach": false,
    "wo_show_inactive": false,
    "deleted": null,
    "msg_address": false,
    "wo_days_backdate": null,
    "inv_max_approval_amount": 0,
    "default_accept_assign": true,
    "location_level": null,
    "accept_notify": false,
    "role_type": "Internal",
    "inv_close_wo": "Do not display",
    "name": "fpjnWbEODo",
    "created": "2015-08-14T20:31:49.579Z",
    "wo_edit_closeout": false,
    "modules": "",
    "modified": "2015-08-14T20:31:49.579Z",
    "inv_req_attach": true,
    "wo_allow_backdate": false,
    "default_auth_currency": "4f95bc60-542a-4dd0-943b-40ac8bb64b16",
    "default_auth_amount": "0.0000",
    "inv_wait": null,
    "wo_notes": false,
    "accept_assign": false,
    "inv_options": "new"
  },
  "model": "person.role",
  "pk": "dce66130-e4d9-46c4-90dd-b652e7bacaf6"
},
{
  "fields": {
    "msg_stored_link": false,
    "msg_copy_default": false,
    "tabs": "",
    "msg_copy_email": false,
    "create_all": false,
    "allow_approval": false,
    "msg_viewall": false,
    "inv_select_assign": "all",
    "inv_autoapprove": false,
    "dashboad_links": "",
    "proxy_set": false,
    "password_expire_alert": true,
    "password_min_length": 6,
    "group": 6,
    "default_accept_notify": true,
    "password_history_length": null,
    "inv_wo_status": null,
    "proxy_approval_bypass": false,
    "password_char_types": "zQFRGgHrYaMrFyCXDAIQHSBZvFrODFRmWQljxgqsofJnbsOtseaPvOTeEgYIVJjqctOzwMXGvocqUTSPTQzansbobDEwnvRnMhwu",
    "dashboad_text": "",
    "password_expire": null,
    "inv_max_approval_currency": "usd",
    "wo_show_tkt_attach": false,
    "wo_show_inactive": false,
    "deleted": null,
    "msg_address": false,
    "wo_days_backdate": null,
    "inv_max_approval_amount": 0,
    "default_accept_assign": true,
    "location_level": null,
    "accept_notify": false,
    "role_type": "Internal",
    "inv_close_wo": "Do not display",
    "name": "CnQCeBqilM",
    "created": "2015-08-14T20:31:49.362Z",
    "wo_edit_closeout": false,
    "modules": "",
    "modified": "2015-08-14T20:31:49.362Z",
    "inv_req_attach": true,
    "wo_allow_backdate": false,
    "default_auth_currency": "4f95bc60-542a-4dd0-943b-40ac8bb64b16",
    "default_auth_amount": "0.0000",
    "inv_wait": null,
    "wo_notes": false,
    "accept_assign": false,
    "inv_options": "new"
  },
  "model": "person.role",
  "pk": "e8224e2b-5a94-48c4-a085-aacea600b160"
},
{
  "fields": {
    "msg_stored_link": false,
    "msg_copy_default": false,
    "tabs": "",
    "msg_copy_email": false,
    "create_all": false,
    "allow_approval": false,
    "msg_viewall": false,
    "inv_select_assign": "all",
    "inv_autoapprove": false,
    "dashboad_links": "",
    "proxy_set": false,
    "password_expire_alert": true,
    "password_min_length": 6,
    "group": 17,
    "default_accept_notify": true,
    "password_history_length": null,
    "inv_wo_status": null,
    "proxy_approval_bypass": false,
    "password_char_types": "XhPmyZFsqZDZnByzWevNWGrcIexhachnnVCGphBOVdJCWJIgpJDsLjLETIVcFVQXKVMoadkWRRMUyXhghxWoAlZlisTBFFowXLyU",
    "dashboad_text": "",
    "password_expire": null,
    "inv_max_approval_currency": "usd",
    "wo_show_tkt_attach": false,
    "wo_show_inactive": false,
    "deleted": null,
    "msg_address": false,
    "wo_days_backdate": null,
    "inv_max_approval_amount": 0,
    "default_accept_assign": true,
    "location_level": null,
    "accept_notify": false,
    "role_type": "Internal",
    "inv_close_wo": "Do not display",
    "name": "YWuZHkCsSs",
    "created": "2015-08-14T20:31:49.510Z",
    "wo_edit_closeout": false,
    "modules": "",
    "modified": "2015-08-14T20:31:49.510Z",
    "inv_req_attach": true,
    "wo_allow_backdate": false,
    "default_auth_currency": "4f95bc60-542a-4dd0-943b-40ac8bb64b16",
    "default_auth_amount": "0.0000",
    "inv_wait": null,
    "wo_notes": false,
    "accept_assign": false,
    "inv_options": "new"
  },
  "model": "person.role",
  "pk": "eb886d0a-790b-448c-85ea-198555ad67f7"
},
{
  "fields": {
    "msg_stored_link": false,
    "msg_copy_default": false,
    "tabs": "",
    "msg_copy_email": false,
    "create_all": false,
    "allow_approval": false,
    "msg_viewall": false,
    "inv_select_assign": "all",
    "inv_autoapprove": false,
    "dashboad_links": "",
    "proxy_set": false,
    "password_expire_alert": true,
    "password_min_length": 6,
    "group": 19,
    "default_accept_notify": true,
    "password_history_length": null,
    "inv_wo_status": null,
    "proxy_approval_bypass": false,
    "password_char_types": "RjVzPVzPSuUbgYrtRWEvTmJHFSlNIdjcvdaSWHbdhjbZKoDqbEAZnGlnesrsEUXNVoJKULAqVSRbkiteCLCzpPirqWeXgaaRvfco",
    "dashboad_text": "",
    "password_expire": null,
    "inv_max_approval_currency": "usd",
    "wo_show_tkt_attach": false,
    "wo_show_inactive": false,
    "deleted": null,
    "msg_address": false,
    "wo_days_backdate": null,
    "inv_max_approval_amount": 0,
    "default_accept_assign": true,
    "location_level": null,
    "accept_notify": false,
    "role_type": "Internal",
    "inv_close_wo": "Do not display",
    "name": "YyWpuIoROT",
    "created": "2015-08-14T20:31:49.537Z",
    "wo_edit_closeout": false,
    "modules": "",
    "modified": "2015-08-14T20:31:49.538Z",
    "inv_req_attach": true,
    "wo_allow_backdate": false,
    "default_auth_currency": "4f95bc60-542a-4dd0-943b-40ac8bb64b16",
    "default_auth_amount": "0.0000",
    "inv_wait": null,
    "wo_notes": false,
    "accept_assign": false,
    "inv_options": "new"
  },
  "model": "person.role",
  "pk": "ee988d81-1d9c-430f-9c30-c3dc1632c8a0"
},
{
  "fields": {
    "msg_stored_link": false,
    "msg_copy_default": false,
    "tabs": "",
    "msg_copy_email": false,
    "create_all": false,
    "allow_approval": false,
    "msg_viewall": false,
    "inv_select_assign": "all",
    "inv_autoapprove": false,
    "dashboad_links": "",
    "proxy_set": false,
    "password_expire_alert": true,
    "password_min_length": 6,
    "group": 21,
    "default_accept_notify": true,
    "password_history_length": null,
    "inv_wo_status": null,
    "proxy_approval_bypass": false,
    "password_char_types": "AOaAugGeGHiBmjxcNsglOyLYtwdMtEWyeDZkGSiohoCCgpZTXJJvOtYRJetiVQAOIWKtVJlLVxbApXeuzFnVMxbBVFAOGlKWzAUS",
    "dashboad_text": "",
    "password_expire": null,
    "inv_max_approval_currency": "usd",
    "wo_show_tkt_attach": false,
    "wo_show_inactive": false,
    "deleted": null,
    "msg_address": false,
    "wo_days_backdate": null,
    "inv_max_approval_amount": 0,
    "default_accept_assign": true,
    "location_level": null,
    "accept_notify": false,
    "role_type": "Internal",
    "inv_close_wo": "Do not display",
    "name": "RaGpUIjMzA",
    "created": "2015-08-14T20:31:49.565Z",
    "wo_edit_closeout": false,
    "modules": "",
    "modified": "2015-08-14T20:31:49.565Z",
    "inv_req_attach": true,
    "wo_allow_backdate": false,
    "default_auth_currency": "4f95bc60-542a-4dd0-943b-40ac8bb64b16",
    "default_auth_amount": "0.0000",
    "inv_wait": null,
    "wo_notes": false,
    "accept_assign": false,
    "inv_options": "new"
  },
  "model": "person.role",
  "pk": "fdfa647c-4a28-473d-8136-1630420783ad"
},
{
  "fields": {
    "status": "119a88b9-d7c8-4f3b-b09e-324ed399ed2f",
    "last_name": "",
    "proxy_start_date": null,
    "next_approver": null,
    "is_staff": false,
    "user_permissions": [],
    "proxy_end_date": null,
    "date_joined": "2015-08-14T20:31:49.552Z",
    "middle_initial": null,
    "first_name": "mQrPbyrjPr",
    "employee_id": null,
    "auth_amount": "0.0000",
    "title": null,
    "is_superuser": false,
    "last_login": null,
    "location": null,
    "password_expire": null,
    "role": "db588e69-12c9-432c-90bb-5508bbea4c91",
    "auth_currency": "4f95bc60-542a-4dd0-943b-40ac8bb64b16",
    "username": "eu",
    "deleted": null,
    "password_one_time": null,
    "is_active": true,
    "groups": [
      20
    ],
    "accept_notify": true,
    "password": "md5$ox7wEeUUMTwn$b0d7f731f87e57583b4f76d5194ddd63",
    "proxy_status": null,
    "proxy_user": null,
    "created": "2015-08-14T20:31:49.554Z",
    "modified": "2015-08-14T20:31:49.554Z",
    "email": "myemail@mail.com",
    "accept_assign": true,
    "password_change": ""
  },
  "model": "person.person",
  "pk": "0e1bf5b9-f7f7-49bf-9a60-810359023b94"
},
{
  "fields": {
    "status": "119a88b9-d7c8-4f3b-b09e-324ed399ed2f",
    "last_name": "",
    "proxy_start_date": null,
    "next_approver": null,
    "is_staff": false,
    "user_permissions": [],
    "proxy_end_date": null,
    "date_joined": "2015-08-14T20:31:49.363Z",
    "middle_initial": null,
    "first_name": "xAqXomTCwb",
    "employee_id": null,
    "auth_amount": "0.0000",
    "title": null,
    "is_superuser": false,
    "last_login": null,
    "location": null,
    "password_expire": null,
    "role": "e8224e2b-5a94-48c4-a085-aacea600b160",
    "auth_currency": "4f95bc60-542a-4dd0-943b-40ac8bb64b16",
    "username": "nulla",
    "deleted": null,
    "password_one_time": null,
    "is_active": true,
    "groups": [
      6
    ],
    "accept_notify": true,
    "password": "md5$V3IM2QJ6GKBu$8fdd3c392d8cbaf9a74f5c73c482c8f6",
    "proxy_status": null,
    "proxy_user": null,
    "created": "2015-08-14T20:31:49.366Z",
    "modified": "2015-08-14T20:31:49.366Z",
    "email": "myemail@mail.com",
    "accept_assign": true,
    "password_change": ""
  },
  "model": "person.person",
  "pk": "180edc27-2d7d-4a4f-9e25-ecc496cbddff"
},
{
  "fields": {
    "status": "119a88b9-d7c8-4f3b-b09e-324ed399ed2f",
    "last_name": "",
    "proxy_start_date": null,
    "next_approver": null,
    "is_staff": false,
    "user_permissions": [],
    "proxy_end_date": null,
    "date_joined": "2015-08-14T20:31:49.335Z",
    "middle_initial": null,
    "first_name": "FWZkCXnuBI",
    "employee_id": null,
    "auth_amount": "0.0000",
    "title": null,
    "is_superuser": false,
    "last_login": null,
    "location": null,
    "password_expire": null,
    "role": "04833438-1cf3-417f-b0cd-3882c5698057",
    "auth_currency": "4f95bc60-542a-4dd0-943b-40ac8bb64b16",
    "username": "voluptate",
    "deleted": null,
    "password_one_time": null,
    "is_active": true,
    "groups": [
      4
    ],
    "accept_notify": true,
    "password": "md5$DMtkH59bL3xA$5ea69f71fff8f7694fbf4a155a2fbbe4",
    "proxy_status": null,
    "proxy_user": null,
    "created": "2015-08-14T20:31:49.337Z",
    "modified": "2015-08-14T20:31:49.337Z",
    "email": "myemail@mail.com",
    "accept_assign": true,
    "password_change": ""
  },
  "model": "person.person",
  "pk": "1d494b1b-cb01-44de-9aad-4ffcaa29a1ee"
},
{
  "fields": {
    "status": "119a88b9-d7c8-4f3b-b09e-324ed399ed2f",
    "last_name": "",
    "proxy_start_date": null,
    "next_approver": null,
    "is_staff": false,
    "user_permissions": [],
    "proxy_end_date": null,
    "date_joined": "2015-08-14T20:31:49.614Z",
    "middle_initial": null,
    "first_name": "zysegdCtit",
    "employee_id": null,
    "auth_amount": "0.0000",
    "title": null,
    "is_superuser": false,
    "last_login": null,
    "location": null,
    "password_expire": null,
    "role": "1d18b6fa-3b82-40f4-9d4c-1f2ce16709ca",
    "auth_currency": "4f95bc60-542a-4dd0-943b-40ac8bb64b16",
    "username": "adipisicing",
    "deleted": null,
    "password_one_time": null,
    "is_active": true,
    "groups": [
      25
    ],
    "accept_notify": true,
    "password": "md5$Sotf45y28asc$50328bb56cca3a15c02889e8573e2921",
    "proxy_status": null,
    "proxy_user": null,
    "created": "2015-08-14T20:31:49.617Z",
    "modified": "2015-08-14T20:31:49.617Z",
    "email": "myemail@mail.com",
    "accept_assign": true,
    "password_change": ""
  },
  "model": "person.person",
  "pk": "1fed9f60-606a-4883-ba6e-7bde6042cd8e"
},
{
  "fields": {
    "status": "119a88b9-d7c8-4f3b-b09e-324ed399ed2f",
    "last_name": "",
    "proxy_start_date": null,
    "next_approver": null,
    "is_staff": false,
    "user_permissions": [],
    "proxy_end_date": null,
    "date_joined": "2015-08-14T20:31:49.497Z",
    "middle_initial": null,
    "first_name": "nYtEEvUvng",
    "employee_id": null,
    "auth_amount": "0.0000",
    "title": null,
    "is_superuser": false,
    "last_login": null,
    "location": null,
    "password_expire": null,
    "role": "72e3531b-ade1-4560-86fa-848fadaa2f90",
    "auth_currency": "4f95bc60-542a-4dd0-943b-40ac8bb64b16",
    "username": "mollit",
    "deleted": null,
    "password_one_time": null,
    "is_active": true,
    "groups": [
      16
    ],
    "accept_notify": true,
    "password": "md5$aY73Uldcwvje$4e0ead70d8fa8f9bea2d2742d0e1b9c1",
    "proxy_status": null,
    "proxy_user": null,
    "created": "2015-08-14T20:31:49.500Z",
    "modified": "2015-08-14T20:31:49.500Z",
    "email": "myemail@mail.com",
    "accept_assign": true,
    "password_change": ""
  },
  "model": "person.person",
  "pk": "21f66b3b-5124-4bfa-a7ac-8a2bcfa3f662"
},
{
  "fields": {
    "status": "119a88b9-d7c8-4f3b-b09e-324ed399ed2f",
    "last_name": "",
    "proxy_start_date": null,
    "next_approver": null,
    "is_staff": false,
    "user_permissions": [],
    "proxy_end_date": null,
    "date_joined": "2015-08-14T20:31:49.416Z",
    "middle_initial": null,
    "first_name": "tadNMSLNTd",
    "employee_id": null,
    "auth_amount": "0.0000",
    "title": null,
    "is_superuser": false,
    "last_login": null,
    "location": null,
    "password_expire": null,
    "role": "af2f315e-76da-4add-9458-78688f46b877",
    "auth_currency": "4f95bc60-542a-4dd0-943b-40ac8bb64b16",
    "username": "reprehenderit",
    "deleted": null,
    "password_one_time": null,
    "is_active": true,
    "groups": [
      10
    ],
    "accept_notify": true,
    "password": "md5$67r50IpsTSRy$fa56aca4bb208f463aefb4a684cefd00",
    "proxy_status": null,
    "proxy_user": null,
    "created": "2015-08-14T20:31:49.419Z",
    "modified": "2015-08-14T20:31:49.419Z",
    "email": "myemail@mail.com",
    "accept_assign": true,
    "password_change": ""
  },
  "model": "person.person",
  "pk": "249b21e7-e9d2-4df9-b941-c4a4046c2e85"
},
{
  "fields": {
    "status": "119a88b9-d7c8-4f3b-b09e-324ed399ed2f",
    "last_name": "",
    "proxy_start_date": null,
    "next_approver": null,
    "is_staff": false,
    "user_permissions": [],
    "proxy_end_date": null,
    "date_joined": "2015-08-14T20:31:49.484Z",
    "middle_initial": null,
    "first_name": "uWGMUzvNGn",
    "employee_id": null,
    "auth_amount": "0.0000",
    "title": null,
    "is_superuser": false,
    "last_login": null,
    "location": null,
    "password_expire": null,
    "role": "c0a63d96-18d9-44a5-97a3-0ad0874c131c",
    "auth_currency": "4f95bc60-542a-4dd0-943b-40ac8bb64b16",
    "username": "non",
    "deleted": null,
    "password_one_time": null,
    "is_active": true,
    "groups": [
      15
    ],
    "accept_notify": true,
    "password": "md5$4IRlmgRkmo5v$23736fbd3b0ceffc71ed373e874f5f18",
    "proxy_status": null,
    "proxy_user": null,
    "created": "2015-08-14T20:31:49.486Z",
    "modified": "2015-08-14T20:31:49.486Z",
    "email": "myemail@mail.com",
    "accept_assign": true,
    "password_change": ""
  },
  "model": "person.person",
  "pk": "25952fb4-254b-4376-92e9-1d4c23c4419f"
},
{
  "fields": {
    "status": "119a88b9-d7c8-4f3b-b09e-324ed399ed2f",
    "last_name": "",
    "proxy_start_date": null,
    "next_approver": null,
    "is_staff": false,
    "user_permissions": [],
    "proxy_end_date": null,
    "date_joined": "2015-08-14T20:31:49.430Z",
    "middle_initial": null,
    "first_name": "cOMKAMfpgO",
    "employee_id": null,
    "auth_amount": "0.0000",
    "title": null,
    "is_superuser": false,
    "last_login": null,
    "location": null,
    "password_expire": null,
    "role": "cba236fe-8196-4f3a-a827-2fae0d5e36de",
    "auth_currency": "4f95bc60-542a-4dd0-943b-40ac8bb64b16",
    "username": "tempor",
    "deleted": null,
    "password_one_time": null,
    "is_active": true,
    "groups": [
      11
    ],
    "accept_notify": true,
    "password": "md5$NThK6ypaqeYt$09b8153f1779ba0ba887a940065b9a84",
    "proxy_status": null,
    "proxy_user": null,
    "created": "2015-08-14T20:31:49.432Z",
    "modified": "2015-08-14T20:31:49.432Z",
    "email": "myemail@mail.com",
    "accept_assign": true,
    "password_change": ""
  },
  "model": "person.person",
  "pk": "39fa2b07-c50e-42e4-9e44-e7557ef2da8a"
},
{
  "fields": {
    "status": "119a88b9-d7c8-4f3b-b09e-324ed399ed2f",
    "last_name": "",
    "proxy_start_date": null,
    "next_approver": null,
    "is_staff": false,
    "user_permissions": [],
    "proxy_end_date": null,
    "date_joined": "2015-08-14T20:31:49.470Z",
    "middle_initial": null,
    "first_name": "rssiQIpBeg",
    "employee_id": null,
    "auth_amount": "0.0000",
    "title": null,
    "is_superuser": false,
    "last_login": null,
    "location": null,
    "password_expire": null,
    "role": "9515b58a-9092-43c6-939a-641c4b22a452",
    "auth_currency": "4f95bc60-542a-4dd0-943b-40ac8bb64b16",
    "username": "sit",
    "deleted": null,
    "password_one_time": null,
    "is_active": true,
    "groups": [
      14
    ],
    "accept_notify": true,
    "password": "md5$w8QlUSINyLqh$ee82e57e44c310257d69fe36e65adc40",
    "proxy_status": null,
    "proxy_user": null,
    "created": "2015-08-14T20:31:49.473Z",
    "modified": "2015-08-14T20:31:49.473Z",
    "email": "myemail@mail.com",
    "accept_assign": true,
    "password_change": ""
  },
  "model": "person.person",
  "pk": "42c6a143-a6d0-45a8-b96f-d040405cacc0"
},
{
  "fields": {
    "status": "119a88b9-d7c8-4f3b-b09e-324ed399ed2f",
    "last_name": "",
    "proxy_start_date": null,
    "next_approver": null,
    "is_staff": false,
    "user_permissions": [],
    "proxy_end_date": null,
    "date_joined": "2015-08-14T20:31:49.566Z",
    "middle_initial": null,
    "first_name": "fDmJeTuqBP",
    "employee_id": null,
    "auth_amount": "0.0000",
    "title": null,
    "is_superuser": false,
    "last_login": null,
    "location": null,
    "password_expire": null,
    "role": "fdfa647c-4a28-473d-8136-1630420783ad",
    "auth_currency": "4f95bc60-542a-4dd0-943b-40ac8bb64b16",
    "username": "pariatur.",
    "deleted": null,
    "password_one_time": null,
    "is_active": true,
    "groups": [
      21
    ],
    "accept_notify": true,
    "password": "md5$XlMybGQz7WVn$928106bf3a7d4d4d6be5e2f27ef7b170",
    "proxy_status": null,
    "proxy_user": null,
    "created": "2015-08-14T20:31:49.569Z",
    "modified": "2015-08-14T20:31:49.569Z",
    "email": "myemail@mail.com",
    "accept_assign": true,
    "password_change": ""
  },
  "model": "person.person",
  "pk": "5c4f65b6-19a9-46b0-878e-88f24d22bc97"
},
{
  "fields": {
    "status": "119a88b9-d7c8-4f3b-b09e-324ed399ed2f",
    "last_name": "",
    "proxy_start_date": null,
    "next_approver": null,
    "is_staff": false,
    "user_permissions": [],
    "proxy_end_date": null,
    "date_joined": "2015-08-14T20:31:49.512Z",
    "middle_initial": null,
    "first_name": "DcThtzQdvc",
    "employee_id": null,
    "auth_amount": "0.0000",
    "title": null,
    "is_superuser": false,
    "last_login": null,
    "location": null,
    "password_expire": null,
    "role": "eb886d0a-790b-448c-85ea-198555ad67f7",
    "auth_currency": "4f95bc60-542a-4dd0-943b-40ac8bb64b16",
    "username": "velit",
    "deleted": null,
    "password_one_time": null,
    "is_active": true,
    "groups": [
      17
    ],
    "accept_notify": true,
    "password": "md5$zx7A2lWoFZrE$458660167d09e2861fa372a4375d3750",
    "proxy_status": null,
    "proxy_user": null,
    "created": "2015-08-14T20:31:49.514Z",
    "modified": "2015-08-14T20:31:49.514Z",
    "email": "myemail@mail.com",
    "accept_assign": true,
    "password_change": ""
  },
  "model": "person.person",
  "pk": "7fab911d-4710-4999-a1ae-f7ea99516e32"
},
{
  "fields": {
    "status": "119a88b9-d7c8-4f3b-b09e-324ed399ed2f",
    "last_name": "",
    "proxy_start_date": null,
    "next_approver": null,
    "is_staff": false,
    "user_permissions": [],
    "proxy_end_date": null,
    "date_joined": "2015-08-14T20:31:49.320Z",
    "middle_initial": null,
    "first_name": "WPHYSWXazO",
    "employee_id": null,
    "auth_amount": "0.0000",
    "title": null,
    "is_superuser": false,
    "last_login": null,
    "location": null,
    "password_expire": null,
    "role": "aa0da0be-4967-421d-ba01-3caa4ded7269",
    "auth_currency": "4f95bc60-542a-4dd0-943b-40ac8bb64b16",
    "username": "officia",
    "deleted": null,
    "password_one_time": null,
    "is_active": true,
    "groups": [
      3
    ],
    "accept_notify": true,
    "password": "md5$xufH5uiEboeK$4e6fe8438009709cd72c1c03ecf9d189",
    "proxy_status": null,
    "proxy_user": null,
    "created": "2015-08-14T20:31:49.322Z",
    "modified": "2015-08-14T20:31:49.322Z",
    "email": "myemail@mail.com",
    "accept_assign": true,
    "password_change": ""
  },
  "model": "person.person",
  "pk": "811ed794-afd0-4b51-88da-f921263f88fd"
},
{
  "fields": {
    "status": "119a88b9-d7c8-4f3b-b09e-324ed399ed2f",
    "last_name": "",
    "proxy_start_date": null,
    "next_approver": null,
    "is_staff": false,
    "user_permissions": [],
    "proxy_end_date": null,
    "date_joined": "2015-08-14T20:31:49.628Z",
    "middle_initial": null,
    "first_name": "bfGMdjMvYY",
    "employee_id": null,
    "auth_amount": "0.0000",
    "title": null,
    "is_superuser": false,
    "last_login": null,
    "location": null,
    "password_expire": null,
    "role": "b5edcd97-ef85-4996-8c44-be2ed6409cde",
    "auth_currency": "4f95bc60-542a-4dd0-943b-40ac8bb64b16",
    "username": "irure",
    "deleted": null,
    "password_one_time": null,
    "is_active": true,
    "groups": [
      26
    ],
    "accept_notify": true,
    "password": "md5$5cjvcxR7gML0$ae3d72b1bd397ce33157c4e19b0cf882",
    "proxy_status": null,
    "proxy_user": null,
    "created": "2015-08-14T20:31:49.630Z",
    "modified": "2015-08-14T20:31:49.630Z",
    "email": "myemail@mail.com",
    "accept_assign": true,
    "password_change": ""
  },
  "model": "person.person",
  "pk": "846d5732-f6a8-4966-94b6-2b0727216994"
},
{
  "fields": {
    "status": "119a88b9-d7c8-4f3b-b09e-324ed399ed2f",
    "last_name": "",
    "proxy_start_date": null,
    "next_approver": null,
    "is_staff": false,
    "user_permissions": [],
    "proxy_end_date": null,
    "date_joined": "2015-08-14T20:31:49.443Z",
    "middle_initial": null,
    "first_name": "UIwrWxWTQK",
    "employee_id": null,
    "auth_amount": "0.0000",
    "title": null,
    "is_superuser": false,
    "last_login": null,
    "location": null,
    "password_expire": null,
    "role": "dac2370b-c473-49ce-8df4-dcdb4a2e5aee",
    "auth_currency": "4f95bc60-542a-4dd0-943b-40ac8bb64b16",
    "username": "quis",
    "deleted": null,
    "password_one_time": null,
    "is_active": true,
    "groups": [
      12
    ],
    "accept_notify": true,
    "password": "md5$gUsBs571thZ7$ce2a89877d9765879dfa853644275d52",
    "proxy_status": null,
    "proxy_user": null,
    "created": "2015-08-14T20:31:49.446Z",
    "modified": "2015-08-14T20:31:49.446Z",
    "email": "myemail@mail.com",
    "accept_assign": true,
    "password_change": ""
  },
  "model": "person.person",
  "pk": "859253d0-ecdf-40da-bd02-e64df9bea06b"
},
{
  "fields": {
    "status": "119a88b9-d7c8-4f3b-b09e-324ed399ed2f",
    "last_name": "",
    "proxy_start_date": null,
    "next_approver": null,
    "is_staff": false,
    "user_permissions": [],
    "proxy_end_date": null,
    "date_joined": "2015-08-14T20:31:49.305Z",
    "middle_initial": null,
    "first_name": "REANlvlvDP",
    "employee_id": null,
    "auth_amount": "0.0000",
    "title": null,
    "is_superuser": false,
    "last_login": null,
    "location": null,
    "password_expire": null,
    "role": "9fd33bca-11d6-462c-8170-a519ceaec197",
    "auth_currency": "4f95bc60-542a-4dd0-943b-40ac8bb64b16",
    "username": "ipsum",
    "deleted": null,
    "password_one_time": null,
    "is_active": true,
    "groups": [
      2
    ],
    "accept_notify": true,
    "password": "md5$evnDzM4eTKv2$87b0cb8e548a6fa7c1676f6c8708425d",
    "proxy_status": null,
    "proxy_user": null,
    "created": "2015-08-14T20:31:49.308Z",
    "modified": "2015-08-14T20:31:49.308Z",
    "email": "myemail@mail.com",
    "accept_assign": true,
    "password_change": ""
  },
  "model": "person.person",
  "pk": "8baa1235-8dfe-408e-a559-f272f87eba59"
},
{
  "fields": {
    "status": "119a88b9-d7c8-4f3b-b09e-324ed399ed2f",
    "last_name": "",
    "proxy_start_date": null,
    "next_approver": null,
    "is_staff": false,
    "user_permissions": [],
    "proxy_end_date": null,
    "date_joined": "2015-08-14T20:31:48.632Z",
    "middle_initial": null,
    "first_name": "WNzZITGcKA",
    "employee_id": null,
    "auth_amount": "0.0000",
    "title": null,
    "is_superuser": false,
    "last_login": null,
    "location": null,
    "password_expire": null,
    "role": "d8b546aa-5aac-4154-9afd-40d662d338b6",
    "auth_currency": "4f95bc60-542a-4dd0-943b-40ac8bb64b16",
    "username": "aaron",
    "deleted": null,
    "password_one_time": null,
    "is_active": true,
    "groups": [
      1
    ],
    "accept_notify": true,
    "password": "md5$HFq0Aqz3hpBG$ae52e96e2e4882f8ac0e1ca79127a1a4",
    "proxy_status": null,
    "proxy_user": null,
    "created": "2015-08-14T20:31:48.637Z",
    "modified": "2015-08-14T20:31:48.637Z",
    "email": "myemail@mail.com",
    "accept_assign": true,
    "password_change": ""
  },
  "model": "person.person",
  "pk": "9643dc78-5641-4f28-88a4-e6f509d9963f"
},
{
  "fields": {
    "status": "119a88b9-d7c8-4f3b-b09e-324ed399ed2f",
    "last_name": "",
    "proxy_start_date": null,
    "next_approver": null,
    "is_staff": false,
    "user_permissions": [],
    "proxy_end_date": null,
    "date_joined": "2015-08-14T20:31:49.457Z",
    "middle_initial": null,
    "first_name": "DYeOzkfKZl",
    "employee_id": null,
    "auth_amount": "0.0000",
    "title": null,
    "is_superuser": false,
    "last_login": null,
    "location": null,
    "password_expire": null,
    "role": "4d21823d-63ff-43fd-85aa-48f49236370d",
    "auth_currency": "4f95bc60-542a-4dd0-943b-40ac8bb64b16",
    "username": "laboris",
    "deleted": null,
    "password_one_time": null,
    "is_active": true,
    "groups": [
      13
    ],
    "accept_notify": true,
    "password": "md5$HetipLrSjkWA$e5cdc2efac3ad0d284f16ff12f199a33",
    "proxy_status": null,
    "proxy_user": null,
    "created": "2015-08-14T20:31:49.459Z",
    "modified": "2015-08-14T20:31:49.459Z",
    "email": "myemail@mail.com",
    "accept_assign": true,
    "password_change": ""
  },
  "model": "person.person",
  "pk": "a4b61f5f-b55f-4c1f-8b03-f561bb2cc9e8"
},
{
  "fields": {
    "status": "119a88b9-d7c8-4f3b-b09e-324ed399ed2f",
    "last_name": "",
    "proxy_start_date": null,
    "next_approver": null,
    "is_staff": false,
    "user_permissions": [],
    "proxy_end_date": null,
    "date_joined": "2015-08-14T20:31:49.377Z",
    "middle_initial": null,
    "first_name": "fQhTiVXBsj",
    "employee_id": null,
    "auth_amount": "0.0000",
    "title": null,
    "is_superuser": false,
    "last_login": null,
    "location": null,
    "password_expire": null,
    "role": "24adaef9-7265-42c4-ad9e-a3365e2481c1",
    "auth_currency": "4f95bc60-542a-4dd0-943b-40ac8bb64b16",
    "username": "elit,",
    "deleted": null,
    "password_one_time": null,
    "is_active": true,
    "groups": [
      7
    ],
    "accept_notify": true,
    "password": "md5$TpgOrCOO8ogk$d13f8ed2d3ccec116a37869a3b71ddc5",
    "proxy_status": null,
    "proxy_user": null,
    "created": "2015-08-14T20:31:49.380Z",
    "modified": "2015-08-14T20:31:49.380Z",
    "email": "myemail@mail.com",
    "accept_assign": true,
    "password_change": ""
  },
  "model": "person.person",
  "pk": "d83b22be-8640-47a1-8898-5b9c8d5aa81b"
},
{
  "fields": {
    "status": "119a88b9-d7c8-4f3b-b09e-324ed399ed2f",
    "last_name": "",
    "proxy_start_date": null,
    "next_approver": null,
    "is_staff": false,
    "user_permissions": [],
    "proxy_end_date": null,
    "date_joined": "2015-08-14T20:31:49.349Z",
    "middle_initial": null,
    "first_name": "dKZmlgXAmZ",
    "employee_id": null,
    "auth_amount": "0.0000",
    "title": null,
    "is_superuser": false,
    "last_login": null,
    "location": null,
    "password_expire": null,
    "role": "ad84232f-8013-474f-b4ad-7f570aaa5d21",
    "auth_currency": "4f95bc60-542a-4dd0-943b-40ac8bb64b16",
    "username": "dolore",
    "deleted": null,
    "password_one_time": null,
    "is_active": true,
    "groups": [
      5
    ],
    "accept_notify": true,
    "password": "md5$vSAA8gKURbwC$598fd10a4d47e1f41b1683beec538709",
    "proxy_status": null,
    "proxy_user": null,
    "created": "2015-08-14T20:31:49.351Z",
    "modified": "2015-08-14T20:31:49.351Z",
    "email": "myemail@mail.com",
    "accept_assign": true,
    "password_change": ""
  },
  "model": "person.person",
  "pk": "d8a66f62-0496-45b6-bcf6-ddc077e8d8a5"
},
{
  "fields": {
    "status": "119a88b9-d7c8-4f3b-b09e-324ed399ed2f",
    "last_name": "",
    "proxy_start_date": null,
    "next_approver": null,
    "is_staff": false,
    "user_permissions": [],
    "proxy_end_date": null,
    "date_joined": "2015-08-14T20:31:49.601Z",
    "middle_initial": null,
    "first_name": "koPCZiDqZP",
    "employee_id": null,
    "auth_amount": "0.0000",
    "title": null,
    "is_superuser": false,
    "last_login": null,
    "location": null,
    "password_expire": null,
    "role": "a043ca81-8f24-4571-bde5-3f699fcdabde",
    "auth_currency": "4f95bc60-542a-4dd0-943b-40ac8bb64b16",
    "username": "et",
    "deleted": null,
    "password_one_time": null,
    "is_active": true,
    "groups": [
      24
    ],
    "accept_notify": true,
    "password": "md5$Nd3idSlNPE0Y$f584d83cd586014851036f039dc8171b",
    "proxy_status": null,
    "proxy_user": null,
    "created": "2015-08-14T20:31:49.603Z",
    "modified": "2015-08-14T20:31:49.603Z",
    "email": "myemail@mail.com",
    "accept_assign": true,
    "password_change": ""
  },
  "model": "person.person",
  "pk": "e465b7de-9a90-4136-8810-341abda61796"
},
{
  "fields": {
    "status": "119a88b9-d7c8-4f3b-b09e-324ed399ed2f",
    "last_name": "",
    "proxy_start_date": null,
    "next_approver": null,
    "is_staff": false,
    "user_permissions": [],
    "proxy_end_date": null,
    "date_joined": "2015-08-14T20:31:49.539Z",
    "middle_initial": null,
    "first_name": "hybmpEwDyT",
    "employee_id": null,
    "auth_amount": "0.0000",
    "title": null,
    "is_superuser": false,
    "last_login": null,
    "location": null,
    "password_expire": null,
    "role": "ee988d81-1d9c-430f-9c30-c3dc1632c8a0",
    "auth_currency": "4f95bc60-542a-4dd0-943b-40ac8bb64b16",
    "username": "aute",
    "deleted": null,
    "password_one_time": null,
    "is_active": true,
    "groups": [
      19
    ],
    "accept_notify": true,
    "password": "md5$lEQ1DLhmlyVS$159cdd1d7b95fd2bf42717ed392b39bd",
    "proxy_status": null,
    "proxy_user": null,
    "created": "2015-08-14T20:31:49.541Z",
    "modified": "2015-08-14T20:31:49.541Z",
    "email": "myemail@mail.com",
    "accept_assign": true,
    "password_change": ""
  },
  "model": "person.person",
  "pk": "f00c0154-8961-44cc-8ab6-c19c3c34ca2c"
},
{
  "fields": {
    "status": "119a88b9-d7c8-4f3b-b09e-324ed399ed2f",
    "last_name": "",
    "proxy_start_date": null,
    "next_approver": null,
    "is_staff": false,
    "user_permissions": [],
    "proxy_end_date": null,
    "date_joined": "2015-08-14T20:31:49.525Z",
    "middle_initial": null,
    "first_name": "TlEzJIKWTJ",
    "employee_id": null,
    "auth_amount": "0.0000",
    "title": null,
    "is_superuser": false,
    "last_login": null,
    "location": null,
    "password_expire": null,
    "role": "dc9c54a1-f34c-4346-8f91-b75f9810fba9",
    "auth_currency": "4f95bc60-542a-4dd0-943b-40ac8bb64b16",
    "username": "proident,",
    "deleted": null,
    "password_one_time": null,
    "is_active": true,
    "groups": [
      18
    ],
    "accept_notify": true,
    "password": "md5$d6Xje3CjrFGf$06571a255020d4ce95796ba8509aa899",
    "proxy_status": null,
    "proxy_user": null,
    "created": "2015-08-14T20:31:49.528Z",
    "modified": "2015-08-14T20:31:49.528Z",
    "email": "myemail@mail.com",
    "accept_assign": true,
    "password_change": ""
  },
  "model": "person.person",
  "pk": "f2f43a62-b437-4e0a-a30b-99fc2ee2c0a5"
},
{
  "fields": {
    "status": "119a88b9-d7c8-4f3b-b09e-324ed399ed2f",
    "last_name": "",
    "proxy_start_date": null,
    "next_approver": null,
    "is_staff": false,
    "user_permissions": [],
    "proxy_end_date": null,
    "date_joined": "2015-08-14T20:31:49.402Z",
    "middle_initial": null,
    "first_name": "dAMGzvzYcs",
    "employee_id": null,
    "auth_amount": "0.0000",
    "title": null,
    "is_superuser": false,
    "last_login": null,
    "location": null,
    "password_expire": null,
    "role": "db9805ca-0a8e-4e86-a785-9c24127eecc8",
    "auth_currency": "4f95bc60-542a-4dd0-943b-40ac8bb64b16",
    "username": "qui",
    "deleted": null,
    "password_one_time": null,
    "is_active": true,
    "groups": [
      9
    ],
    "accept_notify": true,
    "password": "md5$vbV5Thv7sVF1$3132c318986fd2978f4cd065a37316d7",
    "proxy_status": null,
    "proxy_user": null,
    "created": "2015-08-14T20:31:49.404Z",
    "modified": "2015-08-14T20:31:49.404Z",
    "email": "myemail@mail.com",
    "accept_assign": true,
    "password_change": ""
  },
  "model": "person.person",
  "pk": "f3ac2837-de80-44cf-91ed-23dc2f7da9f5"
}
]
