[
{
  "fields": {
    "model": "logentry",
    "app_label": "admin"
  },
  "model": "contenttypes.contenttype",
  "pk": 1
},
{
  "fields": {
    "model": "permission",
    "app_label": "auth"
  },
  "model": "contenttypes.contenttype",
  "pk": 2
},
{
  "fields": {
    "model": "group",
    "app_label": "auth"
  },
  "model": "contenttypes.contenttype",
  "pk": 3
},
{
  "fields": {
    "model": "contenttype",
    "app_label": "contenttypes"
  },
  "model": "contenttypes.contenttype",
  "pk": 4
},
{
  "fields": {
    "model": "session",
    "app_label": "sessions"
  },
  "model": "contenttypes.contenttype",
  "pk": 5
},
{
  "fields": {
    "model": "site",
    "app_label": "sites"
  },
  "model": "contenttypes.contenttype",
  "pk": 6
},
{
  "fields": {
    "model": "flatpage",
    "app_label": "flatpages"
  },
  "model": "contenttypes.contenttype",
  "pk": 7
},
{
  "fields": {
    "model": "corsmodel",
    "app_label": "corsheaders"
  },
  "model": "contenttypes.contenttype",
  "pk": 8
},
{
  "fields": {
    "model": "currency",
    "app_label": "accounting"
  },
  "model": "contenttypes.contenttype",
  "pk": 9
},
{
  "fields": {
    "model": "category",
    "app_label": "category"
  },
  "model": "contenttypes.contenttype",
  "pk": 10
},
{
  "fields": {
    "model": "phonenumbertype",
    "app_label": "contact"
  },
  "model": "contenttypes.contenttype",
  "pk": 11
},
{
  "fields": {
    "model": "phonenumber",
    "app_label": "contact"
  },
  "model": "contenttypes.contenttype",
  "pk": 12
},
{
  "fields": {
    "model": "addresstype",
    "app_label": "contact"
  },
  "model": "contenttypes.contenttype",
  "pk": 13
},
{
  "fields": {
    "model": "address",
    "app_label": "contact"
  },
  "model": "contenttypes.contenttype",
  "pk": 14
},
{
  "fields": {
    "model": "emailtype",
    "app_label": "contact"
  },
  "model": "contenttypes.contenttype",
  "pk": 15
},
{
  "fields": {
    "model": "email",
    "app_label": "contact"
  },
  "model": "contenttypes.contenttype",
  "pk": 16
},
{
  "fields": {
    "model": "state",
    "app_label": "location"
  },
  "model": "contenttypes.contenttype",
  "pk": 17
},
{
  "fields": {
    "model": "country",
    "app_label": "location"
  },
  "model": "contenttypes.contenttype",
  "pk": 18
},
{
  "fields": {
    "model": "locationlevel",
    "app_label": "location"
  },
  "model": "contenttypes.contenttype",
  "pk": 19
},
{
  "fields": {
    "model": "locationstatus",
    "app_label": "location"
  },
  "model": "contenttypes.contenttype",
  "pk": 20
},
{
  "fields": {
    "model": "locationtype",
    "app_label": "location"
  },
  "model": "contenttypes.contenttype",
  "pk": 21
},
{
  "fields": {
    "model": "location",
    "app_label": "location"
  },
  "model": "contenttypes.contenttype",
  "pk": 22
},
{
  "fields": {
    "model": "role",
    "app_label": "person"
  },
  "model": "contenttypes.contenttype",
  "pk": 23
},
{
  "fields": {
    "model": "proxyrole",
    "app_label": "person"
  },
  "model": "contenttypes.contenttype",
  "pk": 24
},
{
  "fields": {
    "model": "personstatus",
    "app_label": "person"
  },
  "model": "contenttypes.contenttype",
  "pk": 25
},
{
  "fields": {
    "model": "person",
    "app_label": "person"
  },
  "model": "contenttypes.contenttype",
  "pk": 26
},
{
  "fields": {
    "model": "locale",
    "app_label": "translation"
  },
  "model": "contenttypes.contenttype",
  "pk": 27
},
{
  "fields": {
    "model": "translation",
    "app_label": "translation"
  },
  "model": "contenttypes.contenttype",
  "pk": 28
},
{
  "fields": {
    "model": "tester",
    "app_label": "util"
  },
  "model": "contenttypes.contenttype",
  "pk": 29
},
{
  "fields": {
    "model": "mainsetting",
    "app_label": "util"
  },
  "model": "contenttypes.contenttype",
  "pk": 30
},
{
  "fields": {
    "model": "customsetting",
    "app_label": "util"
  },
  "model": "contenttypes.contenttype",
  "pk": 31
},
{
  "fields": {
    "model": "workorderstatus",
    "app_label": "order"
  },
  "model": "contenttypes.contenttype",
  "pk": 32
},
{
  "fields": {
    "model": "workorder",
    "app_label": "order"
  },
  "model": "contenttypes.contenttype",
  "pk": 33
},
{
  "fields": {
    "domain": "example.com",
    "name": "example.com"
  },
  "model": "sites.site",
  "pk": 1
},
{
  "fields": {
    "code": "USD",
    "name": "US Dollar",
    "created": "2015-08-31T17:38:22.813Z",
    "deleted": null,
    "symbol": "$",
    "modified": "2015-08-31T17:38:22.813Z",
    "symbol_native": "$",
    "decimal_digits": 2,
    "rounding": 0,
    "name_plural": "US Dollars"
  },
  "model": "accounting.currency",
  "pk": "c0a5c275-9f9d-44fe-b3aa-a92313589996"
},
{
  "fields": {
    "deleted": null,
    "children": [],
    "modified": "2015-08-31T17:38:22.757Z",
    "name": "district_lp",
    "created": "2015-08-31T17:38:22.757Z"
  },
  "model": "location.locationlevel",
  "pk": "084c275d-797e-4c7e-88bf-1fc8b0d23d3c"
},
{
  "fields": {
    "deleted": null,
    "children": [],
    "modified": "2015-08-31T17:38:22.760Z",
    "name": "department",
    "created": "2015-08-31T17:38:22.760Z"
  },
  "model": "location.locationlevel",
  "pk": "0b1df9cc-6e5e-4e7c-9e15-ae4ec51f4c8b"
},
{
  "fields": {
    "deleted": null,
    "children": [
      "e3f110d1-f48b-4b9d-b888-86026fe77c6d"
    ],
    "modified": "2015-08-31T17:38:22.755Z",
    "name": "district",
    "created": "2015-08-31T17:38:22.755Z"
  },
  "model": "location.locationlevel",
  "pk": "186f1761-8a99-4114-bade-193ad595581f"
},
{
  "fields": {
    "deleted": null,
    "children": [
      "186f1761-8a99-4114-bade-193ad595581f",
      "084c275d-797e-4c7e-88bf-1fc8b0d23d3c"
    ],
    "modified": "2015-08-31T17:38:22.752Z",
    "name": "region",
    "created": "2015-08-31T17:38:22.752Z"
  },
  "model": "location.locationlevel",
  "pk": "d53cf3c5-bab6-40c8-b9c2-6e3b8c57214c"
},
{
  "fields": {
    "deleted": null,
    "children": [
      "0b1df9cc-6e5e-4e7c-9e15-ae4ec51f4c8b"
    ],
    "modified": "2015-08-31T17:38:22.758Z",
    "name": "store",
    "created": "2015-08-31T17:38:22.758Z"
  },
  "model": "location.locationlevel",
  "pk": "e3f110d1-f48b-4b9d-b888-86026fe77c6d"
},
{
  "fields": {
    "deleted": null,
    "modified": "2015-08-31T17:38:22.776Z",
    "name": "Open",
    "created": "2015-08-31T17:38:22.776Z"
  },
  "model": "location.locationstatus",
  "pk": "5c920d68-cc59-47ac-b4db-27d5af7f644b"
},
{
  "fields": {
    "deleted": null,
    "modified": "2015-08-31T17:38:22.778Z",
    "name": "big_store",
    "created": "2015-08-31T17:38:22.778Z"
  },
  "model": "location.locationtype",
  "pk": "2635915b-0c96-4bc0-9056-c5d2dcf50b18"
},
{
  "fields": {
    "status": "5c920d68-cc59-47ac-b4db-27d5af7f644b",
    "name": "ca",
    "created": "2015-08-31T17:38:22.785Z",
    "deleted": null,
    "modified": "2015-08-31T17:38:22.785Z",
    "number": "YwYFVUmqdZOhrqudcUwGBZawhVqAuPtEpPkbcSAJxyuHxkSmrQ",
    "location_level": "186f1761-8a99-4114-bade-193ad595581f",
    "type": "2635915b-0c96-4bc0-9056-c5d2dcf50b18",
    "children": [
      "a58d329a-517a-4c4f-8de7-4df67679af0f",
      "b528b434-7d1f-45a7-b346-1d052b357fda"
    ]
  },
  "model": "location.location",
  "pk": "23f0ccaf-d5cf-4839-b53c-bc0e4c842d17"
},
{
  "fields": {
    "status": "5c920d68-cc59-47ac-b4db-27d5af7f644b",
    "name": "east",
    "created": "2015-08-31T17:38:22.780Z",
    "deleted": null,
    "modified": "2015-08-31T17:38:22.780Z",
    "number": "ZcjCzZEGTSmeSdVZRBMfMHWgmNYINdXgoSHtMpxVxeOOaKRJXL",
    "location_level": "d53cf3c5-bab6-40c8-b9c2-6e3b8c57214c",
    "type": "2635915b-0c96-4bc0-9056-c5d2dcf50b18",
    "children": [
      "23f0ccaf-d5cf-4839-b53c-bc0e4c842d17",
      "ccd5649a-323c-454c-9ae5-c3acd97ea866"
    ]
  },
  "model": "location.location",
  "pk": "3a6a3268-ce21-4476-a259-a8606577718f"
},
{
  "fields": {
    "status": "5c920d68-cc59-47ac-b4db-27d5af7f644b",
    "name": "san_diego",
    "created": "2015-08-31T17:38:22.793Z",
    "deleted": null,
    "modified": "2015-08-31T17:38:22.793Z",
    "number": "QAzYnMdnSBlPATEiRuLzEYdKdoEHrIFzohFfsTYELbSccsZjFX",
    "location_level": "e3f110d1-f48b-4b9d-b888-86026fe77c6d",
    "type": "2635915b-0c96-4bc0-9056-c5d2dcf50b18",
    "children": []
  },
  "model": "location.location",
  "pk": "a58d329a-517a-4c4f-8de7-4df67679af0f"
},
{
  "fields": {
    "status": "5c920d68-cc59-47ac-b4db-27d5af7f644b",
    "name": "los_angeles",
    "created": "2015-08-31T17:38:22.797Z",
    "deleted": null,
    "modified": "2015-08-31T17:38:22.797Z",
    "number": "POAZxXwPzoANUwGuuBDYPYWnUXeQIjXBDfHXobkgtERUcYTIGB",
    "location_level": "e3f110d1-f48b-4b9d-b888-86026fe77c6d",
    "type": "2635915b-0c96-4bc0-9056-c5d2dcf50b18",
    "children": []
  },
  "model": "location.location",
  "pk": "b528b434-7d1f-45a7-b346-1d052b357fda"
},
{
  "fields": {
    "status": "5c920d68-cc59-47ac-b4db-27d5af7f644b",
    "name": "nv",
    "created": "2015-08-31T17:38:22.789Z",
    "deleted": null,
    "modified": "2015-08-31T17:38:22.789Z",
    "number": "AuMvRGbOdcEhQeyPWSiQxblfvFsyunHZorarpyqiggwAkfqmiu",
    "location_level": "186f1761-8a99-4114-bade-193ad595581f",
    "type": "2635915b-0c96-4bc0-9056-c5d2dcf50b18",
    "children": []
  },
  "model": "location.location",
  "pk": "ccd5649a-323c-454c-9ae5-c3acd97ea866"
},
{
  "fields": {
    "deleted": null,
    "description": "active",
    "modified": "2015-08-31T17:38:22.846Z",
    "name": "",
    "created": "2015-08-31T17:38:22.846Z"
  },
  "model": "person.personstatus",
  "pk": "bb4faa02-a895-4128-8030-86021cc753b2"
},
{
  "fields": {
    "codename": "add_logentry",
    "name": "Can add log entry",
    "content_type": 1
  },
  "model": "auth.permission",
  "pk": 1
},
{
  "fields": {
    "codename": "change_logentry",
    "name": "Can change log entry",
    "content_type": 1
  },
  "model": "auth.permission",
  "pk": 2
},
{
  "fields": {
    "codename": "delete_logentry",
    "name": "Can delete log entry",
    "content_type": 1
  },
  "model": "auth.permission",
  "pk": 3
},
{
  "fields": {
    "codename": "add_permission",
    "name": "Can add permission",
    "content_type": 2
  },
  "model": "auth.permission",
  "pk": 4
},
{
  "fields": {
    "codename": "change_permission",
    "name": "Can change permission",
    "content_type": 2
  },
  "model": "auth.permission",
  "pk": 5
},
{
  "fields": {
    "codename": "delete_permission",
    "name": "Can delete permission",
    "content_type": 2
  },
  "model": "auth.permission",
  "pk": 6
},
{
  "fields": {
    "codename": "add_group",
    "name": "Can add group",
    "content_type": 3
  },
  "model": "auth.permission",
  "pk": 7
},
{
  "fields": {
    "codename": "change_group",
    "name": "Can change group",
    "content_type": 3
  },
  "model": "auth.permission",
  "pk": 8
},
{
  "fields": {
    "codename": "delete_group",
    "name": "Can delete group",
    "content_type": 3
  },
  "model": "auth.permission",
  "pk": 9
},
{
  "fields": {
    "codename": "add_contenttype",
    "name": "Can add content type",
    "content_type": 4
  },
  "model": "auth.permission",
  "pk": 10
},
{
  "fields": {
    "codename": "change_contenttype",
    "name": "Can change content type",
    "content_type": 4
  },
  "model": "auth.permission",
  "pk": 11
},
{
  "fields": {
    "codename": "delete_contenttype",
    "name": "Can delete content type",
    "content_type": 4
  },
  "model": "auth.permission",
  "pk": 12
},
{
  "fields": {
    "codename": "add_session",
    "name": "Can add session",
    "content_type": 5
  },
  "model": "auth.permission",
  "pk": 13
},
{
  "fields": {
    "codename": "change_session",
    "name": "Can change session",
    "content_type": 5
  },
  "model": "auth.permission",
  "pk": 14
},
{
  "fields": {
    "codename": "delete_session",
    "name": "Can delete session",
    "content_type": 5
  },
  "model": "auth.permission",
  "pk": 15
},
{
  "fields": {
    "codename": "add_site",
    "name": "Can add site",
    "content_type": 6
  },
  "model": "auth.permission",
  "pk": 16
},
{
  "fields": {
    "codename": "change_site",
    "name": "Can change site",
    "content_type": 6
  },
  "model": "auth.permission",
  "pk": 17
},
{
  "fields": {
    "codename": "delete_site",
    "name": "Can delete site",
    "content_type": 6
  },
  "model": "auth.permission",
  "pk": 18
},
{
  "fields": {
    "codename": "add_flatpage",
    "name": "Can add flat page",
    "content_type": 7
  },
  "model": "auth.permission",
  "pk": 19
},
{
  "fields": {
    "codename": "change_flatpage",
    "name": "Can change flat page",
    "content_type": 7
  },
  "model": "auth.permission",
  "pk": 20
},
{
  "fields": {
    "codename": "delete_flatpage",
    "name": "Can delete flat page",
    "content_type": 7
  },
  "model": "auth.permission",
  "pk": 21
},
{
  "fields": {
    "codename": "add_corsmodel",
    "name": "Can add cors model",
    "content_type": 8
  },
  "model": "auth.permission",
  "pk": 22
},
{
  "fields": {
    "codename": "change_corsmodel",
    "name": "Can change cors model",
    "content_type": 8
  },
  "model": "auth.permission",
  "pk": 23
},
{
  "fields": {
    "codename": "delete_corsmodel",
    "name": "Can delete cors model",
    "content_type": 8
  },
  "model": "auth.permission",
  "pk": 24
},
{
  "fields": {
    "codename": "add_currency",
    "name": "Can add currency",
    "content_type": 9
  },
  "model": "auth.permission",
  "pk": 25
},
{
  "fields": {
    "codename": "change_currency",
    "name": "Can change currency",
    "content_type": 9
  },
  "model": "auth.permission",
  "pk": 26
},
{
  "fields": {
    "codename": "delete_currency",
    "name": "Can delete currency",
    "content_type": 9
  },
  "model": "auth.permission",
  "pk": 27
},
{
  "fields": {
    "codename": "add_category",
    "name": "Can add category",
    "content_type": 10
  },
  "model": "auth.permission",
  "pk": 28
},
{
  "fields": {
    "codename": "change_category",
    "name": "Can change category",
    "content_type": 10
  },
  "model": "auth.permission",
  "pk": 29
},
{
  "fields": {
    "codename": "delete_category",
    "name": "Can delete category",
    "content_type": 10
  },
  "model": "auth.permission",
  "pk": 30
},
{
  "fields": {
    "codename": "add_phonenumbertype",
    "name": "Can add phone number type",
    "content_type": 11
  },
  "model": "auth.permission",
  "pk": 31
},
{
  "fields": {
    "codename": "change_phonenumbertype",
    "name": "Can change phone number type",
    "content_type": 11
  },
  "model": "auth.permission",
  "pk": 32
},
{
  "fields": {
    "codename": "delete_phonenumbertype",
    "name": "Can delete phone number type",
    "content_type": 11
  },
  "model": "auth.permission",
  "pk": 33
},
{
  "fields": {
    "codename": "add_phonenumber",
    "name": "Can add phone number",
    "content_type": 12
  },
  "model": "auth.permission",
  "pk": 34
},
{
  "fields": {
    "codename": "change_phonenumber",
    "name": "Can change phone number",
    "content_type": 12
  },
  "model": "auth.permission",
  "pk": 35
},
{
  "fields": {
    "codename": "delete_phonenumber",
    "name": "Can delete phone number",
    "content_type": 12
  },
  "model": "auth.permission",
  "pk": 36
},
{
  "fields": {
    "codename": "add_addresstype",
    "name": "Can add address type",
    "content_type": 13
  },
  "model": "auth.permission",
  "pk": 37
},
{
  "fields": {
    "codename": "change_addresstype",
    "name": "Can change address type",
    "content_type": 13
  },
  "model": "auth.permission",
  "pk": 38
},
{
  "fields": {
    "codename": "delete_addresstype",
    "name": "Can delete address type",
    "content_type": 13
  },
  "model": "auth.permission",
  "pk": 39
},
{
  "fields": {
    "codename": "add_address",
    "name": "Can add address",
    "content_type": 14
  },
  "model": "auth.permission",
  "pk": 40
},
{
  "fields": {
    "codename": "change_address",
    "name": "Can change address",
    "content_type": 14
  },
  "model": "auth.permission",
  "pk": 41
},
{
  "fields": {
    "codename": "delete_address",
    "name": "Can delete address",
    "content_type": 14
  },
  "model": "auth.permission",
  "pk": 42
},
{
  "fields": {
    "codename": "add_emailtype",
    "name": "Can add email type",
    "content_type": 15
  },
  "model": "auth.permission",
  "pk": 43
},
{
  "fields": {
    "codename": "change_emailtype",
    "name": "Can change email type",
    "content_type": 15
  },
  "model": "auth.permission",
  "pk": 44
},
{
  "fields": {
    "codename": "delete_emailtype",
    "name": "Can delete email type",
    "content_type": 15
  },
  "model": "auth.permission",
  "pk": 45
},
{
  "fields": {
    "codename": "add_email",
    "name": "Can add email",
    "content_type": 16
  },
  "model": "auth.permission",
  "pk": 46
},
{
  "fields": {
    "codename": "change_email",
    "name": "Can change email",
    "content_type": 16
  },
  "model": "auth.permission",
  "pk": 47
},
{
  "fields": {
    "codename": "delete_email",
    "name": "Can delete email",
    "content_type": 16
  },
  "model": "auth.permission",
  "pk": 48
},
{
  "fields": {
    "codename": "add_state",
    "name": "Can add state",
    "content_type": 17
  },
  "model": "auth.permission",
  "pk": 49
},
{
  "fields": {
    "codename": "change_state",
    "name": "Can change state",
    "content_type": 17
  },
  "model": "auth.permission",
  "pk": 50
},
{
  "fields": {
    "codename": "delete_state",
    "name": "Can delete state",
    "content_type": 17
  },
  "model": "auth.permission",
  "pk": 51
},
{
  "fields": {
    "codename": "add_country",
    "name": "Can add country",
    "content_type": 18
  },
  "model": "auth.permission",
  "pk": 52
},
{
  "fields": {
    "codename": "change_country",
    "name": "Can change country",
    "content_type": 18
  },
  "model": "auth.permission",
  "pk": 53
},
{
  "fields": {
    "codename": "delete_country",
    "name": "Can delete country",
    "content_type": 18
  },
  "model": "auth.permission",
  "pk": 54
},
{
  "fields": {
    "codename": "add_locationlevel",
    "name": "Can add location level",
    "content_type": 19
  },
  "model": "auth.permission",
  "pk": 55
},
{
  "fields": {
    "codename": "change_locationlevel",
    "name": "Can change location level",
    "content_type": 19
  },
  "model": "auth.permission",
  "pk": 56
},
{
  "fields": {
    "codename": "delete_locationlevel",
    "name": "Can delete location level",
    "content_type": 19
  },
  "model": "auth.permission",
  "pk": 57
},
{
  "fields": {
    "codename": "add_locationstatus",
    "name": "Can add location status",
    "content_type": 20
  },
  "model": "auth.permission",
  "pk": 58
},
{
  "fields": {
    "codename": "change_locationstatus",
    "name": "Can change location status",
    "content_type": 20
  },
  "model": "auth.permission",
  "pk": 59
},
{
  "fields": {
    "codename": "delete_locationstatus",
    "name": "Can delete location status",
    "content_type": 20
  },
  "model": "auth.permission",
  "pk": 60
},
{
  "fields": {
    "codename": "add_locationtype",
    "name": "Can add location type",
    "content_type": 21
  },
  "model": "auth.permission",
  "pk": 61
},
{
  "fields": {
    "codename": "change_locationtype",
    "name": "Can change location type",
    "content_type": 21
  },
  "model": "auth.permission",
  "pk": 62
},
{
  "fields": {
    "codename": "delete_locationtype",
    "name": "Can delete location type",
    "content_type": 21
  },
  "model": "auth.permission",
  "pk": 63
},
{
  "fields": {
    "codename": "add_location",
    "name": "Can add location",
    "content_type": 22
  },
  "model": "auth.permission",
  "pk": 64
},
{
  "fields": {
    "codename": "change_location",
    "name": "Can change location",
    "content_type": 22
  },
  "model": "auth.permission",
  "pk": 65
},
{
  "fields": {
    "codename": "delete_location",
    "name": "Can delete location",
    "content_type": 22
  },
  "model": "auth.permission",
  "pk": 66
},
{
  "fields": {
    "codename": "add_role",
    "name": "Can add role",
    "content_type": 23
  },
  "model": "auth.permission",
  "pk": 67
},
{
  "fields": {
    "codename": "change_role",
    "name": "Can change role",
    "content_type": 23
  },
  "model": "auth.permission",
  "pk": 68
},
{
  "fields": {
    "codename": "delete_role",
    "name": "Can delete role",
    "content_type": 23
  },
  "model": "auth.permission",
  "pk": 69
},
{
  "fields": {
    "codename": "add_proxyrole",
    "name": "Can add proxy role",
    "content_type": 24
  },
  "model": "auth.permission",
  "pk": 70
},
{
  "fields": {
    "codename": "change_proxyrole",
    "name": "Can change proxy role",
    "content_type": 24
  },
  "model": "auth.permission",
  "pk": 71
},
{
  "fields": {
    "codename": "delete_proxyrole",
    "name": "Can delete proxy role",
    "content_type": 24
  },
  "model": "auth.permission",
  "pk": 72
},
{
  "fields": {
    "codename": "add_personstatus",
    "name": "Can add person status",
    "content_type": 25
  },
  "model": "auth.permission",
  "pk": 73
},
{
  "fields": {
    "codename": "change_personstatus",
    "name": "Can change person status",
    "content_type": 25
  },
  "model": "auth.permission",
  "pk": 74
},
{
  "fields": {
    "codename": "delete_personstatus",
    "name": "Can delete person status",
    "content_type": 25
  },
  "model": "auth.permission",
  "pk": 75
},
{
  "fields": {
    "codename": "add_person",
    "name": "Can add person",
    "content_type": 26
  },
  "model": "auth.permission",
  "pk": 76
},
{
  "fields": {
    "codename": "change_person",
    "name": "Can change person",
    "content_type": 26
  },
  "model": "auth.permission",
  "pk": 77
},
{
  "fields": {
    "codename": "delete_person",
    "name": "Can delete person",
    "content_type": 26
  },
  "model": "auth.permission",
  "pk": 78
},
{
  "fields": {
    "codename": "add_locale",
    "name": "Can add locale",
    "content_type": 27
  },
  "model": "auth.permission",
  "pk": 79
},
{
  "fields": {
    "codename": "change_locale",
    "name": "Can change locale",
    "content_type": 27
  },
  "model": "auth.permission",
  "pk": 80
},
{
  "fields": {
    "codename": "delete_locale",
    "name": "Can delete locale",
    "content_type": 27
  },
  "model": "auth.permission",
  "pk": 81
},
{
  "fields": {
    "codename": "add_translation",
    "name": "Can add translation",
    "content_type": 28
  },
  "model": "auth.permission",
  "pk": 82
},
{
  "fields": {
    "codename": "change_translation",
    "name": "Can change translation",
    "content_type": 28
  },
  "model": "auth.permission",
  "pk": 83
},
{
  "fields": {
    "codename": "delete_translation",
    "name": "Can delete translation",
    "content_type": 28
  },
  "model": "auth.permission",
  "pk": 84
},
{
  "fields": {
    "codename": "add_tester",
    "name": "Can add tester",
    "content_type": 29
  },
  "model": "auth.permission",
  "pk": 85
},
{
  "fields": {
    "codename": "change_tester",
    "name": "Can change tester",
    "content_type": 29
  },
  "model": "auth.permission",
  "pk": 86
},
{
  "fields": {
    "codename": "delete_tester",
    "name": "Can delete tester",
    "content_type": 29
  },
  "model": "auth.permission",
  "pk": 87
},
{
  "fields": {
    "codename": "add_mainsetting",
    "name": "Can add main setting",
    "content_type": 30
  },
  "model": "auth.permission",
  "pk": 88
},
{
  "fields": {
    "codename": "change_mainsetting",
    "name": "Can change main setting",
    "content_type": 30
  },
  "model": "auth.permission",
  "pk": 89
},
{
  "fields": {
    "codename": "delete_mainsetting",
    "name": "Can delete main setting",
    "content_type": 30
  },
  "model": "auth.permission",
  "pk": 90
},
{
  "fields": {
    "codename": "add_customsetting",
    "name": "Can add custom setting",
    "content_type": 31
  },
  "model": "auth.permission",
  "pk": 91
},
{
  "fields": {
    "codename": "change_customsetting",
    "name": "Can change custom setting",
    "content_type": 31
  },
  "model": "auth.permission",
  "pk": 92
},
{
  "fields": {
    "codename": "delete_customsetting",
    "name": "Can delete custom setting",
    "content_type": 31
  },
  "model": "auth.permission",
  "pk": 93
},
{
  "fields": {
    "codename": "add_workorderstatus",
    "name": "Can add work order status",
    "content_type": 32
  },
  "model": "auth.permission",
  "pk": 94
},
{
  "fields": {
    "codename": "change_workorderstatus",
    "name": "Can change work order status",
    "content_type": 32
  },
  "model": "auth.permission",
  "pk": 95
},
{
  "fields": {
    "codename": "delete_workorderstatus",
    "name": "Can delete work order status",
    "content_type": 32
  },
  "model": "auth.permission",
  "pk": 96
},
{
  "fields": {
    "codename": "add_workorder",
    "name": "Can add work order",
    "content_type": 33
  },
  "model": "auth.permission",
  "pk": 97
},
{
  "fields": {
    "codename": "change_workorder",
    "name": "Can change work order",
    "content_type": 33
  },
  "model": "auth.permission",
  "pk": 98
},
{
  "fields": {
    "codename": "delete_workorder",
    "name": "Can delete work order",
    "content_type": 33
  },
  "model": "auth.permission",
  "pk": 99
},
{
  "fields": {
    "name": "region-role",
    "permissions": []
  },
  "model": "auth.group",
  "pk": 1
},
{
  "fields": {
    "name": "district-role",
    "permissions": []
  },
  "model": "auth.group",
  "pk": 2
},
{
  "fields": {
    "name": "district_lp-role",
    "permissions": []
  },
  "model": "auth.group",
  "pk": 3
},
{
  "fields": {
    "name": "store-role",
    "permissions": []
  },
  "model": "auth.group",
  "pk": 4
},
{
  "fields": {
    "name": "department-role",
    "permissions": []
  },
  "model": "auth.group",
  "pk": 5
},
{
  "fields": {
    "msg_stored_link": false,
    "msg_copy_default": false,
    "tabs": "",
    "msg_copy_email": false,
    "create_all": false,
    "allow_approval": false,
    "msg_viewall": false,
    "inv_select_assign": "all",
    "inv_autoapprove": false,
    "dashboad_links": "",
    "proxy_set": false,
    "password_expire_alert": true,
    "password_min_length": 6,
    "group": 2,
    "default_accept_notify": true,
    "password_history_length": null,
    "inv_wo_status": null,
    "proxy_approval_bypass": false,
    "password_char_types": "yfoPJSgQwPZcWEeXpBoRDkwObxwFdmwzcTrgyWdbUhlJAuNwKvwLqLMuQKvKgnuRdsYlcGiPijbgtabsIoBZbSSAOxUbtgyKuWlN",
    "dashboad_text": "",
    "password_expire": null,
    "inv_max_approval_currency": "usd",
    "wo_show_tkt_attach": false,
    "wo_show_inactive": false,
    "deleted": null,
    "msg_address": false,
    "wo_days_backdate": null,
    "inv_max_approval_amount": 0,
    "default_accept_assign": true,
    "location_level": "186f1761-8a99-4114-bade-193ad595581f",
    "accept_notify": false,
    "role_type": "Internal",
    "inv_close_wo": "Do not display",
    "name": "district-role",
    "created": "2015-08-31T17:38:22.823Z",
    "wo_edit_closeout": false,
    "modules": "",
    "modified": "2015-08-31T17:38:22.823Z",
    "inv_req_attach": true,
    "wo_allow_backdate": false,
    "default_auth_currency": "c0a5c275-9f9d-44fe-b3aa-a92313589996",
    "default_auth_amount": "0.0000",
    "inv_wait": null,
    "wo_notes": false,
    "accept_assign": false,
    "inv_options": "new"
  },
  "model": "person.role",
  "pk": "63052eed-3ae2-4ada-b394-c41ffbbf8be3"
},
{
  "fields": {
    "msg_stored_link": false,
    "msg_copy_default": false,
    "tabs": "",
    "msg_copy_email": false,
    "create_all": false,
    "allow_approval": false,
    "msg_viewall": false,
    "inv_select_assign": "all",
    "inv_autoapprove": false,
    "dashboad_links": "",
    "proxy_set": false,
    "password_expire_alert": true,
    "password_min_length": 6,
    "group": 3,
    "default_accept_notify": true,
    "password_history_length": null,
    "inv_wo_status": null,
    "proxy_approval_bypass": false,
    "password_char_types": "WeqEuTNQzFjrLbKMagzYWVVAlCzzBHzVdBjUrunlAHuHQRISnrtYLIMfecKGSFbMHMiicZxBgPktmISxWwqVzfNciPwitSVQKxsG",
    "dashboad_text": "",
    "password_expire": null,
    "inv_max_approval_currency": "usd",
    "wo_show_tkt_attach": false,
    "wo_show_inactive": false,
    "deleted": null,
    "msg_address": false,
    "wo_days_backdate": null,
    "inv_max_approval_amount": 0,
    "default_accept_assign": true,
    "location_level": "084c275d-797e-4c7e-88bf-1fc8b0d23d3c",
    "accept_notify": false,
    "role_type": "Internal",
    "inv_close_wo": "Do not display",
    "name": "district_lp-role",
    "created": "2015-08-31T17:38:22.829Z",
    "wo_edit_closeout": false,
    "modules": "",
    "modified": "2015-08-31T17:38:22.829Z",
    "inv_req_attach": true,
    "wo_allow_backdate": false,
    "default_auth_currency": "c0a5c275-9f9d-44fe-b3aa-a92313589996",
    "default_auth_amount": "0.0000",
    "inv_wait": null,
    "wo_notes": false,
    "accept_assign": false,
    "inv_options": "new"
  },
  "model": "person.role",
  "pk": "7e739c58-be6e-4988-a763-394e2c9634b4"
},
{
  "fields": {
    "msg_stored_link": false,
    "msg_copy_default": false,
    "tabs": "",
    "msg_copy_email": false,
    "create_all": false,
    "allow_approval": false,
    "msg_viewall": false,
    "inv_select_assign": "all",
    "inv_autoapprove": false,
    "dashboad_links": "",
    "proxy_set": false,
    "password_expire_alert": true,
    "password_min_length": 6,
    "group": 1,
    "default_accept_notify": true,
    "password_history_length": null,
    "inv_wo_status": null,
    "proxy_approval_bypass": false,
    "password_char_types": "OxXfZDCkWMCTGSPnhecOZyRfmALWkmPrvBjbSwjQIsHpGSyYUxIHmntfynFrJGYNlzBJSKThZwSnuYgPpCXWytMWoYxlRSlJfLYB",
    "dashboad_text": "",
    "password_expire": null,
    "inv_max_approval_currency": "usd",
    "wo_show_tkt_attach": false,
    "wo_show_inactive": false,
    "deleted": null,
    "msg_address": false,
    "wo_days_backdate": null,
    "inv_max_approval_amount": 0,
    "default_accept_assign": true,
    "location_level": "d53cf3c5-bab6-40c8-b9c2-6e3b8c57214c",
    "accept_notify": false,
    "role_type": "Internal",
    "inv_close_wo": "Do not display",
    "name": "region-role",
    "created": "2015-08-31T17:38:22.816Z",
    "wo_edit_closeout": false,
    "modules": "",
    "modified": "2015-08-31T17:38:22.816Z",
    "inv_req_attach": true,
    "wo_allow_backdate": false,
    "default_auth_currency": "c0a5c275-9f9d-44fe-b3aa-a92313589996",
    "default_auth_amount": "0.0000",
    "inv_wait": null,
    "wo_notes": false,
    "accept_assign": false,
    "inv_options": "new"
  },
  "model": "person.role",
  "pk": "bf92a592-f329-426c-b221-20f3bba11c55"
},
{
  "fields": {
    "msg_stored_link": false,
    "msg_copy_default": false,
    "tabs": "",
    "msg_copy_email": false,
    "create_all": false,
    "allow_approval": false,
    "msg_viewall": false,
    "inv_select_assign": "all",
    "inv_autoapprove": false,
    "dashboad_links": "",
    "proxy_set": false,
    "password_expire_alert": true,
    "password_min_length": 6,
    "group": 4,
    "default_accept_notify": true,
    "password_history_length": null,
    "inv_wo_status": null,
    "proxy_approval_bypass": false,
    "password_char_types": "cXGFfFYVzpdbHPbwcTBHbiSScemiDyxtsqsGSzpOQLFhPlnBibnaHaOChsShcUicVivDLVpUxVAPnaBjlwVAmrauHtfOFpRnLiuq",
    "dashboad_text": "",
    "password_expire": null,
    "inv_max_approval_currency": "usd",
    "wo_show_tkt_attach": false,
    "wo_show_inactive": false,
    "deleted": null,
    "msg_address": false,
    "wo_days_backdate": null,
    "inv_max_approval_amount": 0,
    "default_accept_assign": true,
    "location_level": "e3f110d1-f48b-4b9d-b888-86026fe77c6d",
    "accept_notify": false,
    "role_type": "Internal",
    "inv_close_wo": "Do not display",
    "name": "store-role",
    "created": "2015-08-31T17:38:22.834Z",
    "wo_edit_closeout": false,
    "modules": "",
    "modified": "2015-08-31T17:38:22.834Z",
    "inv_req_attach": true,
    "wo_allow_backdate": false,
    "default_auth_currency": "c0a5c275-9f9d-44fe-b3aa-a92313589996",
    "default_auth_amount": "0.0000",
    "inv_wait": null,
    "wo_notes": false,
    "accept_assign": false,
    "inv_options": "new"
  },
  "model": "person.role",
  "pk": "fe1051ec-e411-47d7-a600-49ca571eedc1"
},
{
  "fields": {
    "msg_stored_link": false,
    "msg_copy_default": false,
    "tabs": "",
    "msg_copy_email": false,
    "create_all": false,
    "allow_approval": false,
    "msg_viewall": false,
    "inv_select_assign": "all",
    "inv_autoapprove": false,
    "dashboad_links": "",
    "proxy_set": false,
    "password_expire_alert": true,
    "password_min_length": 6,
    "group": 5,
    "default_accept_notify": true,
    "password_history_length": null,
    "inv_wo_status": null,
    "proxy_approval_bypass": false,
    "password_char_types": "UCrFtqDTvdNvSwvoNBcMzCEsYRJRFTzsMrPvwgjKvNwRZLyWmEMPFHKxwkabpXeLwjprxvfyumNEVitIntKiEfxGatnFAnJVKlOX",
    "dashboad_text": "",
    "password_expire": null,
    "inv_max_approval_currency": "usd",
    "wo_show_tkt_attach": false,
    "wo_show_inactive": false,
    "deleted": null,
    "msg_address": false,
    "wo_days_backdate": null,
    "inv_max_approval_amount": 0,
    "default_accept_assign": true,
    "location_level": "0b1df9cc-6e5e-4e7c-9e15-ae4ec51f4c8b",
    "accept_notify": false,
    "role_type": "Internal",
    "inv_close_wo": "Do not display",
    "name": "department-role",
    "created": "2015-08-31T17:38:22.840Z",
    "wo_edit_closeout": false,
    "modules": "",
    "modified": "2015-08-31T17:38:22.840Z",
    "inv_req_attach": true,
    "wo_allow_backdate": false,
    "default_auth_currency": "c0a5c275-9f9d-44fe-b3aa-a92313589996",
    "default_auth_amount": "0.0000",
    "inv_wait": null,
    "wo_notes": false,
    "accept_assign": false,
    "inv_options": "new"
  },
  "model": "person.role",
  "pk": "ff839423-524e-4d72-bd98-90e3b4816f45"
},
{
  "fields": {
    "status": "bb4faa02-a895-4128-8030-86021cc753b2",
    "last_name": "",
    "proxy_start_date": null,
    "locale": null,
    "next_approver": null,
    "locations": [
      "3a6a3268-ce21-4476-a259-a8606577718f"
    ],
    "is_staff": false,
    "user_permissions": [],
    "proxy_end_date": null,
    "date_joined": "2015-08-31T17:38:23.028Z",
    "middle_initial": null,
    "first_name": "voluptate",
    "employee_id": null,
    "auth_amount": "0.0000",
    "title": null,
    "is_superuser": false,
    "last_login": null,
    "password_expire": null,
    "role": "bf92a592-f329-426c-b221-20f3bba11c55",
    "auth_currency": "c0a5c275-9f9d-44fe-b3aa-a92313589996",
    "username": "voluptate",
    "deleted": null,
    "password_one_time": null,
    "is_active": true,
    "groups": [
      1
    ],
    "accept_notify": true,
    "password": "WELcWauhXVfPtxjZsujahnWAJZtjKYxyKITnoILeGPJmbWDNPgBMcqidpscbxiPekWLrAjOLmNZcseFFPAlPjWuZEHFzAJEoVdhiWdluaNPnTUeTveYTQMYEmjHqimCW",
    "proxy_status": null,
    "proxy_user": null,
    "created": "2015-08-31T17:38:23.032Z",
    "modified": "2015-08-31T17:38:23.032Z",
    "email": "",
    "accept_assign": true,
    "password_change": "uMFBziaReYssErPdaQnWrhlkUwWHSXHMHYpmAbKibjpjsKNIHcvMTOLlfVmgVaSnsBpFBwnKrUBdULthCPvkWwXXXQtqTEJYMZKdNbnHyDseUAxQDNgqGfQnaQNbCrJFbwTXLHazVpNmqyHCRcHKGRFxSEnOpBlhKnTyVzRRxSSlANlXViKEErCFvwWZvBMmkMSgMoBibZluAaOZAbwYVIRWCBXSVvXHRqiwTuKWhDAhGwWwdJMcNPiCGNeFUaleciUnHGHNCmFkbRyDDRUnWwebPHcAnVXlUUPildGjUdvj"
  },
  "model": "person.person",
  "pk": "072ab29d-34bd-4c82-bc79-b3a88b78e576"
},
{
  "fields": {
    "status": "bb4faa02-a895-4128-8030-86021cc753b2",
    "last_name": "",
    "proxy_start_date": null,
    "locale": null,
    "next_approver": null,
    "locations": [],
    "is_staff": false,
    "user_permissions": [],
    "proxy_end_date": null,
    "date_joined": "2015-08-31T17:38:23.094Z",
    "middle_initial": null,
    "first_name": "et",
    "employee_id": null,
    "auth_amount": "0.0000",
    "title": null,
    "is_superuser": false,
    "last_login": null,
    "password_expire": null,
    "role": "ff839423-524e-4d72-bd98-90e3b4816f45",
    "auth_currency": "c0a5c275-9f9d-44fe-b3aa-a92313589996",
    "username": "et",
    "deleted": null,
    "password_one_time": null,
    "is_active": true,
    "groups": [
      5
    ],
    "accept_notify": true,
    "password": "CRIEPZZTuAwgzDtayiSimHJaYNSHPfzDoQnYLppKqcVUIztHcfEcUeusUpLqYvZZAPnpuHTaHHhKbaXdLSpHYlOOmfyJhneFBxRdfMrUxlvLBseKWdSEleCMBmrVGdVr",
    "proxy_status": null,
    "proxy_user": null,
    "created": "2015-08-31T17:38:23.097Z",
    "modified": "2015-08-31T17:38:23.097Z",
    "email": "",
    "accept_assign": true,
    "password_change": "ECsIppsMcEaYdiQlHBvSeevgvyBHVuEyVzULSaHERfuirEBkqNzSUwQDalmTlPJjflnVmfWhrCHdswfkfHjKuGzHrmGbxJwKsSaogoBGExZcmnaYkmiLGrNpnmYxHBKZpSyOlEPbWhwpSRbElNapnmizGBeVNfJpPEJBazoaSYEsyxsejpwzSvfQBITEAmhXDTjxJNEnuJDcUiGSRNQnxpuVbmEJXshesOMNZCQLIqZpDNlXfxgGozgKWPZxafAxslvyhJuOYhZHqPIFAcZXvRfSyIcKUptJlhOJjjFogPoJ"
  },
  "model": "person.person",
  "pk": "2a2a2e41-ddeb-49c9-a871-19b2fa826501"
},
{
  "fields": {
    "status": "bb4faa02-a895-4128-8030-86021cc753b2",
    "last_name": "",
    "proxy_start_date": null,
    "locale": null,
    "next_approver": null,
    "locations": [
      "a58d329a-517a-4c4f-8de7-4df67679af0f",
      "b528b434-7d1f-45a7-b346-1d052b357fda"
    ],
    "is_staff": false,
    "user_permissions": [],
    "proxy_end_date": null,
    "date_joined": "2015-08-31T17:38:23.177Z",
    "middle_initial": null,
    "first_name": "dolor",
    "employee_id": null,
    "auth_amount": "0.0000",
    "title": null,
    "is_superuser": false,
    "last_login": null,
    "password_expire": null,
    "role": "fe1051ec-e411-47d7-a600-49ca571eedc1",
    "auth_currency": "c0a5c275-9f9d-44fe-b3aa-a92313589996",
    "username": "dolor",
    "deleted": null,
    "password_one_time": null,
    "is_active": true,
    "groups": [
      4
    ],
    "accept_notify": true,
    "password": "KAsUmBLSttVnyexFndvotHZsZNzvhAHGIRPThVAxbeeVzKJZwEtBSzQeQHzYFoHQGifBynHXwNXvqjnWqXGDDZnketbSkUrTbehSjuEDGvFAgzTTvziLwXoEYCbAfoXn",
    "proxy_status": null,
    "proxy_user": null,
    "created": "2015-08-31T17:38:23.180Z",
    "modified": "2015-08-31T17:38:23.180Z",
    "email": "",
    "accept_assign": true,
    "password_change": "CYIPDhdQBZeAvbdJhHrjfLrNlvpXVKJFgDegTbwNOgvEkZgYaotuagNFfUhXokqfHgdOcblhfjNySmyBRXPshkFjDSQqPrattFhawmVKdhZJIPcVfhaCbRgPFawzXmfWyyOhhIQKnvujOnDFMPvcTYmWyWoxUbCDgZBDScChBWrWoTInlRqZKdvDecxovgnSQENONLkdINtFkZSEMMIujzXyUdufAAYcjlZosPreCcjmYTlzGzOxEQptXrzHYFhyrvoIFcNUlKDJasEkTpOUjGbWNTKznOfznbvfBHCqkKHd"
  },
  "model": "person.person",
  "pk": "2a666b91-87a2-4418-92df-73a1f8a533b7"
},
{
  "fields": {
    "status": "bb4faa02-a895-4128-8030-86021cc753b2",
    "last_name": "",
    "proxy_start_date": null,
    "locale": null,
    "next_approver": null,
    "locations": [],
    "is_staff": false,
    "user_permissions": [],
    "proxy_end_date": null,
    "date_joined": "2015-08-31T17:38:23.128Z",
    "middle_initial": null,
    "first_name": "sit",
    "employee_id": null,
    "auth_amount": "0.0000",
    "title": null,
    "is_superuser": false,
    "last_login": null,
    "password_expire": null,
    "role": "ff839423-524e-4d72-bd98-90e3b4816f45",
    "auth_currency": "c0a5c275-9f9d-44fe-b3aa-a92313589996",
    "username": "sit",
    "deleted": null,
    "password_one_time": null,
    "is_active": true,
    "groups": [
      5
    ],
    "accept_notify": true,
    "password": "SCcloMKLWfvmklOAAoKLiyKCrDKBSjtwkIwByGzXgioSDlISZQWUkchMtLZFSYnQNDpCCESIfcjTKMlJJLwkMABGXQsCDTYkmmtHzeDlIkwiSULROCjCFjUjCZFJBpcQ",
    "proxy_status": null,
    "proxy_user": null,
    "created": "2015-08-31T17:38:23.132Z",
    "modified": "2015-08-31T17:38:23.132Z",
    "email": "",
    "accept_assign": true,
    "password_change": "onhkKpdjXTESXLAsxkklUmPYGrWZpepQqpMXtJTEKkOWfVeeeotVVaTMgrTeWjbYvnttimpZURzjUicDLwGGajZQRQKAeMNZbsWKzSQFOFRvLvoeLedtyyrlxgtapTZXQehvlHmswXhXdIhDMXTeWNdzoHwhxkwMThGIyfxDPulYtSSTIcriyphuaSAmiJhUBGsTiFBTDldMIFrtuhdVoeoVTltRVvaFlvUgVxMjtIfqRFDLgoCMPvWkiuAaiWEdhmdbtewqyHQpenbUmbtBdzImohxObjmJKsOgfJJBBtTC"
  },
  "model": "person.person",
  "pk": "321061b3-5e4c-44c4-ae81-d32a178f42e5"
},
{
  "fields": {
    "status": "bb4faa02-a895-4128-8030-86021cc753b2",
    "last_name": "",
    "proxy_start_date": null,
    "locale": null,
    "next_approver": null,
    "locations": [
      "a58d329a-517a-4c4f-8de7-4df67679af0f",
      "b528b434-7d1f-45a7-b346-1d052b357fda"
    ],
    "is_staff": false,
    "user_permissions": [],
    "proxy_end_date": null,
    "date_joined": "2015-08-31T17:38:23.015Z",
    "middle_initial": null,
    "first_name": "proident,",
    "employee_id": null,
    "auth_amount": "0.0000",
    "title": null,
    "is_superuser": false,
    "last_login": null,
    "password_expire": null,
    "role": "fe1051ec-e411-47d7-a600-49ca571eedc1",
    "auth_currency": "c0a5c275-9f9d-44fe-b3aa-a92313589996",
    "username": "proident,",
    "deleted": null,
    "password_one_time": null,
    "is_active": true,
    "groups": [
      4
    ],
    "accept_notify": true,
    "password": "AjJvdURVduYPvcmhuDHuJaWGItHSIxiWddrRIZdaKqlBDdoyUbpWsUJRttzYawvHSbaxyhiiraJBWmNAcxKtsnYChrBbQldQtiuTHdvkrGNENHrtHGnKInQhJCNebkWy",
    "proxy_status": null,
    "proxy_user": null,
    "created": "2015-08-31T17:38:23.019Z",
    "modified": "2015-08-31T17:38:23.019Z",
    "email": "",
    "accept_assign": true,
    "password_change": "VSVNJWYUvqNiArpmlwDwhnDvdfUfIrNpbXajjFDrTOEXAfzkHecZfHskbZPHyZzzRVztUqNkZSQilMhaIJyHwKolaXCrypRvfQRBjoTjGmFrInSgzoDQwvEoosbvzTGnpifAtEkIoiEGsCCnYWiDwnVNAJcyOIvvkGaNdZGsOqyWKcLTpOaJzRgrGfzxgxoXGWQhbzfyaiTWXyrpcmWvZMrPTamGKmdteWEMpvzZeNJYrLsitfXRdtHOiDgbcyqNlkZvbKPINCfQXIVtzEdLJNTZrxNnPeKwCbyZVhOooKRw"
  },
  "model": "person.person",
  "pk": "409dbd9c-3401-4b62-b554-c385098123e1"
},
{
  "fields": {
    "status": "bb4faa02-a895-4128-8030-86021cc753b2",
    "last_name": "",
    "proxy_start_date": null,
    "locale": null,
    "next_approver": null,
    "locations": [
      "a58d329a-517a-4c4f-8de7-4df67679af0f",
      "b528b434-7d1f-45a7-b346-1d052b357fda"
    ],
    "is_staff": false,
    "user_permissions": [],
    "proxy_end_date": null,
    "date_joined": "2015-08-31T17:38:23.004Z",
    "middle_initial": null,
    "first_name": "est",
    "employee_id": null,
    "auth_amount": "0.0000",
    "title": null,
    "is_superuser": false,
    "last_login": null,
    "password_expire": null,
    "role": "fe1051ec-e411-47d7-a600-49ca571eedc1",
    "auth_currency": "c0a5c275-9f9d-44fe-b3aa-a92313589996",
    "username": "est",
    "deleted": null,
    "password_one_time": null,
    "is_active": true,
    "groups": [
      4
    ],
    "accept_notify": true,
    "password": "riFKxxxMXBwKjVjpWNnkWfoLpcrwbUyTJzVomEoBuzaeimnEfwJsNAETzKGSKMCXIHrVzdHYZOQwNDFZTxhEUUASLZcLlxRnStcBfOlthEuDDDJwWVlXpcIkLvzgDQJo",
    "proxy_status": null,
    "proxy_user": null,
    "created": "2015-08-31T17:38:23.007Z",
    "modified": "2015-08-31T17:38:23.007Z",
    "email": "",
    "accept_assign": true,
    "password_change": "rIMplzHRCOpOLFwQyksMjJnFidQaluBqXXwbrDgmOwdKbXWxYyANPBEkodatDCRuIFBiptpEWaZfYOqntvXhSvdHVXggJvTGnsLwFzrTvBKytKGgpreTzwcadGscIOTrpHXjWqkgwsWvsLvrxkPCLAdABnYPHskmSrvNLpxjVAsfaYYdJAvDpcbCfTrFXvUgXeigonWcNYgnSCySNUUgQEweaIQPxuvecxOLjSGvTmWdbNSRiPCeZikWxDxqmfKuqURiDIbGNANXOphfhQbqaVuyKnhgZwOCYCxqIhsLlApK"
  },
  "model": "person.person",
  "pk": "46431806-1411-4c20-96dc-8286ef2ecbeb"
},
{
  "fields": {
    "status": "bb4faa02-a895-4128-8030-86021cc753b2",
    "last_name": "",
    "proxy_start_date": null,
    "locale": null,
    "next_approver": null,
    "locations": [
      "a58d329a-517a-4c4f-8de7-4df67679af0f",
      "b528b434-7d1f-45a7-b346-1d052b357fda"
    ],
    "is_staff": false,
    "user_permissions": [],
    "proxy_end_date": null,
    "date_joined": "2015-08-31T17:38:22.964Z",
    "middle_initial": null,
    "first_name": "elit,",
    "employee_id": null,
    "auth_amount": "0.0000",
    "title": null,
    "is_superuser": false,
    "last_login": null,
    "password_expire": null,
    "role": "fe1051ec-e411-47d7-a600-49ca571eedc1",
    "auth_currency": "c0a5c275-9f9d-44fe-b3aa-a92313589996",
    "username": "elit,",
    "deleted": null,
    "password_one_time": null,
    "is_active": true,
    "groups": [
      4
    ],
    "accept_notify": true,
    "password": "fynGRbygawyoYhIVoJIknXkCOvXQdacGHggOIHVNxGjXTnFbDLKClKfNzgvCFtFktrfrpSZNPdZbsqzgqcPlyiXiYilaAxaRuRJwzKZYCOQOWZuUPOfEeAqQSoQxFDzr",
    "proxy_status": null,
    "proxy_user": null,
    "created": "2015-08-31T17:38:22.968Z",
    "modified": "2015-08-31T17:38:22.968Z",
    "email": "",
    "accept_assign": true,
    "password_change": "NzqLhjIbzVXQKucGKEoyzkNavWCZHHOFtMdQrfLttZovxTxvciOAbfSFhewvBigKGXKlgOEWyjdwDcVjKowQKsAkEUtojmDclakWPvOrDJIHWvZMOcWwOBSxQtihGQKpDLLFnYtCyOxDAlTCxINzHeJxbINcaLFHsVYsgAnIBKlVnDLBjDoHroploLRVHCABeugLqvEWaLAHvfalbElTTImBiGlTZoUCOzufywblqcEwdIFcSQSftVjXRtScTSvzaSAjSSwJHvWZBNOrSwjXIRJfmCSGvinhUEvprzkvnpip"
  },
  "model": "person.person",
  "pk": "63602066-f9e9-4271-89b0-a13e0f1f330e"
},
{
  "fields": {
    "status": "bb4faa02-a895-4128-8030-86021cc753b2",
    "last_name": "",
    "proxy_start_date": null,
    "locale": null,
    "next_approver": null,
    "locations": [],
    "is_staff": true,
    "user_permissions": [],
    "proxy_end_date": null,
    "date_joined": "2015-08-31T17:38:22.845Z",
    "middle_initial": null,
    "first_name": "",
    "employee_id": null,
    "auth_amount": "0.0000",
    "title": null,
    "is_superuser": true,
    "last_login": null,
    "password_expire": null,
    "role": "63052eed-3ae2-4ada-b394-c41ffbbf8be3",
    "auth_currency": "c0a5c275-9f9d-44fe-b3aa-a92313589996",
    "username": "aaron",
    "deleted": null,
    "password_one_time": null,
    "is_active": true,
    "groups": [
      2
    ],
    "accept_notify": true,
    "password": "pbkdf2_sha256$20000$4s99MotvyGKW$gMKgDwWIslK28XGdaC/EEn/j7lx4/B7wb2rqtQN8jNE=",
    "proxy_status": null,
    "proxy_user": null,
    "created": "2015-08-31T17:38:22.852Z",
    "modified": "2015-08-31T17:38:22.935Z",
    "email": "",
    "accept_assign": true,
    "password_change": "NLrAPQopYZuwiEdZCvUCsRQtYTzqiKPCVvHujvtxpksgmcfDDApthWBURJLMPUIuSRCflnDBoJSQHDXXVqibtABCmWYfJCHAZkpgKaHKetBQPtVmSHZZdSietLBHDNzmVuLCnkmkLcigTupEuJRYChQXAkxskXbpyanOkVDcBsvwXSbqIjrBHOkJilPKsSZVPdGRopqdzOUcgLGnCZEEYhNfVcnivfHiooGgpeSvhuXBqPmWLCKhhYtkmfMRCQkBKJsamvIrlSMITVUJEgZatJgMxJTkObxHwqzROSotHrqn"
  },
  "model": "person.person",
  "pk": "6c462a94-e995-4c25-aecc-8dfa6c3c9499"
},
{
  "fields": {
    "status": "bb4faa02-a895-4128-8030-86021cc753b2",
    "last_name": "",
    "proxy_start_date": null,
    "locale": null,
    "next_approver": null,
    "locations": [],
    "is_staff": false,
    "user_permissions": [],
    "proxy_end_date": null,
    "date_joined": "2015-08-31T17:38:23.084Z",
    "middle_initial": null,
    "first_name": "fugiat",
    "employee_id": null,
    "auth_amount": "0.0000",
    "title": null,
    "is_superuser": false,
    "last_login": null,
    "password_expire": null,
    "role": "ff839423-524e-4d72-bd98-90e3b4816f45",
    "auth_currency": "c0a5c275-9f9d-44fe-b3aa-a92313589996",
    "username": "fugiat",
    "deleted": null,
    "password_one_time": null,
    "is_active": true,
    "groups": [
      5
    ],
    "accept_notify": true,
    "password": "vnackVjqThNOJFwTyEYChWHgfyTRPpesVLaiPeXgWegVFOZnuTDPzEjszhHTIRKBysleWrGZJcCKVlxgpYVTnMHqlEjgqhURNRsoaoJTHbUltKbWXYCcHZGTDUcwexzG",
    "proxy_status": null,
    "proxy_user": null,
    "created": "2015-08-31T17:38:23.088Z",
    "modified": "2015-08-31T17:38:23.088Z",
    "email": "",
    "accept_assign": true,
    "password_change": "stGVGvUaVgjAEpeoMSClqOmBoFHuoqgAlreGUWTAABdlMuUnjlgjKGOGHgBMAWaKydOZslPCbMraIYRkyxGmmcGHrERzyiGqEFZAJkZrTAbzSSZdyGQBtDLPDcKpjHFEpGglHiiKTAHGzGrHlFhzWyEqGidCKxERAFAJhdNEXURPMcSdOTyqWPnkUCagZLcqlSQtPfdYyXBaIMNqTAXJBPatMkFpCDTDucOUYJbahlupzkqLAoMbrCzVDraJiPzzFoQXQMIgiloGDMuyhbLiLsrIZbIfQMvTsSuQTEPppdSe"
  },
  "model": "person.person",
  "pk": "6c5d0aca-a595-4c82-a8da-adc5a17b0d67"
},
{
  "fields": {
    "status": "bb4faa02-a895-4128-8030-86021cc753b2",
    "last_name": "",
    "proxy_start_date": null,
    "locale": null,
    "next_approver": null,
    "locations": [
      "a58d329a-517a-4c4f-8de7-4df67679af0f",
      "b528b434-7d1f-45a7-b346-1d052b357fda"
    ],
    "is_staff": false,
    "user_permissions": [],
    "proxy_end_date": null,
    "date_joined": "2015-08-31T17:38:23.062Z",
    "middle_initial": null,
    "first_name": "cillum",
    "employee_id": null,
    "auth_amount": "0.0000",
    "title": null,
    "is_superuser": false,
    "last_login": null,
    "password_expire": null,
    "role": "fe1051ec-e411-47d7-a600-49ca571eedc1",
    "auth_currency": "c0a5c275-9f9d-44fe-b3aa-a92313589996",
    "username": "cillum",
    "deleted": null,
    "password_one_time": null,
    "is_active": true,
    "groups": [
      4
    ],
    "accept_notify": true,
    "password": "QNFNobMCYydNruhJyKBPlUCtsMbLBzAJrRVWELBWJARUhNSTJadDElRJqMSWcOpeYKVsSRjWRFpQaiNskYArwJpbTdHAkWRBHlbPSOAGyYHuvFMFLRWMXiVtuGIQcQWa",
    "proxy_status": null,
    "proxy_user": null,
    "created": "2015-08-31T17:38:23.066Z",
    "modified": "2015-08-31T17:38:23.066Z",
    "email": "",
    "accept_assign": true,
    "password_change": "ZceshvmteWfvyiuzTjHIcGWSDcErEHOPimxlLtsLojrHLHjRIybEpIBUVQCOUZBptqTSuQZuNnEdAjOUxowQTFIsagrpLuIzFsJIaLRdwtVWYckAAzJOyJFWMRjcsEjIptVJCuCrakvXzdhGCkMfhjVoDWpKnNUmWxUQvFNIncWzeusHHPzliyTXmZtptXpsFFOFnqbbfnBJztsSaaRyXTihkreOIIRzRMYlEYJQMzxvntlcgaVBCerGHJbziHPkGLQHmKxowPpRtmAEGdLCGOYJKSVPxumBxPXdzEwfYeHB"
  },
  "model": "person.person",
  "pk": "8be03031-5102-4954-8b71-fddefba9c6ae"
},
{
  "fields": {
    "status": "bb4faa02-a895-4128-8030-86021cc753b2",
    "last_name": "",
    "proxy_start_date": null,
    "locale": null,
    "next_approver": null,
    "locations": [
      "a58d329a-517a-4c4f-8de7-4df67679af0f",
      "b528b434-7d1f-45a7-b346-1d052b357fda"
    ],
    "is_staff": false,
    "user_permissions": [],
    "proxy_end_date": null,
    "date_joined": "2015-08-31T17:38:23.165Z",
    "middle_initial": null,
    "first_name": "aliquip",
    "employee_id": null,
    "auth_amount": "0.0000",
    "title": null,
    "is_superuser": false,
    "last_login": null,
    "password_expire": null,
    "role": "fe1051ec-e411-47d7-a600-49ca571eedc1",
    "auth_currency": "c0a5c275-9f9d-44fe-b3aa-a92313589996",
    "username": "aliquip",
    "deleted": null,
    "password_one_time": null,
    "is_active": true,
    "groups": [
      4
    ],
    "accept_notify": true,
    "password": "LaRwSMyUlIgMIaTkpTdiOVZbVaOxzzIeAoLasZHMovMQiGmEdvxgWcimiyQglNXCIKVQitqdIOUvUwkQmCeynKJHXewdOgjOFUmPACDqOWCSqJrSAtGGgdBUmqGbfkDs",
    "proxy_status": null,
    "proxy_user": null,
    "created": "2015-08-31T17:38:23.169Z",
    "modified": "2015-08-31T17:38:23.169Z",
    "email": "",
    "accept_assign": true,
    "password_change": "PATgivbXNxNpCDPFRsjZFLwLNaeQUGKjOASTpcPXkjytnGsVsTZUARRhdaOqrpVbXSUigIKUclvDGrtClJBLWvsPQZKfoPWhokpoBjmdqFIdDaiGipaOPwzVkSGAojcjtsPseOUjCgyPhyUwgLdkEQPhUOsfqVEakjNSQwLsBSKIianVrsFoqIGOYAPCvGzkcVXXfyZzkDlSjjMmNJkfTsifgWdblQWiOYDlDVRQsWVnFahIYDDzzmGCOQGlLkrogKXnWqyywzOcAlGoZFwFobRYMHyRwMKRMxwFFqeJwWjD"
  },
  "model": "person.person",
  "pk": "99e58e01-e499-49b7-b7bb-fd54cf7536d1"
},
{
  "fields": {
    "status": "bb4faa02-a895-4128-8030-86021cc753b2",
    "last_name": "",
    "proxy_start_date": null,
    "locale": null,
    "next_approver": null,
    "locations": [
      "23f0ccaf-d5cf-4839-b53c-bc0e4c842d17",
      "ccd5649a-323c-454c-9ae5-c3acd97ea866"
    ],
    "is_staff": false,
    "user_permissions": [],
    "proxy_end_date": null,
    "date_joined": "2015-08-31T17:38:22.948Z",
    "middle_initial": null,
    "first_name": "aute",
    "employee_id": null,
    "auth_amount": "0.0000",
    "title": null,
    "is_superuser": false,
    "last_login": null,
    "password_expire": null,
    "role": "63052eed-3ae2-4ada-b394-c41ffbbf8be3",
    "auth_currency": "c0a5c275-9f9d-44fe-b3aa-a92313589996",
    "username": "aute",
    "deleted": null,
    "password_one_time": null,
    "is_active": true,
    "groups": [
      2
    ],
    "accept_notify": true,
    "password": "IEPrXpySatYfDXDnUKUyiGZBhHzyWwQmdFYTfglZKpGvocqvFJeSTBxKvaShoDhWCAoQuEVlHvVikCmyUOXACfFFdoHpcXZQYaTVOSpJWXOMRifRFcHGYCqGmeBlVTuT",
    "proxy_status": null,
    "proxy_user": null,
    "created": "2015-08-31T17:38:22.953Z",
    "modified": "2015-08-31T17:38:22.953Z",
    "email": "",
    "accept_assign": true,
    "password_change": "DnUyERFPjnNDyGzaRTVQugGcObDiKrUEbrkbCmbUayaCqFHjnZVymAOXLuklBvnPSYvCHxJdFaIZOirHTjafBWSaCIsTCDaAXlHnQKNWAJoqfKqNBDiprZEiZUagUrdiOMHQafgKAWkiLpMnAHNXmSqjTrTGMwddfkMBzzwkbRjTyTEVILEyxpIqymlKRmVwlGJMKeRiFcDDvYeNfWwWmcrTAKjITNxPKCJFHeaGOeItwDyHrMhCOWVkYIurEPYihSooQbcdqCqrHrqQfUZCaqDeJXleJCHxKhoiDsCOUSrY"
  },
  "model": "person.person",
  "pk": "acd6a4df-97f8-4c7d-a0e0-ca087c8ec800"
},
{
  "fields": {
    "status": "bb4faa02-a895-4128-8030-86021cc753b2",
    "last_name": "",
    "proxy_start_date": null,
    "locale": null,
    "next_approver": null,
    "locations": [],
    "is_staff": false,
    "user_permissions": [],
    "proxy_end_date": null,
    "date_joined": "2015-08-31T17:38:23.217Z",
    "middle_initial": null,
    "first_name": "in",
    "employee_id": null,
    "auth_amount": "0.0000",
    "title": null,
    "is_superuser": false,
    "last_login": null,
    "password_expire": null,
    "role": "7e739c58-be6e-4988-a763-394e2c9634b4",
    "auth_currency": "c0a5c275-9f9d-44fe-b3aa-a92313589996",
    "username": "in",
    "deleted": null,
    "password_one_time": null,
    "is_active": true,
    "groups": [
      3
    ],
    "accept_notify": true,
    "password": "EeftchoaHmNldfUKBbeKpVLYQygSrOMBMuRFcynFwFiOGNZtAHHxfWSXfeEUyYZPAPsmtRYHHmOKtrziferkLGfVoRNtbUSQDAESTosAzryYRVXFjMlXmJCocsOwAaxU",
    "proxy_status": null,
    "proxy_user": null,
    "created": "2015-08-31T17:38:23.221Z",
    "modified": "2015-08-31T17:38:23.221Z",
    "email": "",
    "accept_assign": true,
    "password_change": "uidTvHgBjqBEOyNENfAnbnQTFcuhixDjCNbFtXUprpMMuSrIVbfheKauOqdatyuycbdILDMTiRUpnuhawYiEamBPAheQjxIhcunCNFyJDAGWAnwlRYllHSyNCtbwrfvuMjWZAusTWLPTyWXFlpDUGnqLLtVkslbhHmPvAvbaGCYKnFNxFPrHvHNbsiCseUmFMmeMcairfnTpezsDAuKKvCagZssDITiwNYgeiOBphLMqxwXlGpiHAPVwvsxJBZHXyumSBcAeOwInorDGajgpuKkszgzQFrCFKTahvVnyoJkx"
  },
  "model": "person.person",
  "pk": "bd7a920e-0a8e-4b3c-8053-06edaa5b5dff"
},
{
  "fields": {
    "status": "bb4faa02-a895-4128-8030-86021cc753b2",
    "last_name": "",
    "proxy_start_date": null,
    "locale": null,
    "next_approver": null,
    "locations": [
      "3a6a3268-ce21-4476-a259-a8606577718f"
    ],
    "is_staff": false,
    "user_permissions": [],
    "proxy_end_date": null,
    "date_joined": "2015-08-31T17:38:22.978Z",
    "middle_initial": null,
    "first_name": "eu",
    "employee_id": null,
    "auth_amount": "0.0000",
    "title": null,
    "is_superuser": false,
    "last_login": null,
    "password_expire": null,
    "role": "bf92a592-f329-426c-b221-20f3bba11c55",
    "auth_currency": "c0a5c275-9f9d-44fe-b3aa-a92313589996",
    "username": "eu",
    "deleted": null,
    "password_one_time": null,
    "is_active": true,
    "groups": [
      1
    ],
    "accept_notify": true,
    "password": "njuYGMJnxCTnqOmGVwzgaceskMmMrTGJDBnpkycMFmoZrfDkLsYvZhtlwvDopoetvmNHUlIKXXVhacQfqENyIYPaPCoZaRdjwVVkViVNjfJMzhCSjNcRIWAEqCUTRazQ",
    "proxy_status": null,
    "proxy_user": null,
    "created": "2015-08-31T17:38:22.983Z",
    "modified": "2015-08-31T17:38:22.983Z",
    "email": "",
    "accept_assign": true,
    "password_change": "jIIlxHcNoUEunoCKELAqAmRjPeHQKDoVgXKfRTLqzKCaWuhyHCKHGHFPZIQQULRoNqeAxezhpMXtGRKWtZPpxhVjWLhGTstnARPArQppTJpjGyCDcrFfBxTCflBqhnDTRyxPSVpnZaYWfRdccbOSRrnHpUWgQsyyZUiOPaBdZAQYeUFBlxyUpWIyrkSKyjFCOPbjFZrGmvZtjjBkDhrzRFRaWOYbAFQYzIYReaEnPLDELfBIRPgJJpIoOrZgyRgPrRbwVYMRyoDkbIWxBDxTHTHkTYmjlKKTommWDGTybbRa"
  },
  "model": "person.person",
  "pk": "c2abdbdd-5806-4561-acc9-f5d0ab51cb5d"
},
{
  "fields": {
    "status": "bb4faa02-a895-4128-8030-86021cc753b2",
    "last_name": "",
    "proxy_start_date": null,
    "locale": null,
    "next_approver": null,
    "locations": [
      "a58d329a-517a-4c4f-8de7-4df67679af0f",
      "b528b434-7d1f-45a7-b346-1d052b357fda"
    ],
    "is_staff": false,
    "user_permissions": [],
    "proxy_end_date": null,
    "date_joined": "2015-08-31T17:38:23.115Z",
    "middle_initial": null,
    "first_name": "id",
    "employee_id": null,
    "auth_amount": "0.0000",
    "title": null,
    "is_superuser": false,
    "last_login": null,
    "password_expire": null,
    "role": "fe1051ec-e411-47d7-a600-49ca571eedc1",
    "auth_currency": "c0a5c275-9f9d-44fe-b3aa-a92313589996",
    "username": "id",
    "deleted": null,
    "password_one_time": null,
    "is_active": true,
    "groups": [
      4
    ],
    "accept_notify": true,
    "password": "xFZlbWdEoBUbqKTTQjDMoDeiqEwPZRzvmWIaRwIXHLQNeUbtfKmufrGzrsYcuVLZSKXGpOeXXYbWHAQGetMFilTSBGDNcWwCeUcEwiXJMPRjMFniqleNSWtYrPxApFAf",
    "proxy_status": null,
    "proxy_user": null,
    "created": "2015-08-31T17:38:23.119Z",
    "modified": "2015-08-31T17:38:23.119Z",
    "email": "",
    "accept_assign": true,
    "password_change": "OEYPChFHkjuBFoDyDnehhvFGhViLtEyxjPIUInkrJblPaBHaFyDHtQxKjWGoeKAYIZClOpFyGLQZtAyxcnnNlYOdSwdmHRXeHBOaUZZFfiOPmSFCeWPnKGLAOTYHCFDmiIzStrUeZrRNdREHnAdCFDIIqFSvtEXtNjphWhsMYwxNMUancLzYccLfLDwvpWWemLebZfAGDIZbIAVnSnoXHOJauhPwsOxeJUggoOiWFStPXCxRpVWKADqoWjUJLGRjwJCpEewRgkaPvNXGDibMATOKMbCpCsbKSlxVkZAxcrbH"
  },
  "model": "person.person",
  "pk": "d1a0140e-1c1f-487a-ac17-7d01bd971170"
},
{
  "fields": {
    "status": "bb4faa02-a895-4128-8030-86021cc753b2",
    "last_name": "",
    "proxy_start_date": null,
    "locale": null,
    "next_approver": null,
    "locations": [],
    "is_staff": false,
    "user_permissions": [],
    "proxy_end_date": null,
    "date_joined": "2015-08-31T17:38:23.156Z",
    "middle_initial": null,
    "first_name": "Excepteur",
    "employee_id": null,
    "auth_amount": "0.0000",
    "title": null,
    "is_superuser": false,
    "last_login": null,
    "password_expire": null,
    "role": "ff839423-524e-4d72-bd98-90e3b4816f45",
    "auth_currency": "c0a5c275-9f9d-44fe-b3aa-a92313589996",
    "username": "Excepteur",
    "deleted": null,
    "password_one_time": null,
    "is_active": true,
    "groups": [
      5
    ],
    "accept_notify": true,
    "password": "YqiISJgQafeYkIwwTaNVqBpQUELYBELbyHYIQuTWrHSnFxmPIssvkviErBXkuIDffpcFocPYkVCXyIrRjKIIycFpAcxdzPLyaQxcoXQDIFXvFhfDhvCKpHAXzEnTmQEs",
    "proxy_status": null,
    "proxy_user": null,
    "created": "2015-08-31T17:38:23.159Z",
    "modified": "2015-08-31T17:38:23.159Z",
    "email": "",
    "accept_assign": true,
    "password_change": "AztXSYjVkHdNSYyqeddxoiACjNEiinTDEoYLSwrLvLeHNlJxeCcovsNQEbdCqIVbIAROXUQTjBnhsqgMOYolRTdSdmlXvtjgsyzrHmaOIyzgyVRWjyVTUGgGhAxIWCboqipZeiCxFsDpJkgeADSJkPywyCRyNNjAEpoiidEQexTkWvLmeRDJuFKdfKCcLHhHPLagLbkvXvLblCEWVJBdcvkcPSxZaiJKMNGwCTqDaMgQWwkuVKEeYiehSrvknCuAyfohaRflEdjXCRVTGnTDxjYVwCBwOGTuweHnAfzYgLzI"
  },
  "model": "person.person",
  "pk": "d38baea3-4f75-4c05-a384-f2db44840523"
},
{
  "fields": {
    "status": "bb4faa02-a895-4128-8030-86021cc753b2",
    "last_name": "",
    "proxy_start_date": null,
    "locale": null,
    "next_approver": null,
    "locations": [],
    "is_staff": false,
    "user_permissions": [],
    "proxy_end_date": null,
    "date_joined": "2015-08-31T17:38:22.993Z",
    "middle_initial": null,
    "first_name": "Duis",
    "employee_id": null,
    "auth_amount": "0.0000",
    "title": null,
    "is_superuser": false,
    "last_login": null,
    "password_expire": null,
    "role": "ff839423-524e-4d72-bd98-90e3b4816f45",
    "auth_currency": "c0a5c275-9f9d-44fe-b3aa-a92313589996",
    "username": "Duis",
    "deleted": null,
    "password_one_time": null,
    "is_active": true,
    "groups": [
      5
    ],
    "accept_notify": true,
    "password": "vZFkEYJAQumQYKAHMZPUxFHhMhyfEmnnKXsrqABEjNEUYsHTohSiVIZbflxfbCGSJlpfaJTNjiRSIuiSrXiUmocfYcOiixjgBVavNxijuttDSmtwpVIPgBsxdYjIuhPL",
    "proxy_status": null,
    "proxy_user": null,
    "created": "2015-08-31T17:38:22.997Z",
    "modified": "2015-08-31T17:38:22.997Z",
    "email": "",
    "accept_assign": true,
    "password_change": "EFwNmWOEJJJAuJPevYWNQvqVJucuwDRgIiFyTHuUaryMMhATluzaqTwMhWtnzxqLjwKlEXiBYMZtTdIQnljAdiheUgzQyFqkxQNAFrAlhuCobmoQFHLqDGOVhxBjYtGFYctULeWEbmIImOQxFUZbhlJGyejHbLaODpPTKaqMOZLeUOFPJJSEasGdJVwkZPSYxCytlBpWOWXInUEeKqDVBolxvUvmdfRrMBznwFEjeLkncKLdDRqgGKUDIIYzRILuvjiIITAqJRdzfodxopOyNkPRhiLXWGhPjmhIWuCgJAMW"
  },
  "model": "person.person",
  "pk": "d612ebe1-eb03-46c2-8d2f-a081b6c329d7"
},
{
  "fields": {
    "status": "bb4faa02-a895-4128-8030-86021cc753b2",
    "last_name": "",
    "proxy_start_date": null,
    "locale": null,
    "next_approver": null,
    "locations": [],
    "is_staff": false,
    "user_permissions": [],
    "proxy_end_date": null,
    "date_joined": "2015-08-31T17:38:23.074Z",
    "middle_initial": null,
    "first_name": "consequat.",
    "employee_id": null,
    "auth_amount": "0.0000",
    "title": null,
    "is_superuser": false,
    "last_login": null,
    "password_expire": null,
    "role": "ff839423-524e-4d72-bd98-90e3b4816f45",
    "auth_currency": "c0a5c275-9f9d-44fe-b3aa-a92313589996",
    "username": "consequat.",
    "deleted": null,
    "password_one_time": null,
    "is_active": true,
    "groups": [
      5
    ],
    "accept_notify": true,
    "password": "QsrlxbspFviUPQPbikPymsUgLZodBCXzRWuSioctMYUmRjFFwHJkqqQseccokPFNQvYkrVYKnAozKDRVtqygwqatJPyarogSXNZlqkbupuHWoVvizzQZnPQfNSdSlSys",
    "proxy_status": null,
    "proxy_user": null,
    "created": "2015-08-31T17:38:23.077Z",
    "modified": "2015-08-31T17:38:23.077Z",
    "email": "",
    "accept_assign": true,
    "password_change": "njlVwbkYnhOkFTadMUrfvRihnPjxnCmeFIGEnlJhIEVrwpCLMtvwLxaDHJUIbmEgRwaivfqpPyjbZrOCTtcqSrXfvOfvnOljLjqLbMlOwGHbxPubFTrVheorLvixHGZGAxzuUaCHQWGMLMIwToEZFQETScNyRaxbwZjyGNGrUhweDdcfmyjhijAfTWXoMmEbafKODNuRiquOyVuckoUuqEPoWODSKCNVUyKfhnNXIcfpUxiKmjsiIypfqzrxdqhSAGYzQBbewGvorswlNsddjLBFChVFuhVlGhrVqYyAFmGj"
  },
  "model": "person.person",
  "pk": "d7ced5e4-5847-47aa-8fec-10175b98fa2d"
},
{
  "fields": {
    "status": "bb4faa02-a895-4128-8030-86021cc753b2",
    "last_name": "",
    "proxy_start_date": null,
    "locale": null,
    "next_approver": null,
    "locations": [
      "3a6a3268-ce21-4476-a259-a8606577718f"
    ],
    "is_staff": false,
    "user_permissions": [],
    "proxy_end_date": null,
    "date_joined": "2015-08-31T17:38:23.144Z",
    "middle_initial": null,
    "first_name": "nostrud",
    "employee_id": null,
    "auth_amount": "0.0000",
    "title": null,
    "is_superuser": false,
    "last_login": null,
    "password_expire": null,
    "role": "bf92a592-f329-426c-b221-20f3bba11c55",
    "auth_currency": "c0a5c275-9f9d-44fe-b3aa-a92313589996",
    "username": "nostrud",
    "deleted": null,
    "password_one_time": null,
    "is_active": true,
    "groups": [
      1
    ],
    "accept_notify": true,
    "password": "BCpvmwEwAFtJLMeNASOFVuKMPqLZNyoLlLiBgPBZmjtNjZOQcHTDWGRleXaTzDygakMgirPxjhPsGxHmcYoFoniLhMWpyIFojBPvZJchOcfFhXIzMOtdEzkdLmBcTDko",
    "proxy_status": null,
    "proxy_user": null,
    "created": "2015-08-31T17:38:23.148Z",
    "modified": "2015-08-31T17:38:23.148Z",
    "email": "",
    "accept_assign": true,
    "password_change": "stgzDfxkmCYHujZQPbuPaPZZywAdJwyBlGHzejArWTyExlTFdMlNZrRXAXPGSvRJOhzWrRbrsOgScajuBmBTeFSFCAhyeBxpuEtHnDoileWXVifaxFvHtPBXjmMFrjQopRGwDIdXFaITxosMCfbldadLoNYJClQYdMgEuGBrlpMCuHQrFevKGuKlJgoCwegaxXtKsZFDIMChfjuboEaGuExYyUfOMffKTuGdLKFpjwRlRgpKsnbdbTniTPZjYHLyvFmzlSxPOwBwPPHVtOictqsLFIHssNssxFFSTMAnUqSX"
  },
  "model": "person.person",
  "pk": "dc7f634f-8fa5-4d7b-922f-f7b34a70d4d4"
},
{
  "fields": {
    "status": "bb4faa02-a895-4128-8030-86021cc753b2",
    "last_name": "",
    "proxy_start_date": null,
    "locale": null,
    "next_approver": null,
    "locations": [
      "3a6a3268-ce21-4476-a259-a8606577718f"
    ],
    "is_staff": false,
    "user_permissions": [],
    "proxy_end_date": null,
    "date_joined": "2015-08-31T17:38:23.046Z",
    "middle_initial": null,
    "first_name": "ut",
    "employee_id": null,
    "auth_amount": "0.0000",
    "title": null,
    "is_superuser": false,
    "last_login": null,
    "password_expire": null,
    "role": "bf92a592-f329-426c-b221-20f3bba11c55",
    "auth_currency": "c0a5c275-9f9d-44fe-b3aa-a92313589996",
    "username": "ut",
    "deleted": null,
    "password_one_time": null,
    "is_active": true,
    "groups": [
      1
    ],
    "accept_notify": true,
    "password": "hxFdtTLuPxqzZoEGopkFYBAurpNUfrHogodShyHhVLiLTVlvqbUQgenLiPEuPgMgMCwPnEMEWUwNvkdvtcZsbxjVrwYKgRWFgCXvMTWMWaFzLXLjqkCHuHuYemmFmGVF",
    "proxy_status": null,
    "proxy_user": null,
    "created": "2015-08-31T17:38:23.049Z",
    "modified": "2015-08-31T17:38:23.049Z",
    "email": "",
    "accept_assign": true,
    "password_change": "okrbZYKlUgYAoBLDQdvDiAZxGzjJvcuZKXPjSKuLgLGsXyBDTpQrOzauEANiqJyibnYBGGtjwfzzShDfjwsVkNbglpgdsEOpkYKKliuqMxTDnTiIqJurufkKIChhdVuBSAkaXNdFljXXJEqClfryfVdwLUeJrERYuTeUdnmoZnqGsFlSGcpqzLubCWOfDyyCNdxyyczvvFsCVcNaDwwWMPcDxNYNoPbRQoZKrwKIqkOjUOfRxIBBOrZEyOrbntXcKTlThNpnYRsnYnnJdoBGaDFaBSAQrxaTeSYdFvLEQBOH"
  },
  "model": "person.person",
  "pk": "ee9ee672-c587-491f-b01c-b5f1ed325351"
},
{
  "fields": {
    "status": "bb4faa02-a895-4128-8030-86021cc753b2",
    "last_name": "",
    "proxy_start_date": null,
    "locale": null,
    "next_approver": null,
    "locations": [
      "3a6a3268-ce21-4476-a259-a8606577718f"
    ],
    "is_staff": false,
    "user_permissions": [],
    "proxy_end_date": null,
    "date_joined": "2015-08-31T17:38:23.234Z",
    "middle_initial": null,
    "first_name": "irure",
    "employee_id": null,
    "auth_amount": "0.0000",
    "title": null,
    "is_superuser": false,
    "last_login": null,
    "password_expire": null,
    "role": "bf92a592-f329-426c-b221-20f3bba11c55",
    "auth_currency": "c0a5c275-9f9d-44fe-b3aa-a92313589996",
    "username": "irure",
    "deleted": null,
    "password_one_time": null,
    "is_active": true,
    "groups": [
      1
    ],
    "accept_notify": true,
    "password": "lSkjPmsgnNPtckWADJCbWCuxnZGXVmKREDpuhaVfEvNWFFgujlOPWpYECHhkIMbqxZxSGwPvQGlrqIzOWVKpJaaRxAiQKzObutntfdWRKYklkrkLQvwTaCZmEwReqKvl",
    "proxy_status": null,
    "proxy_user": null,
    "created": "2015-08-31T17:38:23.237Z",
    "modified": "2015-08-31T17:38:23.237Z",
    "email": "",
    "accept_assign": true,
    "password_change": "iepIstNJjpqaZUKciMPagQFKNTnMjsaCrRoEJXMXasomAQYEQqCgzSBVjGhhSmhllPLmnTxaxAPVGDOilzpYvTQdpDttipQfHGXFUmidzhOvgqLasZAdqcNoUojZyKHCqFgmMlTYYnTUFMjMcGjNphINROxzFsDLsYmzGxgVIwXEEkMCOkgbXwSDIpOvQAULbKdDWNUwHTDqSzwYqEzkXrwdpvliehjFOeQgMZGlOadHpPisHvJDsZixvWCNSimEgLQraqnEpUebCNnGzQUSdFHSgaLwdiZSRBZHHBVPxxDt"
  },
  "model": "person.person",
  "pk": "f73ab559-d81a-494e-9fa6-79f40ae3ab9f"
},
{
  "fields": {
    "status": "bb4faa02-a895-4128-8030-86021cc753b2",
    "last_name": "",
    "proxy_start_date": null,
    "locale": null,
    "next_approver": null,
    "locations": [
      "a58d329a-517a-4c4f-8de7-4df67679af0f",
      "b528b434-7d1f-45a7-b346-1d052b357fda"
    ],
    "is_staff": false,
    "user_permissions": [],
    "proxy_end_date": null,
    "date_joined": "2015-08-31T17:38:23.103Z",
    "middle_initial": null,
    "first_name": "sint",
    "employee_id": null,
    "auth_amount": "0.0000",
    "title": null,
    "is_superuser": false,
    "last_login": null,
    "password_expire": null,
    "role": "fe1051ec-e411-47d7-a600-49ca571eedc1",
    "auth_currency": "c0a5c275-9f9d-44fe-b3aa-a92313589996",
    "username": "sint",
    "deleted": null,
    "password_one_time": null,
    "is_active": true,
    "groups": [
      4
    ],
    "accept_notify": true,
    "password": "UerMYglonLthcOfkkrogXCffCVktgibtIlzJtmnZHExcAPYykWYavrmchbpIKQqoqZrJYzysAdnAxqjtiIdGwowlzkopEyozYhgGfjzIJqosCOtebHrYRTauYlFCXwdu",
    "proxy_status": null,
    "proxy_user": null,
    "created": "2015-08-31T17:38:23.107Z",
    "modified": "2015-08-31T17:38:23.107Z",
    "email": "",
    "accept_assign": true,
    "password_change": "ZISUsUWYZxTgbvdpSSJPYamPPJdXOJYBtoctnItaZkjOJYupHxrkTtceCYYoKxWoXRSKKnTaBFDbfMhuKhErWuxSnNHJrmjWyVHfOLGkwuiaJkZjnmCFnhApANAYPjCBgvSmDsqehhHNfrOkDmqiyrmVYmXyxuEnHlzncSgmdsWXdqqFFDrQlEVjpOAKarjPkwJoBqIPCcKijPIPOlwJgRATkFSqIQNarJasEQACdzkLBcAtYMUzeKwetWYYaSueLtQZeuLLoJyHTYZbCxbaRJmNvfQeYfyPrUKSvPuSTUai"
  },
  "model": "person.person",
  "pk": "fa14c4b3-ef6b-4a09-9fc3-e9a347ee6bbd"
},
{
  "fields": {
    "status": "bb4faa02-a895-4128-8030-86021cc753b2",
    "last_name": "",
    "proxy_start_date": null,
    "locale": null,
    "next_approver": null,
    "locations": [
      "a58d329a-517a-4c4f-8de7-4df67679af0f",
      "b528b434-7d1f-45a7-b346-1d052b357fda"
    ],
    "is_staff": false,
    "user_permissions": [],
    "proxy_end_date": null,
    "date_joined": "2015-08-31T17:38:23.194Z",
    "middle_initial": null,
    "first_name": "Ut",
    "employee_id": null,
    "auth_amount": "0.0000",
    "title": null,
    "is_superuser": false,
    "last_login": null,
    "password_expire": null,
    "role": "fe1051ec-e411-47d7-a600-49ca571eedc1",
    "auth_currency": "c0a5c275-9f9d-44fe-b3aa-a92313589996",
    "username": "Ut",
    "deleted": null,
    "password_one_time": null,
    "is_active": true,
    "groups": [
      4
    ],
    "accept_notify": true,
    "password": "GrfPUutlGnTjiLRVLUVVHBtfGCPvjSExajOPwidMwzbWYwcKKSlYELSWsuWVsqoBWfowcwrvmuvYssxAQgWKZIOquTTKDesvvFdvNjfGBIRwZCZglfrFzotXeDRZujBf",
    "proxy_status": null,
    "proxy_user": null,
    "created": "2015-08-31T17:38:23.197Z",
    "modified": "2015-08-31T17:38:23.197Z",
    "email": "",
    "accept_assign": true,
    "password_change": "LrwFLitDtRBMCbWgjZddTjGwXduVaRQPyHleHwBXlAZywQKYcFpbNvEjwQjnrReBymHRqAvpQjWspynljNojnwJErhypbsvKydoIhGcmclmhFTKOYTDFsinjyARRZGhLuitPrjPXPBxqGeZehIqwSHvfEogfgRNrKSZGsPdEIfpqRWcexdscIfNckbbJTTbKjPzOGuQZyMEUvVOWhtkjDPmfrZBvjBUwGlQGQTNJHtoGXMuicRNyjsOeOpegVXfTkJzaXEgjVSXgNJeLyxAcmGfIDsXLzHrvHUSagOBrnWwB"
  },
  "model": "person.person",
  "pk": "fb672174-a090-4114-b6a7-44d7014c4138"
}
]
