[
{
  "pk": 1,
  "fields": {
    "name": "example.com",
    "domain": "example.com"
  },
  "model": "sites.site"
},
{
  "pk": "2c969193-0896-42cd-9531-f42717397248",
  "fields": {
    "name": "US Dollar",
    "deleted": null,
    "symbol": "$",
    "rounding": 0,
    "modified": "2015-10-01T22:00:23.524Z",
    "decimal_digits": 2,
    "created": "2015-10-01T22:00:23.524Z",
    "code": "USD",
    "name_plural": "US Dollars",
    "symbol_native": "$"
  },
  "model": "accounting.currency"
},
{
  "pk": "24bc2462-0b86-4bd4-bc82-ff16a9b6b009",
  "fields": {
    "name": "DEF_CONTRACTOR",
    "deleted": null,
    "status": null,
    "modified": "2015-10-08T19:16:37.731Z",
    "currency": null,
    "created": "2015-10-08T19:16:37.731Z",
    "number": null,
    "categories": []
  },
  "model": "third_party.thirdparty"
},
{
  "pk": "3979216c-f531-488d-b486-b2ac854339db",
  "fields": {
    "name": "ABC_CONTRACTOR",
    "deleted": null,
    "status": null,
    "modified": "2015-10-08T19:16:37.723Z",
    "currency": null,
    "created": "2015-10-08T19:16:37.723Z",
    "number": null,
    "categories": []
  },
  "model": "third_party.thirdparty"
},
{
  "pk": "ce5d61af-b460-4658-8e50-d2b57f73fe0c",
  "fields": {
    "name": "GHI_CONTRACTOR",
    "deleted": null,
    "status": null,
    "modified": "2015-10-08T19:16:37.733Z",
    "currency": null,
    "created": "2015-10-08T19:16:37.733Z",
    "number": null,
    "categories": []
  },
  "model": "third_party.thirdparty"
},
{
  "pk": "27f530c4-ce6c-4724-9cfd-37a16e787884",
  "fields": {
    "rtl": false,
    "default": false,
    "deleted": null,
    "modified": "2015-11-15T20:50:56.473Z",
    "presentation_name": "en",
    "created": "2015-11-15T20:50:56.473Z",
    "locale": "en",
    "name": "en",
    "native_name": "en"
  },
  "model": "translation.locale"
},
{
  "pk": "801e786d-9b71-4e2f-936d-a297bbcc3ee9",
  "fields": {
    "values": "{\"admin.phonenumbertype.office\": \"Office\", \"admin.locationlevel.department\": \"Department\", \"validation.invalid\": \"Invalid\", \"admin.address.label\": \"Type\", \"admin.locationlevel.label.general\": \"General\", \"activity.ticket.assignee\": \"changed the {{type}} from ${{from}} $to ${{to}} ${{timestamp}}\", \"admin.category.label.description\": \"Description\", \"modules.tickets.titleShort\": \"Tickets\", \"crud.restore.error\": \"Error restoring {{model}}\", \"crud.delete.confirm\": \"Are you sure you want to delete {{model}} \\\\'{{record}}\\\\'?\", \"admin.address.country.other\": \"Countries\", \"crud.create.success\": \"{{model}} created successfully.\", \"crud.delete.button\": \"Delete\", \"validation.valid\": \"Valid\", \"admin.person.label.status\": \"Status\", \"modules.projects.titleShort\": \"Projects\", \"admin.notification.other\": \"Notification Profiles\", \"admin.phonenumbertype.mobile\": \"Cell\", \"admin.address_type.office\": \"Office\", \"crud.cancel.button\": \"Cancel\", \"modules.rfqs.titleShort\": \"RFQs\", \"admin.address.city\": \"City\", \"admin.person.label.phone_number.other\": \"Phone Numbers\", \"admin.phone.numbers\": \"Phone Numbers\", \"admin.locationlevel.fmu\": \"Facility Management Region\", \"admin.address.add\": \"Add Address\", \"admin.person.label.general\": \"General\", \"admin.company.one\": \"Company\", \"admin.category.label.cost_code\": \"Cost Code\", \"admin.role.label.role_type\": \"Role Type\", \"admin.addresstype.shipping\": \"Shipping\", \"admin.contractorAssignment.one\": \"Contractor Assignment\", \"admin.category.one\": \"Category\", \"admin.template.one\": \"Template\", \"admin.general.other\": \"General Settings\", \"admin.category.label.cost_currency\": \"Cost Currency\", \"admin.person.one\": \"Person\", \"menu.home\": \"Home\", \"admin.person.status.active\": \"Active\", \"admin.category.label.cost_amount\": \"Cost Amount\", \"modules.pms.titleShort\": \"PM\", \"admin.category.other\": \"Categories\", \"admin.location.label.name\": \"Name\", \"crud.delete.error\": \"Error deleting {{model}}.\", \"crud.save.error\": \"Error saving {{model}}.\", \"admin.role.label.category\": \"Category\", \"admin.location.one\": \"Location\", \"activity.ticket.create\": \"created this ticket ${{timestamp}}\", \"admin.locationlevel.label.childOrg\": \"Child Organization(s)\", \"crud.titles.new\": \"New {{model}}\", \"admin.person.label.auth_amount\": \"Auth. Amount\", \"admin.location.label.number\": \"Number\", \"admin.contractorAssignment.other\": \"Contractor Assignments\", \"admin.locationlevel.one\": \"Location Level\", \"crud.restore.button\": \"Restore\", \"admin.assignment.one\": \"Assignment Profile\", \"admin.amount\": \"Amount\", \"admin.location.status.closed\": \"Closed\", \"admin.category.labelCat.trade\": \"Trade\", \"modules.assets.titleShort\": \"Assets\", \"button.add\": \"Add new {{model}}\", \"admin.role.system_administrator\": \"Administrator\", \"activity.ticket.cc_add\": \"added ${{added}} $to CC ${{timestamp}}\", \"admin.assignment.other\": \"Assignment Profiles\", \"welcome\": \"Hello\", \"admin.role.other\": \"Roles\", \"admin.title\": \"Admin\", \"admin.person.label.name\": \"Name\", \"admin.category.name.repair\": \"Repair\", \"admin.person.label.title\": \"Title\", \"admin.category.label.label\": \"Label\", \"admin.role.label.number_users\": \"# of People\", \"modules.workOrders.titleShort\": \"Work Orders\", \"admin.company.other\": \"Companies\", \"admin.person.label.username\": \"Username\", \"admin.setting.one\": \"Setting\", \"admin.phone.number\": \"Phone Number\", \"admin.person.label.role\": \"Role\", \"admin.notification.one\": \"Notification Profile\", \"admin.category.labelCat.issue\": \"Issue\", \"admin.person.status.expired\": \"Expired\", \"admin.location.status.open\": \"Open\", \"admin.address.country.select\": \"Select a Country\", \"admin.locationlevel.fmd\": \"Facility Management District\", \"admin.contractor.other\": \"Contractors\", \"admin.locationlevel.other\": \"Location Levels\", \"modules.tasks.titleShort\": \"Tasks\", \"admin.person.label.email\": \"Email\", \"admin.locationlevel.label.name\": \"Name\", \"admin.location.label.general\": \"General\", \"admin.person.label.contact\": \"Contact\", \"admin.address.state.other\": \"States\", \"crud.titles.edit\": \"Edit {{model}}\", \"admin.role.label.location_level\": \"Location Organization\", \"admin.role.guest\": \"Guest\", \"admin.category.name.maintenance\": \"Maintenance\", \"admin.person.label.phone_number.one\": \"Phone Number\", \"admin.person.label.credentials\": \"Credentials\", \"modules.invoices.titleShort\": \"Invoices\", \"crud.restore.success\": \"{{model}} restored successfully.\", \"admin.locationlevel.district\": \"District\", \"crud.save.success\": \"{{model}} saved successfully.\", \"admin.person.label.address\": \"Address\", \"admin.category.name.loss_prevention\": \"Loss Prevention\", \"admin.categoryType.other\": \"Category Types\", \"admin.role.label.name\": \"Role Name\", \"admin.role.one\": \"Role\", \"admin.setting.other\": \"Settings\", \"admin.person.label.last_name\": \"Last Name\", \"admin.locationlevel.region\": \"Region\", \"admin.location.status.future\": \"Future\", \"admin.template.other\": \"Templates\", \"admin.address.postal_code\": \"Zip\", \"admin.location.label.location_level\": \"Organization\", \"admin.category.label.subcategory_label\": \"Sub Category Label\", \"admin.role.label.general\": \"General\", \"admin.location.other\": \"Locations\", \"admin.category.label.general\": \"General\", \"admin.person.other\": \"People\", \"admin.address.country.one\": \"Country\", \"admin.locationlevel.company\": \"Company\", \"admin.person.label.middle_initial\": \"Middle\", \"admin.address.state.one\": \"State\", \"admin.address_type.shipping\": \"Shipping\", \"activity.ticket.cc_remove\": \"removed ${{removed}} $from CC ${{timestamp}}\", \"admin.category.status.active\": \"Active\", \"admin.person.label.first_name\": \"First Name\", \"modules.purchaseOrders.titleShort\": \"Purchase Orders\", \"admin.person.status.inactive\": \"Inactive\", \"admin.general.one\": \"General Setting\", \"admin.person.label.change_password\": \"Change\", \"crud.create.button\": \"Create\", \"admin.contractor.one\": \"Contractor\", \"admin.addresstype.office\": \"Office\", \"admin.approval.one\": \"Approval\", \"admin.category.labelCat.type\": \"Type\", \"admin.category.label.name\": \"Name\", \"admin.phone.add\": \"Add Phone Number\", \"admin.categoryType.one\": \"Category Type\", \"crud.create.error\": \"Error creating {{model}}.\", \"admin.person.label.password\": \"Password\", \"admin.address.address\": \"Street Address\", \"admin.location.label.status\": \"Status\", \"admin.person.search\": \"Search People\", \"admin.person.label.employee_id\": \"Employee No.\", \"admin.locationlevel.store\": \"Store\", \"admin.address.state.select\": \"Select a State\", \"crud.save.button\": \"Save\", \"admin.approval.other\": \"Approvals\"}",
    "deleted": null,
    "context": "{\"crud.titles.new\": \"New Role\", \"crud.restore.success\": \"Work Order restored successfully.\", \"crud.delete.confirm\": \"Are you sure you want to delete Work Order 150306-448?\", \"crud.titles.edit\": \"Edit Role\", \"crud.create.success\": \"Person created successfully.\"}",
    "modified": "2015-11-15T20:50:56.484Z",
    "csv": "",
    "created": "2015-11-15T20:50:56.483Z",
    "locale": "27f530c4-ce6c-4724-9cfd-37a16e787884"
  },
  "model": "translation.translation"
},
{
  "pk": 1,
  "fields": {
    "app_label": "contact",
    "model": "phonenumbertype"
  },
  "model": "contenttypes.contenttype"
},
{
  "pk": 2,
  "fields": {
    "app_label": "contact",
    "model": "phonenumber"
  },
  "model": "contenttypes.contenttype"
},
{
  "pk": 3,
  "fields": {
    "app_label": "contact",
    "model": "addresstype"
  },
  "model": "contenttypes.contenttype"
},
{
  "pk": 4,
  "fields": {
    "app_label": "contact",
    "model": "address"
  },
  "model": "contenttypes.contenttype"
},
{
  "pk": 5,
  "fields": {
    "app_label": "contact",
    "model": "emailtype"
  },
  "model": "contenttypes.contenttype"
},
{
  "pk": 6,
  "fields": {
    "app_label": "contact",
    "model": "email"
  },
  "model": "contenttypes.contenttype"
},
{
  "pk": 7,
  "fields": {
    "app_label": "sessions",
    "model": "session"
  },
  "model": "contenttypes.contenttype"
},
{
  "pk": 8,
  "fields": {
    "app_label": "translation",
    "model": "locale"
  },
  "model": "contenttypes.contenttype"
},
{
  "pk": 9,
  "fields": {
    "app_label": "translation",
    "model": "translation"
  },
  "model": "contenttypes.contenttype"
},
{
  "pk": 10,
  "fields": {
    "app_label": "category",
    "model": "categorystatus"
  },
  "model": "contenttypes.contenttype"
},
{
  "pk": 11,
  "fields": {
    "app_label": "category",
    "model": "category"
  },
  "model": "contenttypes.contenttype"
},
{
  "pk": 12,
  "fields": {
    "app_label": "utils",
    "model": "tester"
  },
  "model": "contenttypes.contenttype"
},
{
  "pk": 13,
  "fields": {
    "app_label": "location",
    "model": "state"
  },
  "model": "contenttypes.contenttype"
},
{
  "pk": 14,
  "fields": {
    "app_label": "location",
    "model": "country"
  },
  "model": "contenttypes.contenttype"
},
{
  "pk": 15,
  "fields": {
    "app_label": "location",
    "model": "locationlevel"
  },
  "model": "contenttypes.contenttype"
},
{
  "pk": 16,
  "fields": {
    "app_label": "location",
    "model": "locationstatus"
  },
  "model": "contenttypes.contenttype"
},
{
  "pk": 17,
  "fields": {
    "app_label": "location",
    "model": "locationtype"
  },
  "model": "contenttypes.contenttype"
},
{
  "pk": 18,
  "fields": {
    "app_label": "location",
    "model": "location"
  },
  "model": "contenttypes.contenttype"
},
{
  "pk": 19,
  "fields": {
    "app_label": "generic",
    "model": "savedsearch"
  },
  "model": "contenttypes.contenttype"
},
{
  "pk": 20,
  "fields": {
    "app_label": "generic",
    "model": "mainsetting"
  },
  "model": "contenttypes.contenttype"
},
{
  "pk": 21,
  "fields": {
    "app_label": "generic",
    "model": "customsetting"
  },
  "model": "contenttypes.contenttype"
},
{
  "pk": 22,
  "fields": {
    "app_label": "generic",
    "model": "attachment"
  },
  "model": "contenttypes.contenttype"
},
{
  "pk": 23,
  "fields": {
    "app_label": "accounting",
    "model": "currency"
  },
  "model": "contenttypes.contenttype"
},
{
  "pk": 24,
  "fields": {
    "app_label": "order",
    "model": "workorderstatus"
  },
  "model": "contenttypes.contenttype"
},
{
  "pk": 25,
  "fields": {
    "app_label": "order",
    "model": "workorder"
  },
  "model": "contenttypes.contenttype"
},
{
  "pk": 26,
  "fields": {
    "app_label": "sites",
    "model": "site"
  },
  "model": "contenttypes.contenttype"
},
{
  "pk": 27,
  "fields": {
    "app_label": "flatpages",
    "model": "flatpage"
  },
  "model": "contenttypes.contenttype"
},
{
  "pk": 28,
  "fields": {
    "app_label": "person",
    "model": "role"
  },
  "model": "contenttypes.contenttype"
},
{
  "pk": 29,
  "fields": {
    "app_label": "person",
    "model": "proxyrole"
  },
  "model": "contenttypes.contenttype"
},
{
  "pk": 30,
  "fields": {
    "app_label": "person",
    "model": "personstatus"
  },
  "model": "contenttypes.contenttype"
},
{
  "pk": 31,
  "fields": {
    "app_label": "person",
    "model": "person"
  },
  "model": "contenttypes.contenttype"
},
{
  "pk": 32,
  "fields": {
    "app_label": "admin",
    "model": "logentry"
  },
  "model": "contenttypes.contenttype"
},
{
  "pk": 33,
  "fields": {
    "app_label": "ticket",
    "model": "ticketstatus"
  },
  "model": "contenttypes.contenttype"
},
{
  "pk": 34,
  "fields": {
    "app_label": "ticket",
    "model": "ticketpriority"
  },
  "model": "contenttypes.contenttype"
},
{
  "pk": 35,
  "fields": {
    "app_label": "ticket",
    "model": "ticket"
  },
  "model": "contenttypes.contenttype"
},
{
  "pk": 36,
  "fields": {
    "app_label": "ticket",
    "model": "ticketactivitytype"
  },
  "model": "contenttypes.contenttype"
},
{
  "pk": 37,
  "fields": {
    "app_label": "ticket",
    "model": "ticketactivity"
  },
  "model": "contenttypes.contenttype"
},
{
  "pk": 38,
  "fields": {
    "app_label": "corsheaders",
    "model": "corsmodel"
  },
  "model": "contenttypes.contenttype"
},
{
  "pk": 39,
  "fields": {
    "app_label": "third_party",
    "model": "thirdpartystatus"
  },
  "model": "contenttypes.contenttype"
},
{
  "pk": 40,
  "fields": {
    "app_label": "third_party",
    "model": "thirdparty"
  },
  "model": "contenttypes.contenttype"
},
{
  "pk": 41,
  "fields": {
    "app_label": "auth",
    "model": "permission"
  },
  "model": "contenttypes.contenttype"
},
{
  "pk": 42,
  "fields": {
    "app_label": "auth",
    "model": "group"
  },
  "model": "contenttypes.contenttype"
},
{
  "pk": 43,
  "fields": {
    "app_label": "contenttypes",
    "model": "contenttype"
  },
  "model": "contenttypes.contenttype"
},
{
  "pk": "6812bb07-5c8a-4a31-b72e-e47d1d6abaa3",
  "fields": {
    "cost_amount": "0.0000",
    "parent": null,
    "cost_currency": "2c969193-0896-42cd-9531-f42717397248",
    "cost_code": null,
    "status": null,
    "subcategory_label": "trade",
    "name": "repair",
    "description": null,
    "deleted": null,
    "modified": "2015-09-08T21:01:21.222Z",
    "created": "2015-09-08T21:01:21.222Z",
    "label": "type"
  },
  "model": "category.category"
},
{
  "pk": "030ce0b9-0c33-4d25-a2b9-182c72a7e8b7",
  "fields": {
    "modified": "2015-08-31T17:25:06.928Z",
    "name": "Arizona",
    "created": "2015-08-31T17:25:06.928Z",
    "deleted": null,
    "abbr": "AZ"
  },
  "model": "location.state"
},
{
  "pk": "07471daf-e8a6-4527-8523-67993898738c",
  "fields": {
    "modified": "2015-08-31T17:25:06.949Z",
    "name": "Missouri",
    "created": "2015-08-31T17:25:06.949Z",
    "deleted": null,
    "abbr": "MO"
  },
  "model": "location.state"
},
{
  "pk": "0bff8841-122b-4aef-9dcb-f6a5023d33c5",
  "fields": {
    "modified": "2015-08-31T17:25:06.971Z",
    "name": "Wisconsin",
    "created": "2015-08-31T17:25:06.971Z",
    "deleted": null,
    "abbr": "WI"
  },
  "model": "location.state"
},
{
  "pk": "0c38f065-fc5b-483a-925a-b506e51aa7ce",
  "fields": {
    "modified": "2015-08-31T17:25:06.967Z",
    "name": "Vermont",
    "created": "2015-08-31T17:25:06.967Z",
    "deleted": null,
    "abbr": "VT"
  },
  "model": "location.state"
},
{
  "pk": "0d22e639-ff0e-47c4-bdbc-f14f15b8b658",
  "fields": {
    "modified": "2015-08-31T17:25:06.940Z",
    "name": "Kansa",
    "created": "2015-08-31T17:25:06.940Z",
    "deleted": null,
    "abbr": "KS"
  },
  "model": "location.state"
},
{
  "pk": "11730749-66c8-4e8f-bc55-9802a3d640cb",
  "fields": {
    "modified": "2015-08-31T17:25:06.960Z",
    "name": "Ohio",
    "created": "2015-08-31T17:25:06.960Z",
    "deleted": null,
    "abbr": "OH"
  },
  "model": "location.state"
},
{
  "pk": "1ba08f2c-b507-43ac-8ae6-a24948152fb7",
  "fields": {
    "modified": "2015-08-31T17:25:06.935Z",
    "name": "Georgia",
    "created": "2015-08-31T17:25:06.935Z",
    "deleted": null,
    "abbr": "GA"
  },
  "model": "location.state"
},
{
  "pk": "20445377-f40e-4f55-93e8-724f2817bc4a",
  "fields": {
    "modified": "2015-08-31T17:25:06.939Z",
    "name": "Iowa",
    "created": "2015-08-31T17:25:06.939Z",
    "deleted": null,
    "abbr": "IA"
  },
  "model": "location.state"
},
{
  "pk": "22fd4e6e-9689-4004-b137-28cbcb0f1871",
  "fields": {
    "modified": "2015-08-31T17:25:06.956Z",
    "name": "New Mexico",
    "created": "2015-08-31T17:25:06.956Z",
    "deleted": null,
    "abbr": "NM"
  },
  "model": "location.state"
},
{
  "pk": "24b2c0c9-f4b3-46e0-80b2-ba3fbc4131ee",
  "fields": {
    "modified": "2015-08-31T17:25:06.968Z",
    "name": "Virginia",
    "created": "2015-08-31T17:25:06.968Z",
    "deleted": null,
    "abbr": "VA"
  },
  "model": "location.state"
},
{
  "pk": "27b47a4e-f75e-4850-a420-f39584df8de6",
  "fields": {
    "modified": "2015-08-31T17:25:06.927Z",
    "name": "Alaska",
    "created": "2015-08-31T17:25:06.927Z",
    "deleted": null,
    "abbr": "AK"
  },
  "model": "location.state"
},
{
  "pk": "3967114f-8461-4e62-a47c-10f9f08db150",
  "fields": {
    "modified": "2015-08-31T17:25:06.972Z",
    "name": "Wyoming",
    "created": "2015-08-31T17:25:06.972Z",
    "deleted": null,
    "abbr": "WY"
  },
  "model": "location.state"
},
{
  "pk": "39e20ec8-b54a-4da1-ac7a-20840a6c088c",
  "fields": {
    "modified": "2015-08-31T17:25:06.938Z",
    "name": "Indiana",
    "created": "2015-08-31T17:25:06.938Z",
    "deleted": null,
    "abbr": "IN"
  },
  "model": "location.state"
},
{
  "pk": "3ca47d69-a9b7-4595-ad50-36eae3ae3d5d",
  "fields": {
    "modified": "2015-08-31T17:25:06.963Z",
    "name": "South Carolina",
    "created": "2015-08-31T17:25:06.963Z",
    "deleted": null,
    "abbr": "SC"
  },
  "model": "location.state"
},
{
  "pk": "3d75fb42-0a86-4b0b-bc74-9b4d5bd63aa7",
  "fields": {
    "modified": "2015-08-31T17:25:06.946Z",
    "name": "Michigan",
    "created": "2015-08-31T17:25:06.946Z",
    "deleted": null,
    "abbr": "MI"
  },
  "model": "location.state"
},
{
  "pk": "3e4b2abc-8002-4c4c-a89f-5a298c7e38da",
  "fields": {
    "modified": "2015-08-31T17:25:06.961Z",
    "name": "Oregon",
    "created": "2015-08-31T17:25:06.961Z",
    "deleted": null,
    "abbr": "OR"
  },
  "model": "location.state"
},
{
  "pk": "4175cfef-53db-45bc-8d3a-568c1ec0156c",
  "fields": {
    "modified": "2015-08-31T17:25:06.965Z",
    "name": "Tennessee",
    "created": "2015-08-31T17:25:06.965Z",
    "deleted": null,
    "abbr": "TN"
  },
  "model": "location.state"
},
{
  "pk": "42103846-e9e4-4942-80b4-ccbd76d83398",
  "fields": {
    "modified": "2015-08-31T17:25:06.962Z",
    "name": "Pennsylvania",
    "created": "2015-08-31T17:25:06.962Z",
    "deleted": null,
    "abbr": "PA"
  },
  "model": "location.state"
},
{
  "pk": "44256c87-c1fc-4577-b98c-4547072d7d88",
  "fields": {
    "modified": "2015-08-31T17:25:06.925Z",
    "name": "Alabama",
    "created": "2015-08-31T17:25:06.925Z",
    "deleted": null,
    "abbr": "AL"
  },
  "model": "location.state"
},
{
  "pk": "44e49c2e-c6ec-41c7-8452-1aff10e4f7be",
  "fields": {
    "modified": "2015-08-31T17:25:06.966Z",
    "name": "Utah",
    "created": "2015-08-31T17:25:06.966Z",
    "deleted": null,
    "abbr": "UT"
  },
  "model": "location.state"
},
{
  "pk": "47607a29-69f9-42c8-9a74-18328f913cb4",
  "fields": {
    "modified": "2015-08-31T17:25:06.945Z",
    "name": "Massachusetts",
    "created": "2015-08-31T17:25:06.945Z",
    "deleted": null,
    "abbr": "MA"
  },
  "model": "location.state"
},
{
  "pk": "5430cbf8-1668-4197-b688-cfd5a3461a3f",
  "fields": {
    "modified": "2015-08-31T17:25:06.944Z",
    "name": "Maryland",
    "created": "2015-08-31T17:25:06.944Z",
    "deleted": null,
    "abbr": "MD"
  },
  "model": "location.state"
},
{
  "pk": "56f44534-8cf0-465b-b374-120303d76507",
  "fields": {
    "modified": "2015-08-31T17:25:06.929Z",
    "name": "Arkansas",
    "created": "2015-08-31T17:25:06.929Z",
    "deleted": null,
    "abbr": "AR"
  },
  "model": "location.state"
},
{
  "pk": "5ab2d8ab-ad00-4404-9091-b1071949d3e4",
  "fields": {
    "modified": "2015-08-31T17:25:06.955Z",
    "name": "New Jersey",
    "created": "2015-08-31T17:25:06.955Z",
    "deleted": null,
    "abbr": "NJ"
  },
  "model": "location.state"
},
{
  "pk": "6a3bd982-6726-4a42-b994-a1ff6949637e",
  "fields": {
    "modified": "2015-08-31T17:25:06.930Z",
    "name": "California",
    "created": "2015-08-31T17:25:06.930Z",
    "deleted": null,
    "abbr": "CA"
  },
  "model": "location.state"
},
{
  "pk": "6d333663-ef6f-49d8-a596-f5b0fae2068f",
  "fields": {
    "modified": "2015-08-31T17:25:06.970Z",
    "name": "West Virginia",
    "created": "2015-08-31T17:25:06.970Z",
    "deleted": null,
    "abbr": "WV"
  },
  "model": "location.state"
},
{
  "pk": "71591982-329d-43bb-b6c9-cdc803560b04",
  "fields": {
    "modified": "2015-08-31T17:25:06.957Z",
    "name": "New York",
    "created": "2015-08-31T17:25:06.957Z",
    "deleted": null,
    "abbr": "NY"
  },
  "model": "location.state"
},
{
  "pk": "779b3640-6304-4058-9312-5433495b8d81",
  "fields": {
    "modified": "2015-08-31T17:25:06.954Z",
    "name": "New Hampshire",
    "created": "2015-08-31T17:25:06.954Z",
    "deleted": null,
    "abbr": "NH"
  },
  "model": "location.state"
},
{
  "pk": "8399871a-88a9-4119-a56b-6e4f8d8bcb70",
  "fields": {
    "modified": "2015-08-31T17:25:06.937Z",
    "name": "Illinois",
    "created": "2015-08-31T17:25:06.937Z",
    "deleted": null,
    "abbr": "IL"
  },
  "model": "location.state"
},
{
  "pk": "8c072bc1-8dbf-4402-87f6-1679f46d5978",
  "fields": {
    "modified": "2015-08-31T17:25:06.941Z",
    "name": "Lousiana",
    "created": "2015-08-31T17:25:06.941Z",
    "deleted": null,
    "abbr": "LA"
  },
  "model": "location.state"
},
{
  "pk": "8d375fc2-21a6-4046-9fb7-78bf7e19509f",
  "fields": {
    "modified": "2015-08-31T17:25:06.934Z",
    "name": "Florida",
    "created": "2015-08-31T17:25:06.934Z",
    "deleted": null,
    "abbr": "FL"
  },
  "model": "location.state"
},
{
  "pk": "94c03ea0-ddf6-4ebb-af52-7f75d3842697",
  "fields": {
    "modified": "2015-08-31T17:25:06.947Z",
    "name": "Minnesota",
    "created": "2015-08-31T17:25:06.947Z",
    "deleted": null,
    "abbr": "MN"
  },
  "model": "location.state"
},
{
  "pk": "959b06c3-293b-40c8-984e-6d0775420848",
  "fields": {
    "modified": "2015-08-31T17:25:06.948Z",
    "name": "Mississippi",
    "created": "2015-08-31T17:25:06.948Z",
    "deleted": null,
    "abbr": "MS"
  },
  "model": "location.state"
},
{
  "pk": "997fcce5-2c14-4499-aa95-bd553d3f9bbd",
  "fields": {
    "modified": "2015-08-31T17:25:06.933Z",
    "name": "District of Columbia",
    "created": "2015-08-31T17:25:06.933Z",
    "deleted": null,
    "abbr": "DC"
  },
  "model": "location.state"
},
{
  "pk": "9a85843b-bec4-456b-bc03-9b7c4ffb1aff",
  "fields": {
    "modified": "2015-08-31T17:25:06.964Z",
    "name": "South Dakota",
    "created": "2015-08-31T17:25:06.964Z",
    "deleted": null,
    "abbr": "SD"
  },
  "model": "location.state"
},
{
  "pk": "9ad69030-cb37-4782-b540-a6639189cf88",
  "fields": {
    "modified": "2015-08-31T17:25:06.931Z",
    "name": "Colorado",
    "created": "2015-08-31T17:25:06.931Z",
    "deleted": null,
    "abbr": "CO"
  },
  "model": "location.state"
},
{
  "pk": "a928b0bc-16aa-486c-b736-b480942f9359",
  "fields": {
    "modified": "2015-08-31T17:25:06.966Z",
    "name": "Texas",
    "created": "2015-08-31T17:25:06.966Z",
    "deleted": null,
    "abbr": "TX"
  },
  "model": "location.state"
},
{
  "pk": "b1fcc9ce-f40a-41fa-b8b6-e85f9ba5303e",
  "fields": {
    "modified": "2015-08-31T17:25:06.950Z",
    "name": "Montana",
    "created": "2015-08-31T17:25:06.950Z",
    "deleted": null,
    "abbr": "MT"
  },
  "model": "location.state"
},
{
  "pk": "c1aa6e61-f80a-4706-a64f-b41609dcbb99",
  "fields": {
    "modified": "2015-08-31T17:25:06.936Z",
    "name": "Hawaii",
    "created": "2015-08-31T17:25:06.936Z",
    "deleted": null,
    "abbr": "HI"
  },
  "model": "location.state"
},
{
  "pk": "c8231041-8d85-4ba7-b48c-43a7e9360d08",
  "fields": {
    "modified": "2015-08-31T17:25:06.932Z",
    "name": "Connecticut",
    "created": "2015-08-31T17:25:06.932Z",
    "deleted": null,
    "abbr": "CT"
  },
  "model": "location.state"
},
{
  "pk": "c870604b-735c-4b8a-adf3-b2ff6ed9ede2",
  "fields": {
    "modified": "2015-08-31T17:25:06.953Z",
    "name": "Nevada",
    "created": "2015-08-31T17:25:06.953Z",
    "deleted": null,
    "abbr": "NV"
  },
  "model": "location.state"
},
{
  "pk": "c8c60b23-46d6-4a01-98bd-c80215d783b2",
  "fields": {
    "modified": "2015-08-31T17:25:06.942Z",
    "name": "Maine",
    "created": "2015-08-31T17:25:06.942Z",
    "deleted": null,
    "abbr": "ME"
  },
  "model": "location.state"
},
{
  "pk": "ca4ca3aa-bb43-4a98-a460-75305c961dae",
  "fields": {
    "modified": "2015-08-31T17:25:06.958Z",
    "name": "North Carolina",
    "created": "2015-08-31T17:25:06.958Z",
    "deleted": null,
    "abbr": "NC"
  },
  "model": "location.state"
},
{
  "pk": "cb49b530-4ef0-482b-ade0-e41801cee82c",
  "fields": {
    "modified": "2015-08-31T17:25:06.940Z",
    "name": "Kentucky",
    "created": "2015-08-31T17:25:06.940Z",
    "deleted": null,
    "abbr": "KY"
  },
  "model": "location.state"
},
{
  "pk": "dadf53e5-7d04-4918-bff4-d1a4d8e1798b",
  "fields": {
    "modified": "2015-08-31T17:25:06.969Z",
    "name": "Washington",
    "created": "2015-08-31T17:25:06.969Z",
    "deleted": null,
    "abbr": "WA"
  },
  "model": "location.state"
},
{
  "pk": "def07e9a-216c-4b80-b22c-3a64274c0105",
  "fields": {
    "modified": "2015-08-31T17:25:06.932Z",
    "name": "Delaware",
    "created": "2015-08-31T17:25:06.932Z",
    "deleted": null,
    "abbr": "DE"
  },
  "model": "location.state"
},
{
  "pk": "e39b86fc-d479-43c7-adc0-7f556c120856",
  "fields": {
    "modified": "2015-08-31T17:25:06.936Z",
    "name": "Idaho",
    "created": "2015-08-31T17:25:06.936Z",
    "deleted": null,
    "abbr": "ID"
  },
  "model": "location.state"
},
{
  "pk": "efe3cffe-3d7c-447d-8b73-d7f2fc61f061",
  "fields": {
    "modified": "2015-08-31T17:25:06.963Z",
    "name": "Rhode Island",
    "created": "2015-08-31T17:25:06.963Z",
    "deleted": null,
    "abbr": "RI"
  },
  "model": "location.state"
},
{
  "pk": "f1491c47-4d88-4657-b999-1c1f4dfa61a2",
  "fields": {
    "modified": "2015-08-31T17:25:06.959Z",
    "name": "North Dakota",
    "created": "2015-08-31T17:25:06.959Z",
    "deleted": null,
    "abbr": "ND"
  },
  "model": "location.state"
},
{
  "pk": "f490811b-eeb2-44e9-a42e-45875efea29c",
  "fields": {
    "modified": "2015-08-31T17:25:06.952Z",
    "name": "Nebraska",
    "created": "2015-08-31T17:25:06.952Z",
    "deleted": null,
    "abbr": "NE"
  },
  "model": "location.state"
},
{
  "pk": "f653a752-543f-4de5-a453-daf666df6575",
  "fields": {
    "modified": "2015-08-31T17:25:06.960Z",
    "name": "Oklahoma",
    "created": "2015-08-31T17:25:06.960Z",
    "deleted": null,
    "abbr": "OK"
  },
  "model": "location.state"
},
{
  "pk": "49986e62-1276-4107-bb44-6516102b6d04",
  "fields": {
    "modified": "2015-08-31T17:25:27.634Z",
    "name": "Merica",
    "created": "2015-08-31T17:25:27.634Z",
    "deleted": null
  },
  "model": "location.country"
},
{
  "pk": "fcafef01-f608-4b83-aec9-7e8d4ab21d4d",
  "fields": {
    "modified": "2015-08-31T17:25:27.637Z",
    "name": "Canada",
    "created": "2015-08-31T17:25:27.637Z",
    "deleted": null
  },
  "model": "location.country"
},
{
  "pk": "0d0f66fd-6eea-4a4a-9a06-cccdb6437973",
  "fields": {
    "modified": "2015-11-17T06:02:25.182Z",
    "name": "district_lp",
    "created": "2015-11-17T06:02:25.182Z",
    "deleted": null,
    "children": []
  },
  "model": "location.locationlevel"
},
{
  "pk": "28933165-7a3e-4a31-969f-ac230abfd753",
  "fields": {
    "modified": "2015-11-17T06:02:25.186Z",
    "name": "department",
    "created": "2015-11-17T06:02:25.186Z",
    "deleted": null,
    "children": []
  },
  "model": "location.locationlevel"
},
{
  "pk": "4c9f28c8-4c5a-4591-9a20-2eb7e0102483",
  "fields": {
    "modified": "2015-11-17T06:02:25.183Z",
    "name": "store",
    "created": "2015-11-17T06:02:25.183Z",
    "deleted": null,
    "children": [
      "28933165-7a3e-4a31-969f-ac230abfd753"
    ]
  },
  "model": "location.locationlevel"
},
{
  "pk": "a208234e-9473-48ea-8681-4542b4e90950",
  "fields": {
    "modified": "2015-11-17T06:02:25.178Z",
    "name": "region",
    "created": "2015-11-17T06:02:25.178Z",
    "deleted": null,
    "children": [
      "ea59a4d1-d488-4931-9950-ebdbf674767f",
      "0d0f66fd-6eea-4a4a-9a06-cccdb6437973"
    ]
  },
  "model": "location.locationlevel"
},
{
  "pk": "ea59a4d1-d488-4931-9950-ebdbf674767f",
  "fields": {
    "modified": "2015-11-17T06:02:25.180Z",
    "name": "district",
    "created": "2015-11-17T06:02:25.180Z",
    "deleted": null,
    "children": [
      "4c9f28c8-4c5a-4591-9a20-2eb7e0102483"
    ]
  },
  "model": "location.locationlevel"
},
{
  "pk": "0df46f2b-423e-48ed-8a2a-949d7c26a4f3",
  "fields": {
    "modified": "2015-11-17T06:02:25.197Z",
    "name": "Open",
    "created": "2015-11-17T06:02:25.197Z",
    "deleted": null
  },
  "model": "location.locationstatus"
},
{
  "pk": "2904dc6e-0c52-4320-9701-eca47401c29b",
  "fields": {
    "modified": "2015-11-17T06:02:25.199Z",
    "name": "big_store",
    "created": "2015-11-17T06:02:25.199Z",
    "deleted": null
  },
  "model": "location.locationtype"
},
{
  "pk": "10cf4558-080f-4146-9e63-93cc9a46f84f",
  "fields": {
    "status": "0df46f2b-423e-48ed-8a2a-949d7c26a4f3",
    "type": "2904dc6e-0c52-4320-9701-eca47401c29b",
    "deleted": null,
    "children": [],
    "modified": "2015-11-17T06:02:25.252Z",
    "location_level": "4c9f28c8-4c5a-4591-9a20-2eb7e0102483",
    "number": "YOfVvzJoeK",
    "created": "2015-11-17T06:02:25.252Z",
    "name": "los_angeles"
  },
  "model": "location.location"
},
{
  "pk": "4c575ad3-50c6-489b-b2f6-1ebd5b37f08c",
  "fields": {
    "status": "0df46f2b-423e-48ed-8a2a-949d7c26a4f3",
    "type": "2904dc6e-0c52-4320-9701-eca47401c29b",
    "deleted": null,
    "children": [],
    "modified": "2015-11-17T06:02:25.249Z",
    "location_level": "4c9f28c8-4c5a-4591-9a20-2eb7e0102483",
    "number": "jzonJGlUin",
    "created": "2015-11-17T06:02:25.249Z",
    "name": "san_diego"
  },
  "model": "location.location"
},
{
  "pk": "4f3bcf21-4a4a-4ff6-94f5-4d419f5ca0c9",
  "fields": {
    "status": "0df46f2b-423e-48ed-8a2a-949d7c26a4f3",
    "type": "2904dc6e-0c52-4320-9701-eca47401c29b",
    "deleted": null,
    "children": [
      "6e58c2c8-2516-4e10-b72f-879a1d99dcbf",
      "810cc41e-c9a3-4cab-8224-80d32db07702"
    ],
    "modified": "2015-11-17T06:02:25.238Z",
    "location_level": "a208234e-9473-48ea-8681-4542b4e90950",
    "number": "QLfQybNrzt",
    "created": "2015-11-17T06:02:25.238Z",
    "name": "east"
  },
  "model": "location.location"
},
{
  "pk": "6e58c2c8-2516-4e10-b72f-879a1d99dcbf",
  "fields": {
    "status": "0df46f2b-423e-48ed-8a2a-949d7c26a4f3",
    "type": "2904dc6e-0c52-4320-9701-eca47401c29b",
    "deleted": null,
    "children": [
      "10cf4558-080f-4146-9e63-93cc9a46f84f",
      "4c575ad3-50c6-489b-b2f6-1ebd5b37f08c"
    ],
    "modified": "2015-11-17T06:02:25.242Z",
    "location_level": "ea59a4d1-d488-4931-9950-ebdbf674767f",
    "number": "WUZCxdIsJL",
    "created": "2015-11-17T06:02:25.242Z",
    "name": "ca"
  },
  "model": "location.location"
},
{
  "pk": "77b9931c-a3ca-4477-94b7-ec96dd77f534",
  "fields": {
    "status": "0df46f2b-423e-48ed-8a2a-949d7c26a4f3",
    "type": "2904dc6e-0c52-4320-9701-eca47401c29b",
    "deleted": null,
    "children": [
      "989b13df-f38b-442c-918d-eb9ef62da824",
      "c6203b3b-6976-46ef-9c00-142c622275c5"
    ],
    "modified": "2015-11-17T06:02:25.200Z",
    "location_level": "a208234e-9473-48ea-8681-4542b4e90950",
    "number": "SfQcnlyhRD",
    "created": "2015-11-17T06:02:25.200Z",
    "name": "east"
  },
  "model": "location.location"
},
{
  "pk": "810cc41e-c9a3-4cab-8224-80d32db07702",
  "fields": {
    "status": "0df46f2b-423e-48ed-8a2a-949d7c26a4f3",
    "type": "2904dc6e-0c52-4320-9701-eca47401c29b",
    "deleted": null,
    "children": [],
    "modified": "2015-11-17T06:02:25.245Z",
    "location_level": "ea59a4d1-d488-4931-9950-ebdbf674767f",
    "number": "pjTthUjRGC",
    "created": "2015-11-17T06:02:25.245Z",
    "name": "nv"
  },
  "model": "location.location"
},
{
  "pk": "989b13df-f38b-442c-918d-eb9ef62da824",
  "fields": {
    "status": "0df46f2b-423e-48ed-8a2a-949d7c26a4f3",
    "type": "2904dc6e-0c52-4320-9701-eca47401c29b",
    "deleted": null,
    "children": [
      "a27cdb12-f9b4-45b2-9ab4-8af03a0831a1",
      "e32b5a73-a6b1-421e-a519-bff5d811feee"
    ],
    "modified": "2015-11-17T06:02:25.204Z",
    "location_level": "ea59a4d1-d488-4931-9950-ebdbf674767f",
    "number": "QwETIOJLTR",
    "created": "2015-11-17T06:02:25.204Z",
    "name": "ca"
  },
  "model": "location.location"
},
{
  "pk": "a27cdb12-f9b4-45b2-9ab4-8af03a0831a1",
  "fields": {
    "status": "0df46f2b-423e-48ed-8a2a-949d7c26a4f3",
    "type": "2904dc6e-0c52-4320-9701-eca47401c29b",
    "deleted": null,
    "children": [],
    "modified": "2015-11-17T06:02:25.216Z",
    "location_level": "4c9f28c8-4c5a-4591-9a20-2eb7e0102483",
    "number": "nJQJkYdjmJ",
    "created": "2015-11-17T06:02:25.216Z",
    "name": "los_angeles"
  },
  "model": "location.location"
},
{
  "pk": "c6203b3b-6976-46ef-9c00-142c622275c5",
  "fields": {
    "status": "0df46f2b-423e-48ed-8a2a-949d7c26a4f3",
    "type": "2904dc6e-0c52-4320-9701-eca47401c29b",
    "deleted": null,
    "children": [],
    "modified": "2015-11-17T06:02:25.208Z",
    "location_level": "ea59a4d1-d488-4931-9950-ebdbf674767f",
    "number": "EsRFmxCLUn",
    "created": "2015-11-17T06:02:25.208Z",
    "name": "nv"
  },
  "model": "location.location"
},
{
  "pk": "e32b5a73-a6b1-421e-a519-bff5d811feee",
  "fields": {
    "status": "0df46f2b-423e-48ed-8a2a-949d7c26a4f3",
    "type": "2904dc6e-0c52-4320-9701-eca47401c29b",
    "deleted": null,
    "children": [],
    "modified": "2015-11-17T06:02:25.213Z",
    "location_level": "4c9f28c8-4c5a-4591-9a20-2eb7e0102483",
    "number": "vHurPdcrcV",
    "created": "2015-11-17T06:02:25.213Z",
    "name": "san_diego"
  },
  "model": "location.location"
},
{
  "pk": "1a3ffcb1-2f4a-4968-bb37-6849388df218",
  "fields": {
    "modified": "2015-11-17T06:02:25.427Z",
    "name": "active",
    "created": "2015-11-17T06:02:25.427Z",
    "deleted": null,
    "default": true
  },
  "model": "person.personstatus"
},
{
  "pk": 1,
  "fields": {
    "codename": "add_phonenumbertype",
    "content_type": 1,
    "name": "Can add phone number type"
  },
  "model": "auth.permission"
},
{
  "pk": 2,
  "fields": {
    "codename": "change_phonenumbertype",
    "content_type": 1,
    "name": "Can change phone number type"
  },
  "model": "auth.permission"
},
{
  "pk": 3,
  "fields": {
    "codename": "delete_phonenumbertype",
    "content_type": 1,
    "name": "Can delete phone number type"
  },
  "model": "auth.permission"
},
{
  "pk": 4,
  "fields": {
    "codename": "add_phonenumber",
    "content_type": 2,
    "name": "Can add phone number"
  },
  "model": "auth.permission"
},
{
  "pk": 5,
  "fields": {
    "codename": "change_phonenumber",
    "content_type": 2,
    "name": "Can change phone number"
  },
  "model": "auth.permission"
},
{
  "pk": 6,
  "fields": {
    "codename": "delete_phonenumber",
    "content_type": 2,
    "name": "Can delete phone number"
  },
  "model": "auth.permission"
},
{
  "pk": 7,
  "fields": {
    "codename": "add_addresstype",
    "content_type": 3,
    "name": "Can add address type"
  },
  "model": "auth.permission"
},
{
  "pk": 8,
  "fields": {
    "codename": "change_addresstype",
    "content_type": 3,
    "name": "Can change address type"
  },
  "model": "auth.permission"
},
{
  "pk": 9,
  "fields": {
    "codename": "delete_addresstype",
    "content_type": 3,
    "name": "Can delete address type"
  },
  "model": "auth.permission"
},
{
  "pk": 10,
  "fields": {
    "codename": "add_address",
    "content_type": 4,
    "name": "Can add address"
  },
  "model": "auth.permission"
},
{
  "pk": 11,
  "fields": {
    "codename": "change_address",
    "content_type": 4,
    "name": "Can change address"
  },
  "model": "auth.permission"
},
{
  "pk": 12,
  "fields": {
    "codename": "delete_address",
    "content_type": 4,
    "name": "Can delete address"
  },
  "model": "auth.permission"
},
{
  "pk": 13,
  "fields": {
    "codename": "add_emailtype",
    "content_type": 5,
    "name": "Can add email type"
  },
  "model": "auth.permission"
},
{
  "pk": 14,
  "fields": {
    "codename": "change_emailtype",
    "content_type": 5,
    "name": "Can change email type"
  },
  "model": "auth.permission"
},
{
  "pk": 15,
  "fields": {
    "codename": "delete_emailtype",
    "content_type": 5,
    "name": "Can delete email type"
  },
  "model": "auth.permission"
},
{
  "pk": 16,
  "fields": {
    "codename": "add_email",
    "content_type": 6,
    "name": "Can add email"
  },
  "model": "auth.permission"
},
{
  "pk": 17,
  "fields": {
    "codename": "change_email",
    "content_type": 6,
    "name": "Can change email"
  },
  "model": "auth.permission"
},
{
  "pk": 18,
  "fields": {
    "codename": "delete_email",
    "content_type": 6,
    "name": "Can delete email"
  },
  "model": "auth.permission"
},
{
  "pk": 19,
  "fields": {
    "codename": "add_session",
    "content_type": 7,
    "name": "Can add session"
  },
  "model": "auth.permission"
},
{
  "pk": 20,
  "fields": {
    "codename": "change_session",
    "content_type": 7,
    "name": "Can change session"
  },
  "model": "auth.permission"
},
{
  "pk": 21,
  "fields": {
    "codename": "delete_session",
    "content_type": 7,
    "name": "Can delete session"
  },
  "model": "auth.permission"
},
{
  "pk": 22,
  "fields": {
    "codename": "add_locale",
    "content_type": 8,
    "name": "Can add locale"
  },
  "model": "auth.permission"
},
{
  "pk": 23,
  "fields": {
    "codename": "change_locale",
    "content_type": 8,
    "name": "Can change locale"
  },
  "model": "auth.permission"
},
{
  "pk": 24,
  "fields": {
    "codename": "delete_locale",
    "content_type": 8,
    "name": "Can delete locale"
  },
  "model": "auth.permission"
},
{
  "pk": 25,
  "fields": {
    "codename": "add_translation",
    "content_type": 9,
    "name": "Can add translation"
  },
  "model": "auth.permission"
},
{
  "pk": 26,
  "fields": {
    "codename": "change_translation",
    "content_type": 9,
    "name": "Can change translation"
  },
  "model": "auth.permission"
},
{
  "pk": 27,
  "fields": {
    "codename": "delete_translation",
    "content_type": 9,
    "name": "Can delete translation"
  },
  "model": "auth.permission"
},
{
  "pk": 28,
  "fields": {
    "codename": "add_categorystatus",
    "content_type": 10,
    "name": "Can add category status"
  },
  "model": "auth.permission"
},
{
  "pk": 29,
  "fields": {
    "codename": "change_categorystatus",
    "content_type": 10,
    "name": "Can change category status"
  },
  "model": "auth.permission"
},
{
  "pk": 30,
  "fields": {
    "codename": "delete_categorystatus",
    "content_type": 10,
    "name": "Can delete category status"
  },
  "model": "auth.permission"
},
{
  "pk": 31,
  "fields": {
    "codename": "add_category",
    "content_type": 11,
    "name": "Can add category"
  },
  "model": "auth.permission"
},
{
  "pk": 32,
  "fields": {
    "codename": "change_category",
    "content_type": 11,
    "name": "Can change category"
  },
  "model": "auth.permission"
},
{
  "pk": 33,
  "fields": {
    "codename": "delete_category",
    "content_type": 11,
    "name": "Can delete category"
  },
  "model": "auth.permission"
},
{
  "pk": 34,
  "fields": {
    "codename": "add_tester",
    "content_type": 12,
    "name": "Can add tester"
  },
  "model": "auth.permission"
},
{
  "pk": 35,
  "fields": {
    "codename": "change_tester",
    "content_type": 12,
    "name": "Can change tester"
  },
  "model": "auth.permission"
},
{
  "pk": 36,
  "fields": {
    "codename": "delete_tester",
    "content_type": 12,
    "name": "Can delete tester"
  },
  "model": "auth.permission"
},
{
  "pk": 37,
  "fields": {
    "codename": "add_state",
    "content_type": 13,
    "name": "Can add state"
  },
  "model": "auth.permission"
},
{
  "pk": 38,
  "fields": {
    "codename": "change_state",
    "content_type": 13,
    "name": "Can change state"
  },
  "model": "auth.permission"
},
{
  "pk": 39,
  "fields": {
    "codename": "delete_state",
    "content_type": 13,
    "name": "Can delete state"
  },
  "model": "auth.permission"
},
{
  "pk": 40,
  "fields": {
    "codename": "add_country",
    "content_type": 14,
    "name": "Can add country"
  },
  "model": "auth.permission"
},
{
  "pk": 41,
  "fields": {
    "codename": "change_country",
    "content_type": 14,
    "name": "Can change country"
  },
  "model": "auth.permission"
},
{
  "pk": 42,
  "fields": {
    "codename": "delete_country",
    "content_type": 14,
    "name": "Can delete country"
  },
  "model": "auth.permission"
},
{
  "pk": 43,
  "fields": {
    "codename": "add_locationlevel",
    "content_type": 15,
    "name": "Can add location level"
  },
  "model": "auth.permission"
},
{
  "pk": 44,
  "fields": {
    "codename": "change_locationlevel",
    "content_type": 15,
    "name": "Can change location level"
  },
  "model": "auth.permission"
},
{
  "pk": 45,
  "fields": {
    "codename": "delete_locationlevel",
    "content_type": 15,
    "name": "Can delete location level"
  },
  "model": "auth.permission"
},
{
  "pk": 46,
  "fields": {
    "codename": "add_locationstatus",
    "content_type": 16,
    "name": "Can add location status"
  },
  "model": "auth.permission"
},
{
  "pk": 47,
  "fields": {
    "codename": "change_locationstatus",
    "content_type": 16,
    "name": "Can change location status"
  },
  "model": "auth.permission"
},
{
  "pk": 48,
  "fields": {
    "codename": "delete_locationstatus",
    "content_type": 16,
    "name": "Can delete location status"
  },
  "model": "auth.permission"
},
{
  "pk": 49,
  "fields": {
    "codename": "add_locationtype",
    "content_type": 17,
    "name": "Can add location type"
  },
  "model": "auth.permission"
},
{
  "pk": 50,
  "fields": {
    "codename": "change_locationtype",
    "content_type": 17,
    "name": "Can change location type"
  },
  "model": "auth.permission"
},
{
  "pk": 51,
  "fields": {
    "codename": "delete_locationtype",
    "content_type": 17,
    "name": "Can delete location type"
  },
  "model": "auth.permission"
},
{
  "pk": 52,
  "fields": {
    "codename": "add_location",
    "content_type": 18,
    "name": "Can add location"
  },
  "model": "auth.permission"
},
{
  "pk": 53,
  "fields": {
    "codename": "change_location",
    "content_type": 18,
    "name": "Can change location"
  },
  "model": "auth.permission"
},
{
  "pk": 54,
  "fields": {
    "codename": "delete_location",
    "content_type": 18,
    "name": "Can delete location"
  },
  "model": "auth.permission"
},
{
  "pk": 55,
  "fields": {
    "codename": "add_savedsearch",
    "content_type": 19,
    "name": "Can add saved search"
  },
  "model": "auth.permission"
},
{
  "pk": 56,
  "fields": {
    "codename": "change_savedsearch",
    "content_type": 19,
    "name": "Can change saved search"
  },
  "model": "auth.permission"
},
{
  "pk": 57,
  "fields": {
    "codename": "delete_savedsearch",
    "content_type": 19,
    "name": "Can delete saved search"
  },
  "model": "auth.permission"
},
{
  "pk": 58,
  "fields": {
    "codename": "add_mainsetting",
    "content_type": 20,
    "name": "Can add main setting"
  },
  "model": "auth.permission"
},
{
  "pk": 59,
  "fields": {
    "codename": "change_mainsetting",
    "content_type": 20,
    "name": "Can change main setting"
  },
  "model": "auth.permission"
},
{
  "pk": 60,
  "fields": {
    "codename": "delete_mainsetting",
    "content_type": 20,
    "name": "Can delete main setting"
  },
  "model": "auth.permission"
},
{
  "pk": 61,
  "fields": {
    "codename": "add_customsetting",
    "content_type": 21,
    "name": "Can add custom setting"
  },
  "model": "auth.permission"
},
{
  "pk": 62,
  "fields": {
    "codename": "change_customsetting",
    "content_type": 21,
    "name": "Can change custom setting"
  },
  "model": "auth.permission"
},
{
  "pk": 63,
  "fields": {
    "codename": "delete_customsetting",
    "content_type": 21,
    "name": "Can delete custom setting"
  },
  "model": "auth.permission"
},
{
  "pk": 64,
  "fields": {
    "codename": "add_attachment",
    "content_type": 22,
    "name": "Can add attachment"
  },
  "model": "auth.permission"
},
{
  "pk": 65,
  "fields": {
    "codename": "change_attachment",
    "content_type": 22,
    "name": "Can change attachment"
  },
  "model": "auth.permission"
},
{
  "pk": 66,
  "fields": {
    "codename": "delete_attachment",
    "content_type": 22,
    "name": "Can delete attachment"
  },
  "model": "auth.permission"
},
{
  "pk": 67,
  "fields": {
    "codename": "add_currency",
    "content_type": 23,
    "name": "Can add currency"
  },
  "model": "auth.permission"
},
{
  "pk": 68,
  "fields": {
    "codename": "change_currency",
    "content_type": 23,
    "name": "Can change currency"
  },
  "model": "auth.permission"
},
{
  "pk": 69,
  "fields": {
    "codename": "delete_currency",
    "content_type": 23,
    "name": "Can delete currency"
  },
  "model": "auth.permission"
},
{
  "pk": 70,
  "fields": {
    "codename": "add_workorderstatus",
    "content_type": 24,
    "name": "Can add work order status"
  },
  "model": "auth.permission"
},
{
  "pk": 71,
  "fields": {
    "codename": "change_workorderstatus",
    "content_type": 24,
    "name": "Can change work order status"
  },
  "model": "auth.permission"
},
{
  "pk": 72,
  "fields": {
    "codename": "delete_workorderstatus",
    "content_type": 24,
    "name": "Can delete work order status"
  },
  "model": "auth.permission"
},
{
  "pk": 73,
  "fields": {
    "codename": "add_workorder",
    "content_type": 25,
    "name": "Can add work order"
  },
  "model": "auth.permission"
},
{
  "pk": 74,
  "fields": {
    "codename": "change_workorder",
    "content_type": 25,
    "name": "Can change work order"
  },
  "model": "auth.permission"
},
{
  "pk": 75,
  "fields": {
    "codename": "delete_workorder",
    "content_type": 25,
    "name": "Can delete work order"
  },
  "model": "auth.permission"
},
{
  "pk": 76,
  "fields": {
    "codename": "add_site",
    "content_type": 26,
    "name": "Can add site"
  },
  "model": "auth.permission"
},
{
  "pk": 77,
  "fields": {
    "codename": "change_site",
    "content_type": 26,
    "name": "Can change site"
  },
  "model": "auth.permission"
},
{
  "pk": 78,
  "fields": {
    "codename": "delete_site",
    "content_type": 26,
    "name": "Can delete site"
  },
  "model": "auth.permission"
},
{
  "pk": 79,
  "fields": {
    "codename": "add_flatpage",
    "content_type": 27,
    "name": "Can add flat page"
  },
  "model": "auth.permission"
},
{
  "pk": 80,
  "fields": {
    "codename": "change_flatpage",
    "content_type": 27,
    "name": "Can change flat page"
  },
  "model": "auth.permission"
},
{
  "pk": 81,
  "fields": {
    "codename": "delete_flatpage",
    "content_type": 27,
    "name": "Can delete flat page"
  },
  "model": "auth.permission"
},
{
  "pk": 82,
  "fields": {
    "codename": "add_role",
    "content_type": 28,
    "name": "Can add role"
  },
  "model": "auth.permission"
},
{
  "pk": 83,
  "fields": {
    "codename": "change_role",
    "content_type": 28,
    "name": "Can change role"
  },
  "model": "auth.permission"
},
{
  "pk": 84,
  "fields": {
    "codename": "delete_role",
    "content_type": 28,
    "name": "Can delete role"
  },
  "model": "auth.permission"
},
{
  "pk": 85,
  "fields": {
    "codename": "add_proxyrole",
    "content_type": 29,
    "name": "Can add proxy role"
  },
  "model": "auth.permission"
},
{
  "pk": 86,
  "fields": {
    "codename": "change_proxyrole",
    "content_type": 29,
    "name": "Can change proxy role"
  },
  "model": "auth.permission"
},
{
  "pk": 87,
  "fields": {
    "codename": "delete_proxyrole",
    "content_type": 29,
    "name": "Can delete proxy role"
  },
  "model": "auth.permission"
},
{
  "pk": 88,
  "fields": {
    "codename": "add_personstatus",
    "content_type": 30,
    "name": "Can add person status"
  },
  "model": "auth.permission"
},
{
  "pk": 89,
  "fields": {
    "codename": "change_personstatus",
    "content_type": 30,
    "name": "Can change person status"
  },
  "model": "auth.permission"
},
{
  "pk": 90,
  "fields": {
    "codename": "delete_personstatus",
    "content_type": 30,
    "name": "Can delete person status"
  },
  "model": "auth.permission"
},
{
  "pk": 91,
  "fields": {
    "codename": "add_person",
    "content_type": 31,
    "name": "Can add person"
  },
  "model": "auth.permission"
},
{
  "pk": 92,
  "fields": {
    "codename": "change_person",
    "content_type": 31,
    "name": "Can change person"
  },
  "model": "auth.permission"
},
{
  "pk": 93,
  "fields": {
    "codename": "delete_person",
    "content_type": 31,
    "name": "Can delete person"
  },
  "model": "auth.permission"
},
{
  "pk": 94,
  "fields": {
    "codename": "add_logentry",
    "content_type": 32,
    "name": "Can add log entry"
  },
  "model": "auth.permission"
},
{
  "pk": 95,
  "fields": {
    "codename": "change_logentry",
    "content_type": 32,
    "name": "Can change log entry"
  },
  "model": "auth.permission"
},
{
  "pk": 96,
  "fields": {
    "codename": "delete_logentry",
    "content_type": 32,
    "name": "Can delete log entry"
  },
  "model": "auth.permission"
},
{
  "pk": 97,
  "fields": {
    "codename": "add_ticketstatus",
    "content_type": 33,
    "name": "Can add ticket status"
  },
  "model": "auth.permission"
},
{
  "pk": 98,
  "fields": {
    "codename": "change_ticketstatus",
    "content_type": 33,
    "name": "Can change ticket status"
  },
  "model": "auth.permission"
},
{
  "pk": 99,
  "fields": {
    "codename": "delete_ticketstatus",
    "content_type": 33,
    "name": "Can delete ticket status"
  },
  "model": "auth.permission"
},
{
  "pk": 100,
  "fields": {
    "codename": "add_ticketpriority",
    "content_type": 34,
    "name": "Can add ticket priority"
  },
  "model": "auth.permission"
},
{
  "pk": 101,
  "fields": {
    "codename": "change_ticketpriority",
    "content_type": 34,
    "name": "Can change ticket priority"
  },
  "model": "auth.permission"
},
{
  "pk": 102,
  "fields": {
    "codename": "delete_ticketpriority",
    "content_type": 34,
    "name": "Can delete ticket priority"
  },
  "model": "auth.permission"
},
{
  "pk": 103,
  "fields": {
    "codename": "add_ticket",
    "content_type": 35,
    "name": "Can add ticket"
  },
  "model": "auth.permission"
},
{
  "pk": 104,
  "fields": {
    "codename": "change_ticket",
    "content_type": 35,
    "name": "Can change ticket"
  },
  "model": "auth.permission"
},
{
  "pk": 105,
  "fields": {
    "codename": "delete_ticket",
    "content_type": 35,
    "name": "Can delete ticket"
  },
  "model": "auth.permission"
},
{
  "pk": 106,
  "fields": {
    "codename": "add_ticketactivitytype",
    "content_type": 36,
    "name": "Can add ticket activity type"
  },
  "model": "auth.permission"
},
{
  "pk": 107,
  "fields": {
    "codename": "change_ticketactivitytype",
    "content_type": 36,
    "name": "Can change ticket activity type"
  },
  "model": "auth.permission"
},
{
  "pk": 108,
  "fields": {
    "codename": "delete_ticketactivitytype",
    "content_type": 36,
    "name": "Can delete ticket activity type"
  },
  "model": "auth.permission"
},
{
  "pk": 109,
  "fields": {
    "codename": "add_ticketactivity",
    "content_type": 37,
    "name": "Can add ticket activity"
  },
  "model": "auth.permission"
},
{
  "pk": 110,
  "fields": {
    "codename": "change_ticketactivity",
    "content_type": 37,
    "name": "Can change ticket activity"
  },
  "model": "auth.permission"
},
{
  "pk": 111,
  "fields": {
    "codename": "delete_ticketactivity",
    "content_type": 37,
    "name": "Can delete ticket activity"
  },
  "model": "auth.permission"
},
{
  "pk": 112,
  "fields": {
    "codename": "add_corsmodel",
    "content_type": 38,
    "name": "Can add cors model"
  },
  "model": "auth.permission"
},
{
  "pk": 113,
  "fields": {
    "codename": "change_corsmodel",
    "content_type": 38,
    "name": "Can change cors model"
  },
  "model": "auth.permission"
},
{
  "pk": 114,
  "fields": {
    "codename": "delete_corsmodel",
    "content_type": 38,
    "name": "Can delete cors model"
  },
  "model": "auth.permission"
},
{
  "pk": 115,
  "fields": {
    "codename": "add_thirdpartystatus",
    "content_type": 39,
    "name": "Can add third party status"
  },
  "model": "auth.permission"
},
{
  "pk": 116,
  "fields": {
    "codename": "change_thirdpartystatus",
    "content_type": 39,
    "name": "Can change third party status"
  },
  "model": "auth.permission"
},
{
  "pk": 117,
  "fields": {
    "codename": "delete_thirdpartystatus",
    "content_type": 39,
    "name": "Can delete third party status"
  },
  "model": "auth.permission"
},
{
  "pk": 118,
  "fields": {
    "codename": "add_thirdparty",
    "content_type": 40,
    "name": "Can add third party"
  },
  "model": "auth.permission"
},
{
  "pk": 119,
  "fields": {
    "codename": "change_thirdparty",
    "content_type": 40,
    "name": "Can change third party"
  },
  "model": "auth.permission"
},
{
  "pk": 120,
  "fields": {
    "codename": "delete_thirdparty",
    "content_type": 40,
    "name": "Can delete third party"
  },
  "model": "auth.permission"
},
{
  "pk": 121,
  "fields": {
    "codename": "add_permission",
    "content_type": 41,
    "name": "Can add permission"
  },
  "model": "auth.permission"
},
{
  "pk": 122,
  "fields": {
    "codename": "change_permission",
    "content_type": 41,
    "name": "Can change permission"
  },
  "model": "auth.permission"
},
{
  "pk": 123,
  "fields": {
    "codename": "delete_permission",
    "content_type": 41,
    "name": "Can delete permission"
  },
  "model": "auth.permission"
},
{
  "pk": 124,
  "fields": {
    "codename": "add_group",
    "content_type": 42,
    "name": "Can add group"
  },
  "model": "auth.permission"
},
{
  "pk": 125,
  "fields": {
    "codename": "change_group",
    "content_type": 42,
    "name": "Can change group"
  },
  "model": "auth.permission"
},
{
  "pk": 126,
  "fields": {
    "codename": "delete_group",
    "content_type": 42,
    "name": "Can delete group"
  },
  "model": "auth.permission"
},
{
  "pk": 127,
  "fields": {
    "codename": "add_contenttype",
    "content_type": 43,
    "name": "Can add content type"
  },
  "model": "auth.permission"
},
{
  "pk": 128,
  "fields": {
    "codename": "change_contenttype",
    "content_type": 43,
    "name": "Can change content type"
  },
  "model": "auth.permission"
},
{
  "pk": 129,
  "fields": {
    "codename": "delete_contenttype",
    "content_type": 43,
    "name": "Can delete content type"
  },
  "model": "auth.permission"
},
{
  "pk": 1,
  "fields": {
    "permissions": [],
    "name": "region-role"
  },
  "model": "auth.group"
},
{
  "pk": 2,
  "fields": {
    "permissions": [],
    "name": "district-role"
  },
  "model": "auth.group"
},
{
  "pk": 3,
  "fields": {
    "permissions": [],
    "name": "district_lp-role"
  },
  "model": "auth.group"
},
{
  "pk": 4,
  "fields": {
    "permissions": [],
    "name": "store-role"
  },
  "model": "auth.group"
},
{
  "pk": 5,
  "fields": {
    "permissions": [],
    "name": "department-role"
  },
  "model": "auth.group"
},
{
  "pk": "043bbb62-2a39-4dcf-a292-e67064f5f766",
  "fields": {
    "tabs": "",
    "password_can_change": true,
    "password_expire": 90,
    "allow_approval": false,
    "password_upper_char_required": false,
    "password_history_length": "[]",
    "name": "region-role",
    "role_type": "Internal",
    "msg_stored_link": false,
    "accept_notify": false,
    "password_digit_required": false,
    "password_special_char_required": false,
    "proxy_approval_bypass": false,
    "inv_select_assign": "all",
    "modules": "",
    "wo_notes": false,
    "inv_wo_status": null,
    "default_auth_amount": "0.0000",
    "default_accept_notify": true,
    "msg_address": false,
    "created": "2015-11-17T06:02:25.267Z",
    "wo_show_tkt_attach": false,
    "inv_wait": null,
    "default_auth_currency": "2c969193-0896-42cd-9531-f42717397248",
    "modified": "2015-11-17T06:02:25.267Z",
    "wo_allow_backdate": false,
    "msg_copy_default": false,
    "wo_show_inactive": false,
    "dashboad_text": "",
    "inv_max_approval_amount": 0,
    "inv_close_wo": "Do not display",
    "categories": [
      "6812bb07-5c8a-4a31-b72e-e47d1d6abaa3"
    ],
    "msg_viewall": false,
    "create_all": false,
    "password_lower_char_required": false,
    "proxy_set": false,
    "default_accept_assign": true,
    "msg_copy_email": false,
    "location_level": "a208234e-9473-48ea-8681-4542b4e90950",
    "inv_options": "new",
    "group": 1,
    "accept_assign": false,
    "wo_days_backdate": null,
    "inv_req_attach": true,
    "password_expired_login_count": null,
    "wo_edit_closeout": false,
    "password_expire_alert": true,
    "password_min_length": 6,
    "deleted": null,
    "inv_max_approval_currency": "usd",
    "inv_autoapprove": false,
    "dashboad_links": ""
  },
  "model": "person.role"
},
{
  "pk": "06b3578e-4d32-430f-bc29-e97f79db042b",
  "fields": {
    "tabs": "",
    "password_can_change": true,
    "password_expire": 90,
    "allow_approval": false,
    "password_upper_char_required": false,
    "password_history_length": "[]",
    "name": "district_lp-role",
    "role_type": "Internal",
    "msg_stored_link": false,
    "accept_notify": false,
    "password_digit_required": false,
    "password_special_char_required": false,
    "proxy_approval_bypass": false,
    "inv_select_assign": "all",
    "modules": "",
    "wo_notes": false,
    "inv_wo_status": null,
    "default_auth_amount": "0.0000",
    "default_accept_notify": true,
    "msg_address": false,
    "created": "2015-11-17T06:02:25.282Z",
    "wo_show_tkt_attach": false,
    "inv_wait": null,
    "default_auth_currency": "2c969193-0896-42cd-9531-f42717397248",
    "modified": "2015-11-17T06:02:25.282Z",
    "wo_allow_backdate": false,
    "msg_copy_default": false,
    "wo_show_inactive": false,
    "dashboad_text": "",
    "inv_max_approval_amount": 0,
    "inv_close_wo": "Do not display",
    "categories": [
      "6812bb07-5c8a-4a31-b72e-e47d1d6abaa3"
    ],
    "msg_viewall": false,
    "create_all": false,
    "password_lower_char_required": false,
    "proxy_set": false,
    "default_accept_assign": true,
    "msg_copy_email": false,
    "location_level": "0d0f66fd-6eea-4a4a-9a06-cccdb6437973",
    "inv_options": "new",
    "group": 3,
    "accept_assign": false,
    "wo_days_backdate": null,
    "inv_req_attach": true,
    "password_expired_login_count": null,
    "wo_edit_closeout": false,
    "password_expire_alert": true,
    "password_min_length": 6,
    "deleted": null,
    "inv_max_approval_currency": "usd",
    "inv_autoapprove": false,
    "dashboad_links": ""
  },
  "model": "person.role"
},
{
  "pk": "26b2ce99-5f21-4486-914f-0ee6391cc15b",
  "fields": {
    "tabs": "",
    "password_can_change": true,
    "password_expire": 90,
    "allow_approval": false,
    "password_upper_char_required": false,
    "password_history_length": "[]",
    "name": "store-role",
    "role_type": "Internal",
    "msg_stored_link": false,
    "accept_notify": false,
    "password_digit_required": false,
    "password_special_char_required": false,
    "proxy_approval_bypass": false,
    "inv_select_assign": "all",
    "modules": "",
    "wo_notes": false,
    "inv_wo_status": null,
    "default_auth_amount": "0.0000",
    "default_accept_notify": true,
    "msg_address": false,
    "created": "2015-11-17T06:02:25.289Z",
    "wo_show_tkt_attach": false,
    "inv_wait": null,
    "default_auth_currency": "2c969193-0896-42cd-9531-f42717397248",
    "modified": "2015-11-17T06:02:25.289Z",
    "wo_allow_backdate": false,
    "msg_copy_default": false,
    "wo_show_inactive": false,
    "dashboad_text": "",
    "inv_max_approval_amount": 0,
    "inv_close_wo": "Do not display",
    "categories": [
      "6812bb07-5c8a-4a31-b72e-e47d1d6abaa3"
    ],
    "msg_viewall": false,
    "create_all": false,
    "password_lower_char_required": false,
    "proxy_set": false,
    "default_accept_assign": true,
    "msg_copy_email": false,
    "location_level": "4c9f28c8-4c5a-4591-9a20-2eb7e0102483",
    "inv_options": "new",
    "group": 4,
    "accept_assign": false,
    "wo_days_backdate": null,
    "inv_req_attach": true,
    "password_expired_login_count": null,
    "wo_edit_closeout": false,
    "password_expire_alert": true,
    "password_min_length": 6,
    "deleted": null,
    "inv_max_approval_currency": "usd",
    "inv_autoapprove": false,
    "dashboad_links": ""
  },
  "model": "person.role"
},
{
  "pk": "a1d5e1d6-9aac-4e7a-8e22-08bc3b7a02a6",
  "fields": {
    "tabs": "",
    "password_can_change": true,
    "password_expire": 90,
    "allow_approval": false,
    "password_upper_char_required": false,
    "password_history_length": "[]",
    "name": "department-role",
    "role_type": "Internal",
    "msg_stored_link": false,
    "accept_notify": false,
    "password_digit_required": false,
    "password_special_char_required": false,
    "proxy_approval_bypass": false,
    "inv_select_assign": "all",
    "modules": "",
    "wo_notes": false,
    "inv_wo_status": null,
    "default_auth_amount": "0.0000",
    "default_accept_notify": true,
    "msg_address": false,
    "created": "2015-11-17T06:02:25.296Z",
    "wo_show_tkt_attach": false,
    "inv_wait": null,
    "default_auth_currency": "2c969193-0896-42cd-9531-f42717397248",
    "modified": "2015-11-17T06:02:25.296Z",
    "wo_allow_backdate": false,
    "msg_copy_default": false,
    "wo_show_inactive": false,
    "dashboad_text": "",
    "inv_max_approval_amount": 0,
    "inv_close_wo": "Do not display",
    "categories": [
      "6812bb07-5c8a-4a31-b72e-e47d1d6abaa3"
    ],
    "msg_viewall": false,
    "create_all": false,
    "password_lower_char_required": false,
    "proxy_set": false,
    "default_accept_assign": true,
    "msg_copy_email": false,
    "location_level": "28933165-7a3e-4a31-969f-ac230abfd753",
    "inv_options": "new",
    "group": 5,
    "accept_assign": false,
    "wo_days_backdate": null,
    "inv_req_attach": true,
    "password_expired_login_count": null,
    "wo_edit_closeout": false,
    "password_expire_alert": true,
    "password_min_length": 6,
    "deleted": null,
    "inv_max_approval_currency": "usd",
    "inv_autoapprove": false,
    "dashboad_links": ""
  },
  "model": "person.role"
},
{
  "pk": "a3cdac3a-0e2a-46c6-b927-c552ca44dcd9",
  "fields": {
    "tabs": "",
    "password_can_change": true,
    "password_expire": 90,
    "allow_approval": false,
    "password_upper_char_required": false,
    "password_history_length": "[]",
    "name": "district-role",
    "role_type": "Internal",
    "msg_stored_link": false,
    "accept_notify": false,
    "password_digit_required": false,
    "password_special_char_required": false,
    "proxy_approval_bypass": false,
    "inv_select_assign": "all",
    "modules": "",
    "wo_notes": false,
    "inv_wo_status": null,
    "default_auth_amount": "0.0000",
    "default_accept_notify": true,
    "msg_address": false,
    "created": "2015-11-17T06:02:25.275Z",
    "wo_show_tkt_attach": false,
    "inv_wait": null,
    "default_auth_currency": "2c969193-0896-42cd-9531-f42717397248",
    "modified": "2015-11-17T06:02:25.275Z",
    "wo_allow_backdate": false,
    "msg_copy_default": false,
    "wo_show_inactive": false,
    "dashboad_text": "",
    "inv_max_approval_amount": 0,
    "inv_close_wo": "Do not display",
    "categories": [
      "6812bb07-5c8a-4a31-b72e-e47d1d6abaa3"
    ],
    "msg_viewall": false,
    "create_all": false,
    "password_lower_char_required": false,
    "proxy_set": false,
    "default_accept_assign": true,
    "msg_copy_email": false,
    "location_level": "ea59a4d1-d488-4931-9950-ebdbf674767f",
    "inv_options": "new",
    "group": 2,
    "accept_assign": false,
    "wo_days_backdate": null,
    "inv_req_attach": true,
    "password_expired_login_count": null,
    "wo_edit_closeout": false,
    "password_expire_alert": true,
    "password_min_length": 6,
    "deleted": null,
    "inv_max_approval_currency": "usd",
    "inv_autoapprove": false,
    "dashboad_links": ""
  },
  "model": "person.role"
},
{
  "pk": "30f530c4-ce6c-4724-9cfd-37a16e787001",
  "fields": {
    "last_login": null,
    "groups": [
      4
    ],
    "proxy_end_date": null,
    "is_superuser": false,
    "password_one_time": null,
    "proxy_status": null,
    "auth_amount": "0.0000",
    "locale": null,
    "title": "a",
    "status": "1a3ffcb1-2f4a-4968-bb37-6849388df218",
    "proxy_start_date": null,
    "user_permissions": [],
    "accept_notify": true,
    "employee_id": null,
    "fullname": "a a",
    "middle_initial": null,
    "password_expire_date": "2016-02-15",
    "accept_assign": true,
    "locations": [
      "10cf4558-080f-4146-9e63-93cc9a46f84f",
      "a27cdb12-f9b4-45b2-9ab4-8af03a0831a1",
      "4c575ad3-50c6-489b-b2f6-1ebd5b37f08c",
      "e32b5a73-a6b1-421e-a519-bff5d811feee"
    ],
    "is_active": true,
    "next_approver": null,
    "is_staff": false,
    "username": "a",
    "first_name": "a",
    "proxy_user": null,
    "date_joined": "2015-11-17T06:02:25.304Z",
    "password": "pbkdf2_sha256$20000$JpvOVmthc8oc$j4WP1JpWWG1JOAEHVgpj8KwSQIG/W59KK1Hj67fAxEg=",
    "password_length": null,
    "deleted": null,
    "email": "myemail@mail.com",
    "role": "26b2ce99-5f21-4486-914f-0ee6391cc15b",
    "auth_currency": "2c969193-0896-42cd-9531-f42717397248",
    "modified": "2015-11-17T06:02:25.451Z",
    "password_change": "2015-11-17T06:02:25.425Z",
    "created": "2015-11-17T06:02:25.437Z",
    "last_name": "a",
    "password_history": "[\"pbkdf2_sha256$20000$2VEvNQIa8YZG$KzH4mk74Rh0FPzLTux/p8ebbPoAGS6MGsx5DPHIdy8s=\"]"
  },
  "model": "person.person"
},
{
  "pk": "30f530c4-ce6c-4724-9cfd-37a16e787002",
  "fields": {
    "last_login": null,
    "groups": [
      3
    ],
    "proxy_end_date": null,
    "is_superuser": true,
    "password_one_time": null,
    "proxy_status": null,
    "auth_amount": "0.0000",
    "locale": null,
    "title": "aaron",
    "status": "1a3ffcb1-2f4a-4968-bb37-6849388df218",
    "proxy_start_date": null,
    "user_permissions": [],
    "accept_notify": true,
    "employee_id": null,
    "fullname": "aaron aaron",
    "middle_initial": null,
    "password_expire_date": "2016-02-15",
    "accept_assign": true,
    "locations": [],
    "is_active": true,
    "next_approver": null,
    "is_staff": true,
    "username": "aaron",
    "first_name": "aaron",
    "proxy_user": null,
    "date_joined": "2015-11-17T06:02:25.460Z",
    "password": "pbkdf2_sha256$20000$yOiewCJvzdpn$NBLNxZiySrzw189XKS5O/c35IiN1HsC64VgEML4gIzI=",
    "password_length": null,
    "deleted": null,
    "email": "myemail@mail.com",
    "role": "06b3578e-4d32-430f-bc29-e97f79db042b",
    "auth_currency": "2c969193-0896-42cd-9531-f42717397248",
    "modified": "2015-11-17T06:02:51.495Z",
    "password_change": "2015-11-17T06:02:25.570Z",
    "created": "2015-11-17T06:02:25.575Z",
    "last_name": "aaron",
    "password_history": "[\"pbkdf2_sha256$20000$5LSUUbCy4cFH$fx8Z3+890GjZlNK7BSPjnVFDnNbTWstSCsXn/FELdFk=\"]"
  },
  "model": "person.person"
},
{
  "pk": "30f530c4-ce6c-4724-9cfd-37a16e787003",
  "fields": {
    "last_login": null,
    "groups": [
      4
    ],
    "proxy_end_date": null,
    "is_superuser": false,
    "password_one_time": null,
    "proxy_status": null,
    "auth_amount": "0.0000",
    "locale": null,
    "title": "ac",
    "status": "1a3ffcb1-2f4a-4968-bb37-6849388df218",
    "proxy_start_date": null,
    "user_permissions": [],
    "accept_notify": true,
    "employee_id": null,
    "fullname": "ac ac",
    "middle_initial": null,
    "password_expire_date": "2016-02-15",
    "accept_assign": true,
    "locations": [
      "10cf4558-080f-4146-9e63-93cc9a46f84f",
      "a27cdb12-f9b4-45b2-9ab4-8af03a0831a1",
      "4c575ad3-50c6-489b-b2f6-1ebd5b37f08c",
      "e32b5a73-a6b1-421e-a519-bff5d811feee"
    ],
    "is_active": true,
    "next_approver": null,
    "is_staff": false,
    "username": "ac",
    "first_name": "ac",
    "proxy_user": null,
    "date_joined": "2015-11-17T06:02:25.592Z",
    "password": "pbkdf2_sha256$20000$TItCIHNpeVm1$p8kwoYnysNWXkE/4bZVOdFjZzpv0KSoh2kNSbd9TaUU=",
    "password_length": null,
    "deleted": null,
    "email": "myemail@mail.com",
    "role": "26b2ce99-5f21-4486-914f-0ee6391cc15b",
    "auth_currency": "2c969193-0896-42cd-9531-f42717397248",
    "modified": "2015-11-17T06:02:25.721Z",
    "password_change": "2015-11-17T06:02:25.703Z",
    "created": "2015-11-17T06:02:25.708Z",
    "last_name": "ac",
    "password_history": "[\"pbkdf2_sha256$20000$sSdkvZLMMBri$a0YJty+kkO0USyNRsyilRUCfBjTeVi9ijjK3mnWjhcY=\"]"
  },
  "model": "person.person"
},
{
  "pk": "30f530c4-ce6c-4724-9cfd-37a16e787004",
  "fields": {
    "last_login": null,
    "groups": [
      4
    ],
    "proxy_end_date": null,
    "is_superuser": false,
    "password_one_time": null,
    "proxy_status": null,
    "auth_amount": "0.0000",
    "locale": null,
    "title": "accumsan",
    "status": "1a3ffcb1-2f4a-4968-bb37-6849388df218",
    "proxy_start_date": null,
    "user_permissions": [],
    "accept_notify": true,
    "employee_id": null,
    "fullname": "accumsan accumsan",
    "middle_initial": null,
    "password_expire_date": "2016-02-15",
    "accept_assign": true,
    "locations": [
      "10cf4558-080f-4146-9e63-93cc9a46f84f",
      "a27cdb12-f9b4-45b2-9ab4-8af03a0831a1",
      "4c575ad3-50c6-489b-b2f6-1ebd5b37f08c",
      "e32b5a73-a6b1-421e-a519-bff5d811feee"
    ],
    "is_active": true,
    "next_approver": null,
    "is_staff": false,
    "username": "accumsan",
    "first_name": "accumsan",
    "proxy_user": null,
    "date_joined": "2015-11-17T06:02:25.729Z",
    "password": "pbkdf2_sha256$20000$qi9Cfyq1zg3m$olxeoBnp8F9osdP4NHzNxhIgaj27k5WO6FQsfbEPRlw=",
    "password_length": null,
    "deleted": null,
    "email": "myemail@mail.com",
    "role": "26b2ce99-5f21-4486-914f-0ee6391cc15b",
    "auth_currency": "2c969193-0896-42cd-9531-f42717397248",
    "modified": "2015-11-17T06:02:25.856Z",
    "password_change": "2015-11-17T06:02:25.838Z",
    "created": "2015-11-17T06:02:25.842Z",
    "last_name": "accumsan",
    "password_history": "[\"pbkdf2_sha256$20000$HU1JNsXrdRlN$RqY82Owz9pkmYdUXhxbY6UzI6XZ6sAY81pMFaAJGTMM=\"]"
  },
  "model": "person.person"
},
{
  "pk": "30f530c4-ce6c-4724-9cfd-37a16e787005",
  "fields": {
    "last_login": null,
    "groups": [
      2
    ],
    "proxy_end_date": null,
    "is_superuser": false,
    "password_one_time": null,
    "proxy_status": null,
    "auth_amount": "0.0000",
    "locale": null,
    "title": "ad",
    "status": "1a3ffcb1-2f4a-4968-bb37-6849388df218",
    "proxy_start_date": null,
    "user_permissions": [],
    "accept_notify": true,
    "employee_id": null,
    "fullname": "ad ad",
    "middle_initial": null,
    "password_expire_date": "2016-02-15",
    "accept_assign": true,
    "locations": [
      "989b13df-f38b-442c-918d-eb9ef62da824",
      "6e58c2c8-2516-4e10-b72f-879a1d99dcbf",
      "c6203b3b-6976-46ef-9c00-142c622275c5",
      "810cc41e-c9a3-4cab-8224-80d32db07702"
    ],
    "is_active": true,
    "next_approver": null,
    "is_staff": false,
    "username": "ad",
    "first_name": "ad",
    "proxy_user": null,
    "date_joined": "2015-11-17T06:02:25.864Z",
    "password": "pbkdf2_sha256$20000$ixldWC6jq6JQ$7vPoXlqMOdYYa9VKrs4I3+F/pi28cxvIvLaqsYHeP5Q=",
    "password_length": null,
    "deleted": null,
    "email": "myemail@mail.com",
    "role": "a3cdac3a-0e2a-46c6-b927-c552ca44dcd9",
    "auth_currency": "2c969193-0896-42cd-9531-f42717397248",
    "modified": "2015-11-17T06:02:26.000Z",
    "password_change": "2015-11-17T06:02:25.979Z",
    "created": "2015-11-17T06:02:25.984Z",
    "last_name": "ad",
    "password_history": "[\"pbkdf2_sha256$20000$4n5WTOB1Eljt$JzhEX9Jn1bLEyqP7vBzyCquk7bVAvbx6pPtdzBOS770=\"]"
  },
  "model": "person.person"
},
{
  "pk": "30f530c4-ce6c-4724-9cfd-37a16e787006",
  "fields": {
    "last_login": null,
    "groups": [
      2
    ],
    "proxy_end_date": null,
    "is_superuser": false,
    "password_one_time": null,
    "proxy_status": null,
    "auth_amount": "0.0000",
    "locale": null,
    "title": "adipiscing",
    "status": "1a3ffcb1-2f4a-4968-bb37-6849388df218",
    "proxy_start_date": null,
    "user_permissions": [],
    "accept_notify": true,
    "employee_id": null,
    "fullname": "adipiscing adipiscing",
    "middle_initial": null,
    "password_expire_date": "2016-02-15",
    "accept_assign": true,
    "locations": [
      "989b13df-f38b-442c-918d-eb9ef62da824",
      "6e58c2c8-2516-4e10-b72f-879a1d99dcbf",
      "c6203b3b-6976-46ef-9c00-142c622275c5",
      "810cc41e-c9a3-4cab-8224-80d32db07702"
    ],
    "is_active": true,
    "next_approver": null,
    "is_staff": false,
    "username": "adipiscing",
    "first_name": "adipiscing",
    "proxy_user": null,
    "date_joined": "2015-11-17T06:02:26.008Z",
    "password": "pbkdf2_sha256$20000$UoRxSErE9qTC$pOvUv4krROsoAG/xbe2r2BCYhv/ogVQWisIiuaqgAI8=",
    "password_length": null,
    "deleted": null,
    "email": "myemail@mail.com",
    "role": "a3cdac3a-0e2a-46c6-b927-c552ca44dcd9",
    "auth_currency": "2c969193-0896-42cd-9531-f42717397248",
    "modified": "2015-11-17T06:02:26.135Z",
    "password_change": "2015-11-17T06:02:26.117Z",
    "created": "2015-11-17T06:02:26.121Z",
    "last_name": "adipiscing",
    "password_history": "[\"pbkdf2_sha256$20000$6XmZkVF1ZhZi$MJBMughgDdVxm7jfMqnTp6GajnLISwiJBohzGXgZPmo=\"]"
  },
  "model": "person.person"
},
{
  "pk": "30f530c4-ce6c-4724-9cfd-37a16e787007",
  "fields": {
    "last_login": null,
    "groups": [
      3
    ],
    "proxy_end_date": null,
    "is_superuser": false,
    "password_one_time": null,
    "proxy_status": null,
    "auth_amount": "0.0000",
    "locale": null,
    "title": "aenean",
    "status": "1a3ffcb1-2f4a-4968-bb37-6849388df218",
    "proxy_start_date": null,
    "user_permissions": [],
    "accept_notify": true,
    "employee_id": null,
    "fullname": "aenean aenean",
    "middle_initial": null,
    "password_expire_date": "2016-02-15",
    "accept_assign": true,
    "locations": [],
    "is_active": true,
    "next_approver": null,
    "is_staff": false,
    "username": "aenean",
    "first_name": "aenean",
    "proxy_user": null,
    "date_joined": "2015-11-17T06:02:26.142Z",
    "password": "pbkdf2_sha256$20000$BtcT5ih7mjJh$NxqVrLMAJqJuR4TqmsA6KcDhW3Z/PWK4OLk6ZPI9y+A=",
    "password_length": null,
    "deleted": null,
    "email": "myemail@mail.com",
    "role": "06b3578e-4d32-430f-bc29-e97f79db042b",
    "auth_currency": "2c969193-0896-42cd-9531-f42717397248",
    "modified": "2015-11-17T06:02:26.269Z",
    "password_change": "2015-11-17T06:02:26.257Z",
    "created": "2015-11-17T06:02:26.261Z",
    "last_name": "aenean",
    "password_history": "[\"pbkdf2_sha256$20000$r7zHJrfrJcEp$wUv8HKAL1zEjcQOPP95uyXqB8JLOtxH6FiFx2LTyWf8=\"]"
  },
  "model": "person.person"
},
{
  "pk": "30f530c4-ce6c-4724-9cfd-37a16e787008",
  "fields": {
    "last_login": null,
    "groups": [
      3
    ],
    "proxy_end_date": null,
    "is_superuser": false,
    "password_one_time": null,
    "proxy_status": null,
    "auth_amount": "0.0000",
    "locale": null,
    "title": "aliquam",
    "status": "1a3ffcb1-2f4a-4968-bb37-6849388df218",
    "proxy_start_date": null,
    "user_permissions": [],
    "accept_notify": true,
    "employee_id": null,
    "fullname": "aliquam aliquam",
    "middle_initial": null,
    "password_expire_date": "2016-02-15",
    "accept_assign": true,
    "locations": [],
    "is_active": true,
    "next_approver": null,
    "is_staff": false,
    "username": "aliquam",
    "first_name": "aliquam",
    "proxy_user": null,
    "date_joined": "2015-11-17T06:02:26.277Z",
    "password": "pbkdf2_sha256$20000$6PlUJnAixsrL$7B0XrRXvQHCWz6jHrqWoNNS6RMAY5Emqt4TzyXtuswU=",
    "password_length": null,
    "deleted": null,
    "email": "myemail@mail.com",
    "role": "06b3578e-4d32-430f-bc29-e97f79db042b",
    "auth_currency": "2c969193-0896-42cd-9531-f42717397248",
    "modified": "2015-11-17T06:02:26.399Z",
    "password_change": "2015-11-17T06:02:26.386Z",
    "created": "2015-11-17T06:02:26.390Z",
    "last_name": "aliquam",
    "password_history": "[\"pbkdf2_sha256$20000$4lgtZFVw4yxS$FzHInDDGe/dR1AN5o1T/c55qRPYIUGbQ6LX6AjDc1cs=\"]"
  },
  "model": "person.person"
},
{
  "pk": "30f530c4-ce6c-4724-9cfd-37a16e787009",
  "fields": {
    "last_login": null,
    "groups": [
      1
    ],
    "proxy_end_date": null,
    "is_superuser": false,
    "password_one_time": null,
    "proxy_status": null,
    "auth_amount": "0.0000",
    "locale": null,
    "title": "aliquet",
    "status": "1a3ffcb1-2f4a-4968-bb37-6849388df218",
    "proxy_start_date": null,
    "user_permissions": [],
    "accept_notify": true,
    "employee_id": null,
    "fullname": "aliquet aliquet",
    "middle_initial": null,
    "password_expire_date": "2016-02-15",
    "accept_assign": true,
    "locations": [
      "4f3bcf21-4a4a-4ff6-94f5-4d419f5ca0c9",
      "77b9931c-a3ca-4477-94b7-ec96dd77f534"
    ],
    "is_active": true,
    "next_approver": null,
    "is_staff": false,
    "username": "aliquet",
    "first_name": "aliquet",
    "proxy_user": null,
    "date_joined": "2015-11-17T06:02:26.408Z",
    "password": "pbkdf2_sha256$20000$QPBGYJCxEOyr$h/n1RN4xdb+01Y7ynZfmpAN4A3AYqMgYMxk9RkRUq20=",
    "password_length": null,
    "deleted": null,
    "email": "myemail@mail.com",
    "role": "043bbb62-2a39-4dcf-a292-e67064f5f766",
    "auth_currency": "2c969193-0896-42cd-9531-f42717397248",
    "modified": "2015-11-17T06:02:26.538Z",
    "password_change": "2015-11-17T06:02:26.521Z",
    "created": "2015-11-17T06:02:26.526Z",
    "last_name": "aliquet",
    "password_history": "[\"pbkdf2_sha256$20000$zoOtCEmwH809$Wk4bjFOkcrkCRk2EmURt//DEnYZ0wQnsMNZsbpg3lN8=\"]"
  },
  "model": "person.person"
},
{
  "pk": "30f530c4-ce6c-4724-9cfd-37a16e787010",
  "fields": {
    "last_login": null,
    "groups": [
      4
    ],
    "proxy_end_date": null,
    "is_superuser": false,
    "password_one_time": null,
    "proxy_status": null,
    "auth_amount": "0.0000",
    "locale": null,
    "title": "amet",
    "status": "1a3ffcb1-2f4a-4968-bb37-6849388df218",
    "proxy_start_date": null,
    "user_permissions": [],
    "accept_notify": true,
    "employee_id": null,
    "fullname": "amet amet",
    "middle_initial": null,
    "password_expire_date": "2016-02-15",
    "accept_assign": true,
    "locations": [
      "10cf4558-080f-4146-9e63-93cc9a46f84f",
      "a27cdb12-f9b4-45b2-9ab4-8af03a0831a1",
      "4c575ad3-50c6-489b-b2f6-1ebd5b37f08c",
      "e32b5a73-a6b1-421e-a519-bff5d811feee"
    ],
    "is_active": true,
    "next_approver": null,
    "is_staff": false,
    "username": "amet",
    "first_name": "amet",
    "proxy_user": null,
    "date_joined": "2015-11-17T06:02:26.546Z",
    "password": "pbkdf2_sha256$20000$4HOMumxh1Tt9$F8/UEGce6z9qGg8hxkg+Xwas5EhHP6xPMkw6utmlLi0=",
    "password_length": null,
    "deleted": null,
    "email": "myemail@mail.com",
    "role": "26b2ce99-5f21-4486-914f-0ee6391cc15b",
    "auth_currency": "2c969193-0896-42cd-9531-f42717397248",
    "modified": "2015-11-17T06:02:26.675Z",
    "password_change": "2015-11-17T06:02:26.656Z",
    "created": "2015-11-17T06:02:26.660Z",
    "last_name": "amet",
    "password_history": "[\"pbkdf2_sha256$20000$XyPGxC8yqYKJ$F8N2CWGggRYfaYJE4wly5IztsDqBgOszqbYooFdzv6k=\"]"
  },
  "model": "person.person"
},
{
  "pk": "30f530c4-ce6c-4724-9cfd-37a16e787011",
  "fields": {
    "last_login": null,
    "groups": [
      3
    ],
    "proxy_end_date": null,
    "is_superuser": false,
    "password_one_time": null,
    "proxy_status": null,
    "auth_amount": "0.0000",
    "locale": null,
    "title": "ante",
    "status": "1a3ffcb1-2f4a-4968-bb37-6849388df218",
    "proxy_start_date": null,
    "user_permissions": [],
    "accept_notify": true,
    "employee_id": null,
    "fullname": "ante ante",
    "middle_initial": null,
    "password_expire_date": "2016-02-15",
    "accept_assign": true,
    "locations": [],
    "is_active": true,
    "next_approver": null,
    "is_staff": false,
    "username": "ante",
    "first_name": "ante",
    "proxy_user": null,
    "date_joined": "2015-11-17T06:02:26.683Z",
    "password": "pbkdf2_sha256$20000$MdpYIZEVuZ80$ib3rc8FRxgOfzceX98lKvtfUs8ZgC7hWK25HI5moN3E=",
    "password_length": null,
    "deleted": null,
    "email": "myemail@mail.com",
    "role": "06b3578e-4d32-430f-bc29-e97f79db042b",
    "auth_currency": "2c969193-0896-42cd-9531-f42717397248",
    "modified": "2015-11-17T06:02:26.808Z",
    "password_change": "2015-11-17T06:02:26.794Z",
    "created": "2015-11-17T06:02:26.798Z",
    "last_name": "ante",
    "password_history": "[\"pbkdf2_sha256$20000$bGrgoVEGknA1$yzMtZEaFIb72PkuYGvq3Fa3Aje7tRWA71lgnosrnpmI=\"]"
  },
  "model": "person.person"
},
{
  "pk": "30f530c4-ce6c-4724-9cfd-37a16e787012",
  "fields": {
    "last_login": null,
    "groups": [
      1
    ],
    "proxy_end_date": null,
    "is_superuser": false,
    "password_one_time": null,
    "proxy_status": null,
    "auth_amount": "0.0000",
    "locale": null,
    "title": "aptent",
    "status": "1a3ffcb1-2f4a-4968-bb37-6849388df218",
    "proxy_start_date": null,
    "user_permissions": [],
    "accept_notify": true,
    "employee_id": null,
    "fullname": "aptent aptent",
    "middle_initial": null,
    "password_expire_date": "2016-02-15",
    "accept_assign": true,
    "locations": [
      "4f3bcf21-4a4a-4ff6-94f5-4d419f5ca0c9",
      "77b9931c-a3ca-4477-94b7-ec96dd77f534"
    ],
    "is_active": true,
    "next_approver": null,
    "is_staff": false,
    "username": "aptent",
    "first_name": "aptent",
    "proxy_user": null,
    "date_joined": "2015-11-17T06:02:26.816Z",
    "password": "pbkdf2_sha256$20000$7GQXCUvRy4z7$w716l5T+hS1L0cfteNK9KV6kiS0JFullmkyeZ6uLBIQ=",
    "password_length": null,
    "deleted": null,
    "email": "myemail@mail.com",
    "role": "043bbb62-2a39-4dcf-a292-e67064f5f766",
    "auth_currency": "2c969193-0896-42cd-9531-f42717397248",
    "modified": "2015-11-17T06:02:26.943Z",
    "password_change": "2015-11-17T06:02:26.926Z",
    "created": "2015-11-17T06:02:26.931Z",
    "last_name": "aptent",
    "password_history": "[\"pbkdf2_sha256$20000$ExYkxNQi65uq$XKfonqz3KOqgY/yfsural1HLMinPHFoeQWAV99QYxQw=\"]"
  },
  "model": "person.person"
},
{
  "pk": "30f530c4-ce6c-4724-9cfd-37a16e787013",
  "fields": {
    "last_login": null,
    "groups": [
      4
    ],
    "proxy_end_date": null,
    "is_superuser": false,
    "password_one_time": null,
    "proxy_status": null,
    "auth_amount": "0.0000",
    "locale": null,
    "title": "arcu",
    "status": "1a3ffcb1-2f4a-4968-bb37-6849388df218",
    "proxy_start_date": null,
    "user_permissions": [],
    "accept_notify": true,
    "employee_id": null,
    "fullname": "arcu arcu",
    "middle_initial": null,
    "password_expire_date": "2016-02-15",
    "accept_assign": true,
    "locations": [
      "10cf4558-080f-4146-9e63-93cc9a46f84f",
      "a27cdb12-f9b4-45b2-9ab4-8af03a0831a1",
      "4c575ad3-50c6-489b-b2f6-1ebd5b37f08c",
      "e32b5a73-a6b1-421e-a519-bff5d811feee"
    ],
    "is_active": true,
    "next_approver": null,
    "is_staff": false,
    "username": "arcu",
    "first_name": "arcu",
    "proxy_user": null,
    "date_joined": "2015-11-17T06:02:26.951Z",
    "password": "pbkdf2_sha256$20000$cc34Dy0nuqhM$8we6LMOk7GiwYj+X5N6nA5GQH1NzBdPC/7jvk9N39iE=",
    "password_length": null,
    "deleted": null,
    "email": "myemail@mail.com",
    "role": "26b2ce99-5f21-4486-914f-0ee6391cc15b",
    "auth_currency": "2c969193-0896-42cd-9531-f42717397248",
    "modified": "2015-11-17T06:02:27.082Z",
    "password_change": "2015-11-17T06:02:27.064Z",
    "created": "2015-11-17T06:02:27.068Z",
    "last_name": "arcu",
    "password_history": "[\"pbkdf2_sha256$20000$ueZQ4tm6lMg6$6Bm3q4NyS/44VFQXUPSpMquTdDZ5+0kDCt3j/S3ya40=\"]"
  },
  "model": "person.person"
},
{
  "pk": "30f530c4-ce6c-4724-9cfd-37a16e787014",
  "fields": {
    "last_login": null,
    "groups": [
      1
    ],
    "proxy_end_date": null,
    "is_superuser": false,
    "password_one_time": null,
    "proxy_status": null,
    "auth_amount": "0.0000",
    "locale": null,
    "title": "at",
    "status": "1a3ffcb1-2f4a-4968-bb37-6849388df218",
    "proxy_start_date": null,
    "user_permissions": [],
    "accept_notify": true,
    "employee_id": null,
    "fullname": "at at",
    "middle_initial": null,
    "password_expire_date": "2016-02-15",
    "accept_assign": true,
    "locations": [
      "4f3bcf21-4a4a-4ff6-94f5-4d419f5ca0c9",
      "77b9931c-a3ca-4477-94b7-ec96dd77f534"
    ],
    "is_active": true,
    "next_approver": null,
    "is_staff": false,
    "username": "at",
    "first_name": "at",
    "proxy_user": null,
    "date_joined": "2015-11-17T06:02:27.090Z",
    "password": "pbkdf2_sha256$20000$FtanJl2Ty7AX$SiOorpztchwicWBN1aN6JQYTgQXOP70CEDEm6rb93/I=",
    "password_length": null,
    "deleted": null,
    "email": "myemail@mail.com",
    "role": "043bbb62-2a39-4dcf-a292-e67064f5f766",
    "auth_currency": "2c969193-0896-42cd-9531-f42717397248",
    "modified": "2015-11-17T06:02:27.224Z",
    "password_change": "2015-11-17T06:02:27.207Z",
    "created": "2015-11-17T06:02:27.211Z",
    "last_name": "at",
    "password_history": "[\"pbkdf2_sha256$20000$o3Cvr8VDY12q$/iwKefxDBvb5o00pC4Q2zye2QcnR7wf8B77B8M6YNGA=\"]"
  },
  "model": "person.person"
},
{
  "pk": "30f530c4-ce6c-4724-9cfd-37a16e787015",
  "fields": {
    "last_login": null,
    "groups": [
      4
    ],
    "proxy_end_date": null,
    "is_superuser": false,
    "password_one_time": null,
    "proxy_status": null,
    "auth_amount": "0.0000",
    "locale": null,
    "title": "auctor",
    "status": "1a3ffcb1-2f4a-4968-bb37-6849388df218",
    "proxy_start_date": null,
    "user_permissions": [],
    "accept_notify": true,
    "employee_id": null,
    "fullname": "auctor auctor",
    "middle_initial": null,
    "password_expire_date": "2016-02-15",
    "accept_assign": true,
    "locations": [
      "10cf4558-080f-4146-9e63-93cc9a46f84f",
      "a27cdb12-f9b4-45b2-9ab4-8af03a0831a1",
      "4c575ad3-50c6-489b-b2f6-1ebd5b37f08c",
      "e32b5a73-a6b1-421e-a519-bff5d811feee"
    ],
    "is_active": true,
    "next_approver": null,
    "is_staff": false,
    "username": "auctor",
    "first_name": "auctor",
    "proxy_user": null,
    "date_joined": "2015-11-17T06:02:27.232Z",
    "password": "pbkdf2_sha256$20000$wbPsdc9MAWO4$OzwJrdUwo2wWp/a3JEvi1pd8nJ4Yg0vAG4ny4IXVm2U=",
    "password_length": null,
    "deleted": null,
    "email": "myemail@mail.com",
    "role": "26b2ce99-5f21-4486-914f-0ee6391cc15b",
    "auth_currency": "2c969193-0896-42cd-9531-f42717397248",
    "modified": "2015-11-17T06:02:27.356Z",
    "password_change": "2015-11-17T06:02:27.339Z",
    "created": "2015-11-17T06:02:27.343Z",
    "last_name": "auctor",
    "password_history": "[\"pbkdf2_sha256$20000$3L9N1GmlVaTb$Fj+MkXGPfTSZHrxGwbYP6x1HEX14dLxcWWPSCEldVl4=\"]"
  },
  "model": "person.person"
},
{
  "pk": "30f530c4-ce6c-4724-9cfd-37a16e787016",
  "fields": {
    "last_login": null,
    "groups": [
      4
    ],
    "proxy_end_date": null,
    "is_superuser": false,
    "password_one_time": null,
    "proxy_status": null,
    "auth_amount": "0.0000",
    "locale": null,
    "title": "augue",
    "status": "1a3ffcb1-2f4a-4968-bb37-6849388df218",
    "proxy_start_date": null,
    "user_permissions": [],
    "accept_notify": true,
    "employee_id": null,
    "fullname": "augue augue",
    "middle_initial": null,
    "password_expire_date": "2016-02-15",
    "accept_assign": true,
    "locations": [
      "10cf4558-080f-4146-9e63-93cc9a46f84f",
      "a27cdb12-f9b4-45b2-9ab4-8af03a0831a1",
      "4c575ad3-50c6-489b-b2f6-1ebd5b37f08c",
      "e32b5a73-a6b1-421e-a519-bff5d811feee"
    ],
    "is_active": true,
    "next_approver": null,
    "is_staff": false,
    "username": "augue",
    "first_name": "augue",
    "proxy_user": null,
    "date_joined": "2015-11-17T06:02:27.364Z",
    "password": "pbkdf2_sha256$20000$ATMlRMehZMv0$/0TRfPCjNaA31zeSL85E/NCJhXoVHVCNQi0cbaw0i0g=",
    "password_length": null,
    "deleted": null,
    "email": "myemail@mail.com",
    "role": "26b2ce99-5f21-4486-914f-0ee6391cc15b",
    "auth_currency": "2c969193-0896-42cd-9531-f42717397248",
    "modified": "2015-11-17T06:02:27.501Z",
    "password_change": "2015-11-17T06:02:27.469Z",
    "created": "2015-11-17T06:02:27.473Z",
    "last_name": "augue",
    "password_history": "[\"pbkdf2_sha256$20000$hk4ceieGVo8c$/9wHDmvGrvkOUzvVtyKzzkoL6pwT+hotY6tvZOt71Js=\"]"
  },
  "model": "person.person"
},
{
  "pk": "30f530c4-ce6c-4724-9cfd-37a16e787017",
  "fields": {
    "last_login": null,
    "groups": [
      2
    ],
    "proxy_end_date": null,
    "is_superuser": false,
    "password_one_time": null,
    "proxy_status": null,
    "auth_amount": "0.0000",
    "locale": null,
    "title": "bibendum",
    "status": "1a3ffcb1-2f4a-4968-bb37-6849388df218",
    "proxy_start_date": null,
    "user_permissions": [],
    "accept_notify": true,
    "employee_id": null,
    "fullname": "bibendum bibendum",
    "middle_initial": null,
    "password_expire_date": "2016-02-15",
    "accept_assign": true,
    "locations": [
      "989b13df-f38b-442c-918d-eb9ef62da824",
      "6e58c2c8-2516-4e10-b72f-879a1d99dcbf",
      "c6203b3b-6976-46ef-9c00-142c622275c5",
      "810cc41e-c9a3-4cab-8224-80d32db07702"
    ],
    "is_active": true,
    "next_approver": null,
    "is_staff": false,
    "username": "bibendum",
    "first_name": "bibendum",
    "proxy_user": null,
    "date_joined": "2015-11-17T06:02:27.509Z",
    "password": "pbkdf2_sha256$20000$l5G0nedAdUl4$q8uG0+SLArqjvpZ4EKBwKorC6s2nLKrVD1ZDKkJLpYQ=",
    "password_length": null,
    "deleted": null,
    "email": "myemail@mail.com",
    "role": "a3cdac3a-0e2a-46c6-b927-c552ca44dcd9",
    "auth_currency": "2c969193-0896-42cd-9531-f42717397248",
    "modified": "2015-11-17T06:02:27.632Z",
    "password_change": "2015-11-17T06:02:27.614Z",
    "created": "2015-11-17T06:02:27.618Z",
    "last_name": "bibendum",
    "password_history": "[\"pbkdf2_sha256$20000$caELm2ntxQqv$7khjbYaE2RyxRMfeX3DX7gmsxEFshB6O7jTIs3H+Dzo=\"]"
  },
  "model": "person.person"
},
{
  "pk": "30f530c4-ce6c-4724-9cfd-37a16e787018",
  "fields": {
    "last_login": null,
    "groups": [
      3
    ],
    "proxy_end_date": null,
    "is_superuser": false,
    "password_one_time": null,
    "proxy_status": null,
    "auth_amount": "0.0000",
    "locale": null,
    "title": "blandit",
    "status": "1a3ffcb1-2f4a-4968-bb37-6849388df218",
    "proxy_start_date": null,
    "user_permissions": [],
    "accept_notify": true,
    "employee_id": null,
    "fullname": "blandit blandit",
    "middle_initial": null,
    "password_expire_date": "2016-02-15",
    "accept_assign": true,
    "locations": [],
    "is_active": true,
    "next_approver": null,
    "is_staff": false,
    "username": "blandit",
    "first_name": "blandit",
    "proxy_user": null,
    "date_joined": "2015-11-17T06:02:27.639Z",
    "password": "pbkdf2_sha256$20000$G3NawqHnzuFj$uMyEXe+zBJa6V6tSKH+42B5t/7cfwh0EzkhbMB/vbgs=",
    "password_length": null,
    "deleted": null,
    "email": "myemail@mail.com",
    "role": "06b3578e-4d32-430f-bc29-e97f79db042b",
    "auth_currency": "2c969193-0896-42cd-9531-f42717397248",
    "modified": "2015-11-17T06:02:27.762Z",
    "password_change": "2015-11-17T06:02:27.749Z",
    "created": "2015-11-17T06:02:27.754Z",
    "last_name": "blandit",
    "password_history": "[\"pbkdf2_sha256$20000$AgOOEw9PM6Mx$mZqBDWg7rt4HJf4iOS8gF+UowO+DwLsfUN/N4xOmE3A=\"]"
  },
  "model": "person.person"
},
{
  "pk": "30f530c4-ce6c-4724-9cfd-37a16e787019",
  "fields": {
    "last_login": null,
    "groups": [
      2
    ],
    "proxy_end_date": null,
    "is_superuser": false,
    "password_one_time": null,
    "proxy_status": null,
    "auth_amount": "0.0000",
    "locale": null,
    "title": "class",
    "status": "1a3ffcb1-2f4a-4968-bb37-6849388df218",
    "proxy_start_date": null,
    "user_permissions": [],
    "accept_notify": true,
    "employee_id": null,
    "fullname": "class class",
    "middle_initial": null,
    "password_expire_date": "2016-02-15",
    "accept_assign": true,
    "locations": [
      "989b13df-f38b-442c-918d-eb9ef62da824",
      "6e58c2c8-2516-4e10-b72f-879a1d99dcbf",
      "c6203b3b-6976-46ef-9c00-142c622275c5",
      "810cc41e-c9a3-4cab-8224-80d32db07702"
    ],
    "is_active": true,
    "next_approver": null,
    "is_staff": false,
    "username": "class",
    "first_name": "class",
    "proxy_user": null,
    "date_joined": "2015-11-17T06:02:27.769Z",
    "password": "pbkdf2_sha256$20000$qwPKpHrtR0kL$uP0JHd1QgmFu6R1jtXa1SPUQj92rZPYqkvWCtPj75vg=",
    "password_length": null,
    "deleted": null,
    "email": "myemail@mail.com",
    "role": "a3cdac3a-0e2a-46c6-b927-c552ca44dcd9",
    "auth_currency": "2c969193-0896-42cd-9531-f42717397248",
    "modified": "2015-11-17T06:02:27.900Z",
    "password_change": "2015-11-17T06:02:27.882Z",
    "created": "2015-11-17T06:02:27.886Z",
    "last_name": "class",
    "password_history": "[\"pbkdf2_sha256$20000$MvCPF0nLO4Vf$fl4YcuKz6aGliKnsxAozfl2Ec2eFEAMwU5jgRzbXCCw=\"]"
  },
  "model": "person.person"
},
{
  "pk": "30f530c4-ce6c-4724-9cfd-37a16e787020",
  "fields": {
    "last_login": null,
    "groups": [
      1
    ],
    "proxy_end_date": null,
    "is_superuser": false,
    "password_one_time": null,
    "proxy_status": null,
    "auth_amount": "0.0000",
    "locale": null,
    "title": "commodo",
    "status": "1a3ffcb1-2f4a-4968-bb37-6849388df218",
    "proxy_start_date": null,
    "user_permissions": [],
    "accept_notify": true,
    "employee_id": null,
    "fullname": "commodo commodo",
    "middle_initial": null,
    "password_expire_date": "2016-02-15",
    "accept_assign": true,
    "locations": [
      "4f3bcf21-4a4a-4ff6-94f5-4d419f5ca0c9",
      "77b9931c-a3ca-4477-94b7-ec96dd77f534"
    ],
    "is_active": true,
    "next_approver": null,
    "is_staff": false,
    "username": "commodo",
    "first_name": "commodo",
    "proxy_user": null,
    "date_joined": "2015-11-17T06:02:27.908Z",
    "password": "pbkdf2_sha256$20000$m4toN7bUNMwU$Xadx5RSh/LOUqYs/hyWFhSYCbvb8G7bEXSE1dXXVWTQ=",
    "password_length": null,
    "deleted": null,
    "email": "myemail@mail.com",
    "role": "043bbb62-2a39-4dcf-a292-e67064f5f766",
    "auth_currency": "2c969193-0896-42cd-9531-f42717397248",
    "modified": "2015-11-17T06:02:28.034Z",
    "password_change": "2015-11-17T06:02:28.018Z",
    "created": "2015-11-17T06:02:28.023Z",
    "last_name": "commodo",
    "password_history": "[\"pbkdf2_sha256$20000$Fif6hygP2MMg$SyOgRu4459/R8dI4tnaRFYMxmpi3de0vVma7mxppqvM=\"]"
  },
  "model": "person.person"
},
{
  "pk": "30f530c4-ce6c-4724-9cfd-37a16e787021",
  "fields": {
    "last_login": null,
    "groups": [
      5
    ],
    "proxy_end_date": null,
    "is_superuser": false,
    "password_one_time": null,
    "proxy_status": null,
    "auth_amount": "0.0000",
    "locale": null,
    "title": "condimentum",
    "status": "1a3ffcb1-2f4a-4968-bb37-6849388df218",
    "proxy_start_date": null,
    "user_permissions": [],
    "accept_notify": true,
    "employee_id": null,
    "fullname": "condimentum condimentum",
    "middle_initial": null,
    "password_expire_date": "2016-02-15",
    "accept_assign": true,
    "locations": [],
    "is_active": true,
    "next_approver": null,
    "is_staff": false,
    "username": "condimentum",
    "first_name": "condimentum",
    "proxy_user": null,
    "date_joined": "2015-11-17T06:02:28.043Z",
    "password": "pbkdf2_sha256$20000$v0UClSjCffAz$QC7zLKGKmDR/winOTEEc56qr/7UFSR87tK4+bRJP21g=",
    "password_length": null,
    "deleted": null,
    "email": "myemail@mail.com",
    "role": "a1d5e1d6-9aac-4e7a-8e22-08bc3b7a02a6",
    "auth_currency": "2c969193-0896-42cd-9531-f42717397248",
    "modified": "2015-11-17T06:02:28.164Z",
    "password_change": "2015-11-17T06:02:28.150Z",
    "created": "2015-11-17T06:02:28.155Z",
    "last_name": "condimentum",
    "password_history": "[\"pbkdf2_sha256$20000$xa4o7fU3KTX0$CCK/vmSbsVQ0HqykTUXLS9HYCXEb4yK89Yyq2d7JdbY=\"]"
  },
  "model": "person.person"
},
{
  "pk": "30f530c4-ce6c-4724-9cfd-37a16e787022",
  "fields": {
    "last_login": null,
    "groups": [
      1
    ],
    "proxy_end_date": null,
    "is_superuser": false,
    "password_one_time": null,
    "proxy_status": null,
    "auth_amount": "0.0000",
    "locale": null,
    "title": "congue",
    "status": "1a3ffcb1-2f4a-4968-bb37-6849388df218",
    "proxy_start_date": null,
    "user_permissions": [],
    "accept_notify": true,
    "employee_id": null,
    "fullname": "congue congue",
    "middle_initial": null,
    "password_expire_date": "2016-02-15",
    "accept_assign": true,
    "locations": [
      "4f3bcf21-4a4a-4ff6-94f5-4d419f5ca0c9",
      "77b9931c-a3ca-4477-94b7-ec96dd77f534"
    ],
    "is_active": true,
    "next_approver": null,
    "is_staff": false,
    "username": "congue",
    "first_name": "congue",
    "proxy_user": null,
    "date_joined": "2015-11-17T06:02:28.172Z",
    "password": "pbkdf2_sha256$20000$92owPY2KKTjJ$skHkCyIBWanuVbwuh9WVI6Z2REHwzbUA/cgLHhUrO2w=",
    "password_length": null,
    "deleted": null,
    "email": "myemail@mail.com",
    "role": "043bbb62-2a39-4dcf-a292-e67064f5f766",
    "auth_currency": "2c969193-0896-42cd-9531-f42717397248",
    "modified": "2015-11-17T06:02:28.301Z",
    "password_change": "2015-11-17T06:02:28.283Z",
    "created": "2015-11-17T06:02:28.288Z",
    "last_name": "congue",
    "password_history": "[\"pbkdf2_sha256$20000$bH8GZzhyJeoJ$pGjupArSPCm2j9VmeQBISWLtyQjmDNR6vdb73ARqNBc=\"]"
  },
  "model": "person.person"
},
{
  "pk": "30f530c4-ce6c-4724-9cfd-37a16e787023",
  "fields": {
    "last_login": null,
    "groups": [
      3
    ],
    "proxy_end_date": null,
    "is_superuser": false,
    "password_one_time": null,
    "proxy_status": null,
    "auth_amount": "0.0000",
    "locale": null,
    "title": "consectetuer",
    "status": "1a3ffcb1-2f4a-4968-bb37-6849388df218",
    "proxy_start_date": null,
    "user_permissions": [],
    "accept_notify": true,
    "employee_id": null,
    "fullname": "consectetuer consectetuer",
    "middle_initial": null,
    "password_expire_date": "2016-02-15",
    "accept_assign": true,
    "locations": [],
    "is_active": true,
    "next_approver": null,
    "is_staff": false,
    "username": "consectetuer",
    "first_name": "consectetuer",
    "proxy_user": null,
    "date_joined": "2015-11-17T06:02:28.309Z",
    "password": "pbkdf2_sha256$20000$qiHEvKoRWDb5$rDmS9/izD79+SJeypPMK9M3CQJ2pfbBfRCrPUZsj+cA=",
    "password_length": null,
    "deleted": null,
    "email": "myemail@mail.com",
    "role": "06b3578e-4d32-430f-bc29-e97f79db042b",
    "auth_currency": "2c969193-0896-42cd-9531-f42717397248",
    "modified": "2015-11-17T06:02:28.438Z",
    "password_change": "2015-11-17T06:02:28.425Z",
    "created": "2015-11-17T06:02:28.429Z",
    "last_name": "consectetuer",
    "password_history": "[\"pbkdf2_sha256$20000$e3KWYCt9iqSz$u4Eg4BV+h1YnYETAGEkaqmHXpB2wjHTNuO9kkcESLVg=\"]"
  },
  "model": "person.person"
},
{
  "pk": "30f530c4-ce6c-4724-9cfd-37a16e787024",
  "fields": {
    "last_login": null,
    "groups": [
      1
    ],
    "proxy_end_date": null,
    "is_superuser": false,
    "password_one_time": null,
    "proxy_status": null,
    "auth_amount": "0.0000",
    "locale": null,
    "title": "consequat",
    "status": "1a3ffcb1-2f4a-4968-bb37-6849388df218",
    "proxy_start_date": null,
    "user_permissions": [],
    "accept_notify": true,
    "employee_id": null,
    "fullname": "consequat consequat",
    "middle_initial": null,
    "password_expire_date": "2016-02-15",
    "accept_assign": true,
    "locations": [
      "4f3bcf21-4a4a-4ff6-94f5-4d419f5ca0c9",
      "77b9931c-a3ca-4477-94b7-ec96dd77f534"
    ],
    "is_active": true,
    "next_approver": null,
    "is_staff": false,
    "username": "consequat",
    "first_name": "consequat",
    "proxy_user": null,
    "date_joined": "2015-11-17T06:02:28.446Z",
    "password": "pbkdf2_sha256$20000$neIamBmhAOgq$Rr94yrsOFCEgoTXZtJmgsLsc+TIeUIqWJEBNsx9BX20=",
    "password_length": null,
    "deleted": null,
    "email": "myemail@mail.com",
    "role": "043bbb62-2a39-4dcf-a292-e67064f5f766",
    "auth_currency": "2c969193-0896-42cd-9531-f42717397248",
    "modified": "2015-11-17T06:02:28.582Z",
    "password_change": "2015-11-17T06:02:28.566Z",
    "created": "2015-11-17T06:02:28.570Z",
    "last_name": "consequat",
    "password_history": "[\"pbkdf2_sha256$20000$fmeawX7ohLaw$z2oYNCNXaTzFm2os8d3EY+gcP4rC93yiaMNG9wzbSog=\"]"
  },
  "model": "person.person"
},
{
  "pk": "30f530c4-ce6c-4724-9cfd-37a16e787025",
  "fields": {
    "last_login": null,
    "groups": [
      3
    ],
    "proxy_end_date": null,
    "is_superuser": false,
    "password_one_time": null,
    "proxy_status": null,
    "auth_amount": "0.0000",
    "locale": null,
    "title": "conubia",
    "status": "1a3ffcb1-2f4a-4968-bb37-6849388df218",
    "proxy_start_date": null,
    "user_permissions": [],
    "accept_notify": true,
    "employee_id": null,
    "fullname": "conubia conubia",
    "middle_initial": null,
    "password_expire_date": "2016-02-15",
    "accept_assign": true,
    "locations": [],
    "is_active": true,
    "next_approver": null,
    "is_staff": false,
    "username": "conubia",
    "first_name": "conubia",
    "proxy_user": null,
    "date_joined": "2015-11-17T06:02:28.589Z",
    "password": "pbkdf2_sha256$20000$fhlj43b05chm$oxb6L6LIwnNXPKqipyG8+87fuuWBsbWz76Fi5XJtzII=",
    "password_length": null,
    "deleted": null,
    "email": "myemail@mail.com",
    "role": "06b3578e-4d32-430f-bc29-e97f79db042b",
    "auth_currency": "2c969193-0896-42cd-9531-f42717397248",
    "modified": "2015-11-17T06:02:28.713Z",
    "password_change": "2015-11-17T06:02:28.701Z",
    "created": "2015-11-17T06:02:28.705Z",
    "last_name": "conubia",
    "password_history": "[\"pbkdf2_sha256$20000$g7BJU0Jhq7NN$eyQJbU/ccsUUUtFZMO0wppTt6r6p3JFuA7H9ePmThUU=\"]"
  },
  "model": "person.person"
},
{
  "pk": "30f530c4-ce6c-4724-9cfd-37a16e787026",
  "fields": {
    "last_login": null,
    "groups": [
      3
    ],
    "proxy_end_date": null,
    "is_superuser": false,
    "password_one_time": null,
    "proxy_status": null,
    "auth_amount": "0.0000",
    "locale": null,
    "title": "convallis",
    "status": "1a3ffcb1-2f4a-4968-bb37-6849388df218",
    "proxy_start_date": null,
    "user_permissions": [],
    "accept_notify": true,
    "employee_id": null,
    "fullname": "convallis convallis",
    "middle_initial": null,
    "password_expire_date": "2016-02-15",
    "accept_assign": true,
    "locations": [],
    "is_active": true,
    "next_approver": null,
    "is_staff": false,
    "username": "convallis",
    "first_name": "convallis",
    "proxy_user": null,
    "date_joined": "2015-11-17T06:02:28.721Z",
    "password": "pbkdf2_sha256$20000$CYe3jxm0zjAi$tMDkIBKqAbD9gfP0UpMW2kfrs9tcBlWt3flxBS5MFNw=",
    "password_length": null,
    "deleted": null,
    "email": "myemail@mail.com",
    "role": "06b3578e-4d32-430f-bc29-e97f79db042b",
    "auth_currency": "2c969193-0896-42cd-9531-f42717397248",
    "modified": "2015-11-17T06:02:28.842Z",
    "password_change": "2015-11-17T06:02:28.830Z",
    "created": "2015-11-17T06:02:28.834Z",
    "last_name": "convallis",
    "password_history": "[\"pbkdf2_sha256$20000$GcuRiAU4OCBK$k8JF/0iulxxorSEV63M9Rp2R1/R40cEFt7a9IUNNGts=\"]"
  },
  "model": "person.person"
},
{
  "pk": "30f530c4-ce6c-4724-9cfd-37a16e787027",
  "fields": {
    "last_login": null,
    "groups": [
      4
    ],
    "proxy_end_date": null,
    "is_superuser": false,
    "password_one_time": null,
    "proxy_status": null,
    "auth_amount": "0.0000",
    "locale": null,
    "title": "cras",
    "status": "1a3ffcb1-2f4a-4968-bb37-6849388df218",
    "proxy_start_date": null,
    "user_permissions": [],
    "accept_notify": true,
    "employee_id": null,
    "fullname": "cras cras",
    "middle_initial": null,
    "password_expire_date": "2016-02-15",
    "accept_assign": true,
    "locations": [
      "10cf4558-080f-4146-9e63-93cc9a46f84f",
      "a27cdb12-f9b4-45b2-9ab4-8af03a0831a1",
      "4c575ad3-50c6-489b-b2f6-1ebd5b37f08c",
      "e32b5a73-a6b1-421e-a519-bff5d811feee"
    ],
    "is_active": true,
    "next_approver": null,
    "is_staff": false,
    "username": "cras",
    "first_name": "cras",
    "proxy_user": null,
    "date_joined": "2015-11-17T06:02:28.849Z",
    "password": "pbkdf2_sha256$20000$v9cTpnRi5G8v$QkDgwUOZy3HyPJmrf7xsXGUZ9rWd8EvSp8OE4o3tkMs=",
    "password_length": null,
    "deleted": null,
    "email": "myemail@mail.com",
    "role": "26b2ce99-5f21-4486-914f-0ee6391cc15b",
    "auth_currency": "2c969193-0896-42cd-9531-f42717397248",
    "modified": "2015-11-17T06:02:28.976Z",
    "password_change": "2015-11-17T06:02:28.958Z",
    "created": "2015-11-17T06:02:28.962Z",
    "last_name": "cras",
    "password_history": "[\"pbkdf2_sha256$20000$h6pKEyeVfE3F$GjWQ0wFJO6GUH9A50l6hDhE/QM+2k0EeFX2jq/oT8+M=\"]"
  },
  "model": "person.person"
},
{
  "pk": "30f530c4-ce6c-4724-9cfd-37a16e787028",
  "fields": {
    "last_login": null,
    "groups": [
      1
    ],
    "proxy_end_date": null,
    "is_superuser": false,
    "password_one_time": null,
    "proxy_status": null,
    "auth_amount": "0.0000",
    "locale": null,
    "title": "cubilia",
    "status": "1a3ffcb1-2f4a-4968-bb37-6849388df218",
    "proxy_start_date": null,
    "user_permissions": [],
    "accept_notify": true,
    "employee_id": null,
    "fullname": "cubilia cubilia",
    "middle_initial": null,
    "password_expire_date": "2016-02-15",
    "accept_assign": true,
    "locations": [
      "4f3bcf21-4a4a-4ff6-94f5-4d419f5ca0c9",
      "77b9931c-a3ca-4477-94b7-ec96dd77f534"
    ],
    "is_active": true,
    "next_approver": null,
    "is_staff": false,
    "username": "cubilia",
    "first_name": "cubilia",
    "proxy_user": null,
    "date_joined": "2015-11-17T06:02:28.983Z",
    "password": "pbkdf2_sha256$20000$iGdhn35Mpxz5$X26+15jCmC88hD8u31V9gC76Io8SnF1HIgZRa21Apc8=",
    "password_length": null,
    "deleted": null,
    "email": "myemail@mail.com",
    "role": "043bbb62-2a39-4dcf-a292-e67064f5f766",
    "auth_currency": "2c969193-0896-42cd-9531-f42717397248",
    "modified": "2015-11-17T06:02:29.114Z",
    "password_change": "2015-11-17T06:02:29.095Z",
    "created": "2015-11-17T06:02:29.100Z",
    "last_name": "cubilia",
    "password_history": "[\"pbkdf2_sha256$20000$cBqHCp1r79Op$fcH3C9NgemyzjXDthzJuFx3+sscRtmosjqWwjKDMV28=\"]"
  },
  "model": "person.person"
},
{
  "pk": "30f530c4-ce6c-4724-9cfd-37a16e787029",
  "fields": {
    "last_login": null,
    "groups": [
      5
    ],
    "proxy_end_date": null,
    "is_superuser": false,
    "password_one_time": null,
    "proxy_status": null,
    "auth_amount": "0.0000",
    "locale": null,
    "title": "cum",
    "status": "1a3ffcb1-2f4a-4968-bb37-6849388df218",
    "proxy_start_date": null,
    "user_permissions": [],
    "accept_notify": true,
    "employee_id": null,
    "fullname": "cum cum",
    "middle_initial": null,
    "password_expire_date": "2016-02-15",
    "accept_assign": true,
    "locations": [],
    "is_active": true,
    "next_approver": null,
    "is_staff": false,
    "username": "cum",
    "first_name": "cum",
    "proxy_user": null,
    "date_joined": "2015-11-17T06:02:29.121Z",
    "password": "pbkdf2_sha256$20000$Vq8EvrLmkzRF$DJYkKJqvZ8+1PFhuEx3tTKp2dT0bJ8kk3HBAxh+V5XM=",
    "password_length": null,
    "deleted": null,
    "email": "myemail@mail.com",
    "role": "a1d5e1d6-9aac-4e7a-8e22-08bc3b7a02a6",
    "auth_currency": "2c969193-0896-42cd-9531-f42717397248",
    "modified": "2015-11-17T06:02:29.238Z",
    "password_change": "2015-11-17T06:02:29.226Z",
    "created": "2015-11-17T06:02:29.230Z",
    "last_name": "cum",
    "password_history": "[\"pbkdf2_sha256$20000$KhVbW8dzuZov$N+inrMovawL/6Dye0jAwyMBg9IVdwe+KJ9oT0luV8Do=\"]"
  },
  "model": "person.person"
},
{
  "pk": "30f530c4-ce6c-4724-9cfd-37a16e787030",
  "fields": {
    "last_login": null,
    "groups": [
      2
    ],
    "proxy_end_date": null,
    "is_superuser": false,
    "password_one_time": null,
    "proxy_status": null,
    "auth_amount": "0.0000",
    "locale": null,
    "title": "curabitur",
    "status": "1a3ffcb1-2f4a-4968-bb37-6849388df218",
    "proxy_start_date": null,
    "user_permissions": [],
    "accept_notify": true,
    "employee_id": null,
    "fullname": "curabitur curabitur",
    "middle_initial": null,
    "password_expire_date": "2016-02-15",
    "accept_assign": true,
    "locations": [
      "989b13df-f38b-442c-918d-eb9ef62da824",
      "6e58c2c8-2516-4e10-b72f-879a1d99dcbf",
      "c6203b3b-6976-46ef-9c00-142c622275c5",
      "810cc41e-c9a3-4cab-8224-80d32db07702"
    ],
    "is_active": true,
    "next_approver": null,
    "is_staff": false,
    "username": "curabitur",
    "first_name": "curabitur",
    "proxy_user": null,
    "date_joined": "2015-11-17T06:02:29.246Z",
    "password": "pbkdf2_sha256$20000$g7k4JJB2PBiG$HFTCp1K2vKXJ3bLVNYhFhMpE6qsRfDe5TkH8BG23G8I=",
    "password_length": null,
    "deleted": null,
    "email": "myemail@mail.com",
    "role": "a3cdac3a-0e2a-46c6-b927-c552ca44dcd9",
    "auth_currency": "2c969193-0896-42cd-9531-f42717397248",
    "modified": "2015-11-17T06:02:29.384Z",
    "password_change": "2015-11-17T06:02:29.366Z",
    "created": "2015-11-17T06:02:29.371Z",
    "last_name": "curabitur",
    "password_history": "[\"pbkdf2_sha256$20000$ruhHGYCzv4F5$WQivyhUOSiXSIrLUR1Rlfu0BJRjirQeJ7aHAn6Yd7PM=\"]"
  },
  "model": "person.person"
},
{
  "pk": "30f530c4-ce6c-4724-9cfd-37a16e787031",
  "fields": {
    "last_login": null,
    "groups": [
      1
    ],
    "proxy_end_date": null,
    "is_superuser": false,
    "password_one_time": null,
    "proxy_status": null,
    "auth_amount": "0.0000",
    "locale": null,
    "title": "curae",
    "status": "1a3ffcb1-2f4a-4968-bb37-6849388df218",
    "proxy_start_date": null,
    "user_permissions": [],
    "accept_notify": true,
    "employee_id": null,
    "fullname": "curae curae",
    "middle_initial": null,
    "password_expire_date": "2016-02-15",
    "accept_assign": true,
    "locations": [
      "4f3bcf21-4a4a-4ff6-94f5-4d419f5ca0c9",
      "77b9931c-a3ca-4477-94b7-ec96dd77f534"
    ],
    "is_active": true,
    "next_approver": null,
    "is_staff": false,
    "username": "curae",
    "first_name": "curae",
    "proxy_user": null,
    "date_joined": "2015-11-17T06:02:29.392Z",
    "password": "pbkdf2_sha256$20000$uWoKakDdg0G5$Ts8POFxHk0oc2DOeisFRC3BHPlpuexF5AMs2/b0Ij48=",
    "password_length": null,
    "deleted": null,
    "email": "myemail@mail.com",
    "role": "043bbb62-2a39-4dcf-a292-e67064f5f766",
    "auth_currency": "2c969193-0896-42cd-9531-f42717397248",
    "modified": "2015-11-17T06:02:29.517Z",
    "password_change": "2015-11-17T06:02:29.501Z",
    "created": "2015-11-17T06:02:29.506Z",
    "last_name": "curae",
    "password_history": "[\"pbkdf2_sha256$20000$4N43gW63cNWA$j4/szuzQJYhsDxb1Ln3UTWXNPAIsTPDw3rfbqY5YNdg=\"]"
  },
  "model": "person.person"
},
{
  "pk": "30f530c4-ce6c-4724-9cfd-37a16e787032",
  "fields": {
    "last_login": null,
    "groups": [
      1
    ],
    "proxy_end_date": null,
    "is_superuser": false,
    "password_one_time": null,
    "proxy_status": null,
    "auth_amount": "0.0000",
    "locale": null,
    "title": "cursus",
    "status": "1a3ffcb1-2f4a-4968-bb37-6849388df218",
    "proxy_start_date": null,
    "user_permissions": [],
    "accept_notify": true,
    "employee_id": null,
    "fullname": "cursus cursus",
    "middle_initial": null,
    "password_expire_date": "2016-02-15",
    "accept_assign": true,
    "locations": [
      "4f3bcf21-4a4a-4ff6-94f5-4d419f5ca0c9",
      "77b9931c-a3ca-4477-94b7-ec96dd77f534"
    ],
    "is_active": true,
    "next_approver": null,
    "is_staff": false,
    "username": "cursus",
    "first_name": "cursus",
    "proxy_user": null,
    "date_joined": "2015-11-17T06:02:29.525Z",
    "password": "pbkdf2_sha256$20000$ma1JQjjtXrOE$ujvJ54qhbZOP3uXc6aIGDUI8GGUcPjhGFI6OAnsBZg0=",
    "password_length": null,
    "deleted": null,
    "email": "myemail@mail.com",
    "role": "043bbb62-2a39-4dcf-a292-e67064f5f766",
    "auth_currency": "2c969193-0896-42cd-9531-f42717397248",
    "modified": "2015-11-17T06:02:29.675Z",
    "password_change": "2015-11-17T06:02:29.658Z",
    "created": "2015-11-17T06:02:29.662Z",
    "last_name": "cursus",
    "password_history": "[\"pbkdf2_sha256$20000$1870ofjbrBSi$h9mjvO6drAeE7eDEFsXRvB+P8GHJkYVl+5PoviDaV1o=\"]"
  },
  "model": "person.person"
},
{
  "pk": "30f530c4-ce6c-4724-9cfd-37a16e787033",
  "fields": {
    "last_login": null,
    "groups": [
      3
    ],
    "proxy_end_date": null,
    "is_superuser": false,
    "password_one_time": null,
    "proxy_status": null,
    "auth_amount": "0.0000",
    "locale": null,
    "title": "dapibus",
    "status": "1a3ffcb1-2f4a-4968-bb37-6849388df218",
    "proxy_start_date": null,
    "user_permissions": [],
    "accept_notify": true,
    "employee_id": null,
    "fullname": "dapibus dapibus",
    "middle_initial": null,
    "password_expire_date": "2016-02-15",
    "accept_assign": true,
    "locations": [],
    "is_active": true,
    "next_approver": null,
    "is_staff": false,
    "username": "dapibus",
    "first_name": "dapibus",
    "proxy_user": null,
    "date_joined": "2015-11-17T06:02:29.683Z",
    "password": "pbkdf2_sha256$20000$2rl5x7ON6NGh$fpKWAV0LiwwyeQzmyyoKxBvJXEtGR4EZwnOVTAzSCHc=",
    "password_length": null,
    "deleted": null,
    "email": "myemail@mail.com",
    "role": "06b3578e-4d32-430f-bc29-e97f79db042b",
    "auth_currency": "2c969193-0896-42cd-9531-f42717397248",
    "modified": "2015-11-17T06:02:29.809Z",
    "password_change": "2015-11-17T06:02:29.797Z",
    "created": "2015-11-17T06:02:29.801Z",
    "last_name": "dapibus",
    "password_history": "[\"pbkdf2_sha256$20000$yfIjS62YxoGO$XqxvXCqC2dKCVABUc5Q2WuI9IwChndwY15OGYQF98M0=\"]"
  },
  "model": "person.person"
},
{
  "pk": "30f530c4-ce6c-4724-9cfd-37a16e787034",
  "fields": {
    "last_login": null,
    "groups": [
      2
    ],
    "proxy_end_date": null,
    "is_superuser": false,
    "password_one_time": null,
    "proxy_status": null,
    "auth_amount": "0.0000",
    "locale": null,
    "title": "diam",
    "status": "1a3ffcb1-2f4a-4968-bb37-6849388df218",
    "proxy_start_date": null,
    "user_permissions": [],
    "accept_notify": true,
    "employee_id": null,
    "fullname": "diam diam",
    "middle_initial": null,
    "password_expire_date": "2016-02-15",
    "accept_assign": true,
    "locations": [
      "989b13df-f38b-442c-918d-eb9ef62da824",
      "6e58c2c8-2516-4e10-b72f-879a1d99dcbf",
      "c6203b3b-6976-46ef-9c00-142c622275c5",
      "810cc41e-c9a3-4cab-8224-80d32db07702"
    ],
    "is_active": true,
    "next_approver": null,
    "is_staff": false,
    "username": "diam",
    "first_name": "diam",
    "proxy_user": null,
    "date_joined": "2015-11-17T06:02:29.817Z",
    "password": "pbkdf2_sha256$20000$fHHu1pYR0Cbo$pB9pz45WLMdhCRua/XH0wEob5MoCtdrATzs0r+kU2+Q=",
    "password_length": null,
    "deleted": null,
    "email": "myemail@mail.com",
    "role": "a3cdac3a-0e2a-46c6-b927-c552ca44dcd9",
    "auth_currency": "2c969193-0896-42cd-9531-f42717397248",
    "modified": "2015-11-17T06:02:29.953Z",
    "password_change": "2015-11-17T06:02:29.935Z",
    "created": "2015-11-17T06:02:29.939Z",
    "last_name": "diam",
    "password_history": "[\"pbkdf2_sha256$20000$NiUj3G6HAjue$JelvljD3ptj8VYUh1fDfY1pnllUTz57R6henj6kGo/E=\"]"
  },
  "model": "person.person"
},
{
  "pk": "30f530c4-ce6c-4724-9cfd-37a16e787035",
  "fields": {
    "last_login": null,
    "groups": [
      1
    ],
    "proxy_end_date": null,
    "is_superuser": false,
    "password_one_time": null,
    "proxy_status": null,
    "auth_amount": "0.0000",
    "locale": null,
    "title": "dictum",
    "status": "1a3ffcb1-2f4a-4968-bb37-6849388df218",
    "proxy_start_date": null,
    "user_permissions": [],
    "accept_notify": true,
    "employee_id": null,
    "fullname": "dictum dictum",
    "middle_initial": null,
    "password_expire_date": "2016-02-15",
    "accept_assign": true,
    "locations": [
      "4f3bcf21-4a4a-4ff6-94f5-4d419f5ca0c9",
      "77b9931c-a3ca-4477-94b7-ec96dd77f534"
    ],
    "is_active": true,
    "next_approver": null,
    "is_staff": false,
    "username": "dictum",
    "first_name": "dictum",
    "proxy_user": null,
    "date_joined": "2015-11-17T06:02:29.961Z",
    "password": "pbkdf2_sha256$20000$nCnoCdU2Nh3Z$pFnFd78t4W9uPrAFGz+K8PS18QEW2hJ/pv/TGblfmHM=",
    "password_length": null,
    "deleted": null,
    "email": "myemail@mail.com",
    "role": "043bbb62-2a39-4dcf-a292-e67064f5f766",
    "auth_currency": "2c969193-0896-42cd-9531-f42717397248",
    "modified": "2015-11-17T06:02:30.089Z",
    "password_change": "2015-11-17T06:02:30.073Z",
    "created": "2015-11-17T06:02:30.078Z",
    "last_name": "dictum",
    "password_history": "[\"pbkdf2_sha256$20000$22Hsvc6EXaRU$cSSFMMAIkhpzAqLottPOvL18i8i4D9vgcQgPzCOwuJU=\"]"
  },
  "model": "person.person"
},
{
  "pk": "30f530c4-ce6c-4724-9cfd-37a16e787036",
  "fields": {
    "last_login": null,
    "groups": [
      3
    ],
    "proxy_end_date": null,
    "is_superuser": false,
    "password_one_time": null,
    "proxy_status": null,
    "auth_amount": "0.0000",
    "locale": null,
    "title": "dictumst",
    "status": "1a3ffcb1-2f4a-4968-bb37-6849388df218",
    "proxy_start_date": null,
    "user_permissions": [],
    "accept_notify": true,
    "employee_id": null,
    "fullname": "dictumst dictumst",
    "middle_initial": null,
    "password_expire_date": "2016-02-15",
    "accept_assign": true,
    "locations": [],
    "is_active": true,
    "next_approver": null,
    "is_staff": false,
    "username": "dictumst",
    "first_name": "dictumst",
    "proxy_user": null,
    "date_joined": "2015-11-17T06:02:30.097Z",
    "password": "pbkdf2_sha256$20000$5JoCQ4XLovAI$NCgJXP++vmWslwVP7Me0DsUxrYrn82Uz/BEwzkilJaU=",
    "password_length": null,
    "deleted": null,
    "email": "myemail@mail.com",
    "role": "06b3578e-4d32-430f-bc29-e97f79db042b",
    "auth_currency": "2c969193-0896-42cd-9531-f42717397248",
    "modified": "2015-11-17T06:02:30.226Z",
    "password_change": "2015-11-17T06:02:30.213Z",
    "created": "2015-11-17T06:02:30.217Z",
    "last_name": "dictumst",
    "password_history": "[\"pbkdf2_sha256$20000$UM2CYUkgQCS0$s7RWiNrRgvVNbbaLhywTSyEGxJxQffgx2i42dRns0M8=\"]"
  },
  "model": "person.person"
},
{
  "pk": "30f530c4-ce6c-4724-9cfd-37a16e787037",
  "fields": {
    "last_login": null,
    "groups": [
      3
    ],
    "proxy_end_date": null,
    "is_superuser": false,
    "password_one_time": null,
    "proxy_status": null,
    "auth_amount": "0.0000",
    "locale": null,
    "title": "dignissim",
    "status": "1a3ffcb1-2f4a-4968-bb37-6849388df218",
    "proxy_start_date": null,
    "user_permissions": [],
    "accept_notify": true,
    "employee_id": null,
    "fullname": "dignissim dignissim",
    "middle_initial": null,
    "password_expire_date": "2016-02-15",
    "accept_assign": true,
    "locations": [],
    "is_active": true,
    "next_approver": null,
    "is_staff": false,
    "username": "dignissim",
    "first_name": "dignissim",
    "proxy_user": null,
    "date_joined": "2015-11-17T06:02:30.233Z",
    "password": "pbkdf2_sha256$20000$6kqukicET2nV$FS6eS9fpgbeSwOiBzgKwtfrg6wjxqLFiqYyNQQPPovE=",
    "password_length": null,
    "deleted": null,
    "email": "myemail@mail.com",
    "role": "06b3578e-4d32-430f-bc29-e97f79db042b",
    "auth_currency": "2c969193-0896-42cd-9531-f42717397248",
    "modified": "2015-11-17T06:02:30.362Z",
    "password_change": "2015-11-17T06:02:30.348Z",
    "created": "2015-11-17T06:02:30.353Z",
    "last_name": "dignissim",
    "password_history": "[\"pbkdf2_sha256$20000$y5h0yveiBgWD$iIOs+Z3dzjiD5Yl6mHj1Z4jpVW5n0TIJ8JMqZpznv0g=\"]"
  },
  "model": "person.person"
},
{
  "pk": "30f530c4-ce6c-4724-9cfd-37a16e787038",
  "fields": {
    "last_login": null,
    "groups": [
      1
    ],
    "proxy_end_date": null,
    "is_superuser": false,
    "password_one_time": null,
    "proxy_status": null,
    "auth_amount": "0.0000",
    "locale": null,
    "title": "dis",
    "status": "1a3ffcb1-2f4a-4968-bb37-6849388df218",
    "proxy_start_date": null,
    "user_permissions": [],
    "accept_notify": true,
    "employee_id": null,
    "fullname": "dis dis",
    "middle_initial": null,
    "password_expire_date": "2016-02-15",
    "accept_assign": true,
    "locations": [
      "4f3bcf21-4a4a-4ff6-94f5-4d419f5ca0c9",
      "77b9931c-a3ca-4477-94b7-ec96dd77f534"
    ],
    "is_active": true,
    "next_approver": null,
    "is_staff": false,
    "username": "dis",
    "first_name": "dis",
    "proxy_user": null,
    "date_joined": "2015-11-17T06:02:30.370Z",
    "password": "pbkdf2_sha256$20000$dT2iEagsl8zq$zkFssxIpZbxZtKGKWKTZqFhPvrmX4as7+hvFug+qiag=",
    "password_length": null,
    "deleted": null,
    "email": "myemail@mail.com",
    "role": "043bbb62-2a39-4dcf-a292-e67064f5f766",
    "auth_currency": "2c969193-0896-42cd-9531-f42717397248",
    "modified": "2015-11-17T06:02:30.514Z",
    "password_change": "2015-11-17T06:02:30.495Z",
    "created": "2015-11-17T06:02:30.500Z",
    "last_name": "dis",
    "password_history": "[\"pbkdf2_sha256$20000$i6dKE3itSnMz$mIvp//hTfvccd/5Wj53xE6acDHot5r/h/V1Nc06di5w=\"]"
  },
  "model": "person.person"
},
{
  "pk": "30f530c4-ce6c-4724-9cfd-37a16e787039",
  "fields": {
    "last_login": null,
    "groups": [
      5
    ],
    "proxy_end_date": null,
    "is_superuser": false,
    "password_one_time": null,
    "proxy_status": null,
    "auth_amount": "0.0000",
    "locale": null,
    "title": "dolor",
    "status": "1a3ffcb1-2f4a-4968-bb37-6849388df218",
    "proxy_start_date": null,
    "user_permissions": [],
    "accept_notify": true,
    "employee_id": null,
    "fullname": "dolor dolor",
    "middle_initial": null,
    "password_expire_date": "2016-02-15",
    "accept_assign": true,
    "locations": [],
    "is_active": true,
    "next_approver": null,
    "is_staff": false,
    "username": "dolor",
    "first_name": "dolor",
    "proxy_user": null,
    "date_joined": "2015-11-17T06:02:30.521Z",
    "password": "pbkdf2_sha256$20000$5LM124XXF1tv$bq1tkYpOlgNoZNLQ21R69Ozsn/5u8eLyvRAkk4uR4m4=",
    "password_length": null,
    "deleted": null,
    "email": "myemail@mail.com",
    "role": "a1d5e1d6-9aac-4e7a-8e22-08bc3b7a02a6",
    "auth_currency": "2c969193-0896-42cd-9531-f42717397248",
    "modified": "2015-11-17T06:02:30.648Z",
    "password_change": "2015-11-17T06:02:30.634Z",
    "created": "2015-11-17T06:02:30.639Z",
    "last_name": "dolor",
    "password_history": "[\"pbkdf2_sha256$20000$QNaN3tmV1maQ$Hzl26oaTIZnsZ0E6/1CaQorPanec3Q+VGZWePoXIHtw=\"]"
  },
  "model": "person.person"
},
{
  "pk": "30f530c4-ce6c-4724-9cfd-37a16e787040",
  "fields": {
    "last_login": null,
    "groups": [
      2
    ],
    "proxy_end_date": null,
    "is_superuser": false,
    "password_one_time": null,
    "proxy_status": null,
    "auth_amount": "0.0000",
    "locale": null,
    "title": "donec",
    "status": "1a3ffcb1-2f4a-4968-bb37-6849388df218",
    "proxy_start_date": null,
    "user_permissions": [],
    "accept_notify": true,
    "employee_id": null,
    "fullname": "donec donec",
    "middle_initial": null,
    "password_expire_date": "2016-02-15",
    "accept_assign": true,
    "locations": [
      "989b13df-f38b-442c-918d-eb9ef62da824",
      "6e58c2c8-2516-4e10-b72f-879a1d99dcbf",
      "c6203b3b-6976-46ef-9c00-142c622275c5",
      "810cc41e-c9a3-4cab-8224-80d32db07702"
    ],
    "is_active": true,
    "next_approver": null,
    "is_staff": false,
    "username": "donec",
    "first_name": "donec",
    "proxy_user": null,
    "date_joined": "2015-11-17T06:02:30.656Z",
    "password": "pbkdf2_sha256$20000$Q7Iah7MTkkQw$QEfSZ60R4gCohoq1CLgFSn1wyxlko30KToP3voAswb0=",
    "password_length": null,
    "deleted": null,
    "email": "myemail@mail.com",
    "role": "a3cdac3a-0e2a-46c6-b927-c552ca44dcd9",
    "auth_currency": "2c969193-0896-42cd-9531-f42717397248",
    "modified": "2015-11-17T06:02:30.790Z",
    "password_change": "2015-11-17T06:02:30.771Z",
    "created": "2015-11-17T06:02:30.775Z",
    "last_name": "donec",
    "password_history": "[\"pbkdf2_sha256$20000$Z6cWMQHp9Mld$BzMbVQHBiADFbGtMP6iiMrVGFQnzQ0Wm6zdXIm4fTgU=\"]"
  },
  "model": "person.person"
},
{
  "pk": "30f530c4-ce6c-4724-9cfd-37a16e787041",
  "fields": {
    "last_login": null,
    "groups": [
      4
    ],
    "proxy_end_date": null,
    "is_superuser": false,
    "password_one_time": null,
    "proxy_status": null,
    "auth_amount": "0.0000",
    "locale": null,
    "title": "dui",
    "status": "1a3ffcb1-2f4a-4968-bb37-6849388df218",
    "proxy_start_date": null,
    "user_permissions": [],
    "accept_notify": true,
    "employee_id": null,
    "fullname": "dui dui",
    "middle_initial": null,
    "password_expire_date": "2016-02-15",
    "accept_assign": true,
    "locations": [
      "10cf4558-080f-4146-9e63-93cc9a46f84f",
      "a27cdb12-f9b4-45b2-9ab4-8af03a0831a1",
      "4c575ad3-50c6-489b-b2f6-1ebd5b37f08c",
      "e32b5a73-a6b1-421e-a519-bff5d811feee"
    ],
    "is_active": true,
    "next_approver": null,
    "is_staff": false,
    "username": "dui",
    "first_name": "dui",
    "proxy_user": null,
    "date_joined": "2015-11-17T06:02:30.798Z",
    "password": "pbkdf2_sha256$20000$nssDvsBj6pJy$qCQ0GiRUk84/BdK2B2pm6wdPqltQEziPisGlQbEMsKE=",
    "password_length": null,
    "deleted": null,
    "email": "myemail@mail.com",
    "role": "26b2ce99-5f21-4486-914f-0ee6391cc15b",
    "auth_currency": "2c969193-0896-42cd-9531-f42717397248",
    "modified": "2015-11-17T06:02:30.959Z",
    "password_change": "2015-11-17T06:02:30.917Z",
    "created": "2015-11-17T06:02:30.923Z",
    "last_name": "dui",
    "password_history": "[\"pbkdf2_sha256$20000$bY1OpVPNrIVc$Z4KheNaXYe/NoLAXLhtRE62laMKO2Zkjpb9QH7juCM4=\"]"
  },
  "model": "person.person"
},
{
  "pk": "30f530c4-ce6c-4724-9cfd-37a16e787042",
  "fields": {
    "last_login": null,
    "groups": [
      4
    ],
    "proxy_end_date": null,
    "is_superuser": false,
    "password_one_time": null,
    "proxy_status": null,
    "auth_amount": "0.0000",
    "locale": null,
    "title": "duis",
    "status": "1a3ffcb1-2f4a-4968-bb37-6849388df218",
    "proxy_start_date": null,
    "user_permissions": [],
    "accept_notify": true,
    "employee_id": null,
    "fullname": "duis duis",
    "middle_initial": null,
    "password_expire_date": "2016-02-15",
    "accept_assign": true,
    "locations": [
      "10cf4558-080f-4146-9e63-93cc9a46f84f",
      "a27cdb12-f9b4-45b2-9ab4-8af03a0831a1",
      "4c575ad3-50c6-489b-b2f6-1ebd5b37f08c",
      "e32b5a73-a6b1-421e-a519-bff5d811feee"
    ],
    "is_active": true,
    "next_approver": null,
    "is_staff": false,
    "username": "duis",
    "first_name": "duis",
    "proxy_user": null,
    "date_joined": "2015-11-17T06:02:30.985Z",
    "password": "pbkdf2_sha256$20000$2pwPbNmywDIg$Mf6vo+6unpjzoKE3zWjH1JCF4bazra25sFfhxAWLdvM=",
    "password_length": null,
    "deleted": null,
    "email": "myemail@mail.com",
    "role": "26b2ce99-5f21-4486-914f-0ee6391cc15b",
    "auth_currency": "2c969193-0896-42cd-9531-f42717397248",
    "modified": "2015-11-17T06:02:31.131Z",
    "password_change": "2015-11-17T06:02:31.097Z",
    "created": "2015-11-17T06:02:31.102Z",
    "last_name": "duis",
    "password_history": "[\"pbkdf2_sha256$20000$3SoM3ugdGSRG$1aiXcORARKGSBCxVjHW2Q0DHb+ZaTeXApsLJWuqO8a4=\"]"
  },
  "model": "person.person"
},
{
  "pk": "30f530c4-ce6c-4724-9cfd-37a16e787043",
  "fields": {
    "last_login": null,
    "groups": [
      2
    ],
    "proxy_end_date": null,
    "is_superuser": false,
    "password_one_time": null,
    "proxy_status": null,
    "auth_amount": "0.0000",
    "locale": null,
    "title": "egestas",
    "status": "1a3ffcb1-2f4a-4968-bb37-6849388df218",
    "proxy_start_date": null,
    "user_permissions": [],
    "accept_notify": true,
    "employee_id": null,
    "fullname": "egestas egestas",
    "middle_initial": null,
    "password_expire_date": "2016-02-15",
    "accept_assign": true,
    "locations": [
      "989b13df-f38b-442c-918d-eb9ef62da824",
      "6e58c2c8-2516-4e10-b72f-879a1d99dcbf",
      "c6203b3b-6976-46ef-9c00-142c622275c5",
      "810cc41e-c9a3-4cab-8224-80d32db07702"
    ],
    "is_active": true,
    "next_approver": null,
    "is_staff": false,
    "username": "egestas",
    "first_name": "egestas",
    "proxy_user": null,
    "date_joined": "2015-11-17T06:02:31.156Z",
    "password": "pbkdf2_sha256$20000$rvFKnVb6014Q$t4J/DXNMrdtZiBv+e6uZfQ8uS6uunyNUFis1q+eagQs=",
    "password_length": null,
    "deleted": null,
    "email": "myemail@mail.com",
    "role": "a3cdac3a-0e2a-46c6-b927-c552ca44dcd9",
    "auth_currency": "2c969193-0896-42cd-9531-f42717397248",
    "modified": "2015-11-17T06:02:31.303Z",
    "password_change": "2015-11-17T06:02:31.270Z",
    "created": "2015-11-17T06:02:31.274Z",
    "last_name": "egestas",
    "password_history": "[\"pbkdf2_sha256$20000$ho0cm0eJlbQv$szkkl92lOTqmd3Tkaz8FBOnyriU8qm2cP0nTEBz+MD8=\"]"
  },
  "model": "person.person"
},
{
  "pk": "30f530c4-ce6c-4724-9cfd-37a16e787044",
  "fields": {
    "last_login": null,
    "groups": [
      2
    ],
    "proxy_end_date": null,
    "is_superuser": false,
    "password_one_time": null,
    "proxy_status": null,
    "auth_amount": "0.0000",
    "locale": null,
    "title": "eget",
    "status": "1a3ffcb1-2f4a-4968-bb37-6849388df218",
    "proxy_start_date": null,
    "user_permissions": [],
    "accept_notify": true,
    "employee_id": null,
    "fullname": "eget eget",
    "middle_initial": null,
    "password_expire_date": "2016-02-15",
    "accept_assign": true,
    "locations": [
      "989b13df-f38b-442c-918d-eb9ef62da824",
      "6e58c2c8-2516-4e10-b72f-879a1d99dcbf",
      "c6203b3b-6976-46ef-9c00-142c622275c5",
      "810cc41e-c9a3-4cab-8224-80d32db07702"
    ],
    "is_active": true,
    "next_approver": null,
    "is_staff": false,
    "username": "eget",
    "first_name": "eget",
    "proxy_user": null,
    "date_joined": "2015-11-17T06:02:31.312Z",
    "password": "pbkdf2_sha256$20000$YyyEbRF0niOk$KUQUlsNQT3kGenlpinkC87GB/Lv2O5yfaf3r468geXQ=",
    "password_length": null,
    "deleted": null,
    "email": "myemail@mail.com",
    "role": "a3cdac3a-0e2a-46c6-b927-c552ca44dcd9",
    "auth_currency": "2c969193-0896-42cd-9531-f42717397248",
    "modified": "2015-11-17T06:02:31.460Z",
    "password_change": "2015-11-17T06:02:31.424Z",
    "created": "2015-11-17T06:02:31.429Z",
    "last_name": "eget",
    "password_history": "[\"pbkdf2_sha256$20000$uFsxgYzbcSVD$5zJPr1r3oQPCvkwAOcXUq2RX0xfq231aGFZk71+t6gY=\"]"
  },
  "model": "person.person"
},
{
  "pk": "30f530c4-ce6c-4724-9cfd-37a16e787045",
  "fields": {
    "last_login": null,
    "groups": [
      2
    ],
    "proxy_end_date": null,
    "is_superuser": false,
    "password_one_time": null,
    "proxy_status": null,
    "auth_amount": "0.0000",
    "locale": null,
    "title": "eleifend",
    "status": "1a3ffcb1-2f4a-4968-bb37-6849388df218",
    "proxy_start_date": null,
    "user_permissions": [],
    "accept_notify": true,
    "employee_id": null,
    "fullname": "eleifend eleifend",
    "middle_initial": null,
    "password_expire_date": "2016-02-15",
    "accept_assign": true,
    "locations": [
      "989b13df-f38b-442c-918d-eb9ef62da824",
      "6e58c2c8-2516-4e10-b72f-879a1d99dcbf",
      "c6203b3b-6976-46ef-9c00-142c622275c5",
      "810cc41e-c9a3-4cab-8224-80d32db07702"
    ],
    "is_active": true,
    "next_approver": null,
    "is_staff": false,
    "username": "eleifend",
    "first_name": "eleifend",
    "proxy_user": null,
    "date_joined": "2015-11-17T06:02:31.482Z",
    "password": "pbkdf2_sha256$20000$QZOpU9YQNFov$OfR3DWYRvkcIEQSLjkHHIDwOftF38sMZlh2SGQSDsIU=",
    "password_length": null,
    "deleted": null,
    "email": "myemail@mail.com",
    "role": "a3cdac3a-0e2a-46c6-b927-c552ca44dcd9",
    "auth_currency": "2c969193-0896-42cd-9531-f42717397248",
    "modified": "2015-11-17T06:02:31.632Z",
    "password_change": "2015-11-17T06:02:31.598Z",
    "created": "2015-11-17T06:02:31.602Z",
    "last_name": "eleifend",
    "password_history": "[\"pbkdf2_sha256$20000$W0TvlLoetXpi$0JQdZvwg35/czil3t1Cn2FBoWKLlzGpox4EuCojOayY=\"]"
  },
  "model": "person.person"
},
{
  "pk": "30f530c4-ce6c-4724-9cfd-37a16e787046",
  "fields": {
    "last_login": null,
    "groups": [
      5
    ],
    "proxy_end_date": null,
    "is_superuser": false,
    "password_one_time": null,
    "proxy_status": null,
    "auth_amount": "0.0000",
    "locale": null,
    "title": "elementum",
    "status": "1a3ffcb1-2f4a-4968-bb37-6849388df218",
    "proxy_start_date": null,
    "user_permissions": [],
    "accept_notify": true,
    "employee_id": null,
    "fullname": "elementum elementum",
    "middle_initial": null,
    "password_expire_date": "2016-02-15",
    "accept_assign": true,
    "locations": [],
    "is_active": true,
    "next_approver": null,
    "is_staff": false,
    "username": "elementum",
    "first_name": "elementum",
    "proxy_user": null,
    "date_joined": "2015-11-17T06:02:31.658Z",
    "password": "pbkdf2_sha256$20000$JdBWHTWpscBk$LSO69V7IJ7AysZ7KDusTdOF/9gpGQv1NmfsNc4eLEPE=",
    "password_length": null,
    "deleted": null,
    "email": "myemail@mail.com",
    "role": "a1d5e1d6-9aac-4e7a-8e22-08bc3b7a02a6",
    "auth_currency": "2c969193-0896-42cd-9531-f42717397248",
    "modified": "2015-11-17T06:02:31.791Z",
    "password_change": "2015-11-17T06:02:31.768Z",
    "created": "2015-11-17T06:02:31.773Z",
    "last_name": "elementum",
    "password_history": "[\"pbkdf2_sha256$20000$jjXcjYUuY2j4$nmcX4kBtNgrNwzjkhPHdfB1Q9r5jQP1Jq3MoaTM7Wus=\"]"
  },
  "model": "person.person"
},
{
  "pk": "30f530c4-ce6c-4724-9cfd-37a16e787047",
  "fields": {
    "last_login": null,
    "groups": [
      1
    ],
    "proxy_end_date": null,
    "is_superuser": false,
    "password_one_time": null,
    "proxy_status": null,
    "auth_amount": "0.0000",
    "locale": null,
    "title": "elit",
    "status": "1a3ffcb1-2f4a-4968-bb37-6849388df218",
    "proxy_start_date": null,
    "user_permissions": [],
    "accept_notify": true,
    "employee_id": null,
    "fullname": "elit elit",
    "middle_initial": null,
    "password_expire_date": "2016-02-15",
    "accept_assign": true,
    "locations": [
      "4f3bcf21-4a4a-4ff6-94f5-4d419f5ca0c9",
      "77b9931c-a3ca-4477-94b7-ec96dd77f534"
    ],
    "is_active": true,
    "next_approver": null,
    "is_staff": false,
    "username": "elit",
    "first_name": "elit",
    "proxy_user": null,
    "date_joined": "2015-11-17T06:02:31.817Z",
    "password": "pbkdf2_sha256$20000$iyDc8TKZ24M3$IQB3hGHu6JxVPhCI/xQAc3HNk52ZYz/+8k5eLL/islg=",
    "password_length": null,
    "deleted": null,
    "email": "myemail@mail.com",
    "role": "043bbb62-2a39-4dcf-a292-e67064f5f766",
    "auth_currency": "2c969193-0896-42cd-9531-f42717397248",
    "modified": "2015-11-17T06:02:31.943Z",
    "password_change": "2015-11-17T06:02:31.922Z",
    "created": "2015-11-17T06:02:31.927Z",
    "last_name": "elit",
    "password_history": "[\"pbkdf2_sha256$20000$qVeVdiU7oQsi$kzUsxv8uD67nHn5W1CeNfMrgypNHhHdG6jZwb2WRqgM=\"]"
  },
  "model": "person.person"
},
{
  "pk": "30f530c4-ce6c-4724-9cfd-37a16e787048",
  "fields": {
    "last_login": null,
    "groups": [
      5
    ],
    "proxy_end_date": null,
    "is_superuser": false,
    "password_one_time": null,
    "proxy_status": null,
    "auth_amount": "0.0000",
    "locale": null,
    "title": "enim",
    "status": "1a3ffcb1-2f4a-4968-bb37-6849388df218",
    "proxy_start_date": null,
    "user_permissions": [],
    "accept_notify": true,
    "employee_id": null,
    "fullname": "enim enim",
    "middle_initial": null,
    "password_expire_date": "2016-02-15",
    "accept_assign": true,
    "locations": [],
    "is_active": true,
    "next_approver": null,
    "is_staff": false,
    "username": "enim",
    "first_name": "enim",
    "proxy_user": null,
    "date_joined": "2015-11-17T06:02:31.968Z",
    "password": "pbkdf2_sha256$20000$Ipc1RCZ8hl9A$O7OgGuyLsJzoao+L0a6GNXAL0PI5U2q/O865szN3b6o=",
    "password_length": null,
    "deleted": null,
    "email": "myemail@mail.com",
    "role": "a1d5e1d6-9aac-4e7a-8e22-08bc3b7a02a6",
    "auth_currency": "2c969193-0896-42cd-9531-f42717397248",
    "modified": "2015-11-17T06:02:32.120Z",
    "password_change": "2015-11-17T06:02:32.097Z",
    "created": "2015-11-17T06:02:32.102Z",
    "last_name": "enim",
    "password_history": "[\"pbkdf2_sha256$20000$sAA4BqNzlkeJ$sBfx01tsdTeljGfCh3CYM6FkLZGh7/YTsW4iP81HIfQ=\"]"
  },
  "model": "person.person"
},
{
  "pk": "30f530c4-ce6c-4724-9cfd-37a16e787049",
  "fields": {
    "last_login": null,
    "groups": [
      1
    ],
    "proxy_end_date": null,
    "is_superuser": false,
    "password_one_time": null,
    "proxy_status": null,
    "auth_amount": "0.0000",
    "locale": null,
    "title": "erat",
    "status": "1a3ffcb1-2f4a-4968-bb37-6849388df218",
    "proxy_start_date": null,
    "user_permissions": [],
    "accept_notify": true,
    "employee_id": null,
    "fullname": "erat erat",
    "middle_initial": null,
    "password_expire_date": "2016-02-15",
    "accept_assign": true,
    "locations": [
      "4f3bcf21-4a4a-4ff6-94f5-4d419f5ca0c9",
      "77b9931c-a3ca-4477-94b7-ec96dd77f534"
    ],
    "is_active": true,
    "next_approver": null,
    "is_staff": false,
    "username": "erat",
    "first_name": "erat",
    "proxy_user": null,
    "date_joined": "2015-11-17T06:02:32.145Z",
    "password": "pbkdf2_sha256$20000$DRNw8HJiwWG0$y8syvAoIK3FWq4ndu9cMWvLwEKNoZJ3VWNvv1N16oSE=",
    "password_length": null,
    "deleted": null,
    "email": "myemail@mail.com",
    "role": "043bbb62-2a39-4dcf-a292-e67064f5f766",
    "auth_currency": "2c969193-0896-42cd-9531-f42717397248",
    "modified": "2015-11-17T06:02:32.292Z",
    "password_change": "2015-11-17T06:02:32.259Z",
    "created": "2015-11-17T06:02:32.264Z",
    "last_name": "erat",
    "password_history": "[\"pbkdf2_sha256$20000$RIsszrSS6XnE$7m+cjPg+2QEBXhXFirLSunc69mlbSUQ72m5FemamK9A=\"]"
  },
  "model": "person.person"
},
{
  "pk": "30f530c4-ce6c-4724-9cfd-37a16e787050",
  "fields": {
    "last_login": null,
    "groups": [
      4
    ],
    "proxy_end_date": null,
    "is_superuser": false,
    "password_one_time": null,
    "proxy_status": null,
    "auth_amount": "0.0000",
    "locale": null,
    "title": "eros",
    "status": "1a3ffcb1-2f4a-4968-bb37-6849388df218",
    "proxy_start_date": null,
    "user_permissions": [],
    "accept_notify": true,
    "employee_id": null,
    "fullname": "eros eros",
    "middle_initial": null,
    "password_expire_date": "2016-02-15",
    "accept_assign": true,
    "locations": [
      "10cf4558-080f-4146-9e63-93cc9a46f84f",
      "a27cdb12-f9b4-45b2-9ab4-8af03a0831a1",
      "4c575ad3-50c6-489b-b2f6-1ebd5b37f08c",
      "e32b5a73-a6b1-421e-a519-bff5d811feee"
    ],
    "is_active": true,
    "next_approver": null,
    "is_staff": false,
    "username": "eros",
    "first_name": "eros",
    "proxy_user": null,
    "date_joined": "2015-11-17T06:02:32.318Z",
    "password": "pbkdf2_sha256$20000$W9z1Qmp1yPkb$UQXmm0Mm6ddjSTfUKmSM9aHgso3AQx4F/xFY2ZC+5qQ=",
    "password_length": null,
    "deleted": null,
    "email": "myemail@mail.com",
    "role": "26b2ce99-5f21-4486-914f-0ee6391cc15b",
    "auth_currency": "2c969193-0896-42cd-9531-f42717397248",
    "modified": "2015-11-17T06:02:32.469Z",
    "password_change": "2015-11-17T06:02:32.442Z",
    "created": "2015-11-17T06:02:32.446Z",
    "last_name": "eros",
    "password_history": "[\"pbkdf2_sha256$20000$YV2QxzvenOq3$Ip4JrWU41oq/BAMihfkKc0ar8bmJiZmqvW7NnFzs6jI=\"]"
  },
  "model": "person.person"
},
{
  "pk": "30f530c4-ce6c-4724-9cfd-37a16e787051",
  "fields": {
    "last_login": null,
    "groups": [
      2
    ],
    "proxy_end_date": null,
    "is_superuser": false,
    "password_one_time": null,
    "proxy_status": null,
    "auth_amount": "0.0000",
    "locale": null,
    "title": "est",
    "status": "1a3ffcb1-2f4a-4968-bb37-6849388df218",
    "proxy_start_date": null,
    "user_permissions": [],
    "accept_notify": true,
    "employee_id": null,
    "fullname": "est est",
    "middle_initial": null,
    "password_expire_date": "2016-02-15",
    "accept_assign": true,
    "locations": [
      "989b13df-f38b-442c-918d-eb9ef62da824",
      "6e58c2c8-2516-4e10-b72f-879a1d99dcbf",
      "c6203b3b-6976-46ef-9c00-142c622275c5",
      "810cc41e-c9a3-4cab-8224-80d32db07702"
    ],
    "is_active": true,
    "next_approver": null,
    "is_staff": false,
    "username": "est",
    "first_name": "est",
    "proxy_user": null,
    "date_joined": "2015-11-17T06:02:32.477Z",
    "password": "pbkdf2_sha256$20000$oxNlzLPkZi21$Sd5YjvESGSkryjDYR9oF0ju0s8Cgh/ck7B0RDMjlSoA=",
    "password_length": null,
    "deleted": null,
    "email": "myemail@mail.com",
    "role": "a3cdac3a-0e2a-46c6-b927-c552ca44dcd9",
    "auth_currency": "2c969193-0896-42cd-9531-f42717397248",
    "modified": "2015-11-17T06:02:32.610Z",
    "password_change": "2015-11-17T06:02:32.590Z",
    "created": "2015-11-17T06:02:32.594Z",
    "last_name": "est",
    "password_history": "[\"pbkdf2_sha256$20000$tvJaMFqLEUV4$asGoaWPjsDfHyfj1TPtmjTYS3acGTgIdMtlLjy9R5AQ=\"]"
  },
  "model": "person.person"
},
{
  "pk": "30f530c4-ce6c-4724-9cfd-37a16e787052",
  "fields": {
    "last_login": null,
    "groups": [
      2
    ],
    "proxy_end_date": null,
    "is_superuser": false,
    "password_one_time": null,
    "proxy_status": null,
    "auth_amount": "0.0000",
    "locale": null,
    "title": "et",
    "status": "1a3ffcb1-2f4a-4968-bb37-6849388df218",
    "proxy_start_date": null,
    "user_permissions": [],
    "accept_notify": true,
    "employee_id": null,
    "fullname": "et et",
    "middle_initial": null,
    "password_expire_date": "2016-02-15",
    "accept_assign": true,
    "locations": [
      "989b13df-f38b-442c-918d-eb9ef62da824",
      "6e58c2c8-2516-4e10-b72f-879a1d99dcbf",
      "c6203b3b-6976-46ef-9c00-142c622275c5",
      "810cc41e-c9a3-4cab-8224-80d32db07702"
    ],
    "is_active": true,
    "next_approver": null,
    "is_staff": false,
    "username": "et",
    "first_name": "et",
    "proxy_user": null,
    "date_joined": "2015-11-17T06:02:32.618Z",
    "password": "pbkdf2_sha256$20000$bGyoLsJKPuJM$OT1di4LLjAAPVEB/WfCAsW5c5ZneaiHNPNx7BIVEfks=",
    "password_length": null,
    "deleted": null,
    "email": "myemail@mail.com",
    "role": "a3cdac3a-0e2a-46c6-b927-c552ca44dcd9",
    "auth_currency": "2c969193-0896-42cd-9531-f42717397248",
    "modified": "2015-11-17T06:02:32.778Z",
    "password_change": "2015-11-17T06:02:32.756Z",
    "created": "2015-11-17T06:02:32.762Z",
    "last_name": "et",
    "password_history": "[\"pbkdf2_sha256$20000$2fR4ADgnGf0r$O9Fqo5HWiYMx1B8dJY1EXik/R71FyHdQ/tvAj6o6Phs=\"]"
  },
  "model": "person.person"
},
{
  "pk": "30f530c4-ce6c-4724-9cfd-37a16e787053",
  "fields": {
    "last_login": null,
    "groups": [
      1
    ],
    "proxy_end_date": null,
    "is_superuser": false,
    "password_one_time": null,
    "proxy_status": null,
    "auth_amount": "0.0000",
    "locale": null,
    "title": "etiam",
    "status": "1a3ffcb1-2f4a-4968-bb37-6849388df218",
    "proxy_start_date": null,
    "user_permissions": [],
    "accept_notify": true,
    "employee_id": null,
    "fullname": "etiam etiam",
    "middle_initial": null,
    "password_expire_date": "2016-02-15",
    "accept_assign": true,
    "locations": [
      "4f3bcf21-4a4a-4ff6-94f5-4d419f5ca0c9",
      "77b9931c-a3ca-4477-94b7-ec96dd77f534"
    ],
    "is_active": true,
    "next_approver": null,
    "is_staff": false,
    "username": "etiam",
    "first_name": "etiam",
    "proxy_user": null,
    "date_joined": "2015-11-17T06:02:32.786Z",
    "password": "pbkdf2_sha256$20000$pSNJh2r8ZFKn$7qIHj1T5DLUKDYo98G5KPmK6Yq70DAOE8gqE/3cgWhQ=",
    "password_length": null,
    "deleted": null,
    "email": "myemail@mail.com",
    "role": "043bbb62-2a39-4dcf-a292-e67064f5f766",
    "auth_currency": "2c969193-0896-42cd-9531-f42717397248",
    "modified": "2015-11-17T06:02:32.925Z",
    "password_change": "2015-11-17T06:02:32.898Z",
    "created": "2015-11-17T06:02:32.902Z",
    "last_name": "etiam",
    "password_history": "[\"pbkdf2_sha256$20000$hLGjQU1lehga$b/s0ZceppJQv8At7pdQHoP961v+C/8+z+MOTUcxLSME=\"]"
  },
  "model": "person.person"
},
{
  "pk": "30f530c4-ce6c-4724-9cfd-37a16e787054",
  "fields": {
    "last_login": null,
    "groups": [
      4
    ],
    "proxy_end_date": null,
    "is_superuser": false,
    "password_one_time": null,
    "proxy_status": null,
    "auth_amount": "0.0000",
    "locale": null,
    "title": "eu",
    "status": "1a3ffcb1-2f4a-4968-bb37-6849388df218",
    "proxy_start_date": null,
    "user_permissions": [],
    "accept_notify": true,
    "employee_id": null,
    "fullname": "eu eu",
    "middle_initial": null,
    "password_expire_date": "2016-02-15",
    "accept_assign": true,
    "locations": [
      "10cf4558-080f-4146-9e63-93cc9a46f84f",
      "a27cdb12-f9b4-45b2-9ab4-8af03a0831a1",
      "4c575ad3-50c6-489b-b2f6-1ebd5b37f08c",
      "e32b5a73-a6b1-421e-a519-bff5d811feee"
    ],
    "is_active": true,
    "next_approver": null,
    "is_staff": false,
    "username": "eu",
    "first_name": "eu",
    "proxy_user": null,
    "date_joined": "2015-11-17T06:02:32.949Z",
    "password": "pbkdf2_sha256$20000$NfmXBo97A3Ci$QG6e/sl2wls6FYXxa294qeaUtkldpgKgdda8/UFJf5w=",
    "password_length": null,
    "deleted": null,
    "email": "myemail@mail.com",
    "role": "26b2ce99-5f21-4486-914f-0ee6391cc15b",
    "auth_currency": "2c969193-0896-42cd-9531-f42717397248",
    "modified": "2015-11-17T06:02:33.082Z",
    "password_change": "2015-11-17T06:02:33.059Z",
    "created": "2015-11-17T06:02:33.063Z",
    "last_name": "eu",
    "password_history": "[\"pbkdf2_sha256$20000$VW0XYu0XbL5Q$RlK96CN30qa1LDWXFbldrDlpF+JLycqGp/LbmtbnTu0=\"]"
  },
  "model": "person.person"
},
{
  "pk": "30f530c4-ce6c-4724-9cfd-37a16e787055",
  "fields": {
    "last_login": null,
    "groups": [
      3
    ],
    "proxy_end_date": null,
    "is_superuser": false,
    "password_one_time": null,
    "proxy_status": null,
    "auth_amount": "0.0000",
    "locale": null,
    "title": "euismod",
    "status": "1a3ffcb1-2f4a-4968-bb37-6849388df218",
    "proxy_start_date": null,
    "user_permissions": [],
    "accept_notify": true,
    "employee_id": null,
    "fullname": "euismod euismod",
    "middle_initial": null,
    "password_expire_date": "2016-02-15",
    "accept_assign": true,
    "locations": [],
    "is_active": true,
    "next_approver": null,
    "is_staff": false,
    "username": "euismod",
    "first_name": "euismod",
    "proxy_user": null,
    "date_joined": "2015-11-17T06:02:33.090Z",
    "password": "pbkdf2_sha256$20000$LUPlcn7NbnqR$JZ+dcdmH8x4riHSFBmjJt2rOMLfk5qzZo63kVFtzePY=",
    "password_length": null,
    "deleted": null,
    "email": "myemail@mail.com",
    "role": "06b3578e-4d32-430f-bc29-e97f79db042b",
    "auth_currency": "2c969193-0896-42cd-9531-f42717397248",
    "modified": "2015-11-17T06:02:33.225Z",
    "password_change": "2015-11-17T06:02:33.201Z",
    "created": "2015-11-17T06:02:33.205Z",
    "last_name": "euismod",
    "password_history": "[\"pbkdf2_sha256$20000$hL38BOpkjIgY$Q1DURbgFSdrCIB/mbQa0NFNzimDpWjSvG9SZXHdXGNs=\"]"
  },
  "model": "person.person"
},
{
  "pk": "30f530c4-ce6c-4724-9cfd-37a16e787056",
  "fields": {
    "last_login": null,
    "groups": [
      4
    ],
    "proxy_end_date": null,
    "is_superuser": false,
    "password_one_time": null,
    "proxy_status": null,
    "auth_amount": "0.0000",
    "locale": null,
    "title": "facilisi",
    "status": "1a3ffcb1-2f4a-4968-bb37-6849388df218",
    "proxy_start_date": null,
    "user_permissions": [],
    "accept_notify": true,
    "employee_id": null,
    "fullname": "facilisi facilisi",
    "middle_initial": null,
    "password_expire_date": "2016-02-15",
    "accept_assign": true,
    "locations": [
      "10cf4558-080f-4146-9e63-93cc9a46f84f",
      "a27cdb12-f9b4-45b2-9ab4-8af03a0831a1",
      "4c575ad3-50c6-489b-b2f6-1ebd5b37f08c",
      "e32b5a73-a6b1-421e-a519-bff5d811feee"
    ],
    "is_active": true,
    "next_approver": null,
    "is_staff": false,
    "username": "facilisi",
    "first_name": "facilisi",
    "proxy_user": null,
    "date_joined": "2015-11-17T06:02:33.241Z",
    "password": "pbkdf2_sha256$20000$luDvoDhPlSXq$U7Ay+CxbpqRZ5tPfLmD1h1XzlsI4PoF3gEWJuIQZFcs=",
    "password_length": null,
    "deleted": null,
    "email": "myemail@mail.com",
    "role": "26b2ce99-5f21-4486-914f-0ee6391cc15b",
    "auth_currency": "2c969193-0896-42cd-9531-f42717397248",
    "modified": "2015-11-17T06:02:33.365Z",
    "password_change": "2015-11-17T06:02:33.349Z",
    "created": "2015-11-17T06:02:33.353Z",
    "last_name": "facilisi",
    "password_history": "[\"pbkdf2_sha256$20000$amWYs12lGANS$RlcJKNJr5QYI8rT0dgrh4Lv3xpehWmBkikxi/Upc93k=\"]"
  },
  "model": "person.person"
},
{
  "pk": "30f530c4-ce6c-4724-9cfd-37a16e787057",
  "fields": {
    "last_login": null,
    "groups": [
      1
    ],
    "proxy_end_date": null,
    "is_superuser": false,
    "password_one_time": null,
    "proxy_status": null,
    "auth_amount": "0.0000",
    "locale": null,
    "title": "facilisis",
    "status": "1a3ffcb1-2f4a-4968-bb37-6849388df218",
    "proxy_start_date": null,
    "user_permissions": [],
    "accept_notify": true,
    "employee_id": null,
    "fullname": "facilisis facilisis",
    "middle_initial": null,
    "password_expire_date": "2016-02-15",
    "accept_assign": true,
    "locations": [
      "4f3bcf21-4a4a-4ff6-94f5-4d419f5ca0c9",
      "77b9931c-a3ca-4477-94b7-ec96dd77f534"
    ],
    "is_active": true,
    "next_approver": null,
    "is_staff": false,
    "username": "facilisis",
    "first_name": "facilisis",
    "proxy_user": null,
    "date_joined": "2015-11-17T06:02:33.373Z",
    "password": "pbkdf2_sha256$20000$oOJNF4qidpLr$BuqXJt3iCRULiXIUel+39vdhdZD5Hp9gEqdnYBFnk8o=",
    "password_length": null,
    "deleted": null,
    "email": "myemail@mail.com",
    "role": "043bbb62-2a39-4dcf-a292-e67064f5f766",
    "auth_currency": "2c969193-0896-42cd-9531-f42717397248",
    "modified": "2015-11-17T06:02:33.508Z",
    "password_change": "2015-11-17T06:02:33.491Z",
    "created": "2015-11-17T06:02:33.497Z",
    "last_name": "facilisis",
    "password_history": "[\"pbkdf2_sha256$20000$2FR8bnZAptJ4$/0RAX3z43jNtroQ6zkPHx6Z049h1bTQQh+2vvaBaX2c=\"]"
  },
  "model": "person.person"
},
{
  "pk": "30f530c4-ce6c-4724-9cfd-37a16e787058",
  "fields": {
    "last_login": null,
    "groups": [
      5
    ],
    "proxy_end_date": null,
    "is_superuser": false,
    "password_one_time": null,
    "proxy_status": null,
    "auth_amount": "0.0000",
    "locale": null,
    "title": "fames",
    "status": "1a3ffcb1-2f4a-4968-bb37-6849388df218",
    "proxy_start_date": null,
    "user_permissions": [],
    "accept_notify": true,
    "employee_id": null,
    "fullname": "fames fames",
    "middle_initial": null,
    "password_expire_date": "2016-02-15",
    "accept_assign": true,
    "locations": [],
    "is_active": true,
    "next_approver": null,
    "is_staff": false,
    "username": "fames",
    "first_name": "fames",
    "proxy_user": null,
    "date_joined": "2015-11-17T06:02:33.538Z",
    "password": "pbkdf2_sha256$20000$uUYbz7uDEeQX$fsb/+NohVyNLMZuaRRe+nU8KaOvTJpXTDfrr94nU6UM=",
    "password_length": null,
    "deleted": null,
    "email": "myemail@mail.com",
    "role": "a1d5e1d6-9aac-4e7a-8e22-08bc3b7a02a6",
    "auth_currency": "2c969193-0896-42cd-9531-f42717397248",
    "modified": "2015-11-17T06:02:33.672Z",
    "password_change": "2015-11-17T06:02:33.649Z",
    "created": "2015-11-17T06:02:33.654Z",
    "last_name": "fames",
    "password_history": "[\"pbkdf2_sha256$20000$ovjkOqEufkbj$kr56XL14k9JCUwzsjhngi1055BMDGN1ViKtHL/QDw/U=\"]"
  },
  "model": "person.person"
},
{
  "pk": "30f530c4-ce6c-4724-9cfd-37a16e787059",
  "fields": {
    "last_login": null,
    "groups": [
      3
    ],
    "proxy_end_date": null,
    "is_superuser": false,
    "password_one_time": null,
    "proxy_status": null,
    "auth_amount": "0.0000",
    "locale": null,
    "title": "faucibus",
    "status": "1a3ffcb1-2f4a-4968-bb37-6849388df218",
    "proxy_start_date": null,
    "user_permissions": [],
    "accept_notify": true,
    "employee_id": null,
    "fullname": "faucibus faucibus",
    "middle_initial": null,
    "password_expire_date": "2016-02-15",
    "accept_assign": true,
    "locations": [],
    "is_active": true,
    "next_approver": null,
    "is_staff": false,
    "username": "faucibus",
    "first_name": "faucibus",
    "proxy_user": null,
    "date_joined": "2015-11-17T06:02:33.680Z",
    "password": "pbkdf2_sha256$20000$6RqdBhkf6dcI$/2VI+lcCMY0ebMRdzvRRT6JKVsoPlw65SQ1xpqYXxFk=",
    "password_length": null,
    "deleted": null,
    "email": "myemail@mail.com",
    "role": "06b3578e-4d32-430f-bc29-e97f79db042b",
    "auth_currency": "2c969193-0896-42cd-9531-f42717397248",
    "modified": "2015-11-17T06:02:33.802Z",
    "password_change": "2015-11-17T06:02:33.790Z",
    "created": "2015-11-17T06:02:33.794Z",
    "last_name": "faucibus",
    "password_history": "[\"pbkdf2_sha256$20000$M5gCUZ1vOK9r$5h6RsGogwn5pRSz5QU7rB8yUhXzczZVQKy/Z6+7uZnI=\"]"
  },
  "model": "person.person"
},
{
  "pk": "30f530c4-ce6c-4724-9cfd-37a16e787060",
  "fields": {
    "last_login": null,
    "groups": [
      5
    ],
    "proxy_end_date": null,
    "is_superuser": false,
    "password_one_time": null,
    "proxy_status": null,
    "auth_amount": "0.0000",
    "locale": null,
    "title": "felis",
    "status": "1a3ffcb1-2f4a-4968-bb37-6849388df218",
    "proxy_start_date": null,
    "user_permissions": [],
    "accept_notify": true,
    "employee_id": null,
    "fullname": "felis felis",
    "middle_initial": null,
    "password_expire_date": "2016-02-15",
    "accept_assign": true,
    "locations": [],
    "is_active": true,
    "next_approver": null,
    "is_staff": false,
    "username": "felis",
    "first_name": "felis",
    "proxy_user": null,
    "date_joined": "2015-11-17T06:02:33.810Z",
    "password": "pbkdf2_sha256$20000$otPDJcr0TS1t$uCgJHBYJyOcEdk7tEo0NSKAYu6/aSBJWUC1veiGiKm0=",
    "password_length": null,
    "deleted": null,
    "email": "myemail@mail.com",
    "role": "a1d5e1d6-9aac-4e7a-8e22-08bc3b7a02a6",
    "auth_currency": "2c969193-0896-42cd-9531-f42717397248",
    "modified": "2015-11-17T06:02:33.947Z",
    "password_change": "2015-11-17T06:02:33.922Z",
    "created": "2015-11-17T06:02:33.927Z",
    "last_name": "felis",
    "password_history": "[\"pbkdf2_sha256$20000$SSMDy19HmKfZ$S+wp2RDkcDKw0ECQi1IRQoUjJSHc75dz+D3FpdPHSQk=\"]"
  },
  "model": "person.person"
},
{
  "pk": "30f530c4-ce6c-4724-9cfd-37a16e787061",
  "fields": {
    "last_login": null,
    "groups": [
      3
    ],
    "proxy_end_date": null,
    "is_superuser": false,
    "password_one_time": null,
    "proxy_status": null,
    "auth_amount": "0.0000",
    "locale": null,
    "title": "fermentum",
    "status": "1a3ffcb1-2f4a-4968-bb37-6849388df218",
    "proxy_start_date": null,
    "user_permissions": [],
    "accept_notify": true,
    "employee_id": null,
    "fullname": "fermentum fermentum",
    "middle_initial": null,
    "password_expire_date": "2016-02-15",
    "accept_assign": true,
    "locations": [],
    "is_active": true,
    "next_approver": null,
    "is_staff": false,
    "username": "fermentum",
    "first_name": "fermentum",
    "proxy_user": null,
    "date_joined": "2015-11-17T06:02:33.963Z",
    "password": "pbkdf2_sha256$20000$nYRBxD8Z6fQc$BDzPglhIZUlblSqwIVg6R27GUX7dvUEbgz9Edq0lqnE=",
    "password_length": null,
    "deleted": null,
    "email": "myemail@mail.com",
    "role": "06b3578e-4d32-430f-bc29-e97f79db042b",
    "auth_currency": "2c969193-0896-42cd-9531-f42717397248",
    "modified": "2015-11-17T06:02:34.092Z",
    "password_change": "2015-11-17T06:02:34.077Z",
    "created": "2015-11-17T06:02:34.083Z",
    "last_name": "fermentum",
    "password_history": "[\"pbkdf2_sha256$20000$zqvr8cFmucW1$DS7mEm7c5pKaiWJZTXgnn+nd+8rAsjK/7mMI61WGyOw=\"]"
  },
  "model": "person.person"
},
{
  "pk": "30f530c4-ce6c-4724-9cfd-37a16e787062",
  "fields": {
    "last_login": null,
    "groups": [
      5
    ],
    "proxy_end_date": null,
    "is_superuser": false,
    "password_one_time": null,
    "proxy_status": null,
    "auth_amount": "0.0000",
    "locale": null,
    "title": "feugiat",
    "status": "1a3ffcb1-2f4a-4968-bb37-6849388df218",
    "proxy_start_date": null,
    "user_permissions": [],
    "accept_notify": true,
    "employee_id": null,
    "fullname": "feugiat feugiat",
    "middle_initial": null,
    "password_expire_date": "2016-02-15",
    "accept_assign": true,
    "locations": [],
    "is_active": true,
    "next_approver": null,
    "is_staff": false,
    "username": "feugiat",
    "first_name": "feugiat",
    "proxy_user": null,
    "date_joined": "2015-11-17T06:02:34.100Z",
    "password": "pbkdf2_sha256$20000$HHRRPUDAAKd5$XxvLi7Xn9bW8Bho8iRVxUPNGgWp9N70+e0Kvjf8RsQU=",
    "password_length": null,
    "deleted": null,
    "email": "myemail@mail.com",
    "role": "a1d5e1d6-9aac-4e7a-8e22-08bc3b7a02a6",
    "auth_currency": "2c969193-0896-42cd-9531-f42717397248",
    "modified": "2015-11-17T06:02:34.227Z",
    "password_change": "2015-11-17T06:02:34.215Z",
    "created": "2015-11-17T06:02:34.219Z",
    "last_name": "feugiat",
    "password_history": "[\"pbkdf2_sha256$20000$xr62JW2j1IBc$3lYJ/w+YzJYTIO0TZxxnhD8tSmZoblMUOoouDEd6Lto=\"]"
  },
  "model": "person.person"
},
{
  "pk": "30f530c4-ce6c-4724-9cfd-37a16e787063",
  "fields": {
    "last_login": null,
    "groups": [
      5
    ],
    "proxy_end_date": null,
    "is_superuser": false,
    "password_one_time": null,
    "proxy_status": null,
    "auth_amount": "0.0000",
    "locale": null,
    "title": "fringilla",
    "status": "1a3ffcb1-2f4a-4968-bb37-6849388df218",
    "proxy_start_date": null,
    "user_permissions": [],
    "accept_notify": true,
    "employee_id": null,
    "fullname": "fringilla fringilla",
    "middle_initial": null,
    "password_expire_date": "2016-02-15",
    "accept_assign": true,
    "locations": [],
    "is_active": true,
    "next_approver": null,
    "is_staff": false,
    "username": "fringilla",
    "first_name": "fringilla",
    "proxy_user": null,
    "date_joined": "2015-11-17T06:02:34.235Z",
    "password": "pbkdf2_sha256$20000$zBp2J8AbQPGr$OFaTDpeEin8Jd9pYqZstReTiDaqa2JfOh26jCU6c5qQ=",
    "password_length": null,
    "deleted": null,
    "email": "myemail@mail.com",
    "role": "a1d5e1d6-9aac-4e7a-8e22-08bc3b7a02a6",
    "auth_currency": "2c969193-0896-42cd-9531-f42717397248",
    "modified": "2015-11-17T06:02:34.371Z",
    "password_change": "2015-11-17T06:02:34.349Z",
    "created": "2015-11-17T06:02:34.354Z",
    "last_name": "fringilla",
    "password_history": "[\"pbkdf2_sha256$20000$t7fwLzrvaqQ1$jpNWQErPJsuCcFAD/cmd2bZEASQStWzG6cr+jraDuNU=\"]"
  },
  "model": "person.person"
},
{
  "pk": "30f530c4-ce6c-4724-9cfd-37a16e787064",
  "fields": {
    "last_login": null,
    "groups": [
      3
    ],
    "proxy_end_date": null,
    "is_superuser": false,
    "password_one_time": null,
    "proxy_status": null,
    "auth_amount": "0.0000",
    "locale": null,
    "title": "fusce",
    "status": "1a3ffcb1-2f4a-4968-bb37-6849388df218",
    "proxy_start_date": null,
    "user_permissions": [],
    "accept_notify": true,
    "employee_id": null,
    "fullname": "fusce fusce",
    "middle_initial": null,
    "password_expire_date": "2016-02-15",
    "accept_assign": true,
    "locations": [],
    "is_active": true,
    "next_approver": null,
    "is_staff": false,
    "username": "fusce",
    "first_name": "fusce",
    "proxy_user": null,
    "date_joined": "2015-11-17T06:02:34.397Z",
    "password": "pbkdf2_sha256$20000$tumU05UrCNvZ$cbssvM9xfEeqhe0ATfSoIEOAVWWPNPVYevaNXJ9zprI=",
    "password_length": null,
    "deleted": null,
    "email": "myemail@mail.com",
    "role": "06b3578e-4d32-430f-bc29-e97f79db042b",
    "auth_currency": "2c969193-0896-42cd-9531-f42717397248",
    "modified": "2015-11-17T06:02:34.534Z",
    "password_change": "2015-11-17T06:02:34.509Z",
    "created": "2015-11-17T06:02:34.516Z",
    "last_name": "fusce",
    "password_history": "[\"pbkdf2_sha256$20000$ItT8hUhM1MOE$JmSdGfwqAq9LorR8XwBnJ2AF3Wfo+Bx1Xiznr2ddOnE=\"]"
  },
  "model": "person.person"
},
{
  "pk": "30f530c4-ce6c-4724-9cfd-37a16e787065",
  "fields": {
    "last_login": null,
    "groups": [
      1
    ],
    "proxy_end_date": null,
    "is_superuser": false,
    "password_one_time": null,
    "proxy_status": null,
    "auth_amount": "0.0000",
    "locale": null,
    "title": "gravida",
    "status": "1a3ffcb1-2f4a-4968-bb37-6849388df218",
    "proxy_start_date": null,
    "user_permissions": [],
    "accept_notify": true,
    "employee_id": null,
    "fullname": "gravida gravida",
    "middle_initial": null,
    "password_expire_date": "2016-02-15",
    "accept_assign": true,
    "locations": [
      "4f3bcf21-4a4a-4ff6-94f5-4d419f5ca0c9",
      "77b9931c-a3ca-4477-94b7-ec96dd77f534"
    ],
    "is_active": true,
    "next_approver": null,
    "is_staff": false,
    "username": "gravida",
    "first_name": "gravida",
    "proxy_user": null,
    "date_joined": "2015-11-17T06:02:34.552Z",
    "password": "pbkdf2_sha256$20000$UbbCpP83D7Gh$+jNU3uI2QT08DuV6m5XHfze3i/6Qozl7p5fmoSOvF+Q=",
    "password_length": null,
    "deleted": null,
    "email": "myemail@mail.com",
    "role": "043bbb62-2a39-4dcf-a292-e67064f5f766",
    "auth_currency": "2c969193-0896-42cd-9531-f42717397248",
    "modified": "2015-11-17T06:02:34.698Z",
    "password_change": "2015-11-17T06:02:34.672Z",
    "created": "2015-11-17T06:02:34.676Z",
    "last_name": "gravida",
    "password_history": "[\"pbkdf2_sha256$20000$NlHU7eyrn2h8$ZT8R/sKLM+dDLVJaF25JywX2vH0MpZHAhWm5mFU/5SU=\"]"
  },
  "model": "person.person"
},
{
  "pk": "30f530c4-ce6c-4724-9cfd-37a16e787066",
  "fields": {
    "last_login": null,
    "groups": [
      2
    ],
    "proxy_end_date": null,
    "is_superuser": false,
    "password_one_time": null,
    "proxy_status": null,
    "auth_amount": "0.0000",
    "locale": null,
    "title": "habitant",
    "status": "1a3ffcb1-2f4a-4968-bb37-6849388df218",
    "proxy_start_date": null,
    "user_permissions": [],
    "accept_notify": true,
    "employee_id": null,
    "fullname": "habitant habitant",
    "middle_initial": null,
    "password_expire_date": "2016-02-15",
    "accept_assign": true,
    "locations": [
      "989b13df-f38b-442c-918d-eb9ef62da824",
      "6e58c2c8-2516-4e10-b72f-879a1d99dcbf",
      "c6203b3b-6976-46ef-9c00-142c622275c5",
      "810cc41e-c9a3-4cab-8224-80d32db07702"
    ],
    "is_active": true,
    "next_approver": null,
    "is_staff": false,
    "username": "habitant",
    "first_name": "habitant",
    "proxy_user": null,
    "date_joined": "2015-11-17T06:02:34.706Z",
    "password": "pbkdf2_sha256$20000$G6qsUpIzis2q$rINFPAso6aZbtviq8sNWEYJPZS0WU4w6mRYrWzvG6HU=",
    "password_length": null,
    "deleted": null,
    "email": "myemail@mail.com",
    "role": "a3cdac3a-0e2a-46c6-b927-c552ca44dcd9",
    "auth_currency": "2c969193-0896-42cd-9531-f42717397248",
    "modified": "2015-11-17T06:02:34.835Z",
    "password_change": "2015-11-17T06:02:34.818Z",
    "created": "2015-11-17T06:02:34.823Z",
    "last_name": "habitant",
    "password_history": "[\"pbkdf2_sha256$20000$DGon08XgIHZY$WBReaxvfHxF6tvpjlX/WvhbpgJR5S2plKUFdraS2PV4=\"]"
  },
  "model": "person.person"
},
{
  "pk": "30f530c4-ce6c-4724-9cfd-37a16e787067",
  "fields": {
    "last_login": null,
    "groups": [
      5
    ],
    "proxy_end_date": null,
    "is_superuser": false,
    "password_one_time": null,
    "proxy_status": null,
    "auth_amount": "0.0000",
    "locale": null,
    "title": "habitasse",
    "status": "1a3ffcb1-2f4a-4968-bb37-6849388df218",
    "proxy_start_date": null,
    "user_permissions": [],
    "accept_notify": true,
    "employee_id": null,
    "fullname": "habitasse habitasse",
    "middle_initial": null,
    "password_expire_date": "2016-02-15",
    "accept_assign": true,
    "locations": [],
    "is_active": true,
    "next_approver": null,
    "is_staff": false,
    "username": "habitasse",
    "first_name": "habitasse",
    "proxy_user": null,
    "date_joined": "2015-11-17T06:02:34.863Z",
    "password": "pbkdf2_sha256$20000$naNX2ezn5xiz$nAYT7Wu2DkZ+nch5ZS0lpOkjyp7TzNTY4NGa3xCwff4=",
    "password_length": null,
    "deleted": null,
    "email": "myemail@mail.com",
    "role": "a1d5e1d6-9aac-4e7a-8e22-08bc3b7a02a6",
    "auth_currency": "2c969193-0896-42cd-9531-f42717397248",
    "modified": "2015-11-17T06:02:34.990Z",
    "password_change": "2015-11-17T06:02:34.977Z",
    "created": "2015-11-17T06:02:34.981Z",
    "last_name": "habitasse",
    "password_history": "[\"pbkdf2_sha256$20000$jysIPeROWmXa$z2e7X/Gp3BIgh4nWLMyzsuY3xlvKEfyyHdBuTPcZn3E=\"]"
  },
  "model": "person.person"
},
{
  "pk": "30f530c4-ce6c-4724-9cfd-37a16e787068",
  "fields": {
    "last_login": null,
    "groups": [
      3
    ],
    "proxy_end_date": null,
    "is_superuser": false,
    "password_one_time": null,
    "proxy_status": null,
    "auth_amount": "0.0000",
    "locale": null,
    "title": "hac",
    "status": "1a3ffcb1-2f4a-4968-bb37-6849388df218",
    "proxy_start_date": null,
    "user_permissions": [],
    "accept_notify": true,
    "employee_id": null,
    "fullname": "hac hac",
    "middle_initial": null,
    "password_expire_date": "2016-02-15",
    "accept_assign": true,
    "locations": [],
    "is_active": true,
    "next_approver": null,
    "is_staff": false,
    "username": "hac",
    "first_name": "hac",
    "proxy_user": null,
    "date_joined": "2015-11-17T06:02:34.997Z",
    "password": "pbkdf2_sha256$20000$fYT75gZWvj6c$HuBoOINsGIqWBZa2GLEJTq02rdM8XXugzhI7APLj54k=",
    "password_length": null,
    "deleted": null,
    "email": "myemail@mail.com",
    "role": "06b3578e-4d32-430f-bc29-e97f79db042b",
    "auth_currency": "2c969193-0896-42cd-9531-f42717397248",
    "modified": "2015-11-17T06:02:35.132Z",
    "password_change": "2015-11-17T06:02:35.120Z",
    "created": "2015-11-17T06:02:35.125Z",
    "last_name": "hac",
    "password_history": "[\"pbkdf2_sha256$20000$XpCncGg5zZyb$Fsr7+Xu7QZXhBex2IgNa48epDbvxGVpVSRcyrqj3YxA=\"]"
  },
  "model": "person.person"
},
{
  "pk": "30f530c4-ce6c-4724-9cfd-37a16e787069",
  "fields": {
    "last_login": null,
    "groups": [
      1
    ],
    "proxy_end_date": null,
    "is_superuser": false,
    "password_one_time": null,
    "proxy_status": null,
    "auth_amount": "0.0000",
    "locale": null,
    "title": "hendrerit",
    "status": "1a3ffcb1-2f4a-4968-bb37-6849388df218",
    "proxy_start_date": null,
    "user_permissions": [],
    "accept_notify": true,
    "employee_id": null,
    "fullname": "hendrerit hendrerit",
    "middle_initial": null,
    "password_expire_date": "2016-02-15",
    "accept_assign": true,
    "locations": [
      "4f3bcf21-4a4a-4ff6-94f5-4d419f5ca0c9",
      "77b9931c-a3ca-4477-94b7-ec96dd77f534"
    ],
    "is_active": true,
    "next_approver": null,
    "is_staff": false,
    "username": "hendrerit",
    "first_name": "hendrerit",
    "proxy_user": null,
    "date_joined": "2015-11-17T06:02:35.140Z",
    "password": "pbkdf2_sha256$20000$O9gWfrbv2uuo$GdfxSn80u6irO64S+n5AqqiGJUb7DTiiZAAdkIqRw4U=",
    "password_length": null,
    "deleted": null,
    "email": "myemail@mail.com",
    "role": "043bbb62-2a39-4dcf-a292-e67064f5f766",
    "auth_currency": "2c969193-0896-42cd-9531-f42717397248",
    "modified": "2015-11-17T06:02:35.263Z",
    "password_change": "2015-11-17T06:02:35.247Z",
    "created": "2015-11-17T06:02:35.252Z",
    "last_name": "hendrerit",
    "password_history": "[\"pbkdf2_sha256$20000$gBwfqvHsnX1W$7ZnAbIxYxQ3ajXkp0Ol3b7qoWhfXxifA+3LYxynj7bI=\"]"
  },
  "model": "person.person"
},
{
  "pk": "30f530c4-ce6c-4724-9cfd-37a16e787070",
  "fields": {
    "last_login": null,
    "groups": [
      2
    ],
    "proxy_end_date": null,
    "is_superuser": false,
    "password_one_time": null,
    "proxy_status": null,
    "auth_amount": "0.0000",
    "locale": null,
    "title": "hymenaeos",
    "status": "1a3ffcb1-2f4a-4968-bb37-6849388df218",
    "proxy_start_date": null,
    "user_permissions": [],
    "accept_notify": true,
    "employee_id": null,
    "fullname": "hymenaeos hymenaeos",
    "middle_initial": null,
    "password_expire_date": "2016-02-15",
    "accept_assign": true,
    "locations": [
      "989b13df-f38b-442c-918d-eb9ef62da824",
      "6e58c2c8-2516-4e10-b72f-879a1d99dcbf",
      "c6203b3b-6976-46ef-9c00-142c622275c5",
      "810cc41e-c9a3-4cab-8224-80d32db07702"
    ],
    "is_active": true,
    "next_approver": null,
    "is_staff": false,
    "username": "hymenaeos",
    "first_name": "hymenaeos",
    "proxy_user": null,
    "date_joined": "2015-11-17T06:02:35.271Z",
    "password": "pbkdf2_sha256$20000$FdpGH12vdrBp$skE925SXNI6xkCqPktRFSU9rfMcpZtjA2LsfmkVRS3o=",
    "password_length": null,
    "deleted": null,
    "email": "myemail@mail.com",
    "role": "a3cdac3a-0e2a-46c6-b927-c552ca44dcd9",
    "auth_currency": "2c969193-0896-42cd-9531-f42717397248",
    "modified": "2015-11-17T06:02:35.398Z",
    "password_change": "2015-11-17T06:02:35.379Z",
    "created": "2015-11-17T06:02:35.383Z",
    "last_name": "hymenaeos",
    "password_history": "[\"pbkdf2_sha256$20000$7z8CdCR3439b$sHhFaQ2Xyh/Y8DBRblDKMTzTdkrYhi2fsxdE1QmsuIo=\"]"
  },
  "model": "person.person"
},
{
  "pk": "30f530c4-ce6c-4724-9cfd-37a16e787071",
  "fields": {
    "last_login": null,
    "groups": [
      2
    ],
    "proxy_end_date": null,
    "is_superuser": false,
    "password_one_time": null,
    "proxy_status": null,
    "auth_amount": "0.0000",
    "locale": null,
    "title": "iaculis",
    "status": "1a3ffcb1-2f4a-4968-bb37-6849388df218",
    "proxy_start_date": null,
    "user_permissions": [],
    "accept_notify": true,
    "employee_id": null,
    "fullname": "iaculis iaculis",
    "middle_initial": null,
    "password_expire_date": "2016-02-15",
    "accept_assign": true,
    "locations": [
      "989b13df-f38b-442c-918d-eb9ef62da824",
      "6e58c2c8-2516-4e10-b72f-879a1d99dcbf",
      "c6203b3b-6976-46ef-9c00-142c622275c5",
      "810cc41e-c9a3-4cab-8224-80d32db07702"
    ],
    "is_active": true,
    "next_approver": null,
    "is_staff": false,
    "username": "iaculis",
    "first_name": "iaculis",
    "proxy_user": null,
    "date_joined": "2015-11-17T06:02:35.406Z",
    "password": "pbkdf2_sha256$20000$CYOBjhG63TLu$Q5teZggP8HepRGvpXBMAR2yRMqwv2T5GgFMe9njCxz4=",
    "password_length": null,
    "deleted": null,
    "email": "myemail@mail.com",
    "role": "a3cdac3a-0e2a-46c6-b927-c552ca44dcd9",
    "auth_currency": "2c969193-0896-42cd-9531-f42717397248",
    "modified": "2015-11-17T06:02:35.541Z",
    "password_change": "2015-11-17T06:02:35.523Z",
    "created": "2015-11-17T06:02:35.527Z",
    "last_name": "iaculis",
    "password_history": "[\"pbkdf2_sha256$20000$YiSkz9BtPwE8$KAZ360OsQB1Nd5AEaS2LsIlSRglymL6ADqMSDFW1hAw=\"]"
  },
  "model": "person.person"
},
{
  "pk": "30f530c4-ce6c-4724-9cfd-37a16e787072",
  "fields": {
    "last_login": null,
    "groups": [
      1
    ],
    "proxy_end_date": null,
    "is_superuser": false,
    "password_one_time": null,
    "proxy_status": null,
    "auth_amount": "0.0000",
    "locale": null,
    "title": "id",
    "status": "1a3ffcb1-2f4a-4968-bb37-6849388df218",
    "proxy_start_date": null,
    "user_permissions": [],
    "accept_notify": true,
    "employee_id": null,
    "fullname": "id id",
    "middle_initial": null,
    "password_expire_date": "2016-02-15",
    "accept_assign": true,
    "locations": [
      "4f3bcf21-4a4a-4ff6-94f5-4d419f5ca0c9",
      "77b9931c-a3ca-4477-94b7-ec96dd77f534"
    ],
    "is_active": true,
    "next_approver": null,
    "is_staff": false,
    "username": "id",
    "first_name": "id",
    "proxy_user": null,
    "date_joined": "2015-11-17T06:02:35.549Z",
    "password": "pbkdf2_sha256$20000$94S5KQ0S58LQ$FkwKfejKuwejab13RpHVFFcpNbq0wRUtOAPh2Rf5XEw=",
    "password_length": null,
    "deleted": null,
    "email": "myemail@mail.com",
    "role": "043bbb62-2a39-4dcf-a292-e67064f5f766",
    "auth_currency": "2c969193-0896-42cd-9531-f42717397248",
    "modified": "2015-11-17T06:02:35.680Z",
    "password_change": "2015-11-17T06:02:35.663Z",
    "created": "2015-11-17T06:02:35.669Z",
    "last_name": "id",
    "password_history": "[\"pbkdf2_sha256$20000$syDPK4zWMi40$sPzYZHGdlHAgaOhnsdG0vSCA1QeX3NHi/pSwhvVu7ls=\"]"
  },
  "model": "person.person"
},
{
  "pk": "30f530c4-ce6c-4724-9cfd-37a16e787073",
  "fields": {
    "last_login": null,
    "groups": [
      2
    ],
    "proxy_end_date": null,
    "is_superuser": false,
    "password_one_time": null,
    "proxy_status": null,
    "auth_amount": "0.0000",
    "locale": null,
    "title": "imperdiet",
    "status": "1a3ffcb1-2f4a-4968-bb37-6849388df218",
    "proxy_start_date": null,
    "user_permissions": [],
    "accept_notify": true,
    "employee_id": null,
    "fullname": "imperdiet imperdiet",
    "middle_initial": null,
    "password_expire_date": "2016-02-15",
    "accept_assign": true,
    "locations": [
      "989b13df-f38b-442c-918d-eb9ef62da824",
      "6e58c2c8-2516-4e10-b72f-879a1d99dcbf",
      "c6203b3b-6976-46ef-9c00-142c622275c5",
      "810cc41e-c9a3-4cab-8224-80d32db07702"
    ],
    "is_active": true,
    "next_approver": null,
    "is_staff": false,
    "username": "imperdiet",
    "first_name": "imperdiet",
    "proxy_user": null,
    "date_joined": "2015-11-17T06:02:35.689Z",
    "password": "pbkdf2_sha256$20000$aBLYytmCWNbn$2iK0OD3eJLTu/Q3738mLhC4ML6y65wDill0DC9+J1Rk=",
    "password_length": null,
    "deleted": null,
    "email": "myemail@mail.com",
    "role": "a3cdac3a-0e2a-46c6-b927-c552ca44dcd9",
    "auth_currency": "2c969193-0896-42cd-9531-f42717397248",
    "modified": "2015-11-17T06:02:35.818Z",
    "password_change": "2015-11-17T06:02:35.799Z",
    "created": "2015-11-17T06:02:35.805Z",
    "last_name": "imperdiet",
    "password_history": "[\"pbkdf2_sha256$20000$HSE04mAADoEF$X2tmPdalhaIvp24d0v2MJeV0AT8BcU2gfZeYogoV3DA=\"]"
  },
  "model": "person.person"
},
{
  "pk": "30f530c4-ce6c-4724-9cfd-37a16e787074",
  "fields": {
    "last_login": null,
    "groups": [
      5
    ],
    "proxy_end_date": null,
    "is_superuser": false,
    "password_one_time": null,
    "proxy_status": null,
    "auth_amount": "0.0000",
    "locale": null,
    "title": "in",
    "status": "1a3ffcb1-2f4a-4968-bb37-6849388df218",
    "proxy_start_date": null,
    "user_permissions": [],
    "accept_notify": true,
    "employee_id": null,
    "fullname": "in in",
    "middle_initial": null,
    "password_expire_date": "2016-02-15",
    "accept_assign": true,
    "locations": [],
    "is_active": true,
    "next_approver": null,
    "is_staff": false,
    "username": "in",
    "first_name": "in",
    "proxy_user": null,
    "date_joined": "2015-11-17T06:02:35.827Z",
    "password": "pbkdf2_sha256$20000$LbVgPG5jI3QB$aE2Av7o2tVrMzcIbIi+lZ9XcBX+8zw8f4i8msY0bqQ0=",
    "password_length": null,
    "deleted": null,
    "email": "myemail@mail.com",
    "role": "a1d5e1d6-9aac-4e7a-8e22-08bc3b7a02a6",
    "auth_currency": "2c969193-0896-42cd-9531-f42717397248",
    "modified": "2015-11-17T06:02:35.950Z",
    "password_change": "2015-11-17T06:02:35.937Z",
    "created": "2015-11-17T06:02:35.942Z",
    "last_name": "in",
    "password_history": "[\"pbkdf2_sha256$20000$UnXgYMPE0xdp$d160mvfaZ4PnqjCpm04P0HfQ/aHEa5jzYOKT+GcFO4E=\"]"
  },
  "model": "person.person"
},
{
  "pk": "30f530c4-ce6c-4724-9cfd-37a16e787075",
  "fields": {
    "last_login": null,
    "groups": [
      2
    ],
    "proxy_end_date": null,
    "is_superuser": false,
    "password_one_time": null,
    "proxy_status": null,
    "auth_amount": "0.0000",
    "locale": null,
    "title": "inceptos",
    "status": "1a3ffcb1-2f4a-4968-bb37-6849388df218",
    "proxy_start_date": null,
    "user_permissions": [],
    "accept_notify": true,
    "employee_id": null,
    "fullname": "inceptos inceptos",
    "middle_initial": null,
    "password_expire_date": "2016-02-15",
    "accept_assign": true,
    "locations": [
      "989b13df-f38b-442c-918d-eb9ef62da824",
      "6e58c2c8-2516-4e10-b72f-879a1d99dcbf",
      "c6203b3b-6976-46ef-9c00-142c622275c5",
      "810cc41e-c9a3-4cab-8224-80d32db07702"
    ],
    "is_active": true,
    "next_approver": null,
    "is_staff": false,
    "username": "inceptos",
    "first_name": "inceptos",
    "proxy_user": null,
    "date_joined": "2015-11-17T06:02:35.958Z",
    "password": "pbkdf2_sha256$20000$Z0duKhgYks9E$glNLCwuQ2UVV3scHCYpTFQ8Qd3sMiKt68rGjsEo3GNg=",
    "password_length": null,
    "deleted": null,
    "email": "myemail@mail.com",
    "role": "a3cdac3a-0e2a-46c6-b927-c552ca44dcd9",
    "auth_currency": "2c969193-0896-42cd-9531-f42717397248",
    "modified": "2015-11-17T06:02:36.087Z",
    "password_change": "2015-11-17T06:02:36.070Z",
    "created": "2015-11-17T06:02:36.074Z",
    "last_name": "inceptos",
    "password_history": "[\"pbkdf2_sha256$20000$XRR7CfQrCHfw$tYaHRbyJ7ffQ/sprUNdFqXrr5thTyMOooTo5nEZr+K4=\"]"
  },
  "model": "person.person"
},
{
  "pk": "30f530c4-ce6c-4724-9cfd-37a16e787076",
  "fields": {
    "last_login": null,
    "groups": [
      5
    ],
    "proxy_end_date": null,
    "is_superuser": false,
    "password_one_time": null,
    "proxy_status": null,
    "auth_amount": "0.0000",
    "locale": null,
    "title": "integer",
    "status": "1a3ffcb1-2f4a-4968-bb37-6849388df218",
    "proxy_start_date": null,
    "user_permissions": [],
    "accept_notify": true,
    "employee_id": null,
    "fullname": "integer integer",
    "middle_initial": null,
    "password_expire_date": "2016-02-15",
    "accept_assign": true,
    "locations": [],
    "is_active": true,
    "next_approver": null,
    "is_staff": false,
    "username": "integer",
    "first_name": "integer",
    "proxy_user": null,
    "date_joined": "2015-11-17T06:02:36.095Z",
    "password": "pbkdf2_sha256$20000$dnWQvN2RLPCu$uboq+d2HKgu+XMqtyyNJaalt9yc76FF8raYBWMbaC+I=",
    "password_length": null,
    "deleted": null,
    "email": "myemail@mail.com",
    "role": "a1d5e1d6-9aac-4e7a-8e22-08bc3b7a02a6",
    "auth_currency": "2c969193-0896-42cd-9531-f42717397248",
    "modified": "2015-11-17T06:02:36.216Z",
    "password_change": "2015-11-17T06:02:36.202Z",
    "created": "2015-11-17T06:02:36.206Z",
    "last_name": "integer",
    "password_history": "[\"pbkdf2_sha256$20000$VKltjxstETPb$2/N+kJi5dNW+VH1viyOxYHNWAoPGHAJ7Kvu2c50GIfc=\"]"
  },
  "model": "person.person"
},
{
  "pk": "30f530c4-ce6c-4724-9cfd-37a16e787077",
  "fields": {
    "last_login": null,
    "groups": [
      5
    ],
    "proxy_end_date": null,
    "is_superuser": false,
    "password_one_time": null,
    "proxy_status": null,
    "auth_amount": "0.0000",
    "locale": null,
    "title": "interdum",
    "status": "1a3ffcb1-2f4a-4968-bb37-6849388df218",
    "proxy_start_date": null,
    "user_permissions": [],
    "accept_notify": true,
    "employee_id": null,
    "fullname": "interdum interdum",
    "middle_initial": null,
    "password_expire_date": "2016-02-15",
    "accept_assign": true,
    "locations": [],
    "is_active": true,
    "next_approver": null,
    "is_staff": false,
    "username": "interdum",
    "first_name": "interdum",
    "proxy_user": null,
    "date_joined": "2015-11-17T06:02:36.224Z",
    "password": "pbkdf2_sha256$20000$MsKm8UBhpzjd$n53AyMaKnc2KSazH5pW2EMnCT+x5Nxn28AFlK1YNcw8=",
    "password_length": null,
    "deleted": null,
    "email": "myemail@mail.com",
    "role": "a1d5e1d6-9aac-4e7a-8e22-08bc3b7a02a6",
    "auth_currency": "2c969193-0896-42cd-9531-f42717397248",
    "modified": "2015-11-17T06:02:36.343Z",
    "password_change": "2015-11-17T06:02:36.331Z",
    "created": "2015-11-17T06:02:36.335Z",
    "last_name": "interdum",
    "password_history": "[\"pbkdf2_sha256$20000$XfA8tNIQHsPE$9KWD1ReCTgP4JHACJnYnn6PX93RWrMqmBZbagCLRIg0=\"]"
  },
  "model": "person.person"
},
{
  "pk": "30f530c4-ce6c-4724-9cfd-37a16e787078",
  "fields": {
    "last_login": null,
    "groups": [
      5
    ],
    "proxy_end_date": null,
    "is_superuser": false,
    "password_one_time": null,
    "proxy_status": null,
    "auth_amount": "0.0000",
    "locale": null,
    "title": "ipsum",
    "status": "1a3ffcb1-2f4a-4968-bb37-6849388df218",
    "proxy_start_date": null,
    "user_permissions": [],
    "accept_notify": true,
    "employee_id": null,
    "fullname": "ipsum ipsum",
    "middle_initial": null,
    "password_expire_date": "2016-02-15",
    "accept_assign": true,
    "locations": [],
    "is_active": true,
    "next_approver": null,
    "is_staff": false,
    "username": "ipsum",
    "first_name": "ipsum",
    "proxy_user": null,
    "date_joined": "2015-11-17T06:02:36.351Z",
    "password": "pbkdf2_sha256$20000$1EvgeXAQSoAc$vCO9jL8yMFl/2pQ4jpwJ8tId9NeKcS2HZeSM3tf9XYA=",
    "password_length": null,
    "deleted": null,
    "email": "myemail@mail.com",
    "role": "a1d5e1d6-9aac-4e7a-8e22-08bc3b7a02a6",
    "auth_currency": "2c969193-0896-42cd-9531-f42717397248",
    "modified": "2015-11-17T06:02:36.464Z",
    "password_change": "2015-11-17T06:02:36.454Z",
    "created": "2015-11-17T06:02:36.459Z",
    "last_name": "ipsum",
    "password_history": "[\"pbkdf2_sha256$20000$FYTWjjTiRAmS$D1bF1sJ0v/ninR65orHY1jUgegH+Ln8OklXywv7ntMc=\"]"
  },
  "model": "person.person"
},
{
  "pk": "30f530c4-ce6c-4724-9cfd-37a16e787079",
  "fields": {
    "last_login": null,
    "groups": [
      2
    ],
    "proxy_end_date": null,
    "is_superuser": false,
    "password_one_time": null,
    "proxy_status": null,
    "auth_amount": "0.0000",
    "locale": null,
    "title": "justo",
    "status": "1a3ffcb1-2f4a-4968-bb37-6849388df218",
    "proxy_start_date": null,
    "user_permissions": [],
    "accept_notify": true,
    "employee_id": null,
    "fullname": "justo justo",
    "middle_initial": null,
    "password_expire_date": "2016-02-15",
    "accept_assign": true,
    "locations": [
      "989b13df-f38b-442c-918d-eb9ef62da824",
      "6e58c2c8-2516-4e10-b72f-879a1d99dcbf",
      "c6203b3b-6976-46ef-9c00-142c622275c5",
      "810cc41e-c9a3-4cab-8224-80d32db07702"
    ],
    "is_active": true,
    "next_approver": null,
    "is_staff": false,
    "username": "justo",
    "first_name": "justo",
    "proxy_user": null,
    "date_joined": "2015-11-17T06:02:36.471Z",
    "password": "pbkdf2_sha256$20000$Au2W12wPQJNy$ytFB87uYDkEawYRdMmv69bb2HRItfT0Tw/shwrv6qc8=",
    "password_length": null,
    "deleted": null,
    "email": "myemail@mail.com",
    "role": "a3cdac3a-0e2a-46c6-b927-c552ca44dcd9",
    "auth_currency": "2c969193-0896-42cd-9531-f42717397248",
    "modified": "2015-11-17T06:02:36.595Z",
    "password_change": "2015-11-17T06:02:36.577Z",
    "created": "2015-11-17T06:02:36.581Z",
    "last_name": "justo",
    "password_history": "[\"pbkdf2_sha256$20000$0y4BIs47TPBY$uJlHfM/h+mdxMwQmbtnfHAG/JBsetkpFXMzF7lDOBEQ=\"]"
  },
  "model": "person.person"
},
{
  "pk": "30f530c4-ce6c-4724-9cfd-37a16e787080",
  "fields": {
    "last_login": null,
    "groups": [
      3
    ],
    "proxy_end_date": null,
    "is_superuser": false,
    "password_one_time": null,
    "proxy_status": null,
    "auth_amount": "0.0000",
    "locale": null,
    "title": "lacinia",
    "status": "1a3ffcb1-2f4a-4968-bb37-6849388df218",
    "proxy_start_date": null,
    "user_permissions": [],
    "accept_notify": true,
    "employee_id": null,
    "fullname": "lacinia lacinia",
    "middle_initial": null,
    "password_expire_date": "2016-02-15",
    "accept_assign": true,
    "locations": [],
    "is_active": true,
    "next_approver": null,
    "is_staff": false,
    "username": "lacinia",
    "first_name": "lacinia",
    "proxy_user": null,
    "date_joined": "2015-11-17T06:02:36.602Z",
    "password": "pbkdf2_sha256$20000$8D3awMaE9xGs$oo9use4hquk7W3LwjQ/OJyRBWphSgHJ458cLEBWxgn8=",
    "password_length": null,
    "deleted": null,
    "email": "myemail@mail.com",
    "role": "06b3578e-4d32-430f-bc29-e97f79db042b",
    "auth_currency": "2c969193-0896-42cd-9531-f42717397248",
    "modified": "2015-11-17T06:02:36.731Z",
    "password_change": "2015-11-17T06:02:36.719Z",
    "created": "2015-11-17T06:02:36.723Z",
    "last_name": "lacinia",
    "password_history": "[\"pbkdf2_sha256$20000$eKau7Z5uSnJk$9Wh0j1jm1BG265ZbKriRs4yZxv1g3WhfuEfMV/oiap4=\"]"
  },
  "model": "person.person"
},
{
  "pk": "30f530c4-ce6c-4724-9cfd-37a16e787081",
  "fields": {
    "last_login": null,
    "groups": [
      3
    ],
    "proxy_end_date": null,
    "is_superuser": false,
    "password_one_time": null,
    "proxy_status": null,
    "auth_amount": "0.0000",
    "locale": null,
    "title": "lacus",
    "status": "1a3ffcb1-2f4a-4968-bb37-6849388df218",
    "proxy_start_date": null,
    "user_permissions": [],
    "accept_notify": true,
    "employee_id": null,
    "fullname": "lacus lacus",
    "middle_initial": null,
    "password_expire_date": "2016-02-15",
    "accept_assign": true,
    "locations": [],
    "is_active": true,
    "next_approver": null,
    "is_staff": false,
    "username": "lacus",
    "first_name": "lacus",
    "proxy_user": null,
    "date_joined": "2015-11-17T06:02:36.739Z",
    "password": "pbkdf2_sha256$20000$Ymt8nmOy6FQj$vaD5G9emfopFp//MgzjA0gunUXZRtjvzbAnFWZL4FXc=",
    "password_length": null,
    "deleted": null,
    "email": "myemail@mail.com",
    "role": "06b3578e-4d32-430f-bc29-e97f79db042b",
    "auth_currency": "2c969193-0896-42cd-9531-f42717397248",
    "modified": "2015-11-17T06:02:36.863Z",
    "password_change": "2015-11-17T06:02:36.848Z",
    "created": "2015-11-17T06:02:36.853Z",
    "last_name": "lacus",
    "password_history": "[\"pbkdf2_sha256$20000$ZI7CCqtzKynm$bgZeimxHmZ+WRbjpDtE/6xpdMZwBnWBDxteNyhzC2p0=\"]"
  },
  "model": "person.person"
},
{
  "pk": "30f530c4-ce6c-4724-9cfd-37a16e787082",
  "fields": {
    "last_login": null,
    "groups": [
      1
    ],
    "proxy_end_date": null,
    "is_superuser": false,
    "password_one_time": null,
    "proxy_status": null,
    "auth_amount": "0.0000",
    "locale": null,
    "title": "laoreet",
    "status": "1a3ffcb1-2f4a-4968-bb37-6849388df218",
    "proxy_start_date": null,
    "user_permissions": [],
    "accept_notify": true,
    "employee_id": null,
    "fullname": "laoreet laoreet",
    "middle_initial": null,
    "password_expire_date": "2016-02-15",
    "accept_assign": true,
    "locations": [
      "4f3bcf21-4a4a-4ff6-94f5-4d419f5ca0c9",
      "77b9931c-a3ca-4477-94b7-ec96dd77f534"
    ],
    "is_active": true,
    "next_approver": null,
    "is_staff": false,
    "username": "laoreet",
    "first_name": "laoreet",
    "proxy_user": null,
    "date_joined": "2015-11-17T06:02:36.871Z",
    "password": "pbkdf2_sha256$20000$GrY00OOFP6P2$B6+R1id2gju/JDL9HMIgdj5FD/FwPmn8krEC74EMGNM=",
    "password_length": null,
    "deleted": null,
    "email": "myemail@mail.com",
    "role": "043bbb62-2a39-4dcf-a292-e67064f5f766",
    "auth_currency": "2c969193-0896-42cd-9531-f42717397248",
    "modified": "2015-11-17T06:02:36.996Z",
    "password_change": "2015-11-17T06:02:36.979Z",
    "created": "2015-11-17T06:02:36.983Z",
    "last_name": "laoreet",
    "password_history": "[\"pbkdf2_sha256$20000$FeTLNNJEQco2$VV0lHboSho8y22AKcjzk0h1bmSeaixhZOSkD5lFuP2g=\"]"
  },
  "model": "person.person"
},
{
  "pk": "30f530c4-ce6c-4724-9cfd-37a16e787083",
  "fields": {
    "last_login": null,
    "groups": [
      5
    ],
    "proxy_end_date": null,
    "is_superuser": false,
    "password_one_time": null,
    "proxy_status": null,
    "auth_amount": "0.0000",
    "locale": null,
    "title": "lectus",
    "status": "1a3ffcb1-2f4a-4968-bb37-6849388df218",
    "proxy_start_date": null,
    "user_permissions": [],
    "accept_notify": true,
    "employee_id": null,
    "fullname": "lectus lectus",
    "middle_initial": null,
    "password_expire_date": "2016-02-15",
    "accept_assign": true,
    "locations": [],
    "is_active": true,
    "next_approver": null,
    "is_staff": false,
    "username": "lectus",
    "first_name": "lectus",
    "proxy_user": null,
    "date_joined": "2015-11-17T06:02:37.003Z",
    "password": "pbkdf2_sha256$20000$3jlEtsiOnKaC$wOddpC+8gzDq6CgLQTHdXvXOdWWFkzMWrNiA+vFfh7U=",
    "password_length": null,
    "deleted": null,
    "email": "myemail@mail.com",
    "role": "a1d5e1d6-9aac-4e7a-8e22-08bc3b7a02a6",
    "auth_currency": "2c969193-0896-42cd-9531-f42717397248",
    "modified": "2015-11-17T06:02:37.127Z",
    "password_change": "2015-11-17T06:02:37.115Z",
    "created": "2015-11-17T06:02:37.119Z",
    "last_name": "lectus",
    "password_history": "[\"pbkdf2_sha256$20000$rSTfv8vydHCY$lO/7lBvNyBVDd8UvToNxY6NoSaKcSVDDXB1dUcRms58=\"]"
  },
  "model": "person.person"
},
{
  "pk": "30f530c4-ce6c-4724-9cfd-37a16e787084",
  "fields": {
    "last_login": null,
    "groups": [
      4
    ],
    "proxy_end_date": null,
    "is_superuser": false,
    "password_one_time": null,
    "proxy_status": null,
    "auth_amount": "0.0000",
    "locale": null,
    "title": "leo",
    "status": "1a3ffcb1-2f4a-4968-bb37-6849388df218",
    "proxy_start_date": null,
    "user_permissions": [],
    "accept_notify": true,
    "employee_id": null,
    "fullname": "leo leo",
    "middle_initial": null,
    "password_expire_date": "2016-02-15",
    "accept_assign": true,
    "locations": [
      "10cf4558-080f-4146-9e63-93cc9a46f84f",
      "a27cdb12-f9b4-45b2-9ab4-8af03a0831a1",
      "4c575ad3-50c6-489b-b2f6-1ebd5b37f08c",
      "e32b5a73-a6b1-421e-a519-bff5d811feee"
    ],
    "is_active": true,
    "next_approver": null,
    "is_staff": false,
    "username": "leo",
    "first_name": "leo",
    "proxy_user": null,
    "date_joined": "2015-11-17T06:02:37.135Z",
    "password": "pbkdf2_sha256$20000$2qA60OEAKujS$Kva+Qo0rA104XSjeuSAi/jQlshdlYObn7YprHWKahdk=",
    "password_length": null,
    "deleted": null,
    "email": "myemail@mail.com",
    "role": "26b2ce99-5f21-4486-914f-0ee6391cc15b",
    "auth_currency": "2c969193-0896-42cd-9531-f42717397248",
    "modified": "2015-11-17T06:02:37.259Z",
    "password_change": "2015-11-17T06:02:37.239Z",
    "created": "2015-11-17T06:02:37.243Z",
    "last_name": "leo",
    "password_history": "[\"pbkdf2_sha256$20000$rjKF3nRRf9V9$GMR0iU7zBjaZwtLQfoH75b5Mn1gjls/LruevOwJYcxc=\"]"
  },
  "model": "person.person"
},
{
  "pk": "30f530c4-ce6c-4724-9cfd-37a16e787085",
  "fields": {
    "last_login": null,
    "groups": [
      5
    ],
    "proxy_end_date": null,
    "is_superuser": false,
    "password_one_time": null,
    "proxy_status": null,
    "auth_amount": "0.0000",
    "locale": null,
    "title": "libero",
    "status": "1a3ffcb1-2f4a-4968-bb37-6849388df218",
    "proxy_start_date": null,
    "user_permissions": [],
    "accept_notify": true,
    "employee_id": null,
    "fullname": "libero libero",
    "middle_initial": null,
    "password_expire_date": "2016-02-15",
    "accept_assign": true,
    "locations": [],
    "is_active": true,
    "next_approver": null,
    "is_staff": false,
    "username": "libero",
    "first_name": "libero",
    "proxy_user": null,
    "date_joined": "2015-11-17T06:02:37.267Z",
    "password": "pbkdf2_sha256$20000$hgqdLJhy1V48$9uko5zbSHN8L9jHGLsr+SfqtqGHssTSyceaN1juz5Cs=",
    "password_length": null,
    "deleted": null,
    "email": "myemail@mail.com",
    "role": "a1d5e1d6-9aac-4e7a-8e22-08bc3b7a02a6",
    "auth_currency": "2c969193-0896-42cd-9531-f42717397248",
    "modified": "2015-11-17T06:02:37.388Z",
    "password_change": "2015-11-17T06:02:37.376Z",
    "created": "2015-11-17T06:02:37.380Z",
    "last_name": "libero",
    "password_history": "[\"pbkdf2_sha256$20000$HVmO3sMzWmJl$Z7v6heollTunhHWHHNPctoU2l0fxFNQjYgy1BQKyp04=\"]"
  },
  "model": "person.person"
},
{
  "pk": "30f530c4-ce6c-4724-9cfd-37a16e787086",
  "fields": {
    "last_login": null,
    "groups": [
      4
    ],
    "proxy_end_date": null,
    "is_superuser": false,
    "password_one_time": null,
    "proxy_status": null,
    "auth_amount": "0.0000",
    "locale": null,
    "title": "ligula",
    "status": "1a3ffcb1-2f4a-4968-bb37-6849388df218",
    "proxy_start_date": null,
    "user_permissions": [],
    "accept_notify": true,
    "employee_id": null,
    "fullname": "ligula ligula",
    "middle_initial": null,
    "password_expire_date": "2016-02-15",
    "accept_assign": true,
    "locations": [
      "10cf4558-080f-4146-9e63-93cc9a46f84f",
      "a27cdb12-f9b4-45b2-9ab4-8af03a0831a1",
      "4c575ad3-50c6-489b-b2f6-1ebd5b37f08c",
      "e32b5a73-a6b1-421e-a519-bff5d811feee"
    ],
    "is_active": true,
    "next_approver": null,
    "is_staff": false,
    "username": "ligula",
    "first_name": "ligula",
    "proxy_user": null,
    "date_joined": "2015-11-17T06:02:37.395Z",
    "password": "pbkdf2_sha256$20000$OCrQxOAY4kEJ$MUEg+QAThwP7Di9atYRWrTb0svWdMtY48ClHXM/Jh1U=",
    "password_length": null,
    "deleted": null,
    "email": "myemail@mail.com",
    "role": "26b2ce99-5f21-4486-914f-0ee6391cc15b",
    "auth_currency": "2c969193-0896-42cd-9531-f42717397248",
    "modified": "2015-11-17T06:02:37.522Z",
    "password_change": "2015-11-17T06:02:37.503Z",
    "created": "2015-11-17T06:02:37.507Z",
    "last_name": "ligula",
    "password_history": "[\"pbkdf2_sha256$20000$AQEkAEVIRG9C$WUTyH/D0YmGQ1SYeSjGfC6aD+t/V7IdzJWxCWkeguGw=\"]"
  },
  "model": "person.person"
},
{
  "pk": "30f530c4-ce6c-4724-9cfd-37a16e787087",
  "fields": {
    "last_login": null,
    "groups": [
      5
    ],
    "proxy_end_date": null,
    "is_superuser": false,
    "password_one_time": null,
    "proxy_status": null,
    "auth_amount": "0.0000",
    "locale": null,
    "title": "litora",
    "status": "1a3ffcb1-2f4a-4968-bb37-6849388df218",
    "proxy_start_date": null,
    "user_permissions": [],
    "accept_notify": true,
    "employee_id": null,
    "fullname": "litora litora",
    "middle_initial": null,
    "password_expire_date": "2016-02-15",
    "accept_assign": true,
    "locations": [],
    "is_active": true,
    "next_approver": null,
    "is_staff": false,
    "username": "litora",
    "first_name": "litora",
    "proxy_user": null,
    "date_joined": "2015-11-17T06:02:37.529Z",
    "password": "pbkdf2_sha256$20000$ES0qzbfT76Wn$6TL8tnNgqYN4t/0YZk3Lcq43o7/UJ16qknoWFpBiQiU=",
    "password_length": null,
    "deleted": null,
    "email": "myemail@mail.com",
    "role": "a1d5e1d6-9aac-4e7a-8e22-08bc3b7a02a6",
    "auth_currency": "2c969193-0896-42cd-9531-f42717397248",
    "modified": "2015-11-17T06:02:37.651Z",
    "password_change": "2015-11-17T06:02:37.639Z",
    "created": "2015-11-17T06:02:37.643Z",
    "last_name": "litora",
    "password_history": "[\"pbkdf2_sha256$20000$bhRDyU3O0hVK$TSo69/rHD8pCTsIte5qhrIRCrpJXHD/zYehDwEMNmqw=\"]"
  },
  "model": "person.person"
},
{
  "pk": "30f530c4-ce6c-4724-9cfd-37a16e787088",
  "fields": {
    "last_login": null,
    "groups": [
      1
    ],
    "proxy_end_date": null,
    "is_superuser": false,
    "password_one_time": null,
    "proxy_status": null,
    "auth_amount": "0.0000",
    "locale": null,
    "title": "lobortis",
    "status": "1a3ffcb1-2f4a-4968-bb37-6849388df218",
    "proxy_start_date": null,
    "user_permissions": [],
    "accept_notify": true,
    "employee_id": null,
    "fullname": "lobortis lobortis",
    "middle_initial": null,
    "password_expire_date": "2016-02-15",
    "accept_assign": true,
    "locations": [
      "4f3bcf21-4a4a-4ff6-94f5-4d419f5ca0c9",
      "77b9931c-a3ca-4477-94b7-ec96dd77f534"
    ],
    "is_active": true,
    "next_approver": null,
    "is_staff": false,
    "username": "lobortis",
    "first_name": "lobortis",
    "proxy_user": null,
    "date_joined": "2015-11-17T06:02:37.659Z",
    "password": "pbkdf2_sha256$20000$c5Pax7gURbUC$w61FGFhHtwtOvYyhKl0P9mcfELeZRJ6tj0zDiQW6WAo=",
    "password_length": null,
    "deleted": null,
    "email": "myemail@mail.com",
    "role": "043bbb62-2a39-4dcf-a292-e67064f5f766",
    "auth_currency": "2c969193-0896-42cd-9531-f42717397248",
    "modified": "2015-11-17T06:02:37.795Z",
    "password_change": "2015-11-17T06:02:37.778Z",
    "created": "2015-11-17T06:02:37.782Z",
    "last_name": "lobortis",
    "password_history": "[\"pbkdf2_sha256$20000$lT1iwn6Fpzqb$Fv/vb665+Zz5p31nBnIDjvUrYPY9LqzJsxAymMHh2Dc=\"]"
  },
  "model": "person.person"
},
{
  "pk": "30f530c4-ce6c-4724-9cfd-37a16e787089",
  "fields": {
    "last_login": null,
    "groups": [
      3
    ],
    "proxy_end_date": null,
    "is_superuser": false,
    "password_one_time": null,
    "proxy_status": null,
    "auth_amount": "0.0000",
    "locale": null,
    "title": "lorem",
    "status": "1a3ffcb1-2f4a-4968-bb37-6849388df218",
    "proxy_start_date": null,
    "user_permissions": [],
    "accept_notify": true,
    "employee_id": null,
    "fullname": "lorem lorem",
    "middle_initial": null,
    "password_expire_date": "2016-02-15",
    "accept_assign": true,
    "locations": [],
    "is_active": true,
    "next_approver": null,
    "is_staff": false,
    "username": "lorem",
    "first_name": "lorem",
    "proxy_user": null,
    "date_joined": "2015-11-17T06:02:37.802Z",
    "password": "pbkdf2_sha256$20000$svjE8o29yZm3$VASauffIql9D0xNiE/XQKmFdfd4IBqq2g/M0pBlk2+M=",
    "password_length": null,
    "deleted": null,
    "email": "myemail@mail.com",
    "role": "06b3578e-4d32-430f-bc29-e97f79db042b",
    "auth_currency": "2c969193-0896-42cd-9531-f42717397248",
    "modified": "2015-11-17T06:02:37.927Z",
    "password_change": "2015-11-17T06:02:37.915Z",
    "created": "2015-11-17T06:02:37.919Z",
    "last_name": "lorem",
    "password_history": "[\"pbkdf2_sha256$20000$mfSwQqKOyGTp$/k+uGzOvCbeVZHTMfqCpgUPcTGN0Mr8l+WwaJZFRSyM=\"]"
  },
  "model": "person.person"
},
{
  "pk": "30f530c4-ce6c-4724-9cfd-37a16e787090",
  "fields": {
    "last_login": null,
    "groups": [
      4
    ],
    "proxy_end_date": null,
    "is_superuser": false,
    "password_one_time": null,
    "proxy_status": null,
    "auth_amount": "0.0000",
    "locale": null,
    "title": "luctus",
    "status": "1a3ffcb1-2f4a-4968-bb37-6849388df218",
    "proxy_start_date": null,
    "user_permissions": [],
    "accept_notify": true,
    "employee_id": null,
    "fullname": "luctus luctus",
    "middle_initial": null,
    "password_expire_date": "2016-02-15",
    "accept_assign": true,
    "locations": [
      "10cf4558-080f-4146-9e63-93cc9a46f84f",
      "a27cdb12-f9b4-45b2-9ab4-8af03a0831a1",
      "4c575ad3-50c6-489b-b2f6-1ebd5b37f08c",
      "e32b5a73-a6b1-421e-a519-bff5d811feee"
    ],
    "is_active": true,
    "next_approver": null,
    "is_staff": false,
    "username": "luctus",
    "first_name": "luctus",
    "proxy_user": null,
    "date_joined": "2015-11-17T06:02:37.935Z",
    "password": "pbkdf2_sha256$20000$Tf2g42ruzTZ5$HFYbssqCGtlvh+eGJvTzJwhguui6QPSshTOQvzlo4Hw=",
    "password_length": null,
    "deleted": null,
    "email": "myemail@mail.com",
    "role": "26b2ce99-5f21-4486-914f-0ee6391cc15b",
    "auth_currency": "2c969193-0896-42cd-9531-f42717397248",
    "modified": "2015-11-17T06:02:38.061Z",
    "password_change": "2015-11-17T06:02:38.043Z",
    "created": "2015-11-17T06:02:38.047Z",
    "last_name": "luctus",
    "password_history": "[\"pbkdf2_sha256$20000$amPN6usaHuvH$H51pJynLGPBlwAgbHH4dZigEXJcZE0hxjkQZQeWFuZI=\"]"
  },
  "model": "person.person"
},
{
  "pk": "30f530c4-ce6c-4724-9cfd-37a16e787091",
  "fields": {
    "last_login": null,
    "groups": [
      3
    ],
    "proxy_end_date": null,
    "is_superuser": false,
    "password_one_time": null,
    "proxy_status": null,
    "auth_amount": "0.0000",
    "locale": null,
    "title": "maecenas",
    "status": "1a3ffcb1-2f4a-4968-bb37-6849388df218",
    "proxy_start_date": null,
    "user_permissions": [],
    "accept_notify": true,
    "employee_id": null,
    "fullname": "maecenas maecenas",
    "middle_initial": null,
    "password_expire_date": "2016-02-15",
    "accept_assign": true,
    "locations": [],
    "is_active": true,
    "next_approver": null,
    "is_staff": false,
    "username": "maecenas",
    "first_name": "maecenas",
    "proxy_user": null,
    "date_joined": "2015-11-17T06:02:38.068Z",
    "password": "pbkdf2_sha256$20000$aZPHFOMYTYMk$FQP7gxwF5woieuSyiD3+glQ16cNsl2kOYMbF/UbEe20=",
    "password_length": null,
    "deleted": null,
    "email": "myemail@mail.com",
    "role": "06b3578e-4d32-430f-bc29-e97f79db042b",
    "auth_currency": "2c969193-0896-42cd-9531-f42717397248",
    "modified": "2015-11-17T06:02:38.186Z",
    "password_change": "2015-11-17T06:02:38.173Z",
    "created": "2015-11-17T06:02:38.177Z",
    "last_name": "maecenas",
    "password_history": "[\"pbkdf2_sha256$20000$IcyMJDwekUfY$sMYFEK15mG4P8tgwK3Lbo2xcZq4xrx3Xc3ukrgb5RkI=\"]"
  },
  "model": "person.person"
},
{
  "pk": "30f530c4-ce6c-4724-9cfd-37a16e787092",
  "fields": {
    "last_login": null,
    "groups": [
      2
    ],
    "proxy_end_date": null,
    "is_superuser": false,
    "password_one_time": null,
    "proxy_status": null,
    "auth_amount": "0.0000",
    "locale": null,
    "title": "magna",
    "status": "1a3ffcb1-2f4a-4968-bb37-6849388df218",
    "proxy_start_date": null,
    "user_permissions": [],
    "accept_notify": true,
    "employee_id": null,
    "fullname": "magna magna",
    "middle_initial": null,
    "password_expire_date": "2016-02-15",
    "accept_assign": true,
    "locations": [
      "989b13df-f38b-442c-918d-eb9ef62da824",
      "6e58c2c8-2516-4e10-b72f-879a1d99dcbf",
      "c6203b3b-6976-46ef-9c00-142c622275c5",
      "810cc41e-c9a3-4cab-8224-80d32db07702"
    ],
    "is_active": true,
    "next_approver": null,
    "is_staff": false,
    "username": "magna",
    "first_name": "magna",
    "proxy_user": null,
    "date_joined": "2015-11-17T06:02:38.193Z",
    "password": "pbkdf2_sha256$20000$TrhCt9ZyhhvO$MHE09HE365OcoT8tG/FMqXgQZy8BebiC/3Vc921CUBA=",
    "password_length": null,
    "deleted": null,
    "email": "myemail@mail.com",
    "role": "a3cdac3a-0e2a-46c6-b927-c552ca44dcd9",
    "auth_currency": "2c969193-0896-42cd-9531-f42717397248",
    "modified": "2015-11-17T06:02:38.331Z",
    "password_change": "2015-11-17T06:02:38.302Z",
    "created": "2015-11-17T06:02:38.306Z",
    "last_name": "magna",
    "password_history": "[\"pbkdf2_sha256$20000$W72iZF0b2JV7$BNpYGsrHe4f1/Vox80K2A9c2zQehw23EH+9kuAONAck=\"]"
  },
  "model": "person.person"
},
{
  "pk": "30f530c4-ce6c-4724-9cfd-37a16e787093",
  "fields": {
    "last_login": null,
    "groups": [
      4
    ],
    "proxy_end_date": null,
    "is_superuser": false,
    "password_one_time": null,
    "proxy_status": null,
    "auth_amount": "0.0000",
    "locale": null,
    "title": "magnis",
    "status": "1a3ffcb1-2f4a-4968-bb37-6849388df218",
    "proxy_start_date": null,
    "user_permissions": [],
    "accept_notify": true,
    "employee_id": null,
    "fullname": "magnis magnis",
    "middle_initial": null,
    "password_expire_date": "2016-02-15",
    "accept_assign": true,
    "locations": [
      "10cf4558-080f-4146-9e63-93cc9a46f84f",
      "a27cdb12-f9b4-45b2-9ab4-8af03a0831a1",
      "4c575ad3-50c6-489b-b2f6-1ebd5b37f08c",
      "e32b5a73-a6b1-421e-a519-bff5d811feee"
    ],
    "is_active": true,
    "next_approver": null,
    "is_staff": false,
    "username": "magnis",
    "first_name": "magnis",
    "proxy_user": null,
    "date_joined": "2015-11-17T06:02:38.339Z",
    "password": "pbkdf2_sha256$20000$KiIBVBlBIioP$VbtB60emGuZsvCB/lkzXiGxs2Ul7rJN3oesU2XA8RAQ=",
    "password_length": null,
    "deleted": null,
    "email": "myemail@mail.com",
    "role": "26b2ce99-5f21-4486-914f-0ee6391cc15b",
    "auth_currency": "2c969193-0896-42cd-9531-f42717397248",
    "modified": "2015-11-17T06:02:38.475Z",
    "password_change": "2015-11-17T06:02:38.442Z",
    "created": "2015-11-17T06:02:38.446Z",
    "last_name": "magnis",
    "password_history": "[\"pbkdf2_sha256$20000$Jw8NerRBujxq$0b8SEZ5qs8Ov4/JeqOExjV3v7indJe5RXl/a8T2cXqM=\"]"
  },
  "model": "person.person"
},
{
  "pk": "30f530c4-ce6c-4724-9cfd-37a16e787094",
  "fields": {
    "last_login": null,
    "groups": [
      3
    ],
    "proxy_end_date": null,
    "is_superuser": false,
    "password_one_time": null,
    "proxy_status": null,
    "auth_amount": "0.0000",
    "locale": null,
    "title": "malesuada",
    "status": "1a3ffcb1-2f4a-4968-bb37-6849388df218",
    "proxy_start_date": null,
    "user_permissions": [],
    "accept_notify": true,
    "employee_id": null,
    "fullname": "malesuada malesuada",
    "middle_initial": null,
    "password_expire_date": "2016-02-15",
    "accept_assign": true,
    "locations": [],
    "is_active": true,
    "next_approver": null,
    "is_staff": false,
    "username": "malesuada",
    "first_name": "malesuada",
    "proxy_user": null,
    "date_joined": "2015-11-17T06:02:38.483Z",
    "password": "pbkdf2_sha256$20000$EJTOk65RYbk3$ASILNIzC+MfW1fDziOT2hOkLD30wR6/YNe4vI16Pj8g=",
    "password_length": null,
    "deleted": null,
    "email": "myemail@mail.com",
    "role": "06b3578e-4d32-430f-bc29-e97f79db042b",
    "auth_currency": "2c969193-0896-42cd-9531-f42717397248",
    "modified": "2015-11-17T06:02:38.607Z",
    "password_change": "2015-11-17T06:02:38.593Z",
    "created": "2015-11-17T06:02:38.598Z",
    "last_name": "malesuada",
    "password_history": "[\"pbkdf2_sha256$20000$WR5lgnSYQorH$CNngFeZXR2eE5FupeMReg10JDxIz8PrT40c4VNuiRwA=\"]"
  },
  "model": "person.person"
},
{
  "pk": "30f530c4-ce6c-4724-9cfd-37a16e787095",
  "fields": {
    "last_login": null,
    "groups": [
      4
    ],
    "proxy_end_date": null,
    "is_superuser": false,
    "password_one_time": null,
    "proxy_status": null,
    "auth_amount": "0.0000",
    "locale": null,
    "title": "massa",
    "status": "1a3ffcb1-2f4a-4968-bb37-6849388df218",
    "proxy_start_date": null,
    "user_permissions": [],
    "accept_notify": true,
    "employee_id": null,
    "fullname": "massa massa",
    "middle_initial": null,
    "password_expire_date": "2016-02-15",
    "accept_assign": true,
    "locations": [
      "10cf4558-080f-4146-9e63-93cc9a46f84f",
      "a27cdb12-f9b4-45b2-9ab4-8af03a0831a1",
      "4c575ad3-50c6-489b-b2f6-1ebd5b37f08c",
      "e32b5a73-a6b1-421e-a519-bff5d811feee"
    ],
    "is_active": true,
    "next_approver": null,
    "is_staff": false,
    "username": "massa",
    "first_name": "massa",
    "proxy_user": null,
    "date_joined": "2015-11-17T06:02:38.614Z",
    "password": "pbkdf2_sha256$20000$5mhkSxSlkNz4$Vo0YpVUbURSMu2E+K56jKmI/+fNlJVdNYJtvp520Nc4=",
    "password_length": null,
    "deleted": null,
    "email": "myemail@mail.com",
    "role": "26b2ce99-5f21-4486-914f-0ee6391cc15b",
    "auth_currency": "2c969193-0896-42cd-9531-f42717397248",
    "modified": "2015-11-17T06:02:38.748Z",
    "password_change": "2015-11-17T06:02:38.729Z",
    "created": "2015-11-17T06:02:38.734Z",
    "last_name": "massa",
    "password_history": "[\"pbkdf2_sha256$20000$E6YCcYvGVddv$Efnsb2Rb18SMUtvLiPFIYvupHsgX911tsvUZxNoHxWo=\"]"
  },
  "model": "person.person"
},
{
  "pk": "30f530c4-ce6c-4724-9cfd-37a16e787096",
  "fields": {
    "last_login": null,
    "groups": [
      1
    ],
    "proxy_end_date": null,
    "is_superuser": false,
    "password_one_time": null,
    "proxy_status": null,
    "auth_amount": "0.0000",
    "locale": null,
    "title": "mattis",
    "status": "1a3ffcb1-2f4a-4968-bb37-6849388df218",
    "proxy_start_date": null,
    "user_permissions": [],
    "accept_notify": true,
    "employee_id": null,
    "fullname": "mattis mattis",
    "middle_initial": null,
    "password_expire_date": "2016-02-15",
    "accept_assign": true,
    "locations": [
      "4f3bcf21-4a4a-4ff6-94f5-4d419f5ca0c9",
      "77b9931c-a3ca-4477-94b7-ec96dd77f534"
    ],
    "is_active": true,
    "next_approver": null,
    "is_staff": false,
    "username": "mattis",
    "first_name": "mattis",
    "proxy_user": null,
    "date_joined": "2015-11-17T06:02:38.756Z",
    "password": "pbkdf2_sha256$20000$S4ifdOgzJNUc$kbpfxb2I5fANvkBGiDmc/gbNpjITDDtdegaLBjxBHQ4=",
    "password_length": null,
    "deleted": null,
    "email": "myemail@mail.com",
    "role": "043bbb62-2a39-4dcf-a292-e67064f5f766",
    "auth_currency": "2c969193-0896-42cd-9531-f42717397248",
    "modified": "2015-11-17T06:02:38.875Z",
    "password_change": "2015-11-17T06:02:38.859Z",
    "created": "2015-11-17T06:02:38.863Z",
    "last_name": "mattis",
    "password_history": "[\"pbkdf2_sha256$20000$ePH7c5tJAYdD$CKD1YIQqbJr8+PnZ+/bgOeJx9WyeoMYwXjDueMwSI5Y=\"]"
  },
  "model": "person.person"
},
{
  "pk": "30f530c4-ce6c-4724-9cfd-37a16e787097",
  "fields": {
    "last_login": null,
    "groups": [
      2
    ],
    "proxy_end_date": null,
    "is_superuser": false,
    "password_one_time": null,
    "proxy_status": null,
    "auth_amount": "0.0000",
    "locale": null,
    "title": "mauris",
    "status": "1a3ffcb1-2f4a-4968-bb37-6849388df218",
    "proxy_start_date": null,
    "user_permissions": [],
    "accept_notify": true,
    "employee_id": null,
    "fullname": "mauris mauris",
    "middle_initial": null,
    "password_expire_date": "2016-02-15",
    "accept_assign": true,
    "locations": [
      "989b13df-f38b-442c-918d-eb9ef62da824",
      "6e58c2c8-2516-4e10-b72f-879a1d99dcbf",
      "c6203b3b-6976-46ef-9c00-142c622275c5",
      "810cc41e-c9a3-4cab-8224-80d32db07702"
    ],
    "is_active": true,
    "next_approver": null,
    "is_staff": false,
    "username": "mauris",
    "first_name": "mauris",
    "proxy_user": null,
    "date_joined": "2015-11-17T06:02:38.883Z",
    "password": "pbkdf2_sha256$20000$OH1A4I47TgMh$JavaWXxm6uga8W5bHzC7vX0M5v0CQ5LmKuTBlqw8HyY=",
    "password_length": null,
    "deleted": null,
    "email": "myemail@mail.com",
    "role": "a3cdac3a-0e2a-46c6-b927-c552ca44dcd9",
    "auth_currency": "2c969193-0896-42cd-9531-f42717397248",
    "modified": "2015-11-17T06:02:39.021Z",
    "password_change": "2015-11-17T06:02:39.003Z",
    "created": "2015-11-17T06:02:39.007Z",
    "last_name": "mauris",
    "password_history": "[\"pbkdf2_sha256$20000$3VETRk6Hfmeb$mUkO/D1SKv+Zp9U1IgTUf25Gs8SYviH99eDBIxW0qjs=\"]"
  },
  "model": "person.person"
},
{
  "pk": "30f530c4-ce6c-4724-9cfd-37a16e787098",
  "fields": {
    "last_login": null,
    "groups": [
      5
    ],
    "proxy_end_date": null,
    "is_superuser": false,
    "password_one_time": null,
    "proxy_status": null,
    "auth_amount": "0.0000",
    "locale": null,
    "title": "metus",
    "status": "1a3ffcb1-2f4a-4968-bb37-6849388df218",
    "proxy_start_date": null,
    "user_permissions": [],
    "accept_notify": true,
    "employee_id": null,
    "fullname": "metus metus",
    "middle_initial": null,
    "password_expire_date": "2016-02-15",
    "accept_assign": true,
    "locations": [],
    "is_active": true,
    "next_approver": null,
    "is_staff": false,
    "username": "metus",
    "first_name": "metus",
    "proxy_user": null,
    "date_joined": "2015-11-17T06:02:39.029Z",
    "password": "pbkdf2_sha256$20000$95Cg6L8Lu4Jp$WlaYta+rb5Rgbwy0C8FGm8Kt7rE31IDrFyrmgGRj2Yo=",
    "password_length": null,
    "deleted": null,
    "email": "myemail@mail.com",
    "role": "a1d5e1d6-9aac-4e7a-8e22-08bc3b7a02a6",
    "auth_currency": "2c969193-0896-42cd-9531-f42717397248",
    "modified": "2015-11-17T06:02:39.150Z",
    "password_change": "2015-11-17T06:02:39.138Z",
    "created": "2015-11-17T06:02:39.142Z",
    "last_name": "metus",
    "password_history": "[\"pbkdf2_sha256$20000$xTCctAjXJyLb$5nq6X1v8xrMvafVOAyF3iYNlIAK3DIYf34u2CknPbgQ=\"]"
  },
  "model": "person.person"
},
{
  "pk": "30f530c4-ce6c-4724-9cfd-37a16e787099",
  "fields": {
    "last_login": null,
    "groups": [
      3
    ],
    "proxy_end_date": null,
    "is_superuser": false,
    "password_one_time": null,
    "proxy_status": null,
    "auth_amount": "0.0000",
    "locale": null,
    "title": "mi",
    "status": "1a3ffcb1-2f4a-4968-bb37-6849388df218",
    "proxy_start_date": null,
    "user_permissions": [],
    "accept_notify": true,
    "employee_id": null,
    "fullname": "mi mi",
    "middle_initial": null,
    "password_expire_date": "2016-02-15",
    "accept_assign": true,
    "locations": [],
    "is_active": true,
    "next_approver": null,
    "is_staff": false,
    "username": "mi",
    "first_name": "mi",
    "proxy_user": null,
    "date_joined": "2015-11-17T06:02:39.157Z",
    "password": "pbkdf2_sha256$20000$eJCfwtxpn4r3$Puxyigw85nsn7UDnHu5wBvjFYHsbspa6vZhAHIn/qn0=",
    "password_length": null,
    "deleted": null,
    "email": "myemail@mail.com",
    "role": "06b3578e-4d32-430f-bc29-e97f79db042b",
    "auth_currency": "2c969193-0896-42cd-9531-f42717397248",
    "modified": "2015-11-17T06:02:39.278Z",
    "password_change": "2015-11-17T06:02:39.265Z",
    "created": "2015-11-17T06:02:39.270Z",
    "last_name": "mi",
    "password_history": "[\"pbkdf2_sha256$20000$JxZP68P2jQrj$Fkz/WFz+Np6GW+ncqEWZQcN9aMGRJcfzU8jSjT1/s3I=\"]"
  },
  "model": "person.person"
},
{
  "pk": "30f530c4-ce6c-4724-9cfd-37a16e787100",
  "fields": {
    "last_login": null,
    "groups": [
      5
    ],
    "proxy_end_date": null,
    "is_superuser": false,
    "password_one_time": null,
    "proxy_status": null,
    "auth_amount": "0.0000",
    "locale": null,
    "title": "molestie",
    "status": "1a3ffcb1-2f4a-4968-bb37-6849388df218",
    "proxy_start_date": null,
    "user_permissions": [],
    "accept_notify": true,
    "employee_id": null,
    "fullname": "molestie molestie",
    "middle_initial": null,
    "password_expire_date": "2016-02-15",
    "accept_assign": true,
    "locations": [],
    "is_active": true,
    "next_approver": null,
    "is_staff": false,
    "username": "molestie",
    "first_name": "molestie",
    "proxy_user": null,
    "date_joined": "2015-11-17T06:02:39.286Z",
    "password": "pbkdf2_sha256$20000$IFTk6rpna2lc$UmkzeZ7PXuO5YTzt2yzjvgqIsWbfUIslVAq4qtM5raE=",
    "password_length": null,
    "deleted": null,
    "email": "myemail@mail.com",
    "role": "a1d5e1d6-9aac-4e7a-8e22-08bc3b7a02a6",
    "auth_currency": "2c969193-0896-42cd-9531-f42717397248",
    "modified": "2015-11-17T06:02:39.406Z",
    "password_change": "2015-11-17T06:02:39.393Z",
    "created": "2015-11-17T06:02:39.398Z",
    "last_name": "molestie",
    "password_history": "[\"pbkdf2_sha256$20000$haZ3RIrDAq4G$V0diatfwOzXJZ8Dt2BGA8KHt1v9oD/S6Nf0PsTcAiuk=\"]"
  },
  "model": "person.person"
},
{
  "pk": "30f530c4-ce6c-4724-9cfd-37a16e787101",
  "fields": {
    "last_login": null,
    "groups": [
      1
    ],
    "proxy_end_date": null,
    "is_superuser": false,
    "password_one_time": null,
    "proxy_status": null,
    "auth_amount": "0.0000",
    "locale": null,
    "title": "mollis",
    "status": "1a3ffcb1-2f4a-4968-bb37-6849388df218",
    "proxy_start_date": null,
    "user_permissions": [],
    "accept_notify": true,
    "employee_id": null,
    "fullname": "mollis mollis",
    "middle_initial": null,
    "password_expire_date": "2016-02-15",
    "accept_assign": true,
    "locations": [
      "4f3bcf21-4a4a-4ff6-94f5-4d419f5ca0c9",
      "77b9931c-a3ca-4477-94b7-ec96dd77f534"
    ],
    "is_active": true,
    "next_approver": null,
    "is_staff": false,
    "username": "mollis",
    "first_name": "mollis",
    "proxy_user": null,
    "date_joined": "2015-11-17T06:02:39.413Z",
    "password": "pbkdf2_sha256$20000$PPaxorHOfyAU$XEK7SO3VlnV8S6XUptgruUlda/PdQfgto4uQuZ9xApA=",
    "password_length": null,
    "deleted": null,
    "email": "myemail@mail.com",
    "role": "043bbb62-2a39-4dcf-a292-e67064f5f766",
    "auth_currency": "2c969193-0896-42cd-9531-f42717397248",
    "modified": "2015-11-17T06:02:39.541Z",
    "password_change": "2015-11-17T06:02:39.526Z",
    "created": "2015-11-17T06:02:39.530Z",
    "last_name": "mollis",
    "password_history": "[\"pbkdf2_sha256$20000$d16jBfyFSLCe$CBIGKsTtqkc4mIQKNivbL72eivLf2nhQXDAh4ZAYFhI=\"]"
  },
  "model": "person.person"
},
{
  "pk": "30f530c4-ce6c-4724-9cfd-37a16e787102",
  "fields": {
    "last_login": null,
    "groups": [
      5
    ],
    "proxy_end_date": null,
    "is_superuser": false,
    "password_one_time": null,
    "proxy_status": null,
    "auth_amount": "0.0000",
    "locale": null,
    "title": "montes",
    "status": "1a3ffcb1-2f4a-4968-bb37-6849388df218",
    "proxy_start_date": null,
    "user_permissions": [],
    "accept_notify": true,
    "employee_id": null,
    "fullname": "montes montes",
    "middle_initial": null,
    "password_expire_date": "2016-02-15",
    "accept_assign": true,
    "locations": [],
    "is_active": true,
    "next_approver": null,
    "is_staff": false,
    "username": "montes",
    "first_name": "montes",
    "proxy_user": null,
    "date_joined": "2015-11-17T06:02:39.549Z",
    "password": "pbkdf2_sha256$20000$lRJrBuKw4CR8$R62Gn9zRIGbjCxU1DfjAfkEV0RRFpaIHOoLF+zePp5c=",
    "password_length": null,
    "deleted": null,
    "email": "myemail@mail.com",
    "role": "a1d5e1d6-9aac-4e7a-8e22-08bc3b7a02a6",
    "auth_currency": "2c969193-0896-42cd-9531-f42717397248",
    "modified": "2015-11-17T06:02:39.675Z",
    "password_change": "2015-11-17T06:02:39.662Z",
    "created": "2015-11-17T06:02:39.666Z",
    "last_name": "montes",
    "password_history": "[\"pbkdf2_sha256$20000$NsgDWOqDbaou$+RwBOaY928/lEOJQVNYDVepJ0PVdPO8u06ZhQg/ptyA=\"]"
  },
  "model": "person.person"
},
{
  "pk": "30f530c4-ce6c-4724-9cfd-37a16e787103",
  "fields": {
    "last_login": null,
    "groups": [
      4
    ],
    "proxy_end_date": null,
    "is_superuser": false,
    "password_one_time": null,
    "proxy_status": null,
    "auth_amount": "0.0000",
    "locale": null,
    "title": "morbi",
    "status": "1a3ffcb1-2f4a-4968-bb37-6849388df218",
    "proxy_start_date": null,
    "user_permissions": [],
    "accept_notify": true,
    "employee_id": null,
    "fullname": "morbi morbi",
    "middle_initial": null,
    "password_expire_date": "2016-02-15",
    "accept_assign": true,
    "locations": [
      "10cf4558-080f-4146-9e63-93cc9a46f84f",
      "a27cdb12-f9b4-45b2-9ab4-8af03a0831a1",
      "4c575ad3-50c6-489b-b2f6-1ebd5b37f08c",
      "e32b5a73-a6b1-421e-a519-bff5d811feee"
    ],
    "is_active": true,
    "next_approver": null,
    "is_staff": false,
    "username": "morbi",
    "first_name": "morbi",
    "proxy_user": null,
    "date_joined": "2015-11-17T06:02:39.683Z",
    "password": "pbkdf2_sha256$20000$XpWYuAKfApmh$EZRr0ulJT2thb4D/zHWKveTRA+RXgEj07ToG9nAphYw=",
    "password_length": null,
    "deleted": null,
    "email": "myemail@mail.com",
    "role": "26b2ce99-5f21-4486-914f-0ee6391cc15b",
    "auth_currency": "2c969193-0896-42cd-9531-f42717397248",
    "modified": "2015-11-17T06:02:39.818Z",
    "password_change": "2015-11-17T06:02:39.798Z",
    "created": "2015-11-17T06:02:39.802Z",
    "last_name": "morbi",
    "password_history": "[\"pbkdf2_sha256$20000$PgnkhuXCSLYg$vcmR7ZpdG0b4fs2e6KnNTMkQrP7zLAGOfcMjxN82/lc=\"]"
  },
  "model": "person.person"
},
{
  "pk": "30f530c4-ce6c-4724-9cfd-37a16e787104",
  "fields": {
    "last_login": null,
    "groups": [
      3
    ],
    "proxy_end_date": null,
    "is_superuser": false,
    "password_one_time": null,
    "proxy_status": null,
    "auth_amount": "0.0000",
    "locale": null,
    "title": "mus",
    "status": "1a3ffcb1-2f4a-4968-bb37-6849388df218",
    "proxy_start_date": null,
    "user_permissions": [],
    "accept_notify": true,
    "employee_id": null,
    "fullname": "mus mus",
    "middle_initial": null,
    "password_expire_date": "2016-02-15",
    "accept_assign": true,
    "locations": [],
    "is_active": true,
    "next_approver": null,
    "is_staff": false,
    "username": "mus",
    "first_name": "mus",
    "proxy_user": null,
    "date_joined": "2015-11-17T06:02:39.826Z",
    "password": "pbkdf2_sha256$20000$qrIaB0o7Gd3g$XeKKtPtLIf+/iVi889thWJkU6hSnvkLbAheEauJU0FE=",
    "password_length": null,
    "deleted": null,
    "email": "myemail@mail.com",
    "role": "06b3578e-4d32-430f-bc29-e97f79db042b",
    "auth_currency": "2c969193-0896-42cd-9531-f42717397248",
    "modified": "2015-11-17T06:02:39.947Z",
    "password_change": "2015-11-17T06:02:39.932Z",
    "created": "2015-11-17T06:02:39.937Z",
    "last_name": "mus",
    "password_history": "[\"pbkdf2_sha256$20000$fdXxsdTEdGyJ$gMtW3HgiCt/xrJcp4UU9kZo0XARAc7byQijY2aFcnYM=\"]"
  },
  "model": "person.person"
},
{
  "pk": "30f530c4-ce6c-4724-9cfd-37a16e787105",
  "fields": {
    "last_login": null,
    "groups": [
      3
    ],
    "proxy_end_date": null,
    "is_superuser": false,
    "password_one_time": null,
    "proxy_status": null,
    "auth_amount": "0.0000",
    "locale": null,
    "title": "nam",
    "status": "1a3ffcb1-2f4a-4968-bb37-6849388df218",
    "proxy_start_date": null,
    "user_permissions": [],
    "accept_notify": true,
    "employee_id": null,
    "fullname": "nam nam",
    "middle_initial": null,
    "password_expire_date": "2016-02-15",
    "accept_assign": true,
    "locations": [],
    "is_active": true,
    "next_approver": null,
    "is_staff": false,
    "username": "nam",
    "first_name": "nam",
    "proxy_user": null,
    "date_joined": "2015-11-17T06:02:39.955Z",
    "password": "pbkdf2_sha256$20000$dMo1nyPbRREy$LLx0yrrnwc9HoO2SrsuRiVRjDklGNMNvPzIMxhwDhEo=",
    "password_length": null,
    "deleted": null,
    "email": "myemail@mail.com",
    "role": "06b3578e-4d32-430f-bc29-e97f79db042b",
    "auth_currency": "2c969193-0896-42cd-9531-f42717397248",
    "modified": "2015-11-17T06:02:40.076Z",
    "password_change": "2015-11-17T06:02:40.064Z",
    "created": "2015-11-17T06:02:40.068Z",
    "last_name": "nam",
    "password_history": "[\"pbkdf2_sha256$20000$8I31GSLg4k2Q$kw9U8YHFM3qEhfmX6XRthXWI7Q9FHzvivGhTs8rZKEE=\"]"
  },
  "model": "person.person"
},
{
  "pk": "30f530c4-ce6c-4724-9cfd-37a16e787106",
  "fields": {
    "last_login": null,
    "groups": [
      5
    ],
    "proxy_end_date": null,
    "is_superuser": false,
    "password_one_time": null,
    "proxy_status": null,
    "auth_amount": "0.0000",
    "locale": null,
    "title": "nascetur",
    "status": "1a3ffcb1-2f4a-4968-bb37-6849388df218",
    "proxy_start_date": null,
    "user_permissions": [],
    "accept_notify": true,
    "employee_id": null,
    "fullname": "nascetur nascetur",
    "middle_initial": null,
    "password_expire_date": "2016-02-15",
    "accept_assign": true,
    "locations": [],
    "is_active": true,
    "next_approver": null,
    "is_staff": false,
    "username": "nascetur",
    "first_name": "nascetur",
    "proxy_user": null,
    "date_joined": "2015-11-17T06:02:40.084Z",
    "password": "pbkdf2_sha256$20000$LcmP6qhkQhGN$pZooI9asiZRWvHNw3VDyiS1joKgbpO6l4oBrSjUqmTg=",
    "password_length": null,
    "deleted": null,
    "email": "myemail@mail.com",
    "role": "a1d5e1d6-9aac-4e7a-8e22-08bc3b7a02a6",
    "auth_currency": "2c969193-0896-42cd-9531-f42717397248",
    "modified": "2015-11-17T06:02:40.213Z",
    "password_change": "2015-11-17T06:02:40.198Z",
    "created": "2015-11-17T06:02:40.203Z",
    "last_name": "nascetur",
    "password_history": "[\"pbkdf2_sha256$20000$PrtQuUzSsmLd$jIXhy69GqMwfO1qfW1DXTE3nh9BaDix5SYCn2IIZMCs=\"]"
  },
  "model": "person.person"
},
{
  "pk": "30f530c4-ce6c-4724-9cfd-37a16e787107",
  "fields": {
    "last_login": null,
    "groups": [
      3
    ],
    "proxy_end_date": null,
    "is_superuser": false,
    "password_one_time": null,
    "proxy_status": null,
    "auth_amount": "0.0000",
    "locale": null,
    "title": "natoque",
    "status": "1a3ffcb1-2f4a-4968-bb37-6849388df218",
    "proxy_start_date": null,
    "user_permissions": [],
    "accept_notify": true,
    "employee_id": null,
    "fullname": "natoque natoque",
    "middle_initial": null,
    "password_expire_date": "2016-02-15",
    "accept_assign": true,
    "locations": [],
    "is_active": true,
    "next_approver": null,
    "is_staff": false,
    "username": "natoque",
    "first_name": "natoque",
    "proxy_user": null,
    "date_joined": "2015-11-17T06:02:40.221Z",
    "password": "pbkdf2_sha256$20000$upoxDDGg6RD6$f20u28GGeW7q0Mbuinc9t7bAEmyaqh290qtdiObTRA0=",
    "password_length": null,
    "deleted": null,
    "email": "myemail@mail.com",
    "role": "06b3578e-4d32-430f-bc29-e97f79db042b",
    "auth_currency": "2c969193-0896-42cd-9531-f42717397248",
    "modified": "2015-11-17T06:02:40.353Z",
    "password_change": "2015-11-17T06:02:40.341Z",
    "created": "2015-11-17T06:02:40.345Z",
    "last_name": "natoque",
    "password_history": "[\"pbkdf2_sha256$20000$qBqnBpP55Srf$RhMFQ6GB//zHDfL3hXO8yPLYP7q4db9UWOzrx5huzgw=\"]"
  },
  "model": "person.person"
},
{
  "pk": "30f530c4-ce6c-4724-9cfd-37a16e787108",
  "fields": {
    "last_login": null,
    "groups": [
      4
    ],
    "proxy_end_date": null,
    "is_superuser": false,
    "password_one_time": null,
    "proxy_status": null,
    "auth_amount": "0.0000",
    "locale": null,
    "title": "nec",
    "status": "1a3ffcb1-2f4a-4968-bb37-6849388df218",
    "proxy_start_date": null,
    "user_permissions": [],
    "accept_notify": true,
    "employee_id": null,
    "fullname": "nec nec",
    "middle_initial": null,
    "password_expire_date": "2016-02-15",
    "accept_assign": true,
    "locations": [
      "10cf4558-080f-4146-9e63-93cc9a46f84f",
      "a27cdb12-f9b4-45b2-9ab4-8af03a0831a1",
      "4c575ad3-50c6-489b-b2f6-1ebd5b37f08c",
      "e32b5a73-a6b1-421e-a519-bff5d811feee"
    ],
    "is_active": true,
    "next_approver": null,
    "is_staff": false,
    "username": "nec",
    "first_name": "nec",
    "proxy_user": null,
    "date_joined": "2015-11-17T06:02:40.360Z",
    "password": "pbkdf2_sha256$20000$7A2IpcHOJQeR$rgRsl+ueRc1b4y0hqelr7k2e7vIvLzUt2Wq8OWWvfrg=",
    "password_length": null,
    "deleted": null,
    "email": "myemail@mail.com",
    "role": "26b2ce99-5f21-4486-914f-0ee6391cc15b",
    "auth_currency": "2c969193-0896-42cd-9531-f42717397248",
    "modified": "2015-11-17T06:02:40.482Z",
    "password_change": "2015-11-17T06:02:40.464Z",
    "created": "2015-11-17T06:02:40.468Z",
    "last_name": "nec",
    "password_history": "[\"pbkdf2_sha256$20000$A8kfOoZD2bSM$NA3cMYkU1BjUuhls1hqs/fJfTRI6JqQgMU1+xHQhleY=\"]"
  },
  "model": "person.person"
},
{
  "pk": "30f530c4-ce6c-4724-9cfd-37a16e787109",
  "fields": {
    "last_login": null,
    "groups": [
      2
    ],
    "proxy_end_date": null,
    "is_superuser": false,
    "password_one_time": null,
    "proxy_status": null,
    "auth_amount": "0.0000",
    "locale": null,
    "title": "neque",
    "status": "1a3ffcb1-2f4a-4968-bb37-6849388df218",
    "proxy_start_date": null,
    "user_permissions": [],
    "accept_notify": true,
    "employee_id": null,
    "fullname": "neque neque",
    "middle_initial": null,
    "password_expire_date": "2016-02-15",
    "accept_assign": true,
    "locations": [
      "989b13df-f38b-442c-918d-eb9ef62da824",
      "6e58c2c8-2516-4e10-b72f-879a1d99dcbf",
      "c6203b3b-6976-46ef-9c00-142c622275c5",
      "810cc41e-c9a3-4cab-8224-80d32db07702"
    ],
    "is_active": true,
    "next_approver": null,
    "is_staff": false,
    "username": "neque",
    "first_name": "neque",
    "proxy_user": null,
    "date_joined": "2015-11-17T06:02:40.490Z",
    "password": "pbkdf2_sha256$20000$Phux19ZjAZXD$8beZ1TgsrnFgcdSr41bkdS12vVN7jr1sb95xEdBjBh0=",
    "password_length": null,
    "deleted": null,
    "email": "myemail@mail.com",
    "role": "a3cdac3a-0e2a-46c6-b927-c552ca44dcd9",
    "auth_currency": "2c969193-0896-42cd-9531-f42717397248",
    "modified": "2015-11-17T06:02:40.617Z",
    "password_change": "2015-11-17T06:02:40.597Z",
    "created": "2015-11-17T06:02:40.601Z",
    "last_name": "neque",
    "password_history": "[\"pbkdf2_sha256$20000$sgcTA2hBbony$pLF/QSJU9yQVbOZ0I4hWF0pjPqghbeunwCpuoe8S3bE=\"]"
  },
  "model": "person.person"
},
{
  "pk": "30f530c4-ce6c-4724-9cfd-37a16e787110",
  "fields": {
    "last_login": null,
    "groups": [
      2
    ],
    "proxy_end_date": null,
    "is_superuser": false,
    "password_one_time": null,
    "proxy_status": null,
    "auth_amount": "0.0000",
    "locale": null,
    "title": "netus",
    "status": "1a3ffcb1-2f4a-4968-bb37-6849388df218",
    "proxy_start_date": null,
    "user_permissions": [],
    "accept_notify": true,
    "employee_id": null,
    "fullname": "netus netus",
    "middle_initial": null,
    "password_expire_date": "2016-02-15",
    "accept_assign": true,
    "locations": [
      "989b13df-f38b-442c-918d-eb9ef62da824",
      "6e58c2c8-2516-4e10-b72f-879a1d99dcbf",
      "c6203b3b-6976-46ef-9c00-142c622275c5",
      "810cc41e-c9a3-4cab-8224-80d32db07702"
    ],
    "is_active": true,
    "next_approver": null,
    "is_staff": false,
    "username": "netus",
    "first_name": "netus",
    "proxy_user": null,
    "date_joined": "2015-11-17T06:02:40.624Z",
    "password": "pbkdf2_sha256$20000$p7sIeApdZuYB$oaBXH6CEjZwzEJG53bF1OQ5UYo5zQvCW66UISkOn5ug=",
    "password_length": null,
    "deleted": null,
    "email": "myemail@mail.com",
    "role": "a3cdac3a-0e2a-46c6-b927-c552ca44dcd9",
    "auth_currency": "2c969193-0896-42cd-9531-f42717397248",
    "modified": "2015-11-17T06:02:40.752Z",
    "password_change": "2015-11-17T06:02:40.733Z",
    "created": "2015-11-17T06:02:40.738Z",
    "last_name": "netus",
    "password_history": "[\"pbkdf2_sha256$20000$I9MLoGL0zdhG$Bs6JJqhZBOAMvPKK7di44LeLKVlOn2cunrvov6nYl4Q=\"]"
  },
  "model": "person.person"
},
{
  "pk": "30f530c4-ce6c-4724-9cfd-37a16e787111",
  "fields": {
    "last_login": null,
    "groups": [
      4
    ],
    "proxy_end_date": null,
    "is_superuser": false,
    "password_one_time": null,
    "proxy_status": null,
    "auth_amount": "0.0000",
    "locale": null,
    "title": "nibh",
    "status": "1a3ffcb1-2f4a-4968-bb37-6849388df218",
    "proxy_start_date": null,
    "user_permissions": [],
    "accept_notify": true,
    "employee_id": null,
    "fullname": "nibh nibh",
    "middle_initial": null,
    "password_expire_date": "2016-02-15",
    "accept_assign": true,
    "locations": [
      "10cf4558-080f-4146-9e63-93cc9a46f84f",
      "a27cdb12-f9b4-45b2-9ab4-8af03a0831a1",
      "4c575ad3-50c6-489b-b2f6-1ebd5b37f08c",
      "e32b5a73-a6b1-421e-a519-bff5d811feee"
    ],
    "is_active": true,
    "next_approver": null,
    "is_staff": false,
    "username": "nibh",
    "first_name": "nibh",
    "proxy_user": null,
    "date_joined": "2015-11-17T06:02:40.760Z",
    "password": "pbkdf2_sha256$20000$0mTa8UJwFbmq$mC7UkYsDFCurKYOI9TENqDKeQZ5uu+x6JeDqRh1D1dQ=",
    "password_length": null,
    "deleted": null,
    "email": "myemail@mail.com",
    "role": "26b2ce99-5f21-4486-914f-0ee6391cc15b",
    "auth_currency": "2c969193-0896-42cd-9531-f42717397248",
    "modified": "2015-11-17T06:02:40.890Z",
    "password_change": "2015-11-17T06:02:40.870Z",
    "created": "2015-11-17T06:02:40.875Z",
    "last_name": "nibh",
    "password_history": "[\"pbkdf2_sha256$20000$hvMq40lSUSeD$TRGanC1cReyORIBwK4PvkvcxG9POtf/n57CJUwCJq1o=\"]"
  },
  "model": "person.person"
},
{
  "pk": "30f530c4-ce6c-4724-9cfd-37a16e787112",
  "fields": {
    "last_login": null,
    "groups": [
      2
    ],
    "proxy_end_date": null,
    "is_superuser": false,
    "password_one_time": null,
    "proxy_status": null,
    "auth_amount": "0.0000",
    "locale": null,
    "title": "nisi",
    "status": "1a3ffcb1-2f4a-4968-bb37-6849388df218",
    "proxy_start_date": null,
    "user_permissions": [],
    "accept_notify": true,
    "employee_id": null,
    "fullname": "nisi nisi",
    "middle_initial": null,
    "password_expire_date": "2016-02-15",
    "accept_assign": true,
    "locations": [
      "989b13df-f38b-442c-918d-eb9ef62da824",
      "6e58c2c8-2516-4e10-b72f-879a1d99dcbf",
      "c6203b3b-6976-46ef-9c00-142c622275c5",
      "810cc41e-c9a3-4cab-8224-80d32db07702"
    ],
    "is_active": true,
    "next_approver": null,
    "is_staff": false,
    "username": "nisi",
    "first_name": "nisi",
    "proxy_user": null,
    "date_joined": "2015-11-17T06:02:40.898Z",
    "password": "pbkdf2_sha256$20000$HG6Wle1Uqr1w$HGGxNF8ZSFz/OQodxPoWpUPyOwQthBh8hi0Q/vgV9o0=",
    "password_length": null,
    "deleted": null,
    "email": "myemail@mail.com",
    "role": "a3cdac3a-0e2a-46c6-b927-c552ca44dcd9",
    "auth_currency": "2c969193-0896-42cd-9531-f42717397248",
    "modified": "2015-11-17T06:02:41.029Z",
    "password_change": "2015-11-17T06:02:41.012Z",
    "created": "2015-11-17T06:02:41.016Z",
    "last_name": "nisi",
    "password_history": "[\"pbkdf2_sha256$20000$yVphIh0tSkK6$3Q1Vz5YK31qs6JjXRQbgpNng0M0n0HynXOfqQ2degwc=\"]"
  },
  "model": "person.person"
},
{
  "pk": "30f530c4-ce6c-4724-9cfd-37a16e787113",
  "fields": {
    "last_login": null,
    "groups": [
      5
    ],
    "proxy_end_date": null,
    "is_superuser": false,
    "password_one_time": null,
    "proxy_status": null,
    "auth_amount": "0.0000",
    "locale": null,
    "title": "nisl",
    "status": "1a3ffcb1-2f4a-4968-bb37-6849388df218",
    "proxy_start_date": null,
    "user_permissions": [],
    "accept_notify": true,
    "employee_id": null,
    "fullname": "nisl nisl",
    "middle_initial": null,
    "password_expire_date": "2016-02-15",
    "accept_assign": true,
    "locations": [],
    "is_active": true,
    "next_approver": null,
    "is_staff": false,
    "username": "nisl",
    "first_name": "nisl",
    "proxy_user": null,
    "date_joined": "2015-11-17T06:02:41.036Z",
    "password": "pbkdf2_sha256$20000$oXr52cwqDlxs$uw3hZi4rvjoo1J/TBmyWoGmGsPztd+j/702PXOBUkaM=",
    "password_length": null,
    "deleted": null,
    "email": "myemail@mail.com",
    "role": "a1d5e1d6-9aac-4e7a-8e22-08bc3b7a02a6",
    "auth_currency": "2c969193-0896-42cd-9531-f42717397248",
    "modified": "2015-11-17T06:02:41.167Z",
    "password_change": "2015-11-17T06:02:41.154Z",
    "created": "2015-11-17T06:02:41.158Z",
    "last_name": "nisl",
    "password_history": "[\"pbkdf2_sha256$20000$gylHS89AJ47P$fCP2HtUPXqGG1suHHp4y4bfZf2h3sInz47QhmsAdGPA=\"]"
  },
  "model": "person.person"
},
{
  "pk": "30f530c4-ce6c-4724-9cfd-37a16e787114",
  "fields": {
    "last_login": null,
    "groups": [
      3
    ],
    "proxy_end_date": null,
    "is_superuser": false,
    "password_one_time": null,
    "proxy_status": null,
    "auth_amount": "0.0000",
    "locale": null,
    "title": "non",
    "status": "1a3ffcb1-2f4a-4968-bb37-6849388df218",
    "proxy_start_date": null,
    "user_permissions": [],
    "accept_notify": true,
    "employee_id": null,
    "fullname": "non non",
    "middle_initial": null,
    "password_expire_date": "2016-02-15",
    "accept_assign": true,
    "locations": [],
    "is_active": true,
    "next_approver": null,
    "is_staff": false,
    "username": "non",
    "first_name": "non",
    "proxy_user": null,
    "date_joined": "2015-11-17T06:02:41.175Z",
    "password": "pbkdf2_sha256$20000$EQflEdDwOYI0$BiPoMk7eg+bBn/HoZT+kLXrUtw9htpHWQmknN12m4tc=",
    "password_length": null,
    "deleted": null,
    "email": "myemail@mail.com",
    "role": "06b3578e-4d32-430f-bc29-e97f79db042b",
    "auth_currency": "2c969193-0896-42cd-9531-f42717397248",
    "modified": "2015-11-17T06:02:41.294Z",
    "password_change": "2015-11-17T06:02:41.282Z",
    "created": "2015-11-17T06:02:41.286Z",
    "last_name": "non",
    "password_history": "[\"pbkdf2_sha256$20000$hrEb7Toi6Zcu$MF9y6RGg1L7sxL8s1xY7Z6NRbypITPJzqrGY55QHcIw=\"]"
  },
  "model": "person.person"
},
{
  "pk": "30f530c4-ce6c-4724-9cfd-37a16e787115",
  "fields": {
    "last_login": null,
    "groups": [
      5
    ],
    "proxy_end_date": null,
    "is_superuser": false,
    "password_one_time": null,
    "proxy_status": null,
    "auth_amount": "0.0000",
    "locale": null,
    "title": "nonummy",
    "status": "1a3ffcb1-2f4a-4968-bb37-6849388df218",
    "proxy_start_date": null,
    "user_permissions": [],
    "accept_notify": true,
    "employee_id": null,
    "fullname": "nonummy nonummy",
    "middle_initial": null,
    "password_expire_date": "2016-02-15",
    "accept_assign": true,
    "locations": [],
    "is_active": true,
    "next_approver": null,
    "is_staff": false,
    "username": "nonummy",
    "first_name": "nonummy",
    "proxy_user": null,
    "date_joined": "2015-11-17T06:02:41.301Z",
    "password": "pbkdf2_sha256$20000$DrtIkCyMg3d3$QcSp/M7Q8PRMMcLyCzaXc+ZR6/c2ZE3Dzt44ahkv15o=",
    "password_length": null,
    "deleted": null,
    "email": "myemail@mail.com",
    "role": "a1d5e1d6-9aac-4e7a-8e22-08bc3b7a02a6",
    "auth_currency": "2c969193-0896-42cd-9531-f42717397248",
    "modified": "2015-11-17T06:02:41.421Z",
    "password_change": "2015-11-17T06:02:41.412Z",
    "created": "2015-11-17T06:02:41.416Z",
    "last_name": "nonummy",
    "password_history": "[\"pbkdf2_sha256$20000$Ws8ubUSumoBL$E2YewoIEYChC8SFquPQkeBow96ayIiFcXDhbtRm/cX4=\"]"
  },
  "model": "person.person"
},
{
  "pk": "30f530c4-ce6c-4724-9cfd-37a16e787116",
  "fields": {
    "last_login": null,
    "groups": [
      2
    ],
    "proxy_end_date": null,
    "is_superuser": false,
    "password_one_time": null,
    "proxy_status": null,
    "auth_amount": "0.0000",
    "locale": null,
    "title": "nostra",
    "status": "1a3ffcb1-2f4a-4968-bb37-6849388df218",
    "proxy_start_date": null,
    "user_permissions": [],
    "accept_notify": true,
    "employee_id": null,
    "fullname": "nostra nostra",
    "middle_initial": null,
    "password_expire_date": "2016-02-15",
    "accept_assign": true,
    "locations": [
      "989b13df-f38b-442c-918d-eb9ef62da824",
      "6e58c2c8-2516-4e10-b72f-879a1d99dcbf",
      "c6203b3b-6976-46ef-9c00-142c622275c5",
      "810cc41e-c9a3-4cab-8224-80d32db07702"
    ],
    "is_active": true,
    "next_approver": null,
    "is_staff": false,
    "username": "nostra",
    "first_name": "nostra",
    "proxy_user": null,
    "date_joined": "2015-11-17T06:02:41.429Z",
    "password": "pbkdf2_sha256$20000$4lhGf82csxev$7jQ1aBpYDn6g6WVCDMP5IuATliIpY6GSBxV0uEGMVSA=",
    "password_length": null,
    "deleted": null,
    "email": "myemail@mail.com",
    "role": "a3cdac3a-0e2a-46c6-b927-c552ca44dcd9",
    "auth_currency": "2c969193-0896-42cd-9531-f42717397248",
    "modified": "2015-11-17T06:02:41.553Z",
    "password_change": "2015-11-17T06:02:41.535Z",
    "created": "2015-11-17T06:02:41.540Z",
    "last_name": "nostra",
    "password_history": "[\"pbkdf2_sha256$20000$H04i0bibI4yS$w4m41V7+JQo/peyZukCPBylDbc8lngApMwnR2Z2uUgg=\"]"
  },
  "model": "person.person"
},
{
  "pk": "30f530c4-ce6c-4724-9cfd-37a16e787117",
  "fields": {
    "last_login": null,
    "groups": [
      3
    ],
    "proxy_end_date": null,
    "is_superuser": false,
    "password_one_time": null,
    "proxy_status": null,
    "auth_amount": "0.0000",
    "locale": null,
    "title": "nulla",
    "status": "1a3ffcb1-2f4a-4968-bb37-6849388df218",
    "proxy_start_date": null,
    "user_permissions": [],
    "accept_notify": true,
    "employee_id": null,
    "fullname": "nulla nulla",
    "middle_initial": null,
    "password_expire_date": "2016-02-15",
    "accept_assign": true,
    "locations": [],
    "is_active": true,
    "next_approver": null,
    "is_staff": false,
    "username": "nulla",
    "first_name": "nulla",
    "proxy_user": null,
    "date_joined": "2015-11-17T06:02:41.561Z",
    "password": "pbkdf2_sha256$20000$R69A258luEd5$3yeYsEvYLIGM573jsUX+bxU889f+BcPlLqDAfmHWsjo=",
    "password_length": null,
    "deleted": null,
    "email": "myemail@mail.com",
    "role": "06b3578e-4d32-430f-bc29-e97f79db042b",
    "auth_currency": "2c969193-0896-42cd-9531-f42717397248",
    "modified": "2015-11-17T06:02:41.680Z",
    "password_change": "2015-11-17T06:02:41.668Z",
    "created": "2015-11-17T06:02:41.672Z",
    "last_name": "nulla",
    "password_history": "[\"pbkdf2_sha256$20000$b2k2gceADZzE$GfkBc7AFfsK1DOfY+J9cm9ZOOflMmXoqpdL+xhOXzE8=\"]"
  },
  "model": "person.person"
},
{
  "pk": "30f530c4-ce6c-4724-9cfd-37a16e787118",
  "fields": {
    "last_login": null,
    "groups": [
      4
    ],
    "proxy_end_date": null,
    "is_superuser": false,
    "password_one_time": null,
    "proxy_status": null,
    "auth_amount": "0.0000",
    "locale": null,
    "title": "nullam",
    "status": "1a3ffcb1-2f4a-4968-bb37-6849388df218",
    "proxy_start_date": null,
    "user_permissions": [],
    "accept_notify": true,
    "employee_id": null,
    "fullname": "nullam nullam",
    "middle_initial": null,
    "password_expire_date": "2016-02-15",
    "accept_assign": true,
    "locations": [
      "10cf4558-080f-4146-9e63-93cc9a46f84f",
      "a27cdb12-f9b4-45b2-9ab4-8af03a0831a1",
      "4c575ad3-50c6-489b-b2f6-1ebd5b37f08c",
      "e32b5a73-a6b1-421e-a519-bff5d811feee"
    ],
    "is_active": true,
    "next_approver": null,
    "is_staff": false,
    "username": "nullam",
    "first_name": "nullam",
    "proxy_user": null,
    "date_joined": "2015-11-17T06:02:41.688Z",
    "password": "pbkdf2_sha256$20000$nZi6p1b02A7C$p3JyLM/dpWkN/UernNYEvsQ9PCZOQUita6hbY1W48x4=",
    "password_length": null,
    "deleted": null,
    "email": "myemail@mail.com",
    "role": "26b2ce99-5f21-4486-914f-0ee6391cc15b",
    "auth_currency": "2c969193-0896-42cd-9531-f42717397248",
    "modified": "2015-11-17T06:02:41.816Z",
    "password_change": "2015-11-17T06:02:41.797Z",
    "created": "2015-11-17T06:02:41.801Z",
    "last_name": "nullam",
    "password_history": "[\"pbkdf2_sha256$20000$7fZkGW54CqZu$VZvLLojtZAlap1lDPP01p/ys1kypgbR4noQw+DOsbc0=\"]"
  },
  "model": "person.person"
},
{
  "pk": "30f530c4-ce6c-4724-9cfd-37a16e787119",
  "fields": {
    "last_login": null,
    "groups": [
      5
    ],
    "proxy_end_date": null,
    "is_superuser": false,
    "password_one_time": null,
    "proxy_status": null,
    "auth_amount": "0.0000",
    "locale": null,
    "title": "nunc",
    "status": "1a3ffcb1-2f4a-4968-bb37-6849388df218",
    "proxy_start_date": null,
    "user_permissions": [],
    "accept_notify": true,
    "employee_id": null,
    "fullname": "nunc nunc",
    "middle_initial": null,
    "password_expire_date": "2016-02-15",
    "accept_assign": true,
    "locations": [],
    "is_active": true,
    "next_approver": null,
    "is_staff": false,
    "username": "nunc",
    "first_name": "nunc",
    "proxy_user": null,
    "date_joined": "2015-11-17T06:02:41.823Z",
    "password": "pbkdf2_sha256$20000$jwJyqQtQA4j5$bJrvL7tfQU4b02CWpU/AQIhyCFiUjfl8K8WGrCzB6uk=",
    "password_length": null,
    "deleted": null,
    "email": "myemail@mail.com",
    "role": "a1d5e1d6-9aac-4e7a-8e22-08bc3b7a02a6",
    "auth_currency": "2c969193-0896-42cd-9531-f42717397248",
    "modified": "2015-11-17T06:02:41.946Z",
    "password_change": "2015-11-17T06:02:41.933Z",
    "created": "2015-11-17T06:02:41.937Z",
    "last_name": "nunc",
    "password_history": "[\"pbkdf2_sha256$20000$usEhHJwh79J9$a8Zu9l6wGmMgkClGHYmilKCs1oiAJhw/YOdU22lQ76w=\"]"
  },
  "model": "person.person"
},
{
  "pk": "30f530c4-ce6c-4724-9cfd-37a16e787120",
  "fields": {
    "last_login": null,
    "groups": [
      3
    ],
    "proxy_end_date": null,
    "is_superuser": false,
    "password_one_time": null,
    "proxy_status": null,
    "auth_amount": "0.0000",
    "locale": null,
    "title": "odio",
    "status": "1a3ffcb1-2f4a-4968-bb37-6849388df218",
    "proxy_start_date": null,
    "user_permissions": [],
    "accept_notify": true,
    "employee_id": null,
    "fullname": "odio odio",
    "middle_initial": null,
    "password_expire_date": "2016-02-15",
    "accept_assign": true,
    "locations": [],
    "is_active": true,
    "next_approver": null,
    "is_staff": false,
    "username": "odio",
    "first_name": "odio",
    "proxy_user": null,
    "date_joined": "2015-11-17T06:02:41.953Z",
    "password": "pbkdf2_sha256$20000$NjEcOsOgpo4d$j2qqusvgpM8ONMXIsnB2eTQaNmVguM0A3BJVh2OguHE=",
    "password_length": null,
    "deleted": null,
    "email": "myemail@mail.com",
    "role": "06b3578e-4d32-430f-bc29-e97f79db042b",
    "auth_currency": "2c969193-0896-42cd-9531-f42717397248",
    "modified": "2015-11-17T06:02:42.074Z",
    "password_change": "2015-11-17T06:02:42.061Z",
    "created": "2015-11-17T06:02:42.066Z",
    "last_name": "odio",
    "password_history": "[\"pbkdf2_sha256$20000$VaxMy3bB3OYu$Z1RRwKSDHcdhPuizrgvIi4PqFIpLtgKPzB5qj5io7Ho=\"]"
  },
  "model": "person.person"
},
{
  "pk": "30f530c4-ce6c-4724-9cfd-37a16e787121",
  "fields": {
    "last_login": null,
    "groups": [
      4
    ],
    "proxy_end_date": null,
    "is_superuser": false,
    "password_one_time": null,
    "proxy_status": null,
    "auth_amount": "0.0000",
    "locale": null,
    "title": "orci",
    "status": "1a3ffcb1-2f4a-4968-bb37-6849388df218",
    "proxy_start_date": null,
    "user_permissions": [],
    "accept_notify": true,
    "employee_id": null,
    "fullname": "orci orci",
    "middle_initial": null,
    "password_expire_date": "2016-02-15",
    "accept_assign": true,
    "locations": [
      "10cf4558-080f-4146-9e63-93cc9a46f84f",
      "a27cdb12-f9b4-45b2-9ab4-8af03a0831a1",
      "4c575ad3-50c6-489b-b2f6-1ebd5b37f08c",
      "e32b5a73-a6b1-421e-a519-bff5d811feee"
    ],
    "is_active": true,
    "next_approver": null,
    "is_staff": false,
    "username": "orci",
    "first_name": "orci",
    "proxy_user": null,
    "date_joined": "2015-11-17T06:02:42.082Z",
    "password": "pbkdf2_sha256$20000$H3IhgwxO1SqZ$sG4OFRKzDE6sMFst/RI9Umo5wxhHzv9za4P2X6C04Vs=",
    "password_length": null,
    "deleted": null,
    "email": "myemail@mail.com",
    "role": "26b2ce99-5f21-4486-914f-0ee6391cc15b",
    "auth_currency": "2c969193-0896-42cd-9531-f42717397248",
    "modified": "2015-11-17T06:02:42.229Z",
    "password_change": "2015-11-17T06:02:42.209Z",
    "created": "2015-11-17T06:02:42.214Z",
    "last_name": "orci",
    "password_history": "[\"pbkdf2_sha256$20000$I4jOmxlYQFLK$XK7fJto+vollM4NB/WDM2W2O1+uKQVg/BfEU6WD6eIo=\"]"
  },
  "model": "person.person"
},
{
  "pk": "30f530c4-ce6c-4724-9cfd-37a16e787122",
  "fields": {
    "last_login": null,
    "groups": [
      2
    ],
    "proxy_end_date": null,
    "is_superuser": false,
    "password_one_time": null,
    "proxy_status": null,
    "auth_amount": "0.0000",
    "locale": null,
    "title": "ornare",
    "status": "1a3ffcb1-2f4a-4968-bb37-6849388df218",
    "proxy_start_date": null,
    "user_permissions": [],
    "accept_notify": true,
    "employee_id": null,
    "fullname": "ornare ornare",
    "middle_initial": null,
    "password_expire_date": "2016-02-15",
    "accept_assign": true,
    "locations": [
      "989b13df-f38b-442c-918d-eb9ef62da824",
      "6e58c2c8-2516-4e10-b72f-879a1d99dcbf",
      "c6203b3b-6976-46ef-9c00-142c622275c5",
      "810cc41e-c9a3-4cab-8224-80d32db07702"
    ],
    "is_active": true,
    "next_approver": null,
    "is_staff": false,
    "username": "ornare",
    "first_name": "ornare",
    "proxy_user": null,
    "date_joined": "2015-11-17T06:02:42.236Z",
    "password": "pbkdf2_sha256$20000$wnTQZbRtLJsP$7SsoRWQ+Ei2ZBLprxjwm01kv6+Jf6xe9C69xsEtktHc=",
    "password_length": null,
    "deleted": null,
    "email": "myemail@mail.com",
    "role": "a3cdac3a-0e2a-46c6-b927-c552ca44dcd9",
    "auth_currency": "2c969193-0896-42cd-9531-f42717397248",
    "modified": "2015-11-17T06:02:42.368Z",
    "password_change": "2015-11-17T06:02:42.350Z",
    "created": "2015-11-17T06:02:42.355Z",
    "last_name": "ornare",
    "password_history": "[\"pbkdf2_sha256$20000$9oe8NiCbjn9S$xi+L1eJVwyHHzmhCeg0XmGa4bUpgcbtg8gP+O0kRCgk=\"]"
  },
  "model": "person.person"
},
{
  "pk": "30f530c4-ce6c-4724-9cfd-37a16e787123",
  "fields": {
    "last_login": null,
    "groups": [
      4
    ],
    "proxy_end_date": null,
    "is_superuser": false,
    "password_one_time": null,
    "proxy_status": null,
    "auth_amount": "0.0000",
    "locale": null,
    "title": "parturient",
    "status": "1a3ffcb1-2f4a-4968-bb37-6849388df218",
    "proxy_start_date": null,
    "user_permissions": [],
    "accept_notify": true,
    "employee_id": null,
    "fullname": "parturient parturient",
    "middle_initial": null,
    "password_expire_date": "2016-02-15",
    "accept_assign": true,
    "locations": [
      "10cf4558-080f-4146-9e63-93cc9a46f84f",
      "a27cdb12-f9b4-45b2-9ab4-8af03a0831a1",
      "4c575ad3-50c6-489b-b2f6-1ebd5b37f08c",
      "e32b5a73-a6b1-421e-a519-bff5d811feee"
    ],
    "is_active": true,
    "next_approver": null,
    "is_staff": false,
    "username": "parturient",
    "first_name": "parturient",
    "proxy_user": null,
    "date_joined": "2015-11-17T06:02:42.376Z",
    "password": "pbkdf2_sha256$20000$95XVXZ3Jv7oD$2QYTKokWltUydHY9osC5AsBmf5vy+Kf+QQBVAzJIViE=",
    "password_length": null,
    "deleted": null,
    "email": "myemail@mail.com",
    "role": "26b2ce99-5f21-4486-914f-0ee6391cc15b",
    "auth_currency": "2c969193-0896-42cd-9531-f42717397248",
    "modified": "2015-11-17T06:02:42.514Z",
    "password_change": "2015-11-17T06:02:42.497Z",
    "created": "2015-11-17T06:02:42.501Z",
    "last_name": "parturient",
    "password_history": "[\"pbkdf2_sha256$20000$6bT29ksOHmOG$5sNKwRy73MxGVIVMeE7funJoUwhJb41G3ueC0bTjlN8=\"]"
  },
  "model": "person.person"
},
{
  "pk": "30f530c4-ce6c-4724-9cfd-37a16e787124",
  "fields": {
    "last_login": null,
    "groups": [
      4
    ],
    "proxy_end_date": null,
    "is_superuser": false,
    "password_one_time": null,
    "proxy_status": null,
    "auth_amount": "0.0000",
    "locale": null,
    "title": "pede",
    "status": "1a3ffcb1-2f4a-4968-bb37-6849388df218",
    "proxy_start_date": null,
    "user_permissions": [],
    "accept_notify": true,
    "employee_id": null,
    "fullname": "pede pede",
    "middle_initial": null,
    "password_expire_date": "2016-02-15",
    "accept_assign": true,
    "locations": [
      "10cf4558-080f-4146-9e63-93cc9a46f84f",
      "a27cdb12-f9b4-45b2-9ab4-8af03a0831a1",
      "4c575ad3-50c6-489b-b2f6-1ebd5b37f08c",
      "e32b5a73-a6b1-421e-a519-bff5d811feee"
    ],
    "is_active": true,
    "next_approver": null,
    "is_staff": false,
    "username": "pede",
    "first_name": "pede",
    "proxy_user": null,
    "date_joined": "2015-11-17T06:02:42.522Z",
    "password": "pbkdf2_sha256$20000$heSFwyXwOZZZ$l2T9KaywB+8GynktWa8mMWetaoOBjQSh1+Zz4RurJWw=",
    "password_length": null,
    "deleted": null,
    "email": "myemail@mail.com",
    "role": "26b2ce99-5f21-4486-914f-0ee6391cc15b",
    "auth_currency": "2c969193-0896-42cd-9531-f42717397248",
    "modified": "2015-11-17T06:02:42.658Z",
    "password_change": "2015-11-17T06:02:42.639Z",
    "created": "2015-11-17T06:02:42.644Z",
    "last_name": "pede",
    "password_history": "[\"pbkdf2_sha256$20000$7E2Eg2OP90R7$fDKbkJLo+gJfe2PDN5P9jwPd2rDi0kypFPyaZQCrQGY=\"]"
  },
  "model": "person.person"
},
{
  "pk": "30f530c4-ce6c-4724-9cfd-37a16e787125",
  "fields": {
    "last_login": null,
    "groups": [
      3
    ],
    "proxy_end_date": null,
    "is_superuser": false,
    "password_one_time": null,
    "proxy_status": null,
    "auth_amount": "0.0000",
    "locale": null,
    "title": "pellentesque",
    "status": "1a3ffcb1-2f4a-4968-bb37-6849388df218",
    "proxy_start_date": null,
    "user_permissions": [],
    "accept_notify": true,
    "employee_id": null,
    "fullname": "pellentesque pellentesque",
    "middle_initial": null,
    "password_expire_date": "2016-02-15",
    "accept_assign": true,
    "locations": [],
    "is_active": true,
    "next_approver": null,
    "is_staff": false,
    "username": "pellentesque",
    "first_name": "pellentesque",
    "proxy_user": null,
    "date_joined": "2015-11-17T06:02:42.665Z",
    "password": "pbkdf2_sha256$20000$E5AcGUyNOvIW$nJp8SkNcfwr9Ty0sCNiQJbwjBCpZkf4wdq38Oy4MNhk=",
    "password_length": null,
    "deleted": null,
    "email": "myemail@mail.com",
    "role": "06b3578e-4d32-430f-bc29-e97f79db042b",
    "auth_currency": "2c969193-0896-42cd-9531-f42717397248",
    "modified": "2015-11-17T06:02:42.798Z",
    "password_change": "2015-11-17T06:02:42.785Z",
    "created": "2015-11-17T06:02:42.789Z",
    "last_name": "pellentesque",
    "password_history": "[\"pbkdf2_sha256$20000$bghwSJ4UVfKb$eXyZCTRHalo54mO1ozBEUPuHOBdLLlv7+XOAkqVA8s4=\"]"
  },
  "model": "person.person"
},
{
  "pk": "30f530c4-ce6c-4724-9cfd-37a16e787126",
  "fields": {
    "last_login": null,
    "groups": [
      1
    ],
    "proxy_end_date": null,
    "is_superuser": false,
    "password_one_time": null,
    "proxy_status": null,
    "auth_amount": "0.0000",
    "locale": null,
    "title": "penatibus",
    "status": "1a3ffcb1-2f4a-4968-bb37-6849388df218",
    "proxy_start_date": null,
    "user_permissions": [],
    "accept_notify": true,
    "employee_id": null,
    "fullname": "penatibus penatibus",
    "middle_initial": null,
    "password_expire_date": "2016-02-15",
    "accept_assign": true,
    "locations": [
      "4f3bcf21-4a4a-4ff6-94f5-4d419f5ca0c9",
      "77b9931c-a3ca-4477-94b7-ec96dd77f534"
    ],
    "is_active": true,
    "next_approver": null,
    "is_staff": false,
    "username": "penatibus",
    "first_name": "penatibus",
    "proxy_user": null,
    "date_joined": "2015-11-17T06:02:42.805Z",
    "password": "pbkdf2_sha256$20000$tJkVZ2fktAbO$13RBQauT8oXTVtp5tX10TC/GinR7fhS5NJ5FdpdXheU=",
    "password_length": null,
    "deleted": null,
    "email": "myemail@mail.com",
    "role": "043bbb62-2a39-4dcf-a292-e67064f5f766",
    "auth_currency": "2c969193-0896-42cd-9531-f42717397248",
    "modified": "2015-11-17T06:02:42.934Z",
    "password_change": "2015-11-17T06:02:42.918Z",
    "created": "2015-11-17T06:02:42.922Z",
    "last_name": "penatibus",
    "password_history": "[\"pbkdf2_sha256$20000$U1t8w1ZW8xPU$yofPgXB+RPfLVq0MubqBpkJ0qLT6/dfrvg6Ukk39m04=\"]"
  },
  "model": "person.person"
},
{
  "pk": "30f530c4-ce6c-4724-9cfd-37a16e787127",
  "fields": {
    "last_login": null,
    "groups": [
      3
    ],
    "proxy_end_date": null,
    "is_superuser": false,
    "password_one_time": null,
    "proxy_status": null,
    "auth_amount": "0.0000",
    "locale": null,
    "title": "per",
    "status": "1a3ffcb1-2f4a-4968-bb37-6849388df218",
    "proxy_start_date": null,
    "user_permissions": [],
    "accept_notify": true,
    "employee_id": null,
    "fullname": "per per",
    "middle_initial": null,
    "password_expire_date": "2016-02-15",
    "accept_assign": true,
    "locations": [],
    "is_active": true,
    "next_approver": null,
    "is_staff": false,
    "username": "per",
    "first_name": "per",
    "proxy_user": null,
    "date_joined": "2015-11-17T06:02:42.942Z",
    "password": "pbkdf2_sha256$20000$HB2u8jORYkX9$BzxkFSxJYWNH7Ko50vX5PF4lCRQEy/cJqt6B5MLC448=",
    "password_length": null,
    "deleted": null,
    "email": "myemail@mail.com",
    "role": "06b3578e-4d32-430f-bc29-e97f79db042b",
    "auth_currency": "2c969193-0896-42cd-9531-f42717397248",
    "modified": "2015-11-17T06:02:43.070Z",
    "password_change": "2015-11-17T06:02:43.057Z",
    "created": "2015-11-17T06:02:43.061Z",
    "last_name": "per",
    "password_history": "[\"pbkdf2_sha256$20000$1hgi7MaAwh2b$P42T1b/WN0p3SZIQzeL+J5e35RlelXCRjED2iJP/f/o=\"]"
  },
  "model": "person.person"
},
{
  "pk": "30f530c4-ce6c-4724-9cfd-37a16e787128",
  "fields": {
    "last_login": null,
    "groups": [
      2
    ],
    "proxy_end_date": null,
    "is_superuser": false,
    "password_one_time": null,
    "proxy_status": null,
    "auth_amount": "0.0000",
    "locale": null,
    "title": "pharetra",
    "status": "1a3ffcb1-2f4a-4968-bb37-6849388df218",
    "proxy_start_date": null,
    "user_permissions": [],
    "accept_notify": true,
    "employee_id": null,
    "fullname": "pharetra pharetra",
    "middle_initial": null,
    "password_expire_date": "2016-02-15",
    "accept_assign": true,
    "locations": [
      "989b13df-f38b-442c-918d-eb9ef62da824",
      "6e58c2c8-2516-4e10-b72f-879a1d99dcbf",
      "c6203b3b-6976-46ef-9c00-142c622275c5",
      "810cc41e-c9a3-4cab-8224-80d32db07702"
    ],
    "is_active": true,
    "next_approver": null,
    "is_staff": false,
    "username": "pharetra",
    "first_name": "pharetra",
    "proxy_user": null,
    "date_joined": "2015-11-17T06:02:43.078Z",
    "password": "pbkdf2_sha256$20000$vgDtBr4NbR9U$X4HWblIJZP8U2eHFGcZd18gyA8XzXlgRHbakdnWx180=",
    "password_length": null,
    "deleted": null,
    "email": "myemail@mail.com",
    "role": "a3cdac3a-0e2a-46c6-b927-c552ca44dcd9",
    "auth_currency": "2c969193-0896-42cd-9531-f42717397248",
    "modified": "2015-11-17T06:02:43.210Z",
    "password_change": "2015-11-17T06:02:43.190Z",
    "created": "2015-11-17T06:02:43.195Z",
    "last_name": "pharetra",
    "password_history": "[\"pbkdf2_sha256$20000$KgYKz3N3GH47$0CAGORIUAD1LULjkaxhGhcg69vd1ywrzJZ1pUCadLN8=\"]"
  },
  "model": "person.person"
},
{
  "pk": "30f530c4-ce6c-4724-9cfd-37a16e787129",
  "fields": {
    "last_login": null,
    "groups": [
      1
    ],
    "proxy_end_date": null,
    "is_superuser": false,
    "password_one_time": null,
    "proxy_status": null,
    "auth_amount": "0.0000",
    "locale": null,
    "title": "phasellus",
    "status": "1a3ffcb1-2f4a-4968-bb37-6849388df218",
    "proxy_start_date": null,
    "user_permissions": [],
    "accept_notify": true,
    "employee_id": null,
    "fullname": "phasellus phasellus",
    "middle_initial": null,
    "password_expire_date": "2016-02-15",
    "accept_assign": true,
    "locations": [
      "4f3bcf21-4a4a-4ff6-94f5-4d419f5ca0c9",
      "77b9931c-a3ca-4477-94b7-ec96dd77f534"
    ],
    "is_active": true,
    "next_approver": null,
    "is_staff": false,
    "username": "phasellus",
    "first_name": "phasellus",
    "proxy_user": null,
    "date_joined": "2015-11-17T06:02:43.217Z",
    "password": "pbkdf2_sha256$20000$lk7eL8VSyGQV$sFozgQ4FyVlquR+S0+ugGNF8jpI4dgZFBNU0rVd0OXw=",
    "password_length": null,
    "deleted": null,
    "email": "myemail@mail.com",
    "role": "043bbb62-2a39-4dcf-a292-e67064f5f766",
    "auth_currency": "2c969193-0896-42cd-9531-f42717397248",
    "modified": "2015-11-17T06:02:43.357Z",
    "password_change": "2015-11-17T06:02:43.341Z",
    "created": "2015-11-17T06:02:43.345Z",
    "last_name": "phasellus",
    "password_history": "[\"pbkdf2_sha256$20000$XuHAJoUu4IZJ$1W3r/Mbz5eZAGlh/35poo2UIJWK2/G3T+DzLJpnESF4=\"]"
  },
  "model": "person.person"
},
{
  "pk": "30f530c4-ce6c-4724-9cfd-37a16e787130",
  "fields": {
    "last_login": null,
    "groups": [
      2
    ],
    "proxy_end_date": null,
    "is_superuser": false,
    "password_one_time": null,
    "proxy_status": null,
    "auth_amount": "0.0000",
    "locale": null,
    "title": "placerat",
    "status": "1a3ffcb1-2f4a-4968-bb37-6849388df218",
    "proxy_start_date": null,
    "user_permissions": [],
    "accept_notify": true,
    "employee_id": null,
    "fullname": "placerat placerat",
    "middle_initial": null,
    "password_expire_date": "2016-02-15",
    "accept_assign": true,
    "locations": [
      "989b13df-f38b-442c-918d-eb9ef62da824",
      "6e58c2c8-2516-4e10-b72f-879a1d99dcbf",
      "c6203b3b-6976-46ef-9c00-142c622275c5",
      "810cc41e-c9a3-4cab-8224-80d32db07702"
    ],
    "is_active": true,
    "next_approver": null,
    "is_staff": false,
    "username": "placerat",
    "first_name": "placerat",
    "proxy_user": null,
    "date_joined": "2015-11-17T06:02:43.365Z",
    "password": "pbkdf2_sha256$20000$krp1TF5W6coS$MN0aSZmTeZF8YLPa6W87x0AbIuH4XxpWUAgCAzISD3I=",
    "password_length": null,
    "deleted": null,
    "email": "myemail@mail.com",
    "role": "a3cdac3a-0e2a-46c6-b927-c552ca44dcd9",
    "auth_currency": "2c969193-0896-42cd-9531-f42717397248",
    "modified": "2015-11-17T06:02:43.505Z",
    "password_change": "2015-11-17T06:02:43.483Z",
    "created": "2015-11-17T06:02:43.489Z",
    "last_name": "placerat",
    "password_history": "[\"pbkdf2_sha256$20000$NAR0UgXQiqqH$Em7QAHmKR51xcDF39GJJoaLBL8lIjX81r9BH41QSuYc=\"]"
  },
  "model": "person.person"
},
{
  "pk": "30f530c4-ce6c-4724-9cfd-37a16e787131",
  "fields": {
    "last_login": null,
    "groups": [
      2
    ],
    "proxy_end_date": null,
    "is_superuser": false,
    "password_one_time": null,
    "proxy_status": null,
    "auth_amount": "0.0000",
    "locale": null,
    "title": "platea",
    "status": "1a3ffcb1-2f4a-4968-bb37-6849388df218",
    "proxy_start_date": null,
    "user_permissions": [],
    "accept_notify": true,
    "employee_id": null,
    "fullname": "platea platea",
    "middle_initial": null,
    "password_expire_date": "2016-02-15",
    "accept_assign": true,
    "locations": [
      "989b13df-f38b-442c-918d-eb9ef62da824",
      "6e58c2c8-2516-4e10-b72f-879a1d99dcbf",
      "c6203b3b-6976-46ef-9c00-142c622275c5",
      "810cc41e-c9a3-4cab-8224-80d32db07702"
    ],
    "is_active": true,
    "next_approver": null,
    "is_staff": false,
    "username": "platea",
    "first_name": "platea",
    "proxy_user": null,
    "date_joined": "2015-11-17T06:02:43.513Z",
    "password": "pbkdf2_sha256$20000$NHc0m60MLDJS$s+kAbs5PvZiPtc9Y8D79lsHuynHbzmwDh/SQMPtMh3s=",
    "password_length": null,
    "deleted": null,
    "email": "myemail@mail.com",
    "role": "a3cdac3a-0e2a-46c6-b927-c552ca44dcd9",
    "auth_currency": "2c969193-0896-42cd-9531-f42717397248",
    "modified": "2015-11-17T06:02:43.652Z",
    "password_change": "2015-11-17T06:02:43.634Z",
    "created": "2015-11-17T06:02:43.639Z",
    "last_name": "platea",
    "password_history": "[\"pbkdf2_sha256$20000$cOKAqb7z9m9t$8FS/oPiqsWZKm03XTiTpUSD6q9zdvXJQiZgM+FE4xBs=\"]"
  },
  "model": "person.person"
},
{
  "pk": "30f530c4-ce6c-4724-9cfd-37a16e787132",
  "fields": {
    "last_login": null,
    "groups": [
      5
    ],
    "proxy_end_date": null,
    "is_superuser": false,
    "password_one_time": null,
    "proxy_status": null,
    "auth_amount": "0.0000",
    "locale": null,
    "title": "porta",
    "status": "1a3ffcb1-2f4a-4968-bb37-6849388df218",
    "proxy_start_date": null,
    "user_permissions": [],
    "accept_notify": true,
    "employee_id": null,
    "fullname": "porta porta",
    "middle_initial": null,
    "password_expire_date": "2016-02-15",
    "accept_assign": true,
    "locations": [],
    "is_active": true,
    "next_approver": null,
    "is_staff": false,
    "username": "porta",
    "first_name": "porta",
    "proxy_user": null,
    "date_joined": "2015-11-17T06:02:43.660Z",
    "password": "pbkdf2_sha256$20000$pqX57k2gRo24$4emZddfRv0LrXJ4D2jg2ae1AgSluV/jjYP4smJrvuMg=",
    "password_length": null,
    "deleted": null,
    "email": "myemail@mail.com",
    "role": "a1d5e1d6-9aac-4e7a-8e22-08bc3b7a02a6",
    "auth_currency": "2c969193-0896-42cd-9531-f42717397248",
    "modified": "2015-11-17T06:02:43.792Z",
    "password_change": "2015-11-17T06:02:43.782Z",
    "created": "2015-11-17T06:02:43.786Z",
    "last_name": "porta",
    "password_history": "[\"pbkdf2_sha256$20000$0ZOgY6Q2WXoO$hgiZ4f4skjS9TKws9C8fe/IaAcnJBtkWLeJ46BGb/fw=\"]"
  },
  "model": "person.person"
},
{
  "pk": "30f530c4-ce6c-4724-9cfd-37a16e787133",
  "fields": {
    "last_login": null,
    "groups": [
      1
    ],
    "proxy_end_date": null,
    "is_superuser": false,
    "password_one_time": null,
    "proxy_status": null,
    "auth_amount": "0.0000",
    "locale": null,
    "title": "porttitor",
    "status": "1a3ffcb1-2f4a-4968-bb37-6849388df218",
    "proxy_start_date": null,
    "user_permissions": [],
    "accept_notify": true,
    "employee_id": null,
    "fullname": "porttitor porttitor",
    "middle_initial": null,
    "password_expire_date": "2016-02-15",
    "accept_assign": true,
    "locations": [
      "4f3bcf21-4a4a-4ff6-94f5-4d419f5ca0c9",
      "77b9931c-a3ca-4477-94b7-ec96dd77f534"
    ],
    "is_active": true,
    "next_approver": null,
    "is_staff": false,
    "username": "porttitor",
    "first_name": "porttitor",
    "proxy_user": null,
    "date_joined": "2015-11-17T06:02:43.800Z",
    "password": "pbkdf2_sha256$20000$Hg1OWP3hqhB8$a0hZnj+mBgUHKxPIECPuTecX8ZCC+X62qa0M0qPnJfw=",
    "password_length": null,
    "deleted": null,
    "email": "myemail@mail.com",
    "role": "043bbb62-2a39-4dcf-a292-e67064f5f766",
    "auth_currency": "2c969193-0896-42cd-9531-f42717397248",
    "modified": "2015-11-17T06:02:43.936Z",
    "password_change": "2015-11-17T06:02:43.918Z",
    "created": "2015-11-17T06:02:43.922Z",
    "last_name": "porttitor",
    "password_history": "[\"pbkdf2_sha256$20000$Xo1J3K4KnCK7$kYZYErAWKz8+b+JVfXjZdEzyFvzNO4Tt15+uQPYasIw=\"]"
  },
  "model": "person.person"
},
{
  "pk": "30f530c4-ce6c-4724-9cfd-37a16e787134",
  "fields": {
    "last_login": null,
    "groups": [
      3
    ],
    "proxy_end_date": null,
    "is_superuser": false,
    "password_one_time": null,
    "proxy_status": null,
    "auth_amount": "0.0000",
    "locale": null,
    "title": "posuere",
    "status": "1a3ffcb1-2f4a-4968-bb37-6849388df218",
    "proxy_start_date": null,
    "user_permissions": [],
    "accept_notify": true,
    "employee_id": null,
    "fullname": "posuere posuere",
    "middle_initial": null,
    "password_expire_date": "2016-02-15",
    "accept_assign": true,
    "locations": [],
    "is_active": true,
    "next_approver": null,
    "is_staff": false,
    "username": "posuere",
    "first_name": "posuere",
    "proxy_user": null,
    "date_joined": "2015-11-17T06:02:43.944Z",
    "password": "pbkdf2_sha256$20000$lNfa4c8tGVbE$S7FLEauiIOrSigSXI3gXSOuNv/DlCuQSbN/2344lwug=",
    "password_length": null,
    "deleted": null,
    "email": "myemail@mail.com",
    "role": "06b3578e-4d32-430f-bc29-e97f79db042b",
    "auth_currency": "2c969193-0896-42cd-9531-f42717397248",
    "modified": "2015-11-17T06:02:44.075Z",
    "password_change": "2015-11-17T06:02:44.063Z",
    "created": "2015-11-17T06:02:44.067Z",
    "last_name": "posuere",
    "password_history": "[\"pbkdf2_sha256$20000$MyGgHu4W1lnn$hf35TyxHSqqkHkPjzca0s+3dMUWzsUjgdUpKzaUJUMA=\"]"
  },
  "model": "person.person"
},
{
  "pk": "30f530c4-ce6c-4724-9cfd-37a16e787135",
  "fields": {
    "last_login": null,
    "groups": [
      1
    ],
    "proxy_end_date": null,
    "is_superuser": false,
    "password_one_time": null,
    "proxy_status": null,
    "auth_amount": "0.0000",
    "locale": null,
    "title": "potenti",
    "status": "1a3ffcb1-2f4a-4968-bb37-6849388df218",
    "proxy_start_date": null,
    "user_permissions": [],
    "accept_notify": true,
    "employee_id": null,
    "fullname": "potenti potenti",
    "middle_initial": null,
    "password_expire_date": "2016-02-15",
    "accept_assign": true,
    "locations": [
      "4f3bcf21-4a4a-4ff6-94f5-4d419f5ca0c9",
      "77b9931c-a3ca-4477-94b7-ec96dd77f534"
    ],
    "is_active": true,
    "next_approver": null,
    "is_staff": false,
    "username": "potenti",
    "first_name": "potenti",
    "proxy_user": null,
    "date_joined": "2015-11-17T06:02:44.083Z",
    "password": "pbkdf2_sha256$20000$GAkiy6XZm4v1$3BEukGsA6j/gtRH1+SZ6L06AZpfW8go0l44BSMglWgQ=",
    "password_length": null,
    "deleted": null,
    "email": "myemail@mail.com",
    "role": "043bbb62-2a39-4dcf-a292-e67064f5f766",
    "auth_currency": "2c969193-0896-42cd-9531-f42717397248",
    "modified": "2015-11-17T06:02:44.210Z",
    "password_change": "2015-11-17T06:02:44.193Z",
    "created": "2015-11-17T06:02:44.198Z",
    "last_name": "potenti",
    "password_history": "[\"pbkdf2_sha256$20000$scmMJ5tqq59L$hNhZ4ILLrMvBPV5Gh2tDQcs9Nvpf8IpxSY6Apf8hug8=\"]"
  },
  "model": "person.person"
},
{
  "pk": "30f530c4-ce6c-4724-9cfd-37a16e787136",
  "fields": {
    "last_login": null,
    "groups": [
      4
    ],
    "proxy_end_date": null,
    "is_superuser": false,
    "password_one_time": null,
    "proxy_status": null,
    "auth_amount": "0.0000",
    "locale": null,
    "title": "praesent",
    "status": "1a3ffcb1-2f4a-4968-bb37-6849388df218",
    "proxy_start_date": null,
    "user_permissions": [],
    "accept_notify": true,
    "employee_id": null,
    "fullname": "praesent praesent",
    "middle_initial": null,
    "password_expire_date": "2016-02-15",
    "accept_assign": true,
    "locations": [
      "10cf4558-080f-4146-9e63-93cc9a46f84f",
      "a27cdb12-f9b4-45b2-9ab4-8af03a0831a1",
      "4c575ad3-50c6-489b-b2f6-1ebd5b37f08c",
      "e32b5a73-a6b1-421e-a519-bff5d811feee"
    ],
    "is_active": true,
    "next_approver": null,
    "is_staff": false,
    "username": "praesent",
    "first_name": "praesent",
    "proxy_user": null,
    "date_joined": "2015-11-17T06:02:44.217Z",
    "password": "pbkdf2_sha256$20000$AekHTod8Y86r$hGMR5w143+70VJ/5bgKAUGKN1u6p1vsiBSNdbO2oRm4=",
    "password_length": null,
    "deleted": null,
    "email": "myemail@mail.com",
    "role": "26b2ce99-5f21-4486-914f-0ee6391cc15b",
    "auth_currency": "2c969193-0896-42cd-9531-f42717397248",
    "modified": "2015-11-17T06:02:44.348Z",
    "password_change": "2015-11-17T06:02:44.330Z",
    "created": "2015-11-17T06:02:44.334Z",
    "last_name": "praesent",
    "password_history": "[\"pbkdf2_sha256$20000$0MMsHg3tDmkG$yBtiebNBPQS02ADCe9Lwfe7aV8ysVgsw6Kbjsjxtomk=\"]"
  },
  "model": "person.person"
},
{
  "pk": "30f530c4-ce6c-4724-9cfd-37a16e787137",
  "fields": {
    "last_login": null,
    "groups": [
      3
    ],
    "proxy_end_date": null,
    "is_superuser": false,
    "password_one_time": null,
    "proxy_status": null,
    "auth_amount": "0.0000",
    "locale": null,
    "title": "pretium",
    "status": "1a3ffcb1-2f4a-4968-bb37-6849388df218",
    "proxy_start_date": null,
    "user_permissions": [],
    "accept_notify": true,
    "employee_id": null,
    "fullname": "pretium pretium",
    "middle_initial": null,
    "password_expire_date": "2016-02-15",
    "accept_assign": true,
    "locations": [],
    "is_active": true,
    "next_approver": null,
    "is_staff": false,
    "username": "pretium",
    "first_name": "pretium",
    "proxy_user": null,
    "date_joined": "2015-11-17T06:02:44.357Z",
    "password": "pbkdf2_sha256$20000$0MmAPhGiutqk$KJ7G57mm87K2VU7UKp/yRs3X+PsgXUo9eHS8sb4B2r4=",
    "password_length": null,
    "deleted": null,
    "email": "myemail@mail.com",
    "role": "06b3578e-4d32-430f-bc29-e97f79db042b",
    "auth_currency": "2c969193-0896-42cd-9531-f42717397248",
    "modified": "2015-11-17T06:02:44.484Z",
    "password_change": "2015-11-17T06:02:44.472Z",
    "created": "2015-11-17T06:02:44.477Z",
    "last_name": "pretium",
    "password_history": "[\"pbkdf2_sha256$20000$Uak44rMuWPMy$v8Vo0yYkj77RpVIKu8YXAdVDWcoqzknLfz+Sp0FWPlk=\"]"
  },
  "model": "person.person"
},
{
  "pk": "30f530c4-ce6c-4724-9cfd-37a16e787138",
  "fields": {
    "last_login": null,
    "groups": [
      2
    ],
    "proxy_end_date": null,
    "is_superuser": false,
    "password_one_time": null,
    "proxy_status": null,
    "auth_amount": "0.0000",
    "locale": null,
    "title": "primis",
    "status": "1a3ffcb1-2f4a-4968-bb37-6849388df218",
    "proxy_start_date": null,
    "user_permissions": [],
    "accept_notify": true,
    "employee_id": null,
    "fullname": "primis primis",
    "middle_initial": null,
    "password_expire_date": "2016-02-15",
    "accept_assign": true,
    "locations": [
      "989b13df-f38b-442c-918d-eb9ef62da824",
      "6e58c2c8-2516-4e10-b72f-879a1d99dcbf",
      "c6203b3b-6976-46ef-9c00-142c622275c5",
      "810cc41e-c9a3-4cab-8224-80d32db07702"
    ],
    "is_active": true,
    "next_approver": null,
    "is_staff": false,
    "username": "primis",
    "first_name": "primis",
    "proxy_user": null,
    "date_joined": "2015-11-17T06:02:44.493Z",
    "password": "pbkdf2_sha256$20000$LsjeZupsiOan$2RneQ9DsjnsuLtWtObidDyGLd9znwTRjVtTpnG1JZ/Y=",
    "password_length": null,
    "deleted": null,
    "email": "myemail@mail.com",
    "role": "a3cdac3a-0e2a-46c6-b927-c552ca44dcd9",
    "auth_currency": "2c969193-0896-42cd-9531-f42717397248",
    "modified": "2015-11-17T06:02:44.621Z",
    "password_change": "2015-11-17T06:02:44.604Z",
    "created": "2015-11-17T06:02:44.608Z",
    "last_name": "primis",
    "password_history": "[\"pbkdf2_sha256$20000$aA8y4MByctwH$T8F4taesOSopoxf2+0rBcAQ+Yvr+xJZ4z50zY/k+qA8=\"]"
  },
  "model": "person.person"
},
{
  "pk": "30f530c4-ce6c-4724-9cfd-37a16e787139",
  "fields": {
    "last_login": null,
    "groups": [
      4
    ],
    "proxy_end_date": null,
    "is_superuser": false,
    "password_one_time": null,
    "proxy_status": null,
    "auth_amount": "0.0000",
    "locale": null,
    "title": "proin",
    "status": "1a3ffcb1-2f4a-4968-bb37-6849388df218",
    "proxy_start_date": null,
    "user_permissions": [],
    "accept_notify": true,
    "employee_id": null,
    "fullname": "proin proin",
    "middle_initial": null,
    "password_expire_date": "2016-02-15",
    "accept_assign": true,
    "locations": [
      "10cf4558-080f-4146-9e63-93cc9a46f84f",
      "a27cdb12-f9b4-45b2-9ab4-8af03a0831a1",
      "4c575ad3-50c6-489b-b2f6-1ebd5b37f08c",
      "e32b5a73-a6b1-421e-a519-bff5d811feee"
    ],
    "is_active": true,
    "next_approver": null,
    "is_staff": false,
    "username": "proin",
    "first_name": "proin",
    "proxy_user": null,
    "date_joined": "2015-11-17T06:02:44.629Z",
    "password": "pbkdf2_sha256$20000$459LejkgoQZD$Mk4IN4CZdF+JTqom6ZyDiaKAqv2E6J/7ZMYrGzBryWA=",
    "password_length": null,
    "deleted": null,
    "email": "myemail@mail.com",
    "role": "26b2ce99-5f21-4486-914f-0ee6391cc15b",
    "auth_currency": "2c969193-0896-42cd-9531-f42717397248",
    "modified": "2015-11-17T06:02:44.762Z",
    "password_change": "2015-11-17T06:02:44.742Z",
    "created": "2015-11-17T06:02:44.747Z",
    "last_name": "proin",
    "password_history": "[\"pbkdf2_sha256$20000$fMDM0KCJSdaU$0NKRKPZD1qwfan+hfJ/9bYg4SpFuS1cRJhgHj7XSU+E=\"]"
  },
  "model": "person.person"
},
{
  "pk": "30f530c4-ce6c-4724-9cfd-37a16e787140",
  "fields": {
    "last_login": null,
    "groups": [
      2
    ],
    "proxy_end_date": null,
    "is_superuser": false,
    "password_one_time": null,
    "proxy_status": null,
    "auth_amount": "0.0000",
    "locale": null,
    "title": "pulvinar",
    "status": "1a3ffcb1-2f4a-4968-bb37-6849388df218",
    "proxy_start_date": null,
    "user_permissions": [],
    "accept_notify": true,
    "employee_id": null,
    "fullname": "pulvinar pulvinar",
    "middle_initial": null,
    "password_expire_date": "2016-02-15",
    "accept_assign": true,
    "locations": [
      "989b13df-f38b-442c-918d-eb9ef62da824",
      "6e58c2c8-2516-4e10-b72f-879a1d99dcbf",
      "c6203b3b-6976-46ef-9c00-142c622275c5",
      "810cc41e-c9a3-4cab-8224-80d32db07702"
    ],
    "is_active": true,
    "next_approver": null,
    "is_staff": false,
    "username": "pulvinar",
    "first_name": "pulvinar",
    "proxy_user": null,
    "date_joined": "2015-11-17T06:02:44.769Z",
    "password": "pbkdf2_sha256$20000$voHHN1MdEUCN$/TXaDxQGIYCLF7C1ZZhC7/66jI/QUTPmYFxd1dFNmgE=",
    "password_length": null,
    "deleted": null,
    "email": "myemail@mail.com",
    "role": "a3cdac3a-0e2a-46c6-b927-c552ca44dcd9",
    "auth_currency": "2c969193-0896-42cd-9531-f42717397248",
    "modified": "2015-11-17T06:02:44.904Z",
    "password_change": "2015-11-17T06:02:44.883Z",
    "created": "2015-11-17T06:02:44.889Z",
    "last_name": "pulvinar",
    "password_history": "[\"pbkdf2_sha256$20000$3jSQBmHRkX2G$vVKQuER7YSU/hH67j6sRzkAd9AHdB691R6Z+3a9NeaI=\"]"
  },
  "model": "person.person"
},
{
  "pk": "30f530c4-ce6c-4724-9cfd-37a16e787141",
  "fields": {
    "last_login": null,
    "groups": [
      4
    ],
    "proxy_end_date": null,
    "is_superuser": false,
    "password_one_time": null,
    "proxy_status": null,
    "auth_amount": "0.0000",
    "locale": null,
    "title": "purus",
    "status": "1a3ffcb1-2f4a-4968-bb37-6849388df218",
    "proxy_start_date": null,
    "user_permissions": [],
    "accept_notify": true,
    "employee_id": null,
    "fullname": "purus purus",
    "middle_initial": null,
    "password_expire_date": "2016-02-15",
    "accept_assign": true,
    "locations": [
      "10cf4558-080f-4146-9e63-93cc9a46f84f",
      "a27cdb12-f9b4-45b2-9ab4-8af03a0831a1",
      "4c575ad3-50c6-489b-b2f6-1ebd5b37f08c",
      "e32b5a73-a6b1-421e-a519-bff5d811feee"
    ],
    "is_active": true,
    "next_approver": null,
    "is_staff": false,
    "username": "purus",
    "first_name": "purus",
    "proxy_user": null,
    "date_joined": "2015-11-17T06:02:44.912Z",
    "password": "pbkdf2_sha256$20000$lRcTeiFh5Ilz$c7IdQMBHNpEr7dDmIvi0hyjVs4LE3nap/P9lt0MMh4g=",
    "password_length": null,
    "deleted": null,
    "email": "myemail@mail.com",
    "role": "26b2ce99-5f21-4486-914f-0ee6391cc15b",
    "auth_currency": "2c969193-0896-42cd-9531-f42717397248",
    "modified": "2015-11-17T06:02:45.039Z",
    "password_change": "2015-11-17T06:02:45.019Z",
    "created": "2015-11-17T06:02:45.023Z",
    "last_name": "purus",
    "password_history": "[\"pbkdf2_sha256$20000$hoLHQSrS2d7P$4VdLf4KahRghZ0op64/XwhIDXGTS5cHUiGGCVrnkRnU=\"]"
  },
  "model": "person.person"
},
{
  "pk": "30f530c4-ce6c-4724-9cfd-37a16e787142",
  "fields": {
    "last_login": null,
    "groups": [
      4
    ],
    "proxy_end_date": null,
    "is_superuser": false,
    "password_one_time": null,
    "proxy_status": null,
    "auth_amount": "0.0000",
    "locale": null,
    "title": "quam",
    "status": "1a3ffcb1-2f4a-4968-bb37-6849388df218",
    "proxy_start_date": null,
    "user_permissions": [],
    "accept_notify": true,
    "employee_id": null,
    "fullname": "quam quam",
    "middle_initial": null,
    "password_expire_date": "2016-02-15",
    "accept_assign": true,
    "locations": [
      "10cf4558-080f-4146-9e63-93cc9a46f84f",
      "a27cdb12-f9b4-45b2-9ab4-8af03a0831a1",
      "4c575ad3-50c6-489b-b2f6-1ebd5b37f08c",
      "e32b5a73-a6b1-421e-a519-bff5d811feee"
    ],
    "is_active": true,
    "next_approver": null,
    "is_staff": false,
    "username": "quam",
    "first_name": "quam",
    "proxy_user": null,
    "date_joined": "2015-11-17T06:02:45.047Z",
    "password": "pbkdf2_sha256$20000$jHOlKePkHRkK$Yo5s1ZFwZHnU+nyb3Hdzq+UiHNEhGUnHAYArt1+F9Wo=",
    "password_length": null,
    "deleted": null,
    "email": "myemail@mail.com",
    "role": "26b2ce99-5f21-4486-914f-0ee6391cc15b",
    "auth_currency": "2c969193-0896-42cd-9531-f42717397248",
    "modified": "2015-11-17T06:02:45.175Z",
    "password_change": "2015-11-17T06:02:45.156Z",
    "created": "2015-11-17T06:02:45.161Z",
    "last_name": "quam",
    "password_history": "[\"pbkdf2_sha256$20000$bWEsGQM3lEJS$ss92gLXQGBZ3YszAc8fzgCiHg+ZbGtsaTZSmw8WoSBg=\"]"
  },
  "model": "person.person"
},
{
  "pk": "30f530c4-ce6c-4724-9cfd-37a16e787143",
  "fields": {
    "last_login": null,
    "groups": [
      1
    ],
    "proxy_end_date": null,
    "is_superuser": false,
    "password_one_time": null,
    "proxy_status": null,
    "auth_amount": "0.0000",
    "locale": null,
    "title": "quis",
    "status": "1a3ffcb1-2f4a-4968-bb37-6849388df218",
    "proxy_start_date": null,
    "user_permissions": [],
    "accept_notify": true,
    "employee_id": null,
    "fullname": "quis quis",
    "middle_initial": null,
    "password_expire_date": "2016-02-15",
    "accept_assign": true,
    "locations": [
      "4f3bcf21-4a4a-4ff6-94f5-4d419f5ca0c9",
      "77b9931c-a3ca-4477-94b7-ec96dd77f534"
    ],
    "is_active": true,
    "next_approver": null,
    "is_staff": false,
    "username": "quis",
    "first_name": "quis",
    "proxy_user": null,
    "date_joined": "2015-11-17T06:02:45.183Z",
    "password": "pbkdf2_sha256$20000$DqDTpLTNoHTF$uM0Qu1QJAE54jIIoKl7uiC+5UKdj3OAqntVfHTbjgDc=",
    "password_length": null,
    "deleted": null,
    "email": "myemail@mail.com",
    "role": "043bbb62-2a39-4dcf-a292-e67064f5f766",
    "auth_currency": "2c969193-0896-42cd-9531-f42717397248",
    "modified": "2015-11-17T06:02:45.308Z",
    "password_change": "2015-11-17T06:02:45.292Z",
    "created": "2015-11-17T06:02:45.296Z",
    "last_name": "quis",
    "password_history": "[\"pbkdf2_sha256$20000$1ICegJ45xaSB$YioPBwBmqG2V//yzlukHhdKhnG71IJPSFut6VtbTlVk=\"]"
  },
  "model": "person.person"
},
{
  "pk": "30f530c4-ce6c-4724-9cfd-37a16e787144",
  "fields": {
    "last_login": null,
    "groups": [
      1
    ],
    "proxy_end_date": null,
    "is_superuser": false,
    "password_one_time": null,
    "proxy_status": null,
    "auth_amount": "0.0000",
    "locale": null,
    "title": "quisque",
    "status": "1a3ffcb1-2f4a-4968-bb37-6849388df218",
    "proxy_start_date": null,
    "user_permissions": [],
    "accept_notify": true,
    "employee_id": null,
    "fullname": "quisque quisque",
    "middle_initial": null,
    "password_expire_date": "2016-02-15",
    "accept_assign": true,
    "locations": [
      "4f3bcf21-4a4a-4ff6-94f5-4d419f5ca0c9",
      "77b9931c-a3ca-4477-94b7-ec96dd77f534"
    ],
    "is_active": true,
    "next_approver": null,
    "is_staff": false,
    "username": "quisque",
    "first_name": "quisque",
    "proxy_user": null,
    "date_joined": "2015-11-17T06:02:45.316Z",
    "password": "pbkdf2_sha256$20000$pezPM1gI4QYv$puhr4MQOMQS5/sAUBZPZLtWy/UtlzpRYkEkrMw9mZrw=",
    "password_length": null,
    "deleted": null,
    "email": "myemail@mail.com",
    "role": "043bbb62-2a39-4dcf-a292-e67064f5f766",
    "auth_currency": "2c969193-0896-42cd-9531-f42717397248",
    "modified": "2015-11-17T06:02:45.431Z",
    "password_change": "2015-11-17T06:02:45.416Z",
    "created": "2015-11-17T06:02:45.421Z",
    "last_name": "quisque",
    "password_history": "[\"pbkdf2_sha256$20000$1Zg936FzYQpd$fVW5LFc3IE2dO5EEsXKrVT1xgCvh+0mbXaXB4bCtfBo=\"]"
  },
  "model": "person.person"
},
{
  "pk": "30f530c4-ce6c-4724-9cfd-37a16e787145",
  "fields": {
    "last_login": null,
    "groups": [
      2
    ],
    "proxy_end_date": null,
    "is_superuser": false,
    "password_one_time": null,
    "proxy_status": null,
    "auth_amount": "0.0000",
    "locale": null,
    "title": "rhoncus",
    "status": "1a3ffcb1-2f4a-4968-bb37-6849388df218",
    "proxy_start_date": null,
    "user_permissions": [],
    "accept_notify": true,
    "employee_id": null,
    "fullname": "rhoncus rhoncus",
    "middle_initial": null,
    "password_expire_date": "2016-02-15",
    "accept_assign": true,
    "locations": [
      "989b13df-f38b-442c-918d-eb9ef62da824",
      "6e58c2c8-2516-4e10-b72f-879a1d99dcbf",
      "c6203b3b-6976-46ef-9c00-142c622275c5",
      "810cc41e-c9a3-4cab-8224-80d32db07702"
    ],
    "is_active": true,
    "next_approver": null,
    "is_staff": false,
    "username": "rhoncus",
    "first_name": "rhoncus",
    "proxy_user": null,
    "date_joined": "2015-11-17T06:02:45.438Z",
    "password": "pbkdf2_sha256$20000$uM3KN3AlcQpd$YHtw/XPYhX2R2aC778uXzhffM3gDuW8iRX+1ptWRTlI=",
    "password_length": null,
    "deleted": null,
    "email": "myemail@mail.com",
    "role": "a3cdac3a-0e2a-46c6-b927-c552ca44dcd9",
    "auth_currency": "2c969193-0896-42cd-9531-f42717397248",
    "modified": "2015-11-17T06:02:45.564Z",
    "password_change": "2015-11-17T06:02:45.546Z",
    "created": "2015-11-17T06:02:45.551Z",
    "last_name": "rhoncus",
    "password_history": "[\"pbkdf2_sha256$20000$mKgr8eJT3HP6$/OhbRYH2zR+0tMpKn9/lNs4NR/pVft6EVbGY/0lgqqw=\"]"
  },
  "model": "person.person"
},
{
  "pk": "30f530c4-ce6c-4724-9cfd-37a16e787146",
  "fields": {
    "last_login": null,
    "groups": [
      4
    ],
    "proxy_end_date": null,
    "is_superuser": false,
    "password_one_time": null,
    "proxy_status": null,
    "auth_amount": "0.0000",
    "locale": null,
    "title": "ridiculus",
    "status": "1a3ffcb1-2f4a-4968-bb37-6849388df218",
    "proxy_start_date": null,
    "user_permissions": [],
    "accept_notify": true,
    "employee_id": null,
    "fullname": "ridiculus ridiculus",
    "middle_initial": null,
    "password_expire_date": "2016-02-15",
    "accept_assign": true,
    "locations": [
      "10cf4558-080f-4146-9e63-93cc9a46f84f",
      "a27cdb12-f9b4-45b2-9ab4-8af03a0831a1",
      "4c575ad3-50c6-489b-b2f6-1ebd5b37f08c",
      "e32b5a73-a6b1-421e-a519-bff5d811feee"
    ],
    "is_active": true,
    "next_approver": null,
    "is_staff": false,
    "username": "ridiculus",
    "first_name": "ridiculus",
    "proxy_user": null,
    "date_joined": "2015-11-17T06:02:45.572Z",
    "password": "pbkdf2_sha256$20000$uIXFBItsuRcu$BJutNvpA4vqWDiyKsNrpm73GzVZbdsPiWVrKV2sJUCQ=",
    "password_length": null,
    "deleted": null,
    "email": "myemail@mail.com",
    "role": "26b2ce99-5f21-4486-914f-0ee6391cc15b",
    "auth_currency": "2c969193-0896-42cd-9531-f42717397248",
    "modified": "2015-11-17T06:02:45.708Z",
    "password_change": "2015-11-17T06:02:45.690Z",
    "created": "2015-11-17T06:02:45.694Z",
    "last_name": "ridiculus",
    "password_history": "[\"pbkdf2_sha256$20000$62BUIun70pcG$h7q2D/uhOR12tIKs048fppA0XpG6UEApJD8ewakpvkU=\"]"
  },
  "model": "person.person"
},
{
  "pk": "30f530c4-ce6c-4724-9cfd-37a16e787147",
  "fields": {
    "last_login": null,
    "groups": [
      4
    ],
    "proxy_end_date": null,
    "is_superuser": false,
    "password_one_time": null,
    "proxy_status": null,
    "auth_amount": "0.0000",
    "locale": null,
    "title": "risus",
    "status": "1a3ffcb1-2f4a-4968-bb37-6849388df218",
    "proxy_start_date": null,
    "user_permissions": [],
    "accept_notify": true,
    "employee_id": null,
    "fullname": "risus risus",
    "middle_initial": null,
    "password_expire_date": "2016-02-15",
    "accept_assign": true,
    "locations": [
      "10cf4558-080f-4146-9e63-93cc9a46f84f",
      "a27cdb12-f9b4-45b2-9ab4-8af03a0831a1",
      "4c575ad3-50c6-489b-b2f6-1ebd5b37f08c",
      "e32b5a73-a6b1-421e-a519-bff5d811feee"
    ],
    "is_active": true,
    "next_approver": null,
    "is_staff": false,
    "username": "risus",
    "first_name": "risus",
    "proxy_user": null,
    "date_joined": "2015-11-17T06:02:45.716Z",
    "password": "pbkdf2_sha256$20000$cT3J2qSMCugk$48tFh63bDtIH2r5BcZLzb4D220zxXt1Ar6MAicqlh3c=",
    "password_length": null,
    "deleted": null,
    "email": "myemail@mail.com",
    "role": "26b2ce99-5f21-4486-914f-0ee6391cc15b",
    "auth_currency": "2c969193-0896-42cd-9531-f42717397248",
    "modified": "2015-11-17T06:02:45.844Z",
    "password_change": "2015-11-17T06:02:45.825Z",
    "created": "2015-11-17T06:02:45.829Z",
    "last_name": "risus",
    "password_history": "[\"pbkdf2_sha256$20000$HIuRvVUvafRF$1+QP7cBSXwZWn8NR4R1d/ri2S9SY4LlcpGcJtVtil+c=\"]"
  },
  "model": "person.person"
},
{
  "pk": "30f530c4-ce6c-4724-9cfd-37a16e787148",
  "fields": {
    "last_login": null,
    "groups": [
      3
    ],
    "proxy_end_date": null,
    "is_superuser": false,
    "password_one_time": null,
    "proxy_status": null,
    "auth_amount": "0.0000",
    "locale": null,
    "title": "rutrum",
    "status": "1a3ffcb1-2f4a-4968-bb37-6849388df218",
    "proxy_start_date": null,
    "user_permissions": [],
    "accept_notify": true,
    "employee_id": null,
    "fullname": "rutrum rutrum",
    "middle_initial": null,
    "password_expire_date": "2016-02-15",
    "accept_assign": true,
    "locations": [],
    "is_active": true,
    "next_approver": null,
    "is_staff": false,
    "username": "rutrum",
    "first_name": "rutrum",
    "proxy_user": null,
    "date_joined": "2015-11-17T06:02:45.852Z",
    "password": "pbkdf2_sha256$20000$WY1bze4yK3cF$vMSP6TBLqWyr+br+g5HfqiOm3xXfx+A6bIWXV1gyVnU=",
    "password_length": null,
    "deleted": null,
    "email": "myemail@mail.com",
    "role": "06b3578e-4d32-430f-bc29-e97f79db042b",
    "auth_currency": "2c969193-0896-42cd-9531-f42717397248",
    "modified": "2015-11-17T06:02:45.979Z",
    "password_change": "2015-11-17T06:02:45.966Z",
    "created": "2015-11-17T06:02:45.970Z",
    "last_name": "rutrum",
    "password_history": "[\"pbkdf2_sha256$20000$Xkq8ZSkvDfMn$IZ0w6Ajl2ao4EPEXMtmzWqI8JYiXp0XxoBIm50H4f98=\"]"
  },
  "model": "person.person"
},
{
  "pk": "30f530c4-ce6c-4724-9cfd-37a16e787149",
  "fields": {
    "last_login": null,
    "groups": [
      2
    ],
    "proxy_end_date": null,
    "is_superuser": false,
    "password_one_time": null,
    "proxy_status": null,
    "auth_amount": "0.0000",
    "locale": null,
    "title": "sagittis",
    "status": "1a3ffcb1-2f4a-4968-bb37-6849388df218",
    "proxy_start_date": null,
    "user_permissions": [],
    "accept_notify": true,
    "employee_id": null,
    "fullname": "sagittis sagittis",
    "middle_initial": null,
    "password_expire_date": "2016-02-15",
    "accept_assign": true,
    "locations": [
      "989b13df-f38b-442c-918d-eb9ef62da824",
      "6e58c2c8-2516-4e10-b72f-879a1d99dcbf",
      "c6203b3b-6976-46ef-9c00-142c622275c5",
      "810cc41e-c9a3-4cab-8224-80d32db07702"
    ],
    "is_active": true,
    "next_approver": null,
    "is_staff": false,
    "username": "sagittis",
    "first_name": "sagittis",
    "proxy_user": null,
    "date_joined": "2015-11-17T06:02:45.986Z",
    "password": "pbkdf2_sha256$20000$GMQXiXaMUa4V$8xX6hUfykWr6stc9CMz4nSL2MqjEDTPgKk60WDfzCms=",
    "password_length": null,
    "deleted": null,
    "email": "myemail@mail.com",
    "role": "a3cdac3a-0e2a-46c6-b927-c552ca44dcd9",
    "auth_currency": "2c969193-0896-42cd-9531-f42717397248",
    "modified": "2015-11-17T06:02:46.117Z",
    "password_change": "2015-11-17T06:02:46.097Z",
    "created": "2015-11-17T06:02:46.102Z",
    "last_name": "sagittis",
    "password_history": "[\"pbkdf2_sha256$20000$uwWEmt9vlDoK$hAj4NSA+R1ddEJGk9CUMAC4IQu5Ek4pkR0mN733mUug=\"]"
  },
  "model": "person.person"
},
{
  "pk": "30f530c4-ce6c-4724-9cfd-37a16e787150",
  "fields": {
    "last_login": null,
    "groups": [
      3
    ],
    "proxy_end_date": null,
    "is_superuser": false,
    "password_one_time": null,
    "proxy_status": null,
    "auth_amount": "0.0000",
    "locale": null,
    "title": "sapien",
    "status": "1a3ffcb1-2f4a-4968-bb37-6849388df218",
    "proxy_start_date": null,
    "user_permissions": [],
    "accept_notify": true,
    "employee_id": null,
    "fullname": "sapien sapien",
    "middle_initial": null,
    "password_expire_date": "2016-02-15",
    "accept_assign": true,
    "locations": [],
    "is_active": true,
    "next_approver": null,
    "is_staff": false,
    "username": "sapien",
    "first_name": "sapien",
    "proxy_user": null,
    "date_joined": "2015-11-17T06:02:46.143Z",
    "password": "pbkdf2_sha256$20000$00Nlus3DwwLJ$emGCRLy3inK0JEX+T7mHOQuxi5vvffAD9ikOFy3PLsA=",
    "password_length": null,
    "deleted": null,
    "email": "myemail@mail.com",
    "role": "06b3578e-4d32-430f-bc29-e97f79db042b",
    "auth_currency": "2c969193-0896-42cd-9531-f42717397248",
    "modified": "2015-11-17T06:02:46.265Z",
    "password_change": "2015-11-17T06:02:46.252Z",
    "created": "2015-11-17T06:02:46.257Z",
    "last_name": "sapien",
    "password_history": "[\"pbkdf2_sha256$20000$BgilN7b6b2mC$XB9jeDFg6IEX2982MMtDL18Xe93KtXIYZu6gJuA7zhI=\"]"
  },
  "model": "person.person"
},
{
  "pk": "30f530c4-ce6c-4724-9cfd-37a16e787151",
  "fields": {
    "last_login": null,
    "groups": [
      5
    ],
    "proxy_end_date": null,
    "is_superuser": false,
    "password_one_time": null,
    "proxy_status": null,
    "auth_amount": "0.0000",
    "locale": null,
    "title": "scelerisque",
    "status": "1a3ffcb1-2f4a-4968-bb37-6849388df218",
    "proxy_start_date": null,
    "user_permissions": [],
    "accept_notify": true,
    "employee_id": null,
    "fullname": "scelerisque scelerisque",
    "middle_initial": null,
    "password_expire_date": "2016-02-15",
    "accept_assign": true,
    "locations": [],
    "is_active": true,
    "next_approver": null,
    "is_staff": false,
    "username": "scelerisque",
    "first_name": "scelerisque",
    "proxy_user": null,
    "date_joined": "2015-11-17T06:02:46.273Z",
    "password": "pbkdf2_sha256$20000$C0Icdnlaz92V$iznhmTG04irZaqIB385wcG+O7KcVp9aniJ2Yxu+2LFY=",
    "password_length": null,
    "deleted": null,
    "email": "myemail@mail.com",
    "role": "a1d5e1d6-9aac-4e7a-8e22-08bc3b7a02a6",
    "auth_currency": "2c969193-0896-42cd-9531-f42717397248",
    "modified": "2015-11-17T06:02:46.398Z",
    "password_change": "2015-11-17T06:02:46.384Z",
    "created": "2015-11-17T06:02:46.389Z",
    "last_name": "scelerisque",
    "password_history": "[\"pbkdf2_sha256$20000$6zcJxriXgoYQ$8BRqefHhtcMDtNuqzjGUhdIEchKzjwZ24G2bdxXI3PI=\"]"
  },
  "model": "person.person"
},
{
  "pk": "30f530c4-ce6c-4724-9cfd-37a16e787152",
  "fields": {
    "last_login": null,
    "groups": [
      5
    ],
    "proxy_end_date": null,
    "is_superuser": false,
    "password_one_time": null,
    "proxy_status": null,
    "auth_amount": "0.0000",
    "locale": null,
    "title": "sed",
    "status": "1a3ffcb1-2f4a-4968-bb37-6849388df218",
    "proxy_start_date": null,
    "user_permissions": [],
    "accept_notify": true,
    "employee_id": null,
    "fullname": "sed sed",
    "middle_initial": null,
    "password_expire_date": "2016-02-15",
    "accept_assign": true,
    "locations": [],
    "is_active": true,
    "next_approver": null,
    "is_staff": false,
    "username": "sed",
    "first_name": "sed",
    "proxy_user": null,
    "date_joined": "2015-11-17T06:02:46.406Z",
    "password": "pbkdf2_sha256$20000$cQ3EITQoh8JV$iSGwb2kdNVCCNUooZBvfTYLZV3Tde9qMSOAyDe9NCH8=",
    "password_length": null,
    "deleted": null,
    "email": "myemail@mail.com",
    "role": "a1d5e1d6-9aac-4e7a-8e22-08bc3b7a02a6",
    "auth_currency": "2c969193-0896-42cd-9531-f42717397248",
    "modified": "2015-11-17T06:02:46.530Z",
    "password_change": "2015-11-17T06:02:46.517Z",
    "created": "2015-11-17T06:02:46.521Z",
    "last_name": "sed",
    "password_history": "[\"pbkdf2_sha256$20000$UXMGPV621NHU$gSgXHvAaSqZbKLaol0fcjYmaSaf4rvE+5CexZDSz37E=\"]"
  },
  "model": "person.person"
},
{
  "pk": "30f530c4-ce6c-4724-9cfd-37a16e787153",
  "fields": {
    "last_login": null,
    "groups": [
      1
    ],
    "proxy_end_date": null,
    "is_superuser": false,
    "password_one_time": null,
    "proxy_status": null,
    "auth_amount": "0.0000",
    "locale": null,
    "title": "sem",
    "status": "1a3ffcb1-2f4a-4968-bb37-6849388df218",
    "proxy_start_date": null,
    "user_permissions": [],
    "accept_notify": true,
    "employee_id": null,
    "fullname": "sem sem",
    "middle_initial": null,
    "password_expire_date": "2016-02-15",
    "accept_assign": true,
    "locations": [
      "4f3bcf21-4a4a-4ff6-94f5-4d419f5ca0c9",
      "77b9931c-a3ca-4477-94b7-ec96dd77f534"
    ],
    "is_active": true,
    "next_approver": null,
    "is_staff": false,
    "username": "sem",
    "first_name": "sem",
    "proxy_user": null,
    "date_joined": "2015-11-17T06:02:46.537Z",
    "password": "pbkdf2_sha256$20000$hVhpGJ0sfJtD$jEs1yLjAECRp/yX82zoO+ATn9BrPbXLGXoBNn5Q0YTk=",
    "password_length": null,
    "deleted": null,
    "email": "myemail@mail.com",
    "role": "043bbb62-2a39-4dcf-a292-e67064f5f766",
    "auth_currency": "2c969193-0896-42cd-9531-f42717397248",
    "modified": "2015-11-17T06:02:46.673Z",
    "password_change": "2015-11-17T06:02:46.656Z",
    "created": "2015-11-17T06:02:46.661Z",
    "last_name": "sem",
    "password_history": "[\"pbkdf2_sha256$20000$td1y35MuLnEW$ZJGlQll+vdoGmRABSAbtTpHB7ldRBylmZHWJwcZ9KVI=\"]"
  },
  "model": "person.person"
},
{
  "pk": "30f530c4-ce6c-4724-9cfd-37a16e787154",
  "fields": {
    "last_login": null,
    "groups": [
      3
    ],
    "proxy_end_date": null,
    "is_superuser": false,
    "password_one_time": null,
    "proxy_status": null,
    "auth_amount": "0.0000",
    "locale": null,
    "title": "semper",
    "status": "1a3ffcb1-2f4a-4968-bb37-6849388df218",
    "proxy_start_date": null,
    "user_permissions": [],
    "accept_notify": true,
    "employee_id": null,
    "fullname": "semper semper",
    "middle_initial": null,
    "password_expire_date": "2016-02-15",
    "accept_assign": true,
    "locations": [],
    "is_active": true,
    "next_approver": null,
    "is_staff": false,
    "username": "semper",
    "first_name": "semper",
    "proxy_user": null,
    "date_joined": "2015-11-17T06:02:46.681Z",
    "password": "pbkdf2_sha256$20000$0fbbrJOCtvqr$fShZkEgVP2330XYVl/iaywUkKSPgpMAAFlptoO8+Qsk=",
    "password_length": null,
    "deleted": null,
    "email": "myemail@mail.com",
    "role": "06b3578e-4d32-430f-bc29-e97f79db042b",
    "auth_currency": "2c969193-0896-42cd-9531-f42717397248",
    "modified": "2015-11-17T06:02:46.808Z",
    "password_change": "2015-11-17T06:02:46.796Z",
    "created": "2015-11-17T06:02:46.800Z",
    "last_name": "semper",
    "password_history": "[\"pbkdf2_sha256$20000$dO2hRCCEsOz0$MQ4f9N6sJTVIlS6hmhJhj0cBjxg6Rf+jaDXN0IKWJNg=\"]"
  },
  "model": "person.person"
},
{
  "pk": "30f530c4-ce6c-4724-9cfd-37a16e787155",
  "fields": {
    "last_login": null,
    "groups": [
      4
    ],
    "proxy_end_date": null,
    "is_superuser": false,
    "password_one_time": null,
    "proxy_status": null,
    "auth_amount": "0.0000",
    "locale": null,
    "title": "senectus",
    "status": "1a3ffcb1-2f4a-4968-bb37-6849388df218",
    "proxy_start_date": null,
    "user_permissions": [],
    "accept_notify": true,
    "employee_id": null,
    "fullname": "senectus senectus",
    "middle_initial": null,
    "password_expire_date": "2016-02-15",
    "accept_assign": true,
    "locations": [
      "10cf4558-080f-4146-9e63-93cc9a46f84f",
      "a27cdb12-f9b4-45b2-9ab4-8af03a0831a1",
      "4c575ad3-50c6-489b-b2f6-1ebd5b37f08c",
      "e32b5a73-a6b1-421e-a519-bff5d811feee"
    ],
    "is_active": true,
    "next_approver": null,
    "is_staff": false,
    "username": "senectus",
    "first_name": "senectus",
    "proxy_user": null,
    "date_joined": "2015-11-17T06:02:46.815Z",
    "password": "pbkdf2_sha256$20000$cIojZiOmgmzR$EyswTO3L7tFU7NQ/u0eFG3GtCBAFWPq5rctphcIZVEo=",
    "password_length": null,
    "deleted": null,
    "email": "myemail@mail.com",
    "role": "26b2ce99-5f21-4486-914f-0ee6391cc15b",
    "auth_currency": "2c969193-0896-42cd-9531-f42717397248",
    "modified": "2015-11-17T06:02:46.953Z",
    "password_change": "2015-11-17T06:02:46.935Z",
    "created": "2015-11-17T06:02:46.940Z",
    "last_name": "senectus",
    "password_history": "[\"pbkdf2_sha256$20000$wExAhJl7ZuSp$far8Gmbsygo+xhziZN6SkPGHmAX+m+PyxXrBC+tYPGw=\"]"
  },
  "model": "person.person"
},
{
  "pk": "30f530c4-ce6c-4724-9cfd-37a16e787156",
  "fields": {
    "last_login": null,
    "groups": [
      5
    ],
    "proxy_end_date": null,
    "is_superuser": false,
    "password_one_time": null,
    "proxy_status": null,
    "auth_amount": "0.0000",
    "locale": null,
    "title": "sit",
    "status": "1a3ffcb1-2f4a-4968-bb37-6849388df218",
    "proxy_start_date": null,
    "user_permissions": [],
    "accept_notify": true,
    "employee_id": null,
    "fullname": "sit sit",
    "middle_initial": null,
    "password_expire_date": "2016-02-15",
    "accept_assign": true,
    "locations": [],
    "is_active": true,
    "next_approver": null,
    "is_staff": false,
    "username": "sit",
    "first_name": "sit",
    "proxy_user": null,
    "date_joined": "2015-11-17T06:02:46.961Z",
    "password": "pbkdf2_sha256$20000$J3T9JM4hPfrx$AVziNY43lbHY+TMkxNvKy2B0sFShRmuRTlLd7NtimDc=",
    "password_length": null,
    "deleted": null,
    "email": "myemail@mail.com",
    "role": "a1d5e1d6-9aac-4e7a-8e22-08bc3b7a02a6",
    "auth_currency": "2c969193-0896-42cd-9531-f42717397248",
    "modified": "2015-11-17T06:02:47.082Z",
    "password_change": "2015-11-17T06:02:47.070Z",
    "created": "2015-11-17T06:02:47.074Z",
    "last_name": "sit",
    "password_history": "[\"pbkdf2_sha256$20000$FxsX8TUkPJB4$Zpo4AiGd0vgDwxnYCpD+jcB82X8gyxwic0kDkLKF06U=\"]"
  },
  "model": "person.person"
},
{
  "pk": "30f530c4-ce6c-4724-9cfd-37a16e787157",
  "fields": {
    "last_login": null,
    "groups": [
      1
    ],
    "proxy_end_date": null,
    "is_superuser": false,
    "password_one_time": null,
    "proxy_status": null,
    "auth_amount": "0.0000",
    "locale": null,
    "title": "sociis",
    "status": "1a3ffcb1-2f4a-4968-bb37-6849388df218",
    "proxy_start_date": null,
    "user_permissions": [],
    "accept_notify": true,
    "employee_id": null,
    "fullname": "sociis sociis",
    "middle_initial": null,
    "password_expire_date": "2016-02-15",
    "accept_assign": true,
    "locations": [
      "4f3bcf21-4a4a-4ff6-94f5-4d419f5ca0c9",
      "77b9931c-a3ca-4477-94b7-ec96dd77f534"
    ],
    "is_active": true,
    "next_approver": null,
    "is_staff": false,
    "username": "sociis",
    "first_name": "sociis",
    "proxy_user": null,
    "date_joined": "2015-11-17T06:02:47.090Z",
    "password": "pbkdf2_sha256$20000$4jiUbPB3o36y$29fDuAceAV3xgP/xkIHI1VK7BGOxGdj3NcE8SBOwaQM=",
    "password_length": null,
    "deleted": null,
    "email": "myemail@mail.com",
    "role": "043bbb62-2a39-4dcf-a292-e67064f5f766",
    "auth_currency": "2c969193-0896-42cd-9531-f42717397248",
    "modified": "2015-11-17T06:02:47.214Z",
    "password_change": "2015-11-17T06:02:47.198Z",
    "created": "2015-11-17T06:02:47.202Z",
    "last_name": "sociis",
    "password_history": "[\"pbkdf2_sha256$20000$sM5OXUskX0Oq$hjE6HIhozRa7tCaRMSSb8Nltz+vLLexs9vAb/BhmPxI=\"]"
  },
  "model": "person.person"
},
{
  "pk": "30f530c4-ce6c-4724-9cfd-37a16e787158",
  "fields": {
    "last_login": null,
    "groups": [
      3
    ],
    "proxy_end_date": null,
    "is_superuser": false,
    "password_one_time": null,
    "proxy_status": null,
    "auth_amount": "0.0000",
    "locale": null,
    "title": "sociosqu",
    "status": "1a3ffcb1-2f4a-4968-bb37-6849388df218",
    "proxy_start_date": null,
    "user_permissions": [],
    "accept_notify": true,
    "employee_id": null,
    "fullname": "sociosqu sociosqu",
    "middle_initial": null,
    "password_expire_date": "2016-02-15",
    "accept_assign": true,
    "locations": [],
    "is_active": true,
    "next_approver": null,
    "is_staff": false,
    "username": "sociosqu",
    "first_name": "sociosqu",
    "proxy_user": null,
    "date_joined": "2015-11-17T06:02:47.222Z",
    "password": "pbkdf2_sha256$20000$VsNwsuxU2GtJ$3leK6mrMvFx/z+qlvh3jtZlXMYSuRnTInaplboWi8YY=",
    "password_length": null,
    "deleted": null,
    "email": "myemail@mail.com",
    "role": "06b3578e-4d32-430f-bc29-e97f79db042b",
    "auth_currency": "2c969193-0896-42cd-9531-f42717397248",
    "modified": "2015-11-17T06:02:47.348Z",
    "password_change": "2015-11-17T06:02:47.334Z",
    "created": "2015-11-17T06:02:47.338Z",
    "last_name": "sociosqu",
    "password_history": "[\"pbkdf2_sha256$20000$Fip82usbDIoe$Vkg1shSsGjXg2u/0yTSUVRJ0kFSRQ1PHbpc0QEHi+kM=\"]"
  },
  "model": "person.person"
},
{
  "pk": "30f530c4-ce6c-4724-9cfd-37a16e787159",
  "fields": {
    "last_login": null,
    "groups": [
      3
    ],
    "proxy_end_date": null,
    "is_superuser": false,
    "password_one_time": null,
    "proxy_status": null,
    "auth_amount": "0.0000",
    "locale": null,
    "title": "sodales",
    "status": "1a3ffcb1-2f4a-4968-bb37-6849388df218",
    "proxy_start_date": null,
    "user_permissions": [],
    "accept_notify": true,
    "employee_id": null,
    "fullname": "sodales sodales",
    "middle_initial": null,
    "password_expire_date": "2016-02-15",
    "accept_assign": true,
    "locations": [],
    "is_active": true,
    "next_approver": null,
    "is_staff": false,
    "username": "sodales",
    "first_name": "sodales",
    "proxy_user": null,
    "date_joined": "2015-11-17T06:02:47.355Z",
    "password": "pbkdf2_sha256$20000$A3nS54JqWXHf$YDGXCf+raJZwN6am2Hb23joWE5PebzlccyXfc+DCLn4=",
    "password_length": null,
    "deleted": null,
    "email": "myemail@mail.com",
    "role": "06b3578e-4d32-430f-bc29-e97f79db042b",
    "auth_currency": "2c969193-0896-42cd-9531-f42717397248",
    "modified": "2015-11-17T06:02:47.478Z",
    "password_change": "2015-11-17T06:02:47.466Z",
    "created": "2015-11-17T06:02:47.471Z",
    "last_name": "sodales",
    "password_history": "[\"pbkdf2_sha256$20000$jWaetO2gKsAw$queHqzBGPY7Fr2dlTzjFNDevZAQtMxdrJ5r44JHXkOg=\"]"
  },
  "model": "person.person"
},
{
  "pk": "30f530c4-ce6c-4724-9cfd-37a16e787160",
  "fields": {
    "last_login": null,
    "groups": [
      4
    ],
    "proxy_end_date": null,
    "is_superuser": false,
    "password_one_time": null,
    "proxy_status": null,
    "auth_amount": "0.0000",
    "locale": null,
    "title": "sollicitudin",
    "status": "1a3ffcb1-2f4a-4968-bb37-6849388df218",
    "proxy_start_date": null,
    "user_permissions": [],
    "accept_notify": true,
    "employee_id": null,
    "fullname": "sollicitudin sollicitudin",
    "middle_initial": null,
    "password_expire_date": "2016-02-15",
    "accept_assign": true,
    "locations": [
      "10cf4558-080f-4146-9e63-93cc9a46f84f",
      "a27cdb12-f9b4-45b2-9ab4-8af03a0831a1",
      "4c575ad3-50c6-489b-b2f6-1ebd5b37f08c",
      "e32b5a73-a6b1-421e-a519-bff5d811feee"
    ],
    "is_active": true,
    "next_approver": null,
    "is_staff": false,
    "username": "sollicitudin",
    "first_name": "sollicitudin",
    "proxy_user": null,
    "date_joined": "2015-11-17T06:02:47.486Z",
    "password": "pbkdf2_sha256$20000$zPCWhsHTJaHV$ezkUACa6uRxM4oPrO1vQa9Zt5PLZkzukNh/yy7lHBPs=",
    "password_length": null,
    "deleted": null,
    "email": "myemail@mail.com",
    "role": "26b2ce99-5f21-4486-914f-0ee6391cc15b",
    "auth_currency": "2c969193-0896-42cd-9531-f42717397248",
    "modified": "2015-11-17T06:02:47.618Z",
    "password_change": "2015-11-17T06:02:47.600Z",
    "created": "2015-11-17T06:02:47.604Z",
    "last_name": "sollicitudin",
    "password_history": "[\"pbkdf2_sha256$20000$sPUdfRrR8U7l$1a2dFM6nMgTz39V8tpVXQdwygpmKrCwM3/V1bfklFDs=\"]"
  },
  "model": "person.person"
},
{
  "pk": "30f530c4-ce6c-4724-9cfd-37a16e787161",
  "fields": {
    "last_login": null,
    "groups": [
      4
    ],
    "proxy_end_date": null,
    "is_superuser": false,
    "password_one_time": null,
    "proxy_status": null,
    "auth_amount": "0.0000",
    "locale": null,
    "title": "suscipit",
    "status": "1a3ffcb1-2f4a-4968-bb37-6849388df218",
    "proxy_start_date": null,
    "user_permissions": [],
    "accept_notify": true,
    "employee_id": null,
    "fullname": "suscipit suscipit",
    "middle_initial": null,
    "password_expire_date": "2016-02-15",
    "accept_assign": true,
    "locations": [
      "10cf4558-080f-4146-9e63-93cc9a46f84f",
      "a27cdb12-f9b4-45b2-9ab4-8af03a0831a1",
      "4c575ad3-50c6-489b-b2f6-1ebd5b37f08c",
      "e32b5a73-a6b1-421e-a519-bff5d811feee"
    ],
    "is_active": true,
    "next_approver": null,
    "is_staff": false,
    "username": "suscipit",
    "first_name": "suscipit",
    "proxy_user": null,
    "date_joined": "2015-11-17T06:02:47.626Z",
    "password": "pbkdf2_sha256$20000$PtX4j7EXZp0d$o0drZQMeBJPvhV8HXI+vM4Q/kI/igfYhTGKNXuXM7s0=",
    "password_length": null,
    "deleted": null,
    "email": "myemail@mail.com",
    "role": "26b2ce99-5f21-4486-914f-0ee6391cc15b",
    "auth_currency": "2c969193-0896-42cd-9531-f42717397248",
    "modified": "2015-11-17T06:02:47.760Z",
    "password_change": "2015-11-17T06:02:47.740Z",
    "created": "2015-11-17T06:02:47.745Z",
    "last_name": "suscipit",
    "password_history": "[\"pbkdf2_sha256$20000$VcAKUEF2tNvT$Jz/Axu78luOE3+oSeh86+R3PFCEY2Lpf5d/tZQ549Fs=\"]"
  },
  "model": "person.person"
},
{
  "pk": "30f530c4-ce6c-4724-9cfd-37a16e787162",
  "fields": {
    "last_login": null,
    "groups": [
      1
    ],
    "proxy_end_date": null,
    "is_superuser": false,
    "password_one_time": null,
    "proxy_status": null,
    "auth_amount": "0.0000",
    "locale": null,
    "title": "suspendisse",
    "status": "1a3ffcb1-2f4a-4968-bb37-6849388df218",
    "proxy_start_date": null,
    "user_permissions": [],
    "accept_notify": true,
    "employee_id": null,
    "fullname": "suspendisse suspendisse",
    "middle_initial": null,
    "password_expire_date": "2016-02-15",
    "accept_assign": true,
    "locations": [
      "4f3bcf21-4a4a-4ff6-94f5-4d419f5ca0c9",
      "77b9931c-a3ca-4477-94b7-ec96dd77f534"
    ],
    "is_active": true,
    "next_approver": null,
    "is_staff": false,
    "username": "suspendisse",
    "first_name": "suspendisse",
    "proxy_user": null,
    "date_joined": "2015-11-17T06:02:47.767Z",
    "password": "pbkdf2_sha256$20000$SseFPD3FVERP$rSOlM4/iDGcEvf9b9DMEdRxZozD5ZRV/uRdVxCLcPO0=",
    "password_length": null,
    "deleted": null,
    "email": "myemail@mail.com",
    "role": "043bbb62-2a39-4dcf-a292-e67064f5f766",
    "auth_currency": "2c969193-0896-42cd-9531-f42717397248",
    "modified": "2015-11-17T06:02:47.897Z",
    "password_change": "2015-11-17T06:02:47.880Z",
    "created": "2015-11-17T06:02:47.885Z",
    "last_name": "suspendisse",
    "password_history": "[\"pbkdf2_sha256$20000$13QvBOSI38tD$z8H2LD4XSOctU5zc4hpnN1ANsBxrU3KBnvvQlIpVnEE=\"]"
  },
  "model": "person.person"
},
{
  "pk": "30f530c4-ce6c-4724-9cfd-37a16e787163",
  "fields": {
    "last_login": null,
    "groups": [
      5
    ],
    "proxy_end_date": null,
    "is_superuser": false,
    "password_one_time": null,
    "proxy_status": null,
    "auth_amount": "0.0000",
    "locale": null,
    "title": "taciti",
    "status": "1a3ffcb1-2f4a-4968-bb37-6849388df218",
    "proxy_start_date": null,
    "user_permissions": [],
    "accept_notify": true,
    "employee_id": null,
    "fullname": "taciti taciti",
    "middle_initial": null,
    "password_expire_date": "2016-02-15",
    "accept_assign": true,
    "locations": [],
    "is_active": true,
    "next_approver": null,
    "is_staff": false,
    "username": "taciti",
    "first_name": "taciti",
    "proxy_user": null,
    "date_joined": "2015-11-17T06:02:47.905Z",
    "password": "pbkdf2_sha256$20000$BfLF8SdKe3jf$fiWq/zxBIsRCvtkNCpkJ2ygwRE+mkKfKRxtBHG//OXg=",
    "password_length": null,
    "deleted": null,
    "email": "myemail@mail.com",
    "role": "a1d5e1d6-9aac-4e7a-8e22-08bc3b7a02a6",
    "auth_currency": "2c969193-0896-42cd-9531-f42717397248",
    "modified": "2015-11-17T06:02:48.035Z",
    "password_change": "2015-11-17T06:02:48.023Z",
    "created": "2015-11-17T06:02:48.027Z",
    "last_name": "taciti",
    "password_history": "[\"pbkdf2_sha256$20000$rM33QWkuOeVj$+XYUUTpHjkebL/NoyCDwIG7oW6dO0qU2sdnjsiBB37k=\"]"
  },
  "model": "person.person"
},
{
  "pk": "30f530c4-ce6c-4724-9cfd-37a16e787164",
  "fields": {
    "last_login": null,
    "groups": [
      4
    ],
    "proxy_end_date": null,
    "is_superuser": false,
    "password_one_time": null,
    "proxy_status": null,
    "auth_amount": "0.0000",
    "locale": null,
    "title": "tellus",
    "status": "1a3ffcb1-2f4a-4968-bb37-6849388df218",
    "proxy_start_date": null,
    "user_permissions": [],
    "accept_notify": true,
    "employee_id": null,
    "fullname": "tellus tellus",
    "middle_initial": null,
    "password_expire_date": "2016-02-15",
    "accept_assign": true,
    "locations": [
      "10cf4558-080f-4146-9e63-93cc9a46f84f",
      "a27cdb12-f9b4-45b2-9ab4-8af03a0831a1",
      "4c575ad3-50c6-489b-b2f6-1ebd5b37f08c",
      "e32b5a73-a6b1-421e-a519-bff5d811feee"
    ],
    "is_active": true,
    "next_approver": null,
    "is_staff": false,
    "username": "tellus",
    "first_name": "tellus",
    "proxy_user": null,
    "date_joined": "2015-11-17T06:02:48.042Z",
    "password": "pbkdf2_sha256$20000$UVABNAl3XWM9$qRphKbn4boq1iKTlK/uTDQsHfsY6vy5Oc/W2bh8nUPI=",
    "password_length": null,
    "deleted": null,
    "email": "myemail@mail.com",
    "role": "26b2ce99-5f21-4486-914f-0ee6391cc15b",
    "auth_currency": "2c969193-0896-42cd-9531-f42717397248",
    "modified": "2015-11-17T06:02:48.175Z",
    "password_change": "2015-11-17T06:02:48.156Z",
    "created": "2015-11-17T06:02:48.160Z",
    "last_name": "tellus",
    "password_history": "[\"pbkdf2_sha256$20000$XB5vvXZl8QGW$9Am0xucvSCpEYuuix+6b7xr54Mo3pdgU4ROfSQ3w6no=\"]"
  },
  "model": "person.person"
},
{
  "pk": "30f530c4-ce6c-4724-9cfd-37a16e787165",
  "fields": {
    "last_login": null,
    "groups": [
      3
    ],
    "proxy_end_date": null,
    "is_superuser": false,
    "password_one_time": null,
    "proxy_status": null,
    "auth_amount": "0.0000",
    "locale": null,
    "title": "tempor",
    "status": "1a3ffcb1-2f4a-4968-bb37-6849388df218",
    "proxy_start_date": null,
    "user_permissions": [],
    "accept_notify": true,
    "employee_id": null,
    "fullname": "tempor tempor",
    "middle_initial": null,
    "password_expire_date": "2016-02-15",
    "accept_assign": true,
    "locations": [],
    "is_active": true,
    "next_approver": null,
    "is_staff": false,
    "username": "tempor",
    "first_name": "tempor",
    "proxy_user": null,
    "date_joined": "2015-11-17T06:02:48.183Z",
    "password": "pbkdf2_sha256$20000$MrSlCAcMQ1pw$ydwVMgi2AQNxBEar7zHq8L11tGPUzpXrFNdzF2y1VdM=",
    "password_length": null,
    "deleted": null,
    "email": "myemail@mail.com",
    "role": "06b3578e-4d32-430f-bc29-e97f79db042b",
    "auth_currency": "2c969193-0896-42cd-9531-f42717397248",
    "modified": "2015-11-17T06:02:48.317Z",
    "password_change": "2015-11-17T06:02:48.293Z",
    "created": "2015-11-17T06:02:48.298Z",
    "last_name": "tempor",
    "password_history": "[\"pbkdf2_sha256$20000$uWfzlfxSTVVK$AyeFYl2JD3GvABjtsDrVTPVXWAt48lOGLSf8wsl2Hw4=\"]"
  },
  "model": "person.person"
},
{
  "pk": "30f530c4-ce6c-4724-9cfd-37a16e787166",
  "fields": {
    "last_login": null,
    "groups": [
      4
    ],
    "proxy_end_date": null,
    "is_superuser": false,
    "password_one_time": null,
    "proxy_status": null,
    "auth_amount": "0.0000",
    "locale": null,
    "title": "tempus",
    "status": "1a3ffcb1-2f4a-4968-bb37-6849388df218",
    "proxy_start_date": null,
    "user_permissions": [],
    "accept_notify": true,
    "employee_id": null,
    "fullname": "tempus tempus",
    "middle_initial": null,
    "password_expire_date": "2016-02-15",
    "accept_assign": true,
    "locations": [
      "10cf4558-080f-4146-9e63-93cc9a46f84f",
      "a27cdb12-f9b4-45b2-9ab4-8af03a0831a1",
      "4c575ad3-50c6-489b-b2f6-1ebd5b37f08c",
      "e32b5a73-a6b1-421e-a519-bff5d811feee"
    ],
    "is_active": true,
    "next_approver": null,
    "is_staff": false,
    "username": "tempus",
    "first_name": "tempus",
    "proxy_user": null,
    "date_joined": "2015-11-17T06:02:48.335Z",
    "password": "pbkdf2_sha256$20000$315DktnEKiFg$065tL/LN2E56AUTpe/dNOUPNXGzkLHI+Xzfk2Tn2ySA=",
    "password_length": null,
    "deleted": null,
    "email": "myemail@mail.com",
    "role": "26b2ce99-5f21-4486-914f-0ee6391cc15b",
    "auth_currency": "2c969193-0896-42cd-9531-f42717397248",
    "modified": "2015-11-17T06:02:48.463Z",
    "password_change": "2015-11-17T06:02:48.443Z",
    "created": "2015-11-17T06:02:48.449Z",
    "last_name": "tempus",
    "password_history": "[\"pbkdf2_sha256$20000$Z0QaUFbnxu7O$j1RrcSM8aojFM/YZ8zw+ba3zT3BW1ksv1FDikXU1c4I=\"]"
  },
  "model": "person.person"
},
{
  "pk": "30f530c4-ce6c-4724-9cfd-37a16e787167",
  "fields": {
    "last_login": null,
    "groups": [
      5
    ],
    "proxy_end_date": null,
    "is_superuser": false,
    "password_one_time": null,
    "proxy_status": null,
    "auth_amount": "0.0000",
    "locale": null,
    "title": "tincidunt",
    "status": "1a3ffcb1-2f4a-4968-bb37-6849388df218",
    "proxy_start_date": null,
    "user_permissions": [],
    "accept_notify": true,
    "employee_id": null,
    "fullname": "tincidunt tincidunt",
    "middle_initial": null,
    "password_expire_date": "2016-02-15",
    "accept_assign": true,
    "locations": [],
    "is_active": true,
    "next_approver": null,
    "is_staff": false,
    "username": "tincidunt",
    "first_name": "tincidunt",
    "proxy_user": null,
    "date_joined": "2015-11-17T06:02:48.470Z",
    "password": "pbkdf2_sha256$20000$Wa5SQ7hlGfg6$E/AlVSdlTf1T/NvQFBY/ZtOJ7f48a4lwliktdVL0yMg=",
    "password_length": null,
    "deleted": null,
    "email": "myemail@mail.com",
    "role": "a1d5e1d6-9aac-4e7a-8e22-08bc3b7a02a6",
    "auth_currency": "2c969193-0896-42cd-9531-f42717397248",
    "modified": "2015-11-17T06:02:48.597Z",
    "password_change": "2015-11-17T06:02:48.584Z",
    "created": "2015-11-17T06:02:48.588Z",
    "last_name": "tincidunt",
    "password_history": "[\"pbkdf2_sha256$20000$mlLzVvD1zCOG$DyB/nHHshqoK67tX7+1PLuB+/GYM7TIJahYo5K8kH+M=\"]"
  },
  "model": "person.person"
},
{
  "pk": "30f530c4-ce6c-4724-9cfd-37a16e787168",
  "fields": {
    "last_login": null,
    "groups": [
      2
    ],
    "proxy_end_date": null,
    "is_superuser": false,
    "password_one_time": null,
    "proxy_status": null,
    "auth_amount": "0.0000",
    "locale": null,
    "title": "torquent",
    "status": "1a3ffcb1-2f4a-4968-bb37-6849388df218",
    "proxy_start_date": null,
    "user_permissions": [],
    "accept_notify": true,
    "employee_id": null,
    "fullname": "torquent torquent",
    "middle_initial": null,
    "password_expire_date": "2016-02-15",
    "accept_assign": true,
    "locations": [
      "989b13df-f38b-442c-918d-eb9ef62da824",
      "6e58c2c8-2516-4e10-b72f-879a1d99dcbf",
      "c6203b3b-6976-46ef-9c00-142c622275c5",
      "810cc41e-c9a3-4cab-8224-80d32db07702"
    ],
    "is_active": true,
    "next_approver": null,
    "is_staff": false,
    "username": "torquent",
    "first_name": "torquent",
    "proxy_user": null,
    "date_joined": "2015-11-17T06:02:48.604Z",
    "password": "pbkdf2_sha256$20000$IAqEAN1FpAMc$F/unZ8dVs5M7qTIs6UoCfD0VU0FxrmslWdIwN4XfqT8=",
    "password_length": null,
    "deleted": null,
    "email": "myemail@mail.com",
    "role": "a3cdac3a-0e2a-46c6-b927-c552ca44dcd9",
    "auth_currency": "2c969193-0896-42cd-9531-f42717397248",
    "modified": "2015-11-17T06:02:48.800Z",
    "password_change": "2015-11-17T06:02:48.779Z",
    "created": "2015-11-17T06:02:48.784Z",
    "last_name": "torquent",
    "password_history": "[\"pbkdf2_sha256$20000$1t8uGu7W0PDK$czrLTAlNo62wKQyH9qKFoRiXixYjQ81wz4omZ1YEJZM=\"]"
  },
  "model": "person.person"
},
{
  "pk": "30f530c4-ce6c-4724-9cfd-37a16e787169",
  "fields": {
    "last_login": null,
    "groups": [
      3
    ],
    "proxy_end_date": null,
    "is_superuser": false,
    "password_one_time": null,
    "proxy_status": null,
    "auth_amount": "0.0000",
    "locale": null,
    "title": "tortor",
    "status": "1a3ffcb1-2f4a-4968-bb37-6849388df218",
    "proxy_start_date": null,
    "user_permissions": [],
    "accept_notify": true,
    "employee_id": null,
    "fullname": "tortor tortor",
    "middle_initial": null,
    "password_expire_date": "2016-02-15",
    "accept_assign": true,
    "locations": [],
    "is_active": true,
    "next_approver": null,
    "is_staff": false,
    "username": "tortor",
    "first_name": "tortor",
    "proxy_user": null,
    "date_joined": "2015-11-17T06:02:48.808Z",
    "password": "pbkdf2_sha256$20000$zKPQjY4jVszs$mxPlKhE7soHrLpT1dRgh12I6aOFYhLQlfsuHbyTRdAQ=",
    "password_length": null,
    "deleted": null,
    "email": "myemail@mail.com",
    "role": "06b3578e-4d32-430f-bc29-e97f79db042b",
    "auth_currency": "2c969193-0896-42cd-9531-f42717397248",
    "modified": "2015-11-17T06:02:48.937Z",
    "password_change": "2015-11-17T06:02:48.922Z",
    "created": "2015-11-17T06:02:48.927Z",
    "last_name": "tortor",
    "password_history": "[\"pbkdf2_sha256$20000$EoRYZgDRFBJR$Nvr1eCEf1L9yDWYT+olGH4iDVGXh9ddiwwVO0myrRWk=\"]"
  },
  "model": "person.person"
},
{
  "pk": "30f530c4-ce6c-4724-9cfd-37a16e787170",
  "fields": {
    "last_login": null,
    "groups": [
      1
    ],
    "proxy_end_date": null,
    "is_superuser": false,
    "password_one_time": null,
    "proxy_status": null,
    "auth_amount": "0.0000",
    "locale": null,
    "title": "tristique",
    "status": "1a3ffcb1-2f4a-4968-bb37-6849388df218",
    "proxy_start_date": null,
    "user_permissions": [],
    "accept_notify": true,
    "employee_id": null,
    "fullname": "tristique tristique",
    "middle_initial": null,
    "password_expire_date": "2016-02-15",
    "accept_assign": true,
    "locations": [
      "4f3bcf21-4a4a-4ff6-94f5-4d419f5ca0c9",
      "77b9931c-a3ca-4477-94b7-ec96dd77f534"
    ],
    "is_active": true,
    "next_approver": null,
    "is_staff": false,
    "username": "tristique",
    "first_name": "tristique",
    "proxy_user": null,
    "date_joined": "2015-11-17T06:02:48.944Z",
    "password": "pbkdf2_sha256$20000$KW9xwyLkcOCL$9mnLGUqZsZTTlric9NtBSfw0Kgs3xDLGKIPruk7y5Ys=",
    "password_length": null,
    "deleted": null,
    "email": "myemail@mail.com",
    "role": "043bbb62-2a39-4dcf-a292-e67064f5f766",
    "auth_currency": "2c969193-0896-42cd-9531-f42717397248",
    "modified": "2015-11-17T06:02:49.076Z",
    "password_change": "2015-11-17T06:02:49.059Z",
    "created": "2015-11-17T06:02:49.063Z",
    "last_name": "tristique",
    "password_history": "[\"pbkdf2_sha256$20000$69DSmSkuzHjc$phphWH2OxO8j0oQMSVRxCpWb5w8ghkVx8KhGJQfP+FY=\"]"
  },
  "model": "person.person"
},
{
  "pk": "30f530c4-ce6c-4724-9cfd-37a16e787171",
  "fields": {
    "last_login": null,
    "groups": [
      3
    ],
    "proxy_end_date": null,
    "is_superuser": false,
    "password_one_time": null,
    "proxy_status": null,
    "auth_amount": "0.0000",
    "locale": null,
    "title": "turpis",
    "status": "1a3ffcb1-2f4a-4968-bb37-6849388df218",
    "proxy_start_date": null,
    "user_permissions": [],
    "accept_notify": true,
    "employee_id": null,
    "fullname": "turpis turpis",
    "middle_initial": null,
    "password_expire_date": "2016-02-15",
    "accept_assign": true,
    "locations": [],
    "is_active": true,
    "next_approver": null,
    "is_staff": false,
    "username": "turpis",
    "first_name": "turpis",
    "proxy_user": null,
    "date_joined": "2015-11-17T06:02:49.084Z",
    "password": "pbkdf2_sha256$20000$PeC6U9cIpHcG$CrY43TQviNBKN2Ho5mhG0GspfrtBDBVn91m9jCYpRro=",
    "password_length": null,
    "deleted": null,
    "email": "myemail@mail.com",
    "role": "06b3578e-4d32-430f-bc29-e97f79db042b",
    "auth_currency": "2c969193-0896-42cd-9531-f42717397248",
    "modified": "2015-11-17T06:02:49.218Z",
    "password_change": "2015-11-17T06:02:49.206Z",
    "created": "2015-11-17T06:02:49.210Z",
    "last_name": "turpis",
    "password_history": "[\"pbkdf2_sha256$20000$gkzgxb7tYKop$WKl2F37sivwf3WqnBDWUHkq81fawrwA33hbjNCxXN84=\"]"
  },
  "model": "person.person"
},
{
  "pk": "30f530c4-ce6c-4724-9cfd-37a16e787172",
  "fields": {
    "last_login": null,
    "groups": [
      5
    ],
    "proxy_end_date": null,
    "is_superuser": false,
    "password_one_time": null,
    "proxy_status": null,
    "auth_amount": "0.0000",
    "locale": null,
    "title": "ullamcorper",
    "status": "1a3ffcb1-2f4a-4968-bb37-6849388df218",
    "proxy_start_date": null,
    "user_permissions": [],
    "accept_notify": true,
    "employee_id": null,
    "fullname": "ullamcorper ullamcorper",
    "middle_initial": null,
    "password_expire_date": "2016-02-15",
    "accept_assign": true,
    "locations": [],
    "is_active": true,
    "next_approver": null,
    "is_staff": false,
    "username": "ullamcorper",
    "first_name": "ullamcorper",
    "proxy_user": null,
    "date_joined": "2015-11-17T06:02:49.226Z",
    "password": "pbkdf2_sha256$20000$n6rarH3qoGsk$ZTtIozoyEDLXoeD6Jvtty/xlPjBGeXbvTqD6l41i8FE=",
    "password_length": null,
    "deleted": null,
    "email": "myemail@mail.com",
    "role": "a1d5e1d6-9aac-4e7a-8e22-08bc3b7a02a6",
    "auth_currency": "2c969193-0896-42cd-9531-f42717397248",
    "modified": "2015-11-17T06:02:49.366Z",
    "password_change": "2015-11-17T06:02:49.352Z",
    "created": "2015-11-17T06:02:49.357Z",
    "last_name": "ullamcorper",
    "password_history": "[\"pbkdf2_sha256$20000$rqzh2MYwFjCt$JevWT/1L6mGlrcKHpNkP6hYbXvbSgDmcxK4CyEXFH0o=\"]"
  },
  "model": "person.person"
},
{
  "pk": "30f530c4-ce6c-4724-9cfd-37a16e787173",
  "fields": {
    "last_login": null,
    "groups": [
      2
    ],
    "proxy_end_date": null,
    "is_superuser": false,
    "password_one_time": null,
    "proxy_status": null,
    "auth_amount": "0.0000",
    "locale": null,
    "title": "ultrices",
    "status": "1a3ffcb1-2f4a-4968-bb37-6849388df218",
    "proxy_start_date": null,
    "user_permissions": [],
    "accept_notify": true,
    "employee_id": null,
    "fullname": "ultrices ultrices",
    "middle_initial": null,
    "password_expire_date": "2016-02-15",
    "accept_assign": true,
    "locations": [
      "989b13df-f38b-442c-918d-eb9ef62da824",
      "6e58c2c8-2516-4e10-b72f-879a1d99dcbf",
      "c6203b3b-6976-46ef-9c00-142c622275c5",
      "810cc41e-c9a3-4cab-8224-80d32db07702"
    ],
    "is_active": true,
    "next_approver": null,
    "is_staff": false,
    "username": "ultrices",
    "first_name": "ultrices",
    "proxy_user": null,
    "date_joined": "2015-11-17T06:02:49.374Z",
    "password": "pbkdf2_sha256$20000$NwP4rmK6y1IL$3i3gew+eapqEl6gssCtdvWnSMEf4+fdv3TTAA1UN3Hw=",
    "password_length": null,
    "deleted": null,
    "email": "myemail@mail.com",
    "role": "a3cdac3a-0e2a-46c6-b927-c552ca44dcd9",
    "auth_currency": "2c969193-0896-42cd-9531-f42717397248",
    "modified": "2015-11-17T06:02:49.524Z",
    "password_change": "2015-11-17T06:02:49.488Z",
    "created": "2015-11-17T06:02:49.493Z",
    "last_name": "ultrices",
    "password_history": "[\"pbkdf2_sha256$20000$NfxIdwUXn3aV$FPhRR1T5b+7MWbGoHggu+dYEWGi7EMVKkhgB7uAbdZs=\"]"
  },
  "model": "person.person"
},
{
  "pk": "30f530c4-ce6c-4724-9cfd-37a16e787174",
  "fields": {
    "last_login": null,
    "groups": [
      2
    ],
    "proxy_end_date": null,
    "is_superuser": false,
    "password_one_time": null,
    "proxy_status": null,
    "auth_amount": "0.0000",
    "locale": null,
    "title": "ultricies",
    "status": "1a3ffcb1-2f4a-4968-bb37-6849388df218",
    "proxy_start_date": null,
    "user_permissions": [],
    "accept_notify": true,
    "employee_id": null,
    "fullname": "ultricies ultricies",
    "middle_initial": null,
    "password_expire_date": "2016-02-15",
    "accept_assign": true,
    "locations": [
      "989b13df-f38b-442c-918d-eb9ef62da824",
      "6e58c2c8-2516-4e10-b72f-879a1d99dcbf",
      "c6203b3b-6976-46ef-9c00-142c622275c5",
      "810cc41e-c9a3-4cab-8224-80d32db07702"
    ],
    "is_active": true,
    "next_approver": null,
    "is_staff": false,
    "username": "ultricies",
    "first_name": "ultricies",
    "proxy_user": null,
    "date_joined": "2015-11-17T06:02:49.532Z",
    "password": "pbkdf2_sha256$20000$UXtdQx1Vf4hZ$gyJLDe5IctsOq0WU0ouYnSuxkOdDuUcHQFtk5I7SjyQ=",
    "password_length": null,
    "deleted": null,
    "email": "myemail@mail.com",
    "role": "a3cdac3a-0e2a-46c6-b927-c552ca44dcd9",
    "auth_currency": "2c969193-0896-42cd-9531-f42717397248",
    "modified": "2015-11-17T06:02:49.659Z",
    "password_change": "2015-11-17T06:02:49.640Z",
    "created": "2015-11-17T06:02:49.646Z",
    "last_name": "ultricies",
    "password_history": "[\"pbkdf2_sha256$20000$XfgnmOUb9lf1$3AJKS23GN9esLI4VIlMaNIbjWDfqziRByfkBb1LDYcc=\"]"
  },
  "model": "person.person"
},
{
  "pk": "30f530c4-ce6c-4724-9cfd-37a16e787175",
  "fields": {
    "last_login": null,
    "groups": [
      3
    ],
    "proxy_end_date": null,
    "is_superuser": false,
    "password_one_time": null,
    "proxy_status": null,
    "auth_amount": "0.0000",
    "locale": null,
    "title": "urna",
    "status": "1a3ffcb1-2f4a-4968-bb37-6849388df218",
    "proxy_start_date": null,
    "user_permissions": [],
    "accept_notify": true,
    "employee_id": null,
    "fullname": "urna urna",
    "middle_initial": null,
    "password_expire_date": "2016-02-15",
    "accept_assign": true,
    "locations": [],
    "is_active": true,
    "next_approver": null,
    "is_staff": false,
    "username": "urna",
    "first_name": "urna",
    "proxy_user": null,
    "date_joined": "2015-11-17T06:02:49.668Z",
    "password": "pbkdf2_sha256$20000$0pvaZzt7qz6m$BTIUIavf2fAxlyTWReY3jgi9pqSNQbLXJhUdInKf7E4=",
    "password_length": null,
    "deleted": null,
    "email": "myemail@mail.com",
    "role": "06b3578e-4d32-430f-bc29-e97f79db042b",
    "auth_currency": "2c969193-0896-42cd-9531-f42717397248",
    "modified": "2015-11-17T06:02:49.805Z",
    "password_change": "2015-11-17T06:02:49.785Z",
    "created": "2015-11-17T06:02:49.790Z",
    "last_name": "urna",
    "password_history": "[\"pbkdf2_sha256$20000$vRHkPcS0jJY0$xezigx8KcumkRvvs47QUirisnw6dUCiSMgT9jLldRI0=\"]"
  },
  "model": "person.person"
},
{
  "pk": "30f530c4-ce6c-4724-9cfd-37a16e787176",
  "fields": {
    "last_login": null,
    "groups": [
      1
    ],
    "proxy_end_date": null,
    "is_superuser": false,
    "password_one_time": null,
    "proxy_status": null,
    "auth_amount": "0.0000",
    "locale": null,
    "title": "ut",
    "status": "1a3ffcb1-2f4a-4968-bb37-6849388df218",
    "proxy_start_date": null,
    "user_permissions": [],
    "accept_notify": true,
    "employee_id": null,
    "fullname": "ut ut",
    "middle_initial": null,
    "password_expire_date": "2016-02-15",
    "accept_assign": true,
    "locations": [
      "4f3bcf21-4a4a-4ff6-94f5-4d419f5ca0c9",
      "77b9931c-a3ca-4477-94b7-ec96dd77f534"
    ],
    "is_active": true,
    "next_approver": null,
    "is_staff": false,
    "username": "ut",
    "first_name": "ut",
    "proxy_user": null,
    "date_joined": "2015-11-17T06:02:49.830Z",
    "password": "pbkdf2_sha256$20000$C1Shh04riLSd$FodYI5YlDSU2E/kuEgwFYnyBxiaJHy+/im4ZxhsjWeY=",
    "password_length": null,
    "deleted": null,
    "email": "myemail@mail.com",
    "role": "043bbb62-2a39-4dcf-a292-e67064f5f766",
    "auth_currency": "2c969193-0896-42cd-9531-f42717397248",
    "modified": "2015-11-17T06:02:49.960Z",
    "password_change": "2015-11-17T06:02:49.941Z",
    "created": "2015-11-17T06:02:49.946Z",
    "last_name": "ut",
    "password_history": "[\"pbkdf2_sha256$20000$8sbOlg56ci8n$AVmFU5DclDMpP0g5NtejY/qhOBw6om82LNVxkxT4uNs=\"]"
  },
  "model": "person.person"
},
{
  "pk": "30f530c4-ce6c-4724-9cfd-37a16e787177",
  "fields": {
    "last_login": null,
    "groups": [
      4
    ],
    "proxy_end_date": null,
    "is_superuser": false,
    "password_one_time": null,
    "proxy_status": null,
    "auth_amount": "0.0000",
    "locale": null,
    "title": "varius",
    "status": "1a3ffcb1-2f4a-4968-bb37-6849388df218",
    "proxy_start_date": null,
    "user_permissions": [],
    "accept_notify": true,
    "employee_id": null,
    "fullname": "varius varius",
    "middle_initial": null,
    "password_expire_date": "2016-02-15",
    "accept_assign": true,
    "locations": [
      "10cf4558-080f-4146-9e63-93cc9a46f84f",
      "a27cdb12-f9b4-45b2-9ab4-8af03a0831a1",
      "4c575ad3-50c6-489b-b2f6-1ebd5b37f08c",
      "e32b5a73-a6b1-421e-a519-bff5d811feee"
    ],
    "is_active": true,
    "next_approver": null,
    "is_staff": false,
    "username": "varius",
    "first_name": "varius",
    "proxy_user": null,
    "date_joined": "2015-11-17T06:02:49.968Z",
    "password": "pbkdf2_sha256$20000$EkUFsrvjrVLX$HqS1BWTo7EsFgqksoeSRuEokjiXLpvM2xLrJgJtO0mI=",
    "password_length": null,
    "deleted": null,
    "email": "myemail@mail.com",
    "role": "26b2ce99-5f21-4486-914f-0ee6391cc15b",
    "auth_currency": "2c969193-0896-42cd-9531-f42717397248",
    "modified": "2015-11-17T06:02:50.098Z",
    "password_change": "2015-11-17T06:02:50.079Z",
    "created": "2015-11-17T06:02:50.084Z",
    "last_name": "varius",
    "password_history": "[\"pbkdf2_sha256$20000$4BzZEvs2wQK4$ixe0XFAlhIoeth+q6YMDT0D56d9doZFRxCTmNzvRcx0=\"]"
  },
  "model": "person.person"
},
{
  "pk": "30f530c4-ce6c-4724-9cfd-37a16e787178",
  "fields": {
    "last_login": null,
    "groups": [
      3
    ],
    "proxy_end_date": null,
    "is_superuser": false,
    "password_one_time": null,
    "proxy_status": null,
    "auth_amount": "0.0000",
    "locale": null,
    "title": "vehicula",
    "status": "1a3ffcb1-2f4a-4968-bb37-6849388df218",
    "proxy_start_date": null,
    "user_permissions": [],
    "accept_notify": true,
    "employee_id": null,
    "fullname": "vehicula vehicula",
    "middle_initial": null,
    "password_expire_date": "2016-02-15",
    "accept_assign": true,
    "locations": [],
    "is_active": true,
    "next_approver": null,
    "is_staff": false,
    "username": "vehicula",
    "first_name": "vehicula",
    "proxy_user": null,
    "date_joined": "2015-11-17T06:02:50.106Z",
    "password": "pbkdf2_sha256$20000$vZItuI91sUmU$oiq02o6rgenH9XZJTymkbpbjLXdllGiAMg1rAJVktiI=",
    "password_length": null,
    "deleted": null,
    "email": "myemail@mail.com",
    "role": "06b3578e-4d32-430f-bc29-e97f79db042b",
    "auth_currency": "2c969193-0896-42cd-9531-f42717397248",
    "modified": "2015-11-17T06:02:50.234Z",
    "password_change": "2015-11-17T06:02:50.222Z",
    "created": "2015-11-17T06:02:50.226Z",
    "last_name": "vehicula",
    "password_history": "[\"pbkdf2_sha256$20000$VkAZi7T0IigV$8/2/Y2maSjuR5HTSnmRNpJvrrGPo06WQFldY2iCc9K0=\"]"
  },
  "model": "person.person"
},
{
  "pk": "30f530c4-ce6c-4724-9cfd-37a16e787179",
  "fields": {
    "last_login": null,
    "groups": [
      2
    ],
    "proxy_end_date": null,
    "is_superuser": false,
    "password_one_time": null,
    "proxy_status": null,
    "auth_amount": "0.0000",
    "locale": null,
    "title": "vel",
    "status": "1a3ffcb1-2f4a-4968-bb37-6849388df218",
    "proxy_start_date": null,
    "user_permissions": [],
    "accept_notify": true,
    "employee_id": null,
    "fullname": "vel vel",
    "middle_initial": null,
    "password_expire_date": "2016-02-15",
    "accept_assign": true,
    "locations": [
      "989b13df-f38b-442c-918d-eb9ef62da824",
      "6e58c2c8-2516-4e10-b72f-879a1d99dcbf",
      "c6203b3b-6976-46ef-9c00-142c622275c5",
      "810cc41e-c9a3-4cab-8224-80d32db07702"
    ],
    "is_active": true,
    "next_approver": null,
    "is_staff": false,
    "username": "vel",
    "first_name": "vel",
    "proxy_user": null,
    "date_joined": "2015-11-17T06:02:50.242Z",
    "password": "pbkdf2_sha256$20000$k7LjUY4F0m9e$/QFeoGxByyxifPRFROOxNX2U6L/tHoIbup+1vbn25Ns=",
    "password_length": null,
    "deleted": null,
    "email": "myemail@mail.com",
    "role": "a3cdac3a-0e2a-46c6-b927-c552ca44dcd9",
    "auth_currency": "2c969193-0896-42cd-9531-f42717397248",
    "modified": "2015-11-17T06:02:50.383Z",
    "password_change": "2015-11-17T06:02:50.356Z",
    "created": "2015-11-17T06:02:50.361Z",
    "last_name": "vel",
    "password_history": "[\"pbkdf2_sha256$20000$yAi1S3pRDrYe$ZSLs40bs1qG6NzWrZUE9T3sSVw9l2OY3T67q5uH6pys=\"]"
  },
  "model": "person.person"
},
{
  "pk": "30f530c4-ce6c-4724-9cfd-37a16e787180",
  "fields": {
    "last_login": null,
    "groups": [
      1
    ],
    "proxy_end_date": null,
    "is_superuser": false,
    "password_one_time": null,
    "proxy_status": null,
    "auth_amount": "0.0000",
    "locale": null,
    "title": "velit",
    "status": "1a3ffcb1-2f4a-4968-bb37-6849388df218",
    "proxy_start_date": null,
    "user_permissions": [],
    "accept_notify": true,
    "employee_id": null,
    "fullname": "velit velit",
    "middle_initial": null,
    "password_expire_date": "2016-02-15",
    "accept_assign": true,
    "locations": [
      "4f3bcf21-4a4a-4ff6-94f5-4d419f5ca0c9",
      "77b9931c-a3ca-4477-94b7-ec96dd77f534"
    ],
    "is_active": true,
    "next_approver": null,
    "is_staff": false,
    "username": "velit",
    "first_name": "velit",
    "proxy_user": null,
    "date_joined": "2015-11-17T06:02:50.391Z",
    "password": "pbkdf2_sha256$20000$QvoS8OVihCEd$MSPOWnVCkQJse3jHZ+1wQEvcUO/V6dythqRDeZ/ivXY=",
    "password_length": null,
    "deleted": null,
    "email": "myemail@mail.com",
    "role": "043bbb62-2a39-4dcf-a292-e67064f5f766",
    "auth_currency": "2c969193-0896-42cd-9531-f42717397248",
    "modified": "2015-11-17T06:02:50.518Z",
    "password_change": "2015-11-17T06:02:50.502Z",
    "created": "2015-11-17T06:02:50.507Z",
    "last_name": "velit",
    "password_history": "[\"pbkdf2_sha256$20000$zwUycMYBiKKe$QjqZoZodm1yFf9ZkOyZHrmmunb5b0KZvcycPhF7en7s=\"]"
  },
  "model": "person.person"
},
{
  "pk": "30f530c4-ce6c-4724-9cfd-37a16e787181",
  "fields": {
    "last_login": null,
    "groups": [
      3
    ],
    "proxy_end_date": null,
    "is_superuser": false,
    "password_one_time": null,
    "proxy_status": null,
    "auth_amount": "0.0000",
    "locale": null,
    "title": "venenatis",
    "status": "1a3ffcb1-2f4a-4968-bb37-6849388df218",
    "proxy_start_date": null,
    "user_permissions": [],
    "accept_notify": true,
    "employee_id": null,
    "fullname": "venenatis venenatis",
    "middle_initial": null,
    "password_expire_date": "2016-02-15",
    "accept_assign": true,
    "locations": [],
    "is_active": true,
    "next_approver": null,
    "is_staff": false,
    "username": "venenatis",
    "first_name": "venenatis",
    "proxy_user": null,
    "date_joined": "2015-11-17T06:02:50.525Z",
    "password": "pbkdf2_sha256$20000$4FRHI42KS50S$W/zw6tq4tvOWhtXDwrzlxbBN0SRY4Rwimy+pDOGYc4c=",
    "password_length": null,
    "deleted": null,
    "email": "myemail@mail.com",
    "role": "06b3578e-4d32-430f-bc29-e97f79db042b",
    "auth_currency": "2c969193-0896-42cd-9531-f42717397248",
    "modified": "2015-11-17T06:02:50.650Z",
    "password_change": "2015-11-17T06:02:50.634Z",
    "created": "2015-11-17T06:02:50.639Z",
    "last_name": "venenatis",
    "password_history": "[\"pbkdf2_sha256$20000$cG8XYneGUw4Y$8bYKHWfcqwt8cIjKpKeIA4Jt9aBYx05Fg+qiK85n/iM=\"]"
  },
  "model": "person.person"
},
{
  "pk": "30f530c4-ce6c-4724-9cfd-37a16e787182",
  "fields": {
    "last_login": null,
    "groups": [
      4
    ],
    "proxy_end_date": null,
    "is_superuser": false,
    "password_one_time": null,
    "proxy_status": null,
    "auth_amount": "0.0000",
    "locale": null,
    "title": "vestibulum",
    "status": "1a3ffcb1-2f4a-4968-bb37-6849388df218",
    "proxy_start_date": null,
    "user_permissions": [],
    "accept_notify": true,
    "employee_id": null,
    "fullname": "vestibulum vestibulum",
    "middle_initial": null,
    "password_expire_date": "2016-02-15",
    "accept_assign": true,
    "locations": [
      "10cf4558-080f-4146-9e63-93cc9a46f84f",
      "a27cdb12-f9b4-45b2-9ab4-8af03a0831a1",
      "4c575ad3-50c6-489b-b2f6-1ebd5b37f08c",
      "e32b5a73-a6b1-421e-a519-bff5d811feee"
    ],
    "is_active": true,
    "next_approver": null,
    "is_staff": false,
    "username": "vestibulum",
    "first_name": "vestibulum",
    "proxy_user": null,
    "date_joined": "2015-11-17T06:02:50.658Z",
    "password": "pbkdf2_sha256$20000$Ab5eWlC7YEpO$hODOL+a4+SsGmfG70tXv4wSRmCmx6GWB6tX4TNKHBxc=",
    "password_length": null,
    "deleted": null,
    "email": "myemail@mail.com",
    "role": "26b2ce99-5f21-4486-914f-0ee6391cc15b",
    "auth_currency": "2c969193-0896-42cd-9531-f42717397248",
    "modified": "2015-11-17T06:02:50.792Z",
    "password_change": "2015-11-17T06:02:50.773Z",
    "created": "2015-11-17T06:02:50.777Z",
    "last_name": "vestibulum",
    "password_history": "[\"pbkdf2_sha256$20000$dUZzVNHKQgI4$1Aw+yvbLYvuBA+fDnHdGplDGGKo1LoxXYGpars3+dlc=\"]"
  },
  "model": "person.person"
},
{
  "pk": "30f530c4-ce6c-4724-9cfd-37a16e787183",
  "fields": {
    "last_login": null,
    "groups": [
      2
    ],
    "proxy_end_date": null,
    "is_superuser": false,
    "password_one_time": null,
    "proxy_status": null,
    "auth_amount": "0.0000",
    "locale": null,
    "title": "vitae",
    "status": "1a3ffcb1-2f4a-4968-bb37-6849388df218",
    "proxy_start_date": null,
    "user_permissions": [],
    "accept_notify": true,
    "employee_id": null,
    "fullname": "vitae vitae",
    "middle_initial": null,
    "password_expire_date": "2016-02-15",
    "accept_assign": true,
    "locations": [
      "989b13df-f38b-442c-918d-eb9ef62da824",
      "6e58c2c8-2516-4e10-b72f-879a1d99dcbf",
      "c6203b3b-6976-46ef-9c00-142c622275c5",
      "810cc41e-c9a3-4cab-8224-80d32db07702"
    ],
    "is_active": true,
    "next_approver": null,
    "is_staff": false,
    "username": "vitae",
    "first_name": "vitae",
    "proxy_user": null,
    "date_joined": "2015-11-17T06:02:50.800Z",
    "password": "pbkdf2_sha256$20000$HAXRfQiN31sD$5+u7aJJxHAGp6hsmUW2PYNt8hAOEmNbjaft/xLVrZY8=",
    "password_length": null,
    "deleted": null,
    "email": "myemail@mail.com",
    "role": "a3cdac3a-0e2a-46c6-b927-c552ca44dcd9",
    "auth_currency": "2c969193-0896-42cd-9531-f42717397248",
    "modified": "2015-11-17T06:02:50.933Z",
    "password_change": "2015-11-17T06:02:50.915Z",
    "created": "2015-11-17T06:02:50.919Z",
    "last_name": "vitae",
    "password_history": "[\"pbkdf2_sha256$20000$47e2ok0oPXM0$ZOI+PogJwY1XSDSiPCIhyaWdU2dZKfMtK2k+U082X+w=\"]"
  },
  "model": "person.person"
},
{
  "pk": "30f530c4-ce6c-4724-9cfd-37a16e787184",
  "fields": {
    "last_login": null,
    "groups": [
      4
    ],
    "proxy_end_date": null,
    "is_superuser": false,
    "password_one_time": null,
    "proxy_status": null,
    "auth_amount": "0.0000",
    "locale": null,
    "title": "vivamus",
    "status": "1a3ffcb1-2f4a-4968-bb37-6849388df218",
    "proxy_start_date": null,
    "user_permissions": [],
    "accept_notify": true,
    "employee_id": null,
    "fullname": "vivamus vivamus",
    "middle_initial": null,
    "password_expire_date": "2016-02-15",
    "accept_assign": true,
    "locations": [
      "10cf4558-080f-4146-9e63-93cc9a46f84f",
      "a27cdb12-f9b4-45b2-9ab4-8af03a0831a1",
      "4c575ad3-50c6-489b-b2f6-1ebd5b37f08c",
      "e32b5a73-a6b1-421e-a519-bff5d811feee"
    ],
    "is_active": true,
    "next_approver": null,
    "is_staff": false,
    "username": "vivamus",
    "first_name": "vivamus",
    "proxy_user": null,
    "date_joined": "2015-11-17T06:02:50.940Z",
    "password": "pbkdf2_sha256$20000$ZjhaQFMSoJm2$+vwC6kNs2w9BbxuYbBxjpxyd0xgVU4Lp1IthIexKZeo=",
    "password_length": null,
    "deleted": null,
    "email": "myemail@mail.com",
    "role": "26b2ce99-5f21-4486-914f-0ee6391cc15b",
    "auth_currency": "2c969193-0896-42cd-9531-f42717397248",
    "modified": "2015-11-17T06:02:51.072Z",
    "password_change": "2015-11-17T06:02:51.052Z",
    "created": "2015-11-17T06:02:51.057Z",
    "last_name": "vivamus",
    "password_history": "[\"pbkdf2_sha256$20000$jd2M1AB5j7W3$GDwVfdNhw3rVJkFOj4bJ3TEmdSlA37X4UtKPGz+tZ0M=\"]"
  },
  "model": "person.person"
},
{
  "pk": "30f530c4-ce6c-4724-9cfd-37a16e787185",
  "fields": {
    "last_login": null,
    "groups": [
      2
    ],
    "proxy_end_date": null,
    "is_superuser": false,
    "password_one_time": null,
    "proxy_status": null,
    "auth_amount": "0.0000",
    "locale": null,
    "title": "viverra",
    "status": "1a3ffcb1-2f4a-4968-bb37-6849388df218",
    "proxy_start_date": null,
    "user_permissions": [],
    "accept_notify": true,
    "employee_id": null,
    "fullname": "viverra viverra",
    "middle_initial": null,
    "password_expire_date": "2016-02-15",
    "accept_assign": true,
    "locations": [
      "989b13df-f38b-442c-918d-eb9ef62da824",
      "6e58c2c8-2516-4e10-b72f-879a1d99dcbf",
      "c6203b3b-6976-46ef-9c00-142c622275c5",
      "810cc41e-c9a3-4cab-8224-80d32db07702"
    ],
    "is_active": true,
    "next_approver": null,
    "is_staff": false,
    "username": "viverra",
    "first_name": "viverra",
    "proxy_user": null,
    "date_joined": "2015-11-17T06:02:51.079Z",
    "password": "pbkdf2_sha256$20000$CLS0FBAFFeJZ$w/wj1M2uUs/yFqELkOg0loQj4HAaKvyIgC9Wx8SH5F0=",
    "password_length": null,
    "deleted": null,
    "email": "myemail@mail.com",
    "role": "a3cdac3a-0e2a-46c6-b927-c552ca44dcd9",
    "auth_currency": "2c969193-0896-42cd-9531-f42717397248",
    "modified": "2015-11-17T06:02:51.206Z",
    "password_change": "2015-11-17T06:02:51.188Z",
    "created": "2015-11-17T06:02:51.192Z",
    "last_name": "viverra",
    "password_history": "[\"pbkdf2_sha256$20000$fmt6hX0mXk5X$G2gBzxRo+PRc/82xLEhl9SO2mmxfZeKmlUcqsOgQV1E=\"]"
  },
  "model": "person.person"
},
{
  "pk": "30f530c4-ce6c-4724-9cfd-37a16e787186",
  "fields": {
    "last_login": null,
    "groups": [
      5
    ],
    "proxy_end_date": null,
    "is_superuser": false,
    "password_one_time": null,
    "proxy_status": null,
    "auth_amount": "0.0000",
    "locale": null,
    "title": "volutpat",
    "status": "1a3ffcb1-2f4a-4968-bb37-6849388df218",
    "proxy_start_date": null,
    "user_permissions": [],
    "accept_notify": true,
    "employee_id": null,
    "fullname": "volutpat volutpat",
    "middle_initial": null,
    "password_expire_date": "2016-02-15",
    "accept_assign": true,
    "locations": [],
    "is_active": true,
    "next_approver": null,
    "is_staff": false,
    "username": "volutpat",
    "first_name": "volutpat",
    "proxy_user": null,
    "date_joined": "2015-11-17T06:02:51.214Z",
    "password": "pbkdf2_sha256$20000$Pl31x0sNgsdV$6hVGOZqifTPR6RDWErNA3e+1Mu35CJHVq1s62pHbSTA=",
    "password_length": null,
    "deleted": null,
    "email": "myemail@mail.com",
    "role": "a1d5e1d6-9aac-4e7a-8e22-08bc3b7a02a6",
    "auth_currency": "2c969193-0896-42cd-9531-f42717397248",
    "modified": "2015-11-17T06:02:51.347Z",
    "password_change": "2015-11-17T06:02:51.333Z",
    "created": "2015-11-17T06:02:51.338Z",
    "last_name": "volutpat",
    "password_history": "[\"pbkdf2_sha256$20000$VrpAaGMk0QmA$ujjwptIc+JZx7AhIjzMLoRu7ssCaYJtKV48+r3CcBV4=\"]"
  },
  "model": "person.person"
},
{
  "pk": "30f530c4-ce6c-4724-9cfd-37a16e787187",
  "fields": {
    "last_login": null,
    "groups": [
      4
    ],
    "proxy_end_date": null,
    "is_superuser": false,
    "password_one_time": null,
    "proxy_status": null,
    "auth_amount": "0.0000",
    "locale": null,
    "title": "vulputate",
    "status": "1a3ffcb1-2f4a-4968-bb37-6849388df218",
    "proxy_start_date": null,
    "user_permissions": [],
    "accept_notify": true,
    "employee_id": null,
    "fullname": "vulputate vulputate",
    "middle_initial": null,
    "password_expire_date": "2016-02-15",
    "accept_assign": true,
    "locations": [
      "10cf4558-080f-4146-9e63-93cc9a46f84f",
      "a27cdb12-f9b4-45b2-9ab4-8af03a0831a1",
      "4c575ad3-50c6-489b-b2f6-1ebd5b37f08c",
      "e32b5a73-a6b1-421e-a519-bff5d811feee"
    ],
    "is_active": true,
    "next_approver": null,
    "is_staff": false,
    "username": "vulputate",
    "first_name": "vulputate",
    "proxy_user": null,
    "date_joined": "2015-11-17T06:02:51.354Z",
    "password": "pbkdf2_sha256$20000$hwrb8PzhmDLI$ppFsQvILZIteurytmiHtZmyQF0G0XS2bQz5mML+SaKQ=",
    "password_length": null,
    "deleted": null,
    "email": "myemail@mail.com",
    "role": "26b2ce99-5f21-4486-914f-0ee6391cc15b",
    "auth_currency": "2c969193-0896-42cd-9531-f42717397248",
    "modified": "2015-11-17T06:02:51.483Z",
    "password_change": "2015-11-17T06:02:51.466Z",
    "created": "2015-11-17T06:02:51.470Z",
    "last_name": "vulputate",
    "password_history": "[\"pbkdf2_sha256$20000$NQcpbJNnOMhm$/Iv3B3RxcfdW7Tu3mqM7dLU83/Tg+6douo5h4scq5lI=\"]"
  },
  "model": "person.person"
}
]
