[
{
  "fields": {
    "model": "logentry",
    "app_label": "admin"
  },
  "model": "contenttypes.contenttype",
  "pk": 1
},
{
  "fields": {
    "model": "permission",
    "app_label": "auth"
  },
  "model": "contenttypes.contenttype",
  "pk": 2
},
{
  "fields": {
    "model": "group",
    "app_label": "auth"
  },
  "model": "contenttypes.contenttype",
  "pk": 3
},
{
  "fields": {
    "model": "contenttype",
    "app_label": "contenttypes"
  },
  "model": "contenttypes.contenttype",
  "pk": 4
},
{
  "fields": {
    "model": "session",
    "app_label": "sessions"
  },
  "model": "contenttypes.contenttype",
  "pk": 5
},
{
  "fields": {
    "model": "site",
    "app_label": "sites"
  },
  "model": "contenttypes.contenttype",
  "pk": 6
},
{
  "fields": {
    "model": "flatpage",
    "app_label": "flatpages"
  },
  "model": "contenttypes.contenttype",
  "pk": 7
},
{
  "fields": {
    "model": "corsmodel",
    "app_label": "corsheaders"
  },
  "model": "contenttypes.contenttype",
  "pk": 8
},
{
  "fields": {
    "model": "currency",
    "app_label": "accounting"
  },
  "model": "contenttypes.contenttype",
  "pk": 9
},
{
  "fields": {
    "model": "category",
    "app_label": "category"
  },
  "model": "contenttypes.contenttype",
  "pk": 10
},
{
  "fields": {
    "model": "phonenumbertype",
    "app_label": "contact"
  },
  "model": "contenttypes.contenttype",
  "pk": 11
},
{
  "fields": {
    "model": "phonenumber",
    "app_label": "contact"
  },
  "model": "contenttypes.contenttype",
  "pk": 12
},
{
  "fields": {
    "model": "addresstype",
    "app_label": "contact"
  },
  "model": "contenttypes.contenttype",
  "pk": 13
},
{
  "fields": {
    "model": "address",
    "app_label": "contact"
  },
  "model": "contenttypes.contenttype",
  "pk": 14
},
{
  "fields": {
    "model": "emailtype",
    "app_label": "contact"
  },
  "model": "contenttypes.contenttype",
  "pk": 15
},
{
  "fields": {
    "model": "email",
    "app_label": "contact"
  },
  "model": "contenttypes.contenttype",
  "pk": 16
},
{
  "fields": {
    "model": "attachment",
    "app_label": "generic"
  },
  "model": "contenttypes.contenttype",
  "pk": 17
},
{
  "fields": {
    "model": "state",
    "app_label": "location"
  },
  "model": "contenttypes.contenttype",
  "pk": 18
},
{
  "fields": {
    "model": "country",
    "app_label": "location"
  },
  "model": "contenttypes.contenttype",
  "pk": 19
},
{
  "fields": {
    "model": "locationlevel",
    "app_label": "location"
  },
  "model": "contenttypes.contenttype",
  "pk": 20
},
{
  "fields": {
    "model": "locationstatus",
    "app_label": "location"
  },
  "model": "contenttypes.contenttype",
  "pk": 21
},
{
  "fields": {
    "model": "locationtype",
    "app_label": "location"
  },
  "model": "contenttypes.contenttype",
  "pk": 22
},
{
  "fields": {
    "model": "location",
    "app_label": "location"
  },
  "model": "contenttypes.contenttype",
  "pk": 23
},
{
  "fields": {
    "model": "role",
    "app_label": "person"
  },
  "model": "contenttypes.contenttype",
  "pk": 24
},
{
  "fields": {
    "model": "proxyrole",
    "app_label": "person"
  },
  "model": "contenttypes.contenttype",
  "pk": 25
},
{
  "fields": {
    "model": "personstatus",
    "app_label": "person"
  },
  "model": "contenttypes.contenttype",
  "pk": 26
},
{
  "fields": {
    "model": "person",
    "app_label": "person"
  },
  "model": "contenttypes.contenttype",
  "pk": 27
},
{
  "fields": {
    "model": "locale",
    "app_label": "translation"
  },
  "model": "contenttypes.contenttype",
  "pk": 28
},
{
  "fields": {
    "model": "translation",
    "app_label": "translation"
  },
  "model": "contenttypes.contenttype",
  "pk": 29
},
{
  "fields": {
    "model": "tester",
    "app_label": "util"
  },
  "model": "contenttypes.contenttype",
  "pk": 30
},
{
  "fields": {
    "model": "mainsetting",
    "app_label": "util"
  },
  "model": "contenttypes.contenttype",
  "pk": 31
},
{
  "fields": {
    "model": "customsetting",
    "app_label": "util"
  },
  "model": "contenttypes.contenttype",
  "pk": 32
},
{
  "fields": {
    "model": "workorderstatus",
    "app_label": "order"
  },
  "model": "contenttypes.contenttype",
  "pk": 33
},
{
  "fields": {
    "model": "workorder",
    "app_label": "order"
  },
  "model": "contenttypes.contenttype",
  "pk": 34
},
{
  "fields": {
    "domain": "example.com",
    "name": "example.com"
  },
  "model": "sites.site",
  "pk": 1
},
{
  "fields": {
    "code": "USD",
    "name": "US Dollar",
    "created": "2015-09-14T17:26:42.755Z",
    "deleted": null,
    "symbol": "$",
    "modified": "2015-09-14T17:26:42.756Z",
    "symbol_native": "$",
    "decimal_digits": 2,
    "rounding": 0,
    "name_plural": "US Dollars"
  },
  "model": "accounting.currency",
  "pk": "533b6f52-9290-4e10-899e-28ce95d95f76"
},
{
  "fields": {
    "deleted": null,
    "children": [
      "2ff2b933-b386-4bdb-b7f8-129dcbb354f3"
    ],
    "modified": "2015-09-14T17:26:42.701Z",
    "name": "district",
    "created": "2015-09-14T17:26:42.701Z"
  },
  "model": "location.locationlevel",
  "pk": "10d9d9ea-8ee1-452e-8c90-60cbd8012cb1"
},
{
  "fields": {
    "deleted": null,
    "children": [
      "fbfaedde-e8cf-47d8-8548-6bd5d3aef0f4"
    ],
    "modified": "2015-09-14T17:26:42.704Z",
    "name": "store",
    "created": "2015-09-14T17:26:42.704Z"
  },
  "model": "location.locationlevel",
  "pk": "2ff2b933-b386-4bdb-b7f8-129dcbb354f3"
},
{
  "fields": {
    "deleted": null,
    "children": [],
    "modified": "2015-09-14T17:26:42.702Z",
    "name": "district_lp",
    "created": "2015-09-14T17:26:42.702Z"
  },
  "model": "location.locationlevel",
  "pk": "4accbf1f-f545-4e02-8ccc-58743c9dce25"
},
{
  "fields": {
    "deleted": null,
    "children": [
      "10d9d9ea-8ee1-452e-8c90-60cbd8012cb1",
      "4accbf1f-f545-4e02-8ccc-58743c9dce25"
    ],
    "modified": "2015-09-14T17:26:42.699Z",
    "name": "region",
    "created": "2015-09-14T17:26:42.699Z"
  },
  "model": "location.locationlevel",
  "pk": "b75c4548-3541-45fe-8223-3fcc7e1725ec"
},
{
  "fields": {
    "deleted": null,
    "children": [],
    "modified": "2015-09-14T17:26:42.705Z",
    "name": "department",
    "created": "2015-09-14T17:26:42.705Z"
  },
  "model": "location.locationlevel",
  "pk": "fbfaedde-e8cf-47d8-8548-6bd5d3aef0f4"
},
{
  "fields": {
    "deleted": null,
    "modified": "2015-09-14T17:26:42.719Z",
    "name": "Open",
    "created": "2015-09-14T17:26:42.719Z"
  },
  "model": "location.locationstatus",
  "pk": "ff56dc9d-452d-4d11-8d08-4ef95c1901a1"
},
{
  "fields": {
    "deleted": null,
    "modified": "2015-09-14T17:26:42.721Z",
    "name": "big_store",
    "created": "2015-09-14T17:26:42.721Z"
  },
  "model": "location.locationtype",
  "pk": "8010fc2f-da00-413b-bd85-f3c5408c6c75"
},
{
  "fields": {
    "status": "ff56dc9d-452d-4d11-8d08-4ef95c1901a1",
    "name": "los_angeles",
    "created": "2015-09-14T17:26:42.740Z",
    "deleted": null,
    "modified": "2015-09-14T17:26:42.740Z",
    "number": "BoKGVDwbie",
    "location_level": "2ff2b933-b386-4bdb-b7f8-129dcbb354f3",
    "type": "8010fc2f-da00-413b-bd85-f3c5408c6c75",
    "children": []
  },
  "model": "location.location",
  "pk": "036f9b8e-9ff9-40e7-a97e-f0a4f58b40f5"
},
{
  "fields": {
    "status": "ff56dc9d-452d-4d11-8d08-4ef95c1901a1",
    "name": "san_diego",
    "created": "2015-09-14T17:26:42.736Z",
    "deleted": null,
    "modified": "2015-09-14T17:26:42.736Z",
    "number": "zTLhHCTywL",
    "location_level": "2ff2b933-b386-4bdb-b7f8-129dcbb354f3",
    "type": "8010fc2f-da00-413b-bd85-f3c5408c6c75",
    "children": []
  },
  "model": "location.location",
  "pk": "87cd4561-9a80-4ad1-8fb7-4a39348ee355"
},
{
  "fields": {
    "status": "ff56dc9d-452d-4d11-8d08-4ef95c1901a1",
    "name": "ca",
    "created": "2015-09-14T17:26:42.728Z",
    "deleted": null,
    "modified": "2015-09-14T17:26:42.728Z",
    "number": "VmctAyyAwL",
    "location_level": "10d9d9ea-8ee1-452e-8c90-60cbd8012cb1",
    "type": "8010fc2f-da00-413b-bd85-f3c5408c6c75",
    "children": [
      "87cd4561-9a80-4ad1-8fb7-4a39348ee355",
      "036f9b8e-9ff9-40e7-a97e-f0a4f58b40f5"
    ]
  },
  "model": "location.location",
  "pk": "bdaea89c-4374-441e-865c-28cecaf50520"
},
{
  "fields": {
    "status": "ff56dc9d-452d-4d11-8d08-4ef95c1901a1",
    "name": "east",
    "created": "2015-09-14T17:26:42.723Z",
    "deleted": null,
    "modified": "2015-09-14T17:26:42.723Z",
    "number": "YEjrykToxz",
    "location_level": "b75c4548-3541-45fe-8223-3fcc7e1725ec",
    "type": "8010fc2f-da00-413b-bd85-f3c5408c6c75",
    "children": [
      "bdaea89c-4374-441e-865c-28cecaf50520",
      "e525577d-a97c-4785-876a-85a83f909b11"
    ]
  },
  "model": "location.location",
  "pk": "d738926f-f678-4b23-88ea-9c848b0a63c6"
},
{
  "fields": {
    "status": "ff56dc9d-452d-4d11-8d08-4ef95c1901a1",
    "name": "nv",
    "created": "2015-09-14T17:26:42.732Z",
    "deleted": null,
    "modified": "2015-09-14T17:26:42.732Z",
    "number": "jOEUMCHSvp",
    "location_level": "10d9d9ea-8ee1-452e-8c90-60cbd8012cb1",
    "type": "8010fc2f-da00-413b-bd85-f3c5408c6c75",
    "children": []
  },
  "model": "location.location",
  "pk": "e525577d-a97c-4785-876a-85a83f909b11"
},
{
  "fields": {
    "deleted": null,
    "description": "active",
    "modified": "2015-09-14T17:26:42.790Z",
    "name": "",
    "created": "2015-09-14T17:26:42.790Z"
  },
  "model": "person.personstatus",
  "pk": "be0e276e-5e06-4f82-82ea-4f11226df1e9"
},
{
  "fields": {
    "codename": "add_logentry",
    "name": "Can add log entry",
    "content_type": 1
  },
  "model": "auth.permission",
  "pk": 1
},
{
  "fields": {
    "codename": "change_logentry",
    "name": "Can change log entry",
    "content_type": 1
  },
  "model": "auth.permission",
  "pk": 2
},
{
  "fields": {
    "codename": "delete_logentry",
    "name": "Can delete log entry",
    "content_type": 1
  },
  "model": "auth.permission",
  "pk": 3
},
{
  "fields": {
    "codename": "add_permission",
    "name": "Can add permission",
    "content_type": 2
  },
  "model": "auth.permission",
  "pk": 4
},
{
  "fields": {
    "codename": "change_permission",
    "name": "Can change permission",
    "content_type": 2
  },
  "model": "auth.permission",
  "pk": 5
},
{
  "fields": {
    "codename": "delete_permission",
    "name": "Can delete permission",
    "content_type": 2
  },
  "model": "auth.permission",
  "pk": 6
},
{
  "fields": {
    "codename": "add_group",
    "name": "Can add group",
    "content_type": 3
  },
  "model": "auth.permission",
  "pk": 7
},
{
  "fields": {
    "codename": "change_group",
    "name": "Can change group",
    "content_type": 3
  },
  "model": "auth.permission",
  "pk": 8
},
{
  "fields": {
    "codename": "delete_group",
    "name": "Can delete group",
    "content_type": 3
  },
  "model": "auth.permission",
  "pk": 9
},
{
  "fields": {
    "codename": "add_contenttype",
    "name": "Can add content type",
    "content_type": 4
  },
  "model": "auth.permission",
  "pk": 10
},
{
  "fields": {
    "codename": "change_contenttype",
    "name": "Can change content type",
    "content_type": 4
  },
  "model": "auth.permission",
  "pk": 11
},
{
  "fields": {
    "codename": "delete_contenttype",
    "name": "Can delete content type",
    "content_type": 4
  },
  "model": "auth.permission",
  "pk": 12
},
{
  "fields": {
    "codename": "add_session",
    "name": "Can add session",
    "content_type": 5
  },
  "model": "auth.permission",
  "pk": 13
},
{
  "fields": {
    "codename": "change_session",
    "name": "Can change session",
    "content_type": 5
  },
  "model": "auth.permission",
  "pk": 14
},
{
  "fields": {
    "codename": "delete_session",
    "name": "Can delete session",
    "content_type": 5
  },
  "model": "auth.permission",
  "pk": 15
},
{
  "fields": {
    "codename": "add_site",
    "name": "Can add site",
    "content_type": 6
  },
  "model": "auth.permission",
  "pk": 16
},
{
  "fields": {
    "codename": "change_site",
    "name": "Can change site",
    "content_type": 6
  },
  "model": "auth.permission",
  "pk": 17
},
{
  "fields": {
    "codename": "delete_site",
    "name": "Can delete site",
    "content_type": 6
  },
  "model": "auth.permission",
  "pk": 18
},
{
  "fields": {
    "codename": "add_flatpage",
    "name": "Can add flat page",
    "content_type": 7
  },
  "model": "auth.permission",
  "pk": 19
},
{
  "fields": {
    "codename": "change_flatpage",
    "name": "Can change flat page",
    "content_type": 7
  },
  "model": "auth.permission",
  "pk": 20
},
{
  "fields": {
    "codename": "delete_flatpage",
    "name": "Can delete flat page",
    "content_type": 7
  },
  "model": "auth.permission",
  "pk": 21
},
{
  "fields": {
    "codename": "add_corsmodel",
    "name": "Can add cors model",
    "content_type": 8
  },
  "model": "auth.permission",
  "pk": 22
},
{
  "fields": {
    "codename": "change_corsmodel",
    "name": "Can change cors model",
    "content_type": 8
  },
  "model": "auth.permission",
  "pk": 23
},
{
  "fields": {
    "codename": "delete_corsmodel",
    "name": "Can delete cors model",
    "content_type": 8
  },
  "model": "auth.permission",
  "pk": 24
},
{
  "fields": {
    "codename": "add_currency",
    "name": "Can add currency",
    "content_type": 9
  },
  "model": "auth.permission",
  "pk": 25
},
{
  "fields": {
    "codename": "change_currency",
    "name": "Can change currency",
    "content_type": 9
  },
  "model": "auth.permission",
  "pk": 26
},
{
  "fields": {
    "codename": "delete_currency",
    "name": "Can delete currency",
    "content_type": 9
  },
  "model": "auth.permission",
  "pk": 27
},
{
  "fields": {
    "codename": "add_category",
    "name": "Can add category",
    "content_type": 10
  },
  "model": "auth.permission",
  "pk": 28
},
{
  "fields": {
    "codename": "change_category",
    "name": "Can change category",
    "content_type": 10
  },
  "model": "auth.permission",
  "pk": 29
},
{
  "fields": {
    "codename": "delete_category",
    "name": "Can delete category",
    "content_type": 10
  },
  "model": "auth.permission",
  "pk": 30
},
{
  "fields": {
    "codename": "add_phonenumbertype",
    "name": "Can add phone number type",
    "content_type": 11
  },
  "model": "auth.permission",
  "pk": 31
},
{
  "fields": {
    "codename": "change_phonenumbertype",
    "name": "Can change phone number type",
    "content_type": 11
  },
  "model": "auth.permission",
  "pk": 32
},
{
  "fields": {
    "codename": "delete_phonenumbertype",
    "name": "Can delete phone number type",
    "content_type": 11
  },
  "model": "auth.permission",
  "pk": 33
},
{
  "fields": {
    "codename": "add_phonenumber",
    "name": "Can add phone number",
    "content_type": 12
  },
  "model": "auth.permission",
  "pk": 34
},
{
  "fields": {
    "codename": "change_phonenumber",
    "name": "Can change phone number",
    "content_type": 12
  },
  "model": "auth.permission",
  "pk": 35
},
{
  "fields": {
    "codename": "delete_phonenumber",
    "name": "Can delete phone number",
    "content_type": 12
  },
  "model": "auth.permission",
  "pk": 36
},
{
  "fields": {
    "codename": "add_addresstype",
    "name": "Can add address type",
    "content_type": 13
  },
  "model": "auth.permission",
  "pk": 37
},
{
  "fields": {
    "codename": "change_addresstype",
    "name": "Can change address type",
    "content_type": 13
  },
  "model": "auth.permission",
  "pk": 38
},
{
  "fields": {
    "codename": "delete_addresstype",
    "name": "Can delete address type",
    "content_type": 13
  },
  "model": "auth.permission",
  "pk": 39
},
{
  "fields": {
    "codename": "add_address",
    "name": "Can add address",
    "content_type": 14
  },
  "model": "auth.permission",
  "pk": 40
},
{
  "fields": {
    "codename": "change_address",
    "name": "Can change address",
    "content_type": 14
  },
  "model": "auth.permission",
  "pk": 41
},
{
  "fields": {
    "codename": "delete_address",
    "name": "Can delete address",
    "content_type": 14
  },
  "model": "auth.permission",
  "pk": 42
},
{
  "fields": {
    "codename": "add_emailtype",
    "name": "Can add email type",
    "content_type": 15
  },
  "model": "auth.permission",
  "pk": 43
},
{
  "fields": {
    "codename": "change_emailtype",
    "name": "Can change email type",
    "content_type": 15
  },
  "model": "auth.permission",
  "pk": 44
},
{
  "fields": {
    "codename": "delete_emailtype",
    "name": "Can delete email type",
    "content_type": 15
  },
  "model": "auth.permission",
  "pk": 45
},
{
  "fields": {
    "codename": "add_email",
    "name": "Can add email",
    "content_type": 16
  },
  "model": "auth.permission",
  "pk": 46
},
{
  "fields": {
    "codename": "change_email",
    "name": "Can change email",
    "content_type": 16
  },
  "model": "auth.permission",
  "pk": 47
},
{
  "fields": {
    "codename": "delete_email",
    "name": "Can delete email",
    "content_type": 16
  },
  "model": "auth.permission",
  "pk": 48
},
{
  "fields": {
    "codename": "add_attachment",
    "name": "Can add attachment",
    "content_type": 17
  },
  "model": "auth.permission",
  "pk": 49
},
{
  "fields": {
    "codename": "change_attachment",
    "name": "Can change attachment",
    "content_type": 17
  },
  "model": "auth.permission",
  "pk": 50
},
{
  "fields": {
    "codename": "delete_attachment",
    "name": "Can delete attachment",
    "content_type": 17
  },
  "model": "auth.permission",
  "pk": 51
},
{
  "fields": {
    "codename": "add_state",
    "name": "Can add state",
    "content_type": 18
  },
  "model": "auth.permission",
  "pk": 52
},
{
  "fields": {
    "codename": "change_state",
    "name": "Can change state",
    "content_type": 18
  },
  "model": "auth.permission",
  "pk": 53
},
{
  "fields": {
    "codename": "delete_state",
    "name": "Can delete state",
    "content_type": 18
  },
  "model": "auth.permission",
  "pk": 54
},
{
  "fields": {
    "codename": "add_country",
    "name": "Can add country",
    "content_type": 19
  },
  "model": "auth.permission",
  "pk": 55
},
{
  "fields": {
    "codename": "change_country",
    "name": "Can change country",
    "content_type": 19
  },
  "model": "auth.permission",
  "pk": 56
},
{
  "fields": {
    "codename": "delete_country",
    "name": "Can delete country",
    "content_type": 19
  },
  "model": "auth.permission",
  "pk": 57
},
{
  "fields": {
    "codename": "add_locationlevel",
    "name": "Can add location level",
    "content_type": 20
  },
  "model": "auth.permission",
  "pk": 58
},
{
  "fields": {
    "codename": "change_locationlevel",
    "name": "Can change location level",
    "content_type": 20
  },
  "model": "auth.permission",
  "pk": 59
},
{
  "fields": {
    "codename": "delete_locationlevel",
    "name": "Can delete location level",
    "content_type": 20
  },
  "model": "auth.permission",
  "pk": 60
},
{
  "fields": {
    "codename": "add_locationstatus",
    "name": "Can add location status",
    "content_type": 21
  },
  "model": "auth.permission",
  "pk": 61
},
{
  "fields": {
    "codename": "change_locationstatus",
    "name": "Can change location status",
    "content_type": 21
  },
  "model": "auth.permission",
  "pk": 62
},
{
  "fields": {
    "codename": "delete_locationstatus",
    "name": "Can delete location status",
    "content_type": 21
  },
  "model": "auth.permission",
  "pk": 63
},
{
  "fields": {
    "codename": "add_locationtype",
    "name": "Can add location type",
    "content_type": 22
  },
  "model": "auth.permission",
  "pk": 64
},
{
  "fields": {
    "codename": "change_locationtype",
    "name": "Can change location type",
    "content_type": 22
  },
  "model": "auth.permission",
  "pk": 65
},
{
  "fields": {
    "codename": "delete_locationtype",
    "name": "Can delete location type",
    "content_type": 22
  },
  "model": "auth.permission",
  "pk": 66
},
{
  "fields": {
    "codename": "add_location",
    "name": "Can add location",
    "content_type": 23
  },
  "model": "auth.permission",
  "pk": 67
},
{
  "fields": {
    "codename": "change_location",
    "name": "Can change location",
    "content_type": 23
  },
  "model": "auth.permission",
  "pk": 68
},
{
  "fields": {
    "codename": "delete_location",
    "name": "Can delete location",
    "content_type": 23
  },
  "model": "auth.permission",
  "pk": 69
},
{
  "fields": {
    "codename": "add_role",
    "name": "Can add role",
    "content_type": 24
  },
  "model": "auth.permission",
  "pk": 70
},
{
  "fields": {
    "codename": "change_role",
    "name": "Can change role",
    "content_type": 24
  },
  "model": "auth.permission",
  "pk": 71
},
{
  "fields": {
    "codename": "delete_role",
    "name": "Can delete role",
    "content_type": 24
  },
  "model": "auth.permission",
  "pk": 72
},
{
  "fields": {
    "codename": "add_proxyrole",
    "name": "Can add proxy role",
    "content_type": 25
  },
  "model": "auth.permission",
  "pk": 73
},
{
  "fields": {
    "codename": "change_proxyrole",
    "name": "Can change proxy role",
    "content_type": 25
  },
  "model": "auth.permission",
  "pk": 74
},
{
  "fields": {
    "codename": "delete_proxyrole",
    "name": "Can delete proxy role",
    "content_type": 25
  },
  "model": "auth.permission",
  "pk": 75
},
{
  "fields": {
    "codename": "add_personstatus",
    "name": "Can add person status",
    "content_type": 26
  },
  "model": "auth.permission",
  "pk": 76
},
{
  "fields": {
    "codename": "change_personstatus",
    "name": "Can change person status",
    "content_type": 26
  },
  "model": "auth.permission",
  "pk": 77
},
{
  "fields": {
    "codename": "delete_personstatus",
    "name": "Can delete person status",
    "content_type": 26
  },
  "model": "auth.permission",
  "pk": 78
},
{
  "fields": {
    "codename": "add_person",
    "name": "Can add person",
    "content_type": 27
  },
  "model": "auth.permission",
  "pk": 79
},
{
  "fields": {
    "codename": "change_person",
    "name": "Can change person",
    "content_type": 27
  },
  "model": "auth.permission",
  "pk": 80
},
{
  "fields": {
    "codename": "delete_person",
    "name": "Can delete person",
    "content_type": 27
  },
  "model": "auth.permission",
  "pk": 81
},
{
  "fields": {
    "codename": "add_locale",
    "name": "Can add locale",
    "content_type": 28
  },
  "model": "auth.permission",
  "pk": 82
},
{
  "fields": {
    "codename": "change_locale",
    "name": "Can change locale",
    "content_type": 28
  },
  "model": "auth.permission",
  "pk": 83
},
{
  "fields": {
    "codename": "delete_locale",
    "name": "Can delete locale",
    "content_type": 28
  },
  "model": "auth.permission",
  "pk": 84
},
{
  "fields": {
    "codename": "add_translation",
    "name": "Can add translation",
    "content_type": 29
  },
  "model": "auth.permission",
  "pk": 85
},
{
  "fields": {
    "codename": "change_translation",
    "name": "Can change translation",
    "content_type": 29
  },
  "model": "auth.permission",
  "pk": 86
},
{
  "fields": {
    "codename": "delete_translation",
    "name": "Can delete translation",
    "content_type": 29
  },
  "model": "auth.permission",
  "pk": 87
},
{
  "fields": {
    "codename": "add_tester",
    "name": "Can add tester",
    "content_type": 30
  },
  "model": "auth.permission",
  "pk": 88
},
{
  "fields": {
    "codename": "change_tester",
    "name": "Can change tester",
    "content_type": 30
  },
  "model": "auth.permission",
  "pk": 89
},
{
  "fields": {
    "codename": "delete_tester",
    "name": "Can delete tester",
    "content_type": 30
  },
  "model": "auth.permission",
  "pk": 90
},
{
  "fields": {
    "codename": "add_mainsetting",
    "name": "Can add main setting",
    "content_type": 31
  },
  "model": "auth.permission",
  "pk": 91
},
{
  "fields": {
    "codename": "change_mainsetting",
    "name": "Can change main setting",
    "content_type": 31
  },
  "model": "auth.permission",
  "pk": 92
},
{
  "fields": {
    "codename": "delete_mainsetting",
    "name": "Can delete main setting",
    "content_type": 31
  },
  "model": "auth.permission",
  "pk": 93
},
{
  "fields": {
    "codename": "add_customsetting",
    "name": "Can add custom setting",
    "content_type": 32
  },
  "model": "auth.permission",
  "pk": 94
},
{
  "fields": {
    "codename": "change_customsetting",
    "name": "Can change custom setting",
    "content_type": 32
  },
  "model": "auth.permission",
  "pk": 95
},
{
  "fields": {
    "codename": "delete_customsetting",
    "name": "Can delete custom setting",
    "content_type": 32
  },
  "model": "auth.permission",
  "pk": 96
},
{
  "fields": {
    "codename": "add_workorderstatus",
    "name": "Can add work order status",
    "content_type": 33
  },
  "model": "auth.permission",
  "pk": 97
},
{
  "fields": {
    "codename": "change_workorderstatus",
    "name": "Can change work order status",
    "content_type": 33
  },
  "model": "auth.permission",
  "pk": 98
},
{
  "fields": {
    "codename": "delete_workorderstatus",
    "name": "Can delete work order status",
    "content_type": 33
  },
  "model": "auth.permission",
  "pk": 99
},
{
  "fields": {
    "codename": "add_workorder",
    "name": "Can add work order",
    "content_type": 34
  },
  "model": "auth.permission",
  "pk": 100
},
{
  "fields": {
    "codename": "change_workorder",
    "name": "Can change work order",
    "content_type": 34
  },
  "model": "auth.permission",
  "pk": 101
},
{
  "fields": {
    "codename": "delete_workorder",
    "name": "Can delete work order",
    "content_type": 34
  },
  "model": "auth.permission",
  "pk": 102
},
{
  "fields": {
    "name": "region-role",
    "permissions": []
  },
  "model": "auth.group",
  "pk": 1
},
{
  "fields": {
    "name": "district-role",
    "permissions": []
  },
  "model": "auth.group",
  "pk": 2
},
{
  "fields": {
    "name": "district_lp-role",
    "permissions": []
  },
  "model": "auth.group",
  "pk": 3
},
{
  "fields": {
    "name": "store-role",
    "permissions": []
  },
  "model": "auth.group",
  "pk": 4
},
{
  "fields": {
    "name": "department-role",
    "permissions": []
  },
  "model": "auth.group",
  "pk": 5
},
{
  "fields": {
    "password_digit_required": false,
    "msg_stored_link": false,
    "msg_copy_default": false,
    "tabs": "",
    "msg_copy_email": false,
    "password_lower_char_required": false,
    "create_all": false,
    "allow_approval": false,
    "msg_viewall": false,
    "inv_select_assign": "all",
    "inv_autoapprove": false,
    "password_special_char_required": false,
    "dashboad_links": "",
    "proxy_set": false,
    "password_expire_alert": true,
    "password_min_length": 6,
    "group": 4,
    "default_accept_notify": true,
    "password_history_length": "[]",
    "inv_wo_status": null,
    "proxy_approval_bypass": false,
    "password_char_types": "FnHSnbQNzuKmyPUUpedaqONNHJEowSMOBhnEqujPPUhgBwpLVDEyjFeyQHBhAtLKTGxAQsXEFxaytqIWILWKGdHxMGrvtSiUcxuL",
    "dashboad_text": "",
    "password_expire": 90,
    "inv_max_approval_currency": "usd",
    "wo_show_tkt_attach": false,
    "wo_show_inactive": false,
    "deleted": null,
    "msg_address": false,
    "wo_days_backdate": null,
    "password_expired_login_count": null,
    "inv_max_approval_amount": 0,
    "default_accept_assign": true,
    "location_level": "2ff2b933-b386-4bdb-b7f8-129dcbb354f3",
    "accept_notify": false,
    "password_can_change": true,
    "role_type": "Internal",
    "inv_close_wo": "Do not display",
    "name": "store-role",
    "created": "2015-09-14T17:26:42.777Z",
    "wo_edit_closeout": false,
    "password_upper_char_required": false,
    "modules": "",
    "modified": "2015-09-14T17:26:42.777Z",
    "inv_req_attach": true,
    "wo_allow_backdate": false,
    "default_auth_currency": "533b6f52-9290-4e10-899e-28ce95d95f76",
    "default_auth_amount": "0.0000",
    "inv_wait": null,
    "wo_notes": false,
    "accept_assign": false,
    "inv_options": "new"
  },
  "model": "person.role",
  "pk": "18d9551c-07d8-4b8e-82db-412038c64242"
},
{
  "fields": {
    "password_digit_required": false,
    "msg_stored_link": false,
    "msg_copy_default": false,
    "tabs": "",
    "msg_copy_email": false,
    "password_lower_char_required": false,
    "create_all": false,
    "allow_approval": false,
    "msg_viewall": false,
    "inv_select_assign": "all",
    "inv_autoapprove": false,
    "password_special_char_required": false,
    "dashboad_links": "",
    "proxy_set": false,
    "password_expire_alert": true,
    "password_min_length": 6,
    "group": 2,
    "default_accept_notify": true,
    "password_history_length": "[]",
    "inv_wo_status": null,
    "proxy_approval_bypass": false,
    "password_char_types": "uVvPpScCOIOmirnrzPhlSkWbTHgmiBzPiJxVpQNXRfHCUDCShInsgtcUhKrOLYYnNIYOQSUdCBGorLgCqNLEYbrYMKYiuikHBkfB",
    "dashboad_text": "",
    "password_expire": 90,
    "inv_max_approval_currency": "usd",
    "wo_show_tkt_attach": false,
    "wo_show_inactive": false,
    "deleted": null,
    "msg_address": false,
    "wo_days_backdate": null,
    "password_expired_login_count": null,
    "inv_max_approval_amount": 0,
    "default_accept_assign": true,
    "location_level": "10d9d9ea-8ee1-452e-8c90-60cbd8012cb1",
    "accept_notify": false,
    "password_can_change": true,
    "role_type": "Internal",
    "inv_close_wo": "Do not display",
    "name": "district-role",
    "created": "2015-09-14T17:26:42.765Z",
    "wo_edit_closeout": false,
    "password_upper_char_required": false,
    "modules": "",
    "modified": "2015-09-14T17:26:42.765Z",
    "inv_req_attach": true,
    "wo_allow_backdate": false,
    "default_auth_currency": "533b6f52-9290-4e10-899e-28ce95d95f76",
    "default_auth_amount": "0.0000",
    "inv_wait": null,
    "wo_notes": false,
    "accept_assign": false,
    "inv_options": "new"
  },
  "model": "person.role",
  "pk": "77926ee2-7436-4ab2-9d49-e676928fb661"
},
{
  "fields": {
    "password_digit_required": false,
    "msg_stored_link": false,
    "msg_copy_default": false,
    "tabs": "",
    "msg_copy_email": false,
    "password_lower_char_required": false,
    "create_all": false,
    "allow_approval": false,
    "msg_viewall": false,
    "inv_select_assign": "all",
    "inv_autoapprove": false,
    "password_special_char_required": false,
    "dashboad_links": "",
    "proxy_set": false,
    "password_expire_alert": true,
    "password_min_length": 6,
    "group": 5,
    "default_accept_notify": true,
    "password_history_length": "[]",
    "inv_wo_status": null,
    "proxy_approval_bypass": false,
    "password_char_types": "gFQCBRCvXxTMpdUpHSfKcDfljCfbLbRTWwNImAxFTHQOQpweJYGZqgXbgasLYdLgPWobzGbiKpsHHAdKNpAzZYnwcDzXmrEPfcyq",
    "dashboad_text": "",
    "password_expire": 90,
    "inv_max_approval_currency": "usd",
    "wo_show_tkt_attach": false,
    "wo_show_inactive": false,
    "deleted": null,
    "msg_address": false,
    "wo_days_backdate": null,
    "password_expired_login_count": null,
    "inv_max_approval_amount": 0,
    "default_accept_assign": true,
    "location_level": "fbfaedde-e8cf-47d8-8548-6bd5d3aef0f4",
    "accept_notify": false,
    "password_can_change": true,
    "role_type": "Internal",
    "inv_close_wo": "Do not display",
    "name": "department-role",
    "created": "2015-09-14T17:26:42.783Z",
    "wo_edit_closeout": false,
    "password_upper_char_required": false,
    "modules": "",
    "modified": "2015-09-14T17:26:42.783Z",
    "inv_req_attach": true,
    "wo_allow_backdate": false,
    "default_auth_currency": "533b6f52-9290-4e10-899e-28ce95d95f76",
    "default_auth_amount": "0.0000",
    "inv_wait": null,
    "wo_notes": false,
    "accept_assign": false,
    "inv_options": "new"
  },
  "model": "person.role",
  "pk": "77db5fc3-b452-4355-b6b8-f39ecea5d214"
},
{
  "fields": {
    "password_digit_required": false,
    "msg_stored_link": false,
    "msg_copy_default": false,
    "tabs": "",
    "msg_copy_email": false,
    "password_lower_char_required": false,
    "create_all": false,
    "allow_approval": false,
    "msg_viewall": false,
    "inv_select_assign": "all",
    "inv_autoapprove": false,
    "password_special_char_required": false,
    "dashboad_links": "",
    "proxy_set": false,
    "password_expire_alert": true,
    "password_min_length": 6,
    "group": 3,
    "default_accept_notify": true,
    "password_history_length": "[]",
    "inv_wo_status": null,
    "proxy_approval_bypass": false,
    "password_char_types": "zSihpKlgYvytNrgcWNrlnKjQmtvmEdNQURfKqurbWnBTgTIjqUBsrDLmsfFDMyRmJsqCPDrvzFCfvXdhXPlVfVZktmPBQMYZRwCm",
    "dashboad_text": "",
    "password_expire": 90,
    "inv_max_approval_currency": "usd",
    "wo_show_tkt_attach": false,
    "wo_show_inactive": false,
    "deleted": null,
    "msg_address": false,
    "wo_days_backdate": null,
    "password_expired_login_count": null,
    "inv_max_approval_amount": 0,
    "default_accept_assign": true,
    "location_level": "4accbf1f-f545-4e02-8ccc-58743c9dce25",
    "accept_notify": false,
    "password_can_change": true,
    "role_type": "Internal",
    "inv_close_wo": "Do not display",
    "name": "district_lp-role",
    "created": "2015-09-14T17:26:42.771Z",
    "wo_edit_closeout": false,
    "password_upper_char_required": false,
    "modules": "",
    "modified": "2015-09-14T17:26:42.771Z",
    "inv_req_attach": true,
    "wo_allow_backdate": false,
    "default_auth_currency": "533b6f52-9290-4e10-899e-28ce95d95f76",
    "default_auth_amount": "0.0000",
    "inv_wait": null,
    "wo_notes": false,
    "accept_assign": false,
    "inv_options": "new"
  },
  "model": "person.role",
  "pk": "88969647-4f2b-4274-b9e7-64f947387ea3"
},
{
  "fields": {
    "password_digit_required": false,
    "msg_stored_link": false,
    "msg_copy_default": false,
    "tabs": "",
    "msg_copy_email": false,
    "password_lower_char_required": false,
    "create_all": false,
    "allow_approval": false,
    "msg_viewall": false,
    "inv_select_assign": "all",
    "inv_autoapprove": false,
    "password_special_char_required": false,
    "dashboad_links": "",
    "proxy_set": false,
    "password_expire_alert": true,
    "password_min_length": 6,
    "group": 1,
    "default_accept_notify": true,
    "password_history_length": "[]",
    "inv_wo_status": null,
    "proxy_approval_bypass": false,
    "password_char_types": "gefqnAEXMMWIJiOgWjvsZWxmkxKfoYAoxdkWRoFSJNMUfXeLZBssJJNYohZfKcAErqIFiQIdBcIWPHnWJUJPQGlNszrryOLiqZqm",
    "dashboad_text": "",
    "password_expire": 90,
    "inv_max_approval_currency": "usd",
    "wo_show_tkt_attach": false,
    "wo_show_inactive": false,
    "deleted": null,
    "msg_address": false,
    "wo_days_backdate": null,
    "password_expired_login_count": null,
    "inv_max_approval_amount": 0,
    "default_accept_assign": true,
    "location_level": "b75c4548-3541-45fe-8223-3fcc7e1725ec",
    "accept_notify": false,
    "password_can_change": true,
    "role_type": "Internal",
    "inv_close_wo": "Do not display",
    "name": "region-role",
    "created": "2015-09-14T17:26:42.759Z",
    "wo_edit_closeout": false,
    "password_upper_char_required": false,
    "modules": "",
    "modified": "2015-09-14T17:26:42.759Z",
    "inv_req_attach": true,
    "wo_allow_backdate": false,
    "default_auth_currency": "533b6f52-9290-4e10-899e-28ce95d95f76",
    "default_auth_amount": "0.0000",
    "inv_wait": null,
    "wo_notes": false,
    "accept_assign": false,
    "inv_options": "new"
  },
  "model": "person.role",
  "pk": "c2bcac94-6ced-4795-a345-33c1dc4caeb9"
},
{
  "fields": {
    "status": "be0e276e-5e06-4f82-82ea-4f11226df1e9",
    "last_name": "D",
    "proxy_start_date": null,
    "locale": null,
    "next_approver": null,
    "locations": [],
    "is_staff": false,
    "user_permissions": [],
    "proxy_end_date": null,
    "date_joined": "2015-09-14T17:26:42.894Z",
    "middle_initial": null,
    "first_name": "Z",
    "employee_id": null,
    "auth_amount": "0.0000",
    "title": null,
    "password_expire_date": "2015-12-13",
    "password_length": null,
    "is_superuser": false,
    "last_login": null,
    "role": "88969647-4f2b-4274-b9e7-64f947387ea3",
    "auth_currency": "533b6f52-9290-4e10-899e-28ce95d95f76",
    "username": "irure",
    "deleted": null,
    "password_one_time": null,
    "is_active": true,
    "groups": [
      3
    ],
    "accept_notify": true,
    "password": "pbkdf2_sha256$20000$v0BwODKWyDJV$c5ivwJFqumPFRzldLrq4Jv8yewZnTXJfVWzvBXDwqDQ=",
    "proxy_status": null,
    "proxy_user": null,
    "name": "Z D",
    "created": "2015-09-14T17:26:42.899Z",
    "modified": "2015-09-14T17:26:42.981Z",
    "email": "",
    "accept_assign": true,
    "password_change": "zRFdufgTxCOdGiTikJSyFfTTNkkugJpTHkilWbQDMMliixLhhAoaCnIERjsXtsHIoyVTcCKQURCtCTbjKiMLEVmAruHQupvUTymVguJVerliLgPdpYKEsHnNSBmmQtXhgUbGEWsOmwuQVkmaTGVfQfZTvlmQRBJPJNoLaTMSQkWBVGoptGgUMEbknarZPHKcFNgSCFWZoweByTbPdAWZrtwXNEKnykuvfAnmAZrVSsoCSOdaQaFNygavoNPACvLoeoWgTrFUIWQvQJSpCsXBQHptYLfZWwvQXufZPZLPSaYW"
  },
  "model": "person.person",
  "pk": "01398317-bb47-4e50-a4e6-14a66fc8d2ff"
},
{
  "fields": {
    "status": "be0e276e-5e06-4f82-82ea-4f11226df1e9",
    "last_name": "N",
    "proxy_start_date": null,
    "locale": null,
    "next_approver": null,
    "locations": [
      "bdaea89c-4374-441e-865c-28cecaf50520",
      "e525577d-a97c-4785-876a-85a83f909b11"
    ],
    "is_staff": false,
    "user_permissions": [],
    "proxy_end_date": null,
    "date_joined": "2015-09-14T17:26:43.810Z",
    "middle_initial": null,
    "first_name": "A",
    "employee_id": null,
    "auth_amount": "0.0000",
    "title": null,
    "password_expire_date": "2015-12-13",
    "password_length": null,
    "is_superuser": false,
    "last_login": null,
    "role": "77926ee2-7436-4ab2-9d49-e676928fb661",
    "auth_currency": "533b6f52-9290-4e10-899e-28ce95d95f76",
    "username": "dolore",
    "deleted": null,
    "password_one_time": null,
    "is_active": true,
    "groups": [
      2
    ],
    "accept_notify": true,
    "password": "pbkdf2_sha256$20000$z3M9PgEe6WVE$vsRzshu1o667aX7RxFR02OaEpO9KuYcQXA/Vw7/zmuo=",
    "proxy_status": null,
    "proxy_user": null,
    "name": "A N",
    "created": "2015-09-14T17:26:43.814Z",
    "modified": "2015-09-14T17:26:43.901Z",
    "email": "",
    "accept_assign": true,
    "password_change": "oWFEZeMDlWVGSDpEKAsvspSDPWSqzdtAtbaRayoTDjMMIfxYDAGTpYYSDwZXNfyWbMmffQHjrbsUMHISgGtGtwBdZysfOcecppofvzNZPxpKiStMgyoGLKmSZlwbTsbPsvdOGfLxXdAmJJcuRGVaHrXQSHpxVqTxEMDCbBpOFuhcEBMcEgaXhdnBGBZvDiImDggCMJmeSSddFwVLOiWJPQhvQFKpTRxdixYZvZMoyMYCnDjufUjhNJPADKXmuxWuNitIydgplRCCMlfZPUqSLPKvblRydusrpKePeaYIgmNe"
  },
  "model": "person.person",
  "pk": "060156ff-2ae6-4abf-bc78-94e49cfaa874"
},
{
  "fields": {
    "status": "be0e276e-5e06-4f82-82ea-4f11226df1e9",
    "last_name": "I",
    "proxy_start_date": null,
    "locale": null,
    "next_approver": null,
    "locations": [
      "87cd4561-9a80-4ad1-8fb7-4a39348ee355",
      "036f9b8e-9ff9-40e7-a97e-f0a4f58b40f5"
    ],
    "is_staff": false,
    "user_permissions": [],
    "proxy_end_date": null,
    "date_joined": "2015-09-14T17:26:43.608Z",
    "middle_initial": null,
    "first_name": "V",
    "employee_id": null,
    "auth_amount": "0.0000",
    "title": null,
    "password_expire_date": "2015-12-13",
    "password_length": null,
    "is_superuser": false,
    "last_login": null,
    "role": "18d9551c-07d8-4b8e-82db-412038c64242",
    "auth_currency": "533b6f52-9290-4e10-899e-28ce95d95f76",
    "username": "est",
    "deleted": null,
    "password_one_time": null,
    "is_active": true,
    "groups": [
      4
    ],
    "accept_notify": true,
    "password": "pbkdf2_sha256$20000$lvtp2H0KBFbL$NC1Ikqk8QCXW0xmSUafHB+EMe+vK4NCHaJkipHdYbXQ=",
    "proxy_status": null,
    "proxy_user": null,
    "name": "V I",
    "created": "2015-09-14T17:26:43.613Z",
    "modified": "2015-09-14T17:26:43.700Z",
    "email": "",
    "accept_assign": true,
    "password_change": "rxQTqsxboCbZScjxkognyzUQxfJZNSRSMmgIfLUqtfmYzIDXpDuCMAaciQiNWIlcdTMnfLYuFrTJiOONvTYeoYGKOCAlmrZkgwJqRShbPJKhVntnoPDDYnoeFEmomdOZGJiRhJWJkYPjAvCPBrEsiqYgaAdvtgWTXgZnMUtXBUiMLXsMMpXTDeirHUDDCdFZxEzWrmaeyvbkDLpPOawhYWnHresjuoisMPQgCqfLGLtVpDRHjrCLPiIFKdshUzAmlRhWxwMKRALQmbrOsCrTTZMXOWpVgPgvhcIpOOJIShJd"
  },
  "model": "person.person",
  "pk": "0776b041-2820-4d7e-9f93-e3471be88af9"
},
{
  "fields": {
    "status": "be0e276e-5e06-4f82-82ea-4f11226df1e9",
    "last_name": "E",
    "proxy_start_date": null,
    "locale": null,
    "next_approver": null,
    "locations": [
      "d738926f-f678-4b23-88ea-9c848b0a63c6"
    ],
    "is_staff": false,
    "user_permissions": [],
    "proxy_end_date": null,
    "date_joined": "2015-09-14T17:26:43.306Z",
    "middle_initial": null,
    "first_name": "G",
    "employee_id": null,
    "auth_amount": "0.0000",
    "title": null,
    "password_expire_date": "2015-12-13",
    "password_length": null,
    "is_superuser": false,
    "last_login": null,
    "role": "c2bcac94-6ced-4795-a345-33c1dc4caeb9",
    "auth_currency": "533b6f52-9290-4e10-899e-28ce95d95f76",
    "username": "nulla",
    "deleted": null,
    "password_one_time": null,
    "is_active": true,
    "groups": [
      1
    ],
    "accept_notify": true,
    "password": "pbkdf2_sha256$20000$iY6u66aUHGyf$qMp6dDD3S4IYoSQP1uTHzA2OlKsBEvi8a42Et8pWnaw=",
    "proxy_status": null,
    "proxy_user": null,
    "name": "G E",
    "created": "2015-09-14T17:26:43.310Z",
    "modified": "2015-09-14T17:26:43.398Z",
    "email": "",
    "accept_assign": true,
    "password_change": "GXFlObdGLNezjCSqLrBElvUxYlTWFOpwIPGsZsYrJKIvKTxGotlXlfIiaKgyoIqDkSjWOKisLyPAYdRPXJWfahlSXxIFSfAvTiNAscZXbORprPBebdDaigeVhXGBlTgHOQvpssfiiltwgntfDPyvoaiEiVdhWwxiZEfqSuYcsYrIGfCgaZvjeTSSwAJTbyThSBiXyvtxsORSzHbzvkeANKgVDtTxXoLUyehOuCExEgbUYyMEbTOUHJrbIjaUYMulQppPXgpWlrhZSEuJTaDHLEoSKjjShCLCzLeLVQlvpFun"
  },
  "model": "person.person",
  "pk": "279d10ad-5cd3-4b67-8166-627eeb40e20e"
},
{
  "fields": {
    "status": "be0e276e-5e06-4f82-82ea-4f11226df1e9",
    "last_name": "F",
    "proxy_start_date": null,
    "locale": null,
    "next_approver": null,
    "locations": [],
    "is_staff": false,
    "user_permissions": [],
    "proxy_end_date": null,
    "date_joined": "2015-09-14T17:26:44.010Z",
    "middle_initial": null,
    "first_name": "R",
    "employee_id": null,
    "auth_amount": "0.0000",
    "title": null,
    "password_expire_date": "2015-12-13",
    "password_length": null,
    "is_superuser": false,
    "last_login": null,
    "role": "88969647-4f2b-4274-b9e7-64f947387ea3",
    "auth_currency": "533b6f52-9290-4e10-899e-28ce95d95f76",
    "username": "laboris",
    "deleted": null,
    "password_one_time": null,
    "is_active": true,
    "groups": [
      3
    ],
    "accept_notify": true,
    "password": "pbkdf2_sha256$20000$zXtEzLPjBWvZ$H0Aosn0Ld1xfh2EHILgxiMuW9dVsBa6wmDMFro9s+r4=",
    "proxy_status": null,
    "proxy_user": null,
    "name": "R F",
    "created": "2015-09-14T17:26:44.014Z",
    "modified": "2015-09-14T17:26:44.101Z",
    "email": "",
    "accept_assign": true,
    "password_change": "EsAMPEMGfjlNUayhbdDGLzqwWwCryxpNQREaBwWcaZiNpCERsfsbXLqOvvtGryELvRQkqprnJOldisyOEUVSPXjSrXjulezkJRclFVISlanXDmEFVxWOltvQTgCElYSyWababUzlVCHFKQldxWYhMmuwVXNCiTNTKIIquEkxTdkKJNgHXpmZOMZcawvvNcqbMQHwmUukFNHuplXjdaRCaApiPkjAIEdCyekyxrnrXHdQnTQhpWwSPrkYCVZLdlIxmSNTrGmtVmqYsJrhoLiicQSfTymslbUDIUjSywtPvXUJ"
  },
  "model": "person.person",
  "pk": "3419b2ab-3212-4eb4-8132-a6b769f9c5a3"
},
{
  "fields": {
    "status": "be0e276e-5e06-4f82-82ea-4f11226df1e9",
    "last_name": "P",
    "proxy_start_date": null,
    "locale": null,
    "next_approver": null,
    "locations": [],
    "is_staff": false,
    "user_permissions": [],
    "proxy_end_date": null,
    "date_joined": "2015-09-14T17:26:44.717Z",
    "middle_initial": null,
    "first_name": "J",
    "employee_id": null,
    "auth_amount": "0.0000",
    "title": null,
    "password_expire_date": "2015-12-13",
    "password_length": null,
    "is_superuser": false,
    "last_login": null,
    "role": "77db5fc3-b452-4355-b6b8-f39ecea5d214",
    "auth_currency": "533b6f52-9290-4e10-899e-28ce95d95f76",
    "username": "eu",
    "deleted": null,
    "password_one_time": null,
    "is_active": true,
    "groups": [
      5
    ],
    "accept_notify": true,
    "password": "pbkdf2_sha256$20000$yMMDeUTfOnKc$XCX4wRVUNmxyOa7da/QSqgnRnmsvBfAG3qwYI+Gy6bI=",
    "proxy_status": null,
    "proxy_user": null,
    "name": "J P",
    "created": "2015-09-14T17:26:44.721Z",
    "modified": "2015-09-14T17:26:44.803Z",
    "email": "",
    "accept_assign": true,
    "password_change": "iZSSeMwEWVSLcFKSrkIITGllAXvZUXsPFIDKYPOTYIQKUEaqhyVCwNOLoOXWKbDRJsHzYKshgSxTWVgVrulKfzYCaYnvhPBJpcMRuIXteAphYMAagrCSmysBRIolpeeMfnnKkxFpeqKQKodGyYwazhwMPOdwzAXQDQfEyiKzbGvPFCMINYbnaPddkHAtGcOlxyMXmJMQDQpULcdcJTICZTjrkghNsELRaCOgGNImOUkZWWQfHtGNUSUEukZMHbvmLOfvazAWrckqRgXZKmHrVtOSNTenXvZBYaOZyOOAzXBa"
  },
  "model": "person.person",
  "pk": "3f37847c-5a96-467e-931c-c51be0ca0b75"
},
{
  "fields": {
    "status": "be0e276e-5e06-4f82-82ea-4f11226df1e9",
    "last_name": "O",
    "proxy_start_date": null,
    "locale": null,
    "next_approver": null,
    "locations": [
      "d738926f-f678-4b23-88ea-9c848b0a63c6"
    ],
    "is_staff": false,
    "user_permissions": [],
    "proxy_end_date": null,
    "date_joined": "2015-09-14T17:26:43.102Z",
    "middle_initial": null,
    "first_name": "C",
    "employee_id": null,
    "auth_amount": "0.0000",
    "title": null,
    "password_expire_date": "2015-12-13",
    "password_length": null,
    "is_superuser": false,
    "last_login": null,
    "role": "c2bcac94-6ced-4795-a345-33c1dc4caeb9",
    "auth_currency": "533b6f52-9290-4e10-899e-28ce95d95f76",
    "username": "velit",
    "deleted": null,
    "password_one_time": null,
    "is_active": true,
    "groups": [
      1
    ],
    "accept_notify": true,
    "password": "pbkdf2_sha256$20000$F9H2gDPVpPom$9vGRejeKfahS6vsli2h0k2BsuNddpuO3Fk6s3xfKsjc=",
    "proxy_status": null,
    "proxy_user": null,
    "name": "C O",
    "created": "2015-09-14T17:26:43.106Z",
    "modified": "2015-09-14T17:26:43.195Z",
    "email": "",
    "accept_assign": true,
    "password_change": "EFYTcSKLCEreFRnWDgAdhPzwiVspCOvMjwcTsYMTtrCyhqvYrRcPESuOJhVmvTbvGbWFOoNdqlIvpteHOHATpzqyICpNHMRiHIUXQJAOBAdWwFymUbxHsPqEwLnJszlBnsiyiSBiEgvNTYDSWpnMqkPpWZUmdGCmuNDTfbnVNrxHGhCbdWYxLeNINqyZMWlNPpnzZhfZTiejyRHJgEAyNOvpCjHVEzvLLvrrASZeDawdCSLqpKBhvfcfOnDYZLlqgULkwCgePhKURRWFYLsweccriJLclQfoqsbSycXzJzWW"
  },
  "model": "person.person",
  "pk": "3f76b9b0-2f63-4fc2-baa3-27f0f8a72d37"
},
{
  "fields": {
    "status": "be0e276e-5e06-4f82-82ea-4f11226df1e9",
    "last_name": "T",
    "proxy_start_date": null,
    "locale": null,
    "next_approver": null,
    "locations": [],
    "is_staff": false,
    "user_permissions": [],
    "proxy_end_date": null,
    "date_joined": "2015-09-14T17:26:44.318Z",
    "middle_initial": null,
    "first_name": "I",
    "employee_id": null,
    "auth_amount": "0.0000",
    "title": null,
    "password_expire_date": "2015-12-13",
    "password_length": null,
    "is_superuser": false,
    "last_login": null,
    "role": "77db5fc3-b452-4355-b6b8-f39ecea5d214",
    "auth_currency": "533b6f52-9290-4e10-899e-28ce95d95f76",
    "username": "id",
    "deleted": null,
    "password_one_time": null,
    "is_active": true,
    "groups": [
      5
    ],
    "accept_notify": true,
    "password": "pbkdf2_sha256$20000$nrhkk8inUGhc$Hrbf8P+rhwAWBN26nO4sNctWaMtP9ymU4chXD0h2seI=",
    "proxy_status": null,
    "proxy_user": null,
    "name": "I T",
    "created": "2015-09-14T17:26:44.322Z",
    "modified": "2015-09-14T17:26:44.405Z",
    "email": "",
    "accept_assign": true,
    "password_change": "zXpdLzNVaXyszflXFRpBMbATWvdKBThTGLiUIVqsTqRAnXgmCMtDCXGtcGftHDlZaiSBbosInxLGgXCKEnbLyetgTNbDAbIlrHCtKrcgYLfddTdBJSnFVagHUqDBbzFvmWxXrLHZwXefqUqctgzbWoFhzVUwnBZSdyLQtCzJAEzZDDzETRxAqOOwouopGKGSpeXZgyDtxlWYQhDtysdGehZxKUAgDdTQeXuIJCJztmZTSGgukYAjhaMoNTavVDTMcTIyUvVYNHVoCEZSpNhYmVSpjNGcRjYlzCsscqZCfwWE"
  },
  "model": "person.person",
  "pk": "688db4d3-04e6-49e5-b1f9-c763dfe2bb35"
},
{
  "fields": {
    "status": "be0e276e-5e06-4f82-82ea-4f11226df1e9",
    "last_name": "E",
    "proxy_start_date": null,
    "locale": null,
    "next_approver": null,
    "locations": [
      "87cd4561-9a80-4ad1-8fb7-4a39348ee355",
      "036f9b8e-9ff9-40e7-a97e-f0a4f58b40f5"
    ],
    "is_staff": false,
    "user_permissions": [],
    "proxy_end_date": null,
    "date_joined": "2015-09-14T17:26:43.911Z",
    "middle_initial": null,
    "first_name": "G",
    "employee_id": null,
    "auth_amount": "0.0000",
    "title": null,
    "password_expire_date": "2015-12-13",
    "password_length": null,
    "is_superuser": false,
    "last_login": null,
    "role": "18d9551c-07d8-4b8e-82db-412038c64242",
    "auth_currency": "533b6f52-9290-4e10-899e-28ce95d95f76",
    "username": "reprehenderit",
    "deleted": null,
    "password_one_time": null,
    "is_active": true,
    "groups": [
      4
    ],
    "accept_notify": true,
    "password": "pbkdf2_sha256$20000$R9cnmR4qkEv3$mnT+cmIgNFQyo4nq/9iT1vd094IQDI3eU2ktrv6gMXc=",
    "proxy_status": null,
    "proxy_user": null,
    "name": "G E",
    "created": "2015-09-14T17:26:43.915Z",
    "modified": "2015-09-14T17:26:44.000Z",
    "email": "",
    "accept_assign": true,
    "password_change": "gvfTalAMWXKmcaaoOoKPpbYwsyFtBfMvUcKZLiNimbNSzkprhePNbuAwNquuqSodZGaRRCGWaSvyIvPyStGrOEyDsPcwylzlXzjoSzXtDINwRWffqVANZYWSeWjltaFpNIqbSWPHORBaBWKDAdlCBVJhkzrJlSKWCfTVqPizuYzRMcHxDMGhweZNEhxfMsusqUOKnMqCntlWHLLlgVKJtIoZovVSWBgYKCqMXsKtEJmyTelFydisoeULRFinuwnjSeZvVYxBNBuYyIQbpybDdQixNszgcXQbDyEcWFAwfgRK"
  },
  "model": "person.person",
  "pk": "69c7eb5a-5dc8-418c-975d-04b4edf074de"
},
{
  "fields": {
    "status": "be0e276e-5e06-4f82-82ea-4f11226df1e9",
    "last_name": "Z",
    "proxy_start_date": null,
    "locale": null,
    "next_approver": null,
    "locations": [
      "d738926f-f678-4b23-88ea-9c848b0a63c6"
    ],
    "is_staff": false,
    "user_permissions": [],
    "proxy_end_date": null,
    "date_joined": "2015-09-14T17:26:44.921Z",
    "middle_initial": null,
    "first_name": "Y",
    "employee_id": null,
    "auth_amount": "0.0000",
    "title": null,
    "password_expire_date": "2015-12-13",
    "password_length": null,
    "is_superuser": false,
    "last_login": null,
    "role": "c2bcac94-6ced-4795-a345-33c1dc4caeb9",
    "auth_currency": "533b6f52-9290-4e10-899e-28ce95d95f76",
    "username": "laborum.",
    "deleted": null,
    "password_one_time": null,
    "is_active": true,
    "groups": [
      1
    ],
    "accept_notify": true,
    "password": "pbkdf2_sha256$20000$3cPJ83A7nUQe$tYYRrw2vtw/wvRY1GLvK+ZmhVDmhJKdifJks+QSRU38=",
    "proxy_status": null,
    "proxy_user": null,
    "name": "Y Z",
    "created": "2015-09-14T17:26:44.925Z",
    "modified": "2015-09-14T17:26:45.009Z",
    "email": "",
    "accept_assign": true,
    "password_change": "MQxxPpXQvWrVJZcTOZmirCNDJevKOdPdmhMamnkvRDyypmDilYtMNzJfEuSGdtAsATPqYuybnTyaRNPRYJbzhkJclOGmMBNoiIAIFyEcaQYPteOAtAueQyLuyjgiQzToQFPFlONMoposnWOUSzDbagFhUdvnyKcGEqfGMBxVYfvDavKGZxkEpyjGexFIrWQzwFFKYtAgLbFQmjenaXAgkkPNEWIviyVUulvEpMUvlfkgtodbqAFQcSEspkFbLiZPPTnkDgdqQZQHpsRUHSQWfxLKOOkBmgpQNiwAwMqzzXBA"
  },
  "model": "person.person",
  "pk": "77bb3631-cf2c-4fd2-9f47-72804415ae0a"
},
{
  "fields": {
    "status": "be0e276e-5e06-4f82-82ea-4f11226df1e9",
    "last_name": "",
    "proxy_start_date": null,
    "locale": null,
    "next_approver": null,
    "locations": [],
    "is_staff": true,
    "user_permissions": [],
    "proxy_end_date": null,
    "date_joined": "2015-09-14T17:26:42.788Z",
    "middle_initial": null,
    "first_name": "",
    "employee_id": null,
    "auth_amount": "0.0000",
    "title": null,
    "password_expire_date": "2015-12-13",
    "password_length": null,
    "is_superuser": true,
    "last_login": null,
    "role": "18d9551c-07d8-4b8e-82db-412038c64242",
    "auth_currency": "533b6f52-9290-4e10-899e-28ce95d95f76",
    "username": "aaron",
    "deleted": null,
    "password_one_time": null,
    "is_active": true,
    "groups": [
      4
    ],
    "accept_notify": true,
    "password": "pbkdf2_sha256$20000$mCJDd0VDkjee$DyLZlnR6+/Ze+0zPrQL9ot/Wi0BFIibdIKnkrXMArfQ=",
    "proxy_status": null,
    "proxy_user": null,
    "name": " ",
    "created": "2015-09-14T17:26:42.795Z",
    "modified": "2015-09-14T17:26:42.880Z",
    "email": "",
    "accept_assign": true,
    "password_change": "WBHuQhvDCOavuzSjrtPUIExbpTKYYIseOIIVjpJpNGsEyVoeRxNcGzoFftkkeHRBBNaGsXqupGcCWgqWWRwXDsbDaLPYwYozcbzwSVMCkAaLcBsObRVnCRKwNGUkauYSWoqVaYypeMbgobuhnEhLFGJJEEmJWUDsJdpMuVnwKgYtkJXfBsZactytmmQdErEveHiwRnzNNQwvtqNRJgKlGecGfhCJlYFdqtDqDsikEWsMVnINomLfQshhgzOfRHXtGWUnMqRwIhNBIngYmnXsUpoJPzGLGBqAUNIXTeiNBEDr"
  },
  "model": "person.person",
  "pk": "8dfc259b-e1b7-46b1-a433-0af059c00d22"
},
{
  "fields": {
    "status": "be0e276e-5e06-4f82-82ea-4f11226df1e9",
    "last_name": "Q",
    "proxy_start_date": null,
    "locale": null,
    "next_approver": null,
    "locations": [],
    "is_staff": false,
    "user_permissions": [],
    "proxy_end_date": null,
    "date_joined": "2015-09-14T17:26:44.819Z",
    "middle_initial": null,
    "first_name": "H",
    "employee_id": null,
    "auth_amount": "0.0000",
    "title": null,
    "password_expire_date": "2015-12-13",
    "password_length": null,
    "is_superuser": false,
    "last_login": null,
    "role": "88969647-4f2b-4274-b9e7-64f947387ea3",
    "auth_currency": "533b6f52-9290-4e10-899e-28ce95d95f76",
    "username": "enim",
    "deleted": null,
    "password_one_time": null,
    "is_active": true,
    "groups": [
      3
    ],
    "accept_notify": true,
    "password": "pbkdf2_sha256$20000$z3EgEZJaxgul$TGjBKOngcKhwDpn2Eyh6Kr2ssYlWVJoYYQnoX3xr+/I=",
    "proxy_status": null,
    "proxy_user": null,
    "name": "H Q",
    "created": "2015-09-14T17:26:44.823Z",
    "modified": "2015-09-14T17:26:44.910Z",
    "email": "",
    "accept_assign": true,
    "password_change": "bcNLQEbnLaVEgaBLrFsMfIJGyNesrfuSFClNPvYPibkzCkZJEToncDypgPSHfCYYQVnlFEvAptncryjqNHLJUAlqdtuezPJyQBIebSQfGyxFOhMvWGBjelBoSejVsdzSrscVdsqAIwYXRuJSxwWiBDXSdLhSMrCiEHzBPfNjRMkDDnQZHzetyHDamiFeoDnspxGqjMUTXzjoCqpmblcUXkxCMDPsVVwFjixlntdBsztFWXsuHdISELmNmogrLrHQlxIfJeASTIjaCakZsYoQnuhxnyxaxIGWWfwjMbcKEngD"
  },
  "model": "person.person",
  "pk": "93b44479-eabc-4d11-a6f3-6840e39ff9ac"
},
{
  "fields": {
    "status": "be0e276e-5e06-4f82-82ea-4f11226df1e9",
    "last_name": "T",
    "proxy_start_date": null,
    "locale": null,
    "next_approver": null,
    "locations": [
      "bdaea89c-4374-441e-865c-28cecaf50520",
      "e525577d-a97c-4785-876a-85a83f909b11"
    ],
    "is_staff": false,
    "user_permissions": [],
    "proxy_end_date": null,
    "date_joined": "2015-09-14T17:26:44.212Z",
    "middle_initial": null,
    "first_name": "E",
    "employee_id": null,
    "auth_amount": "0.0000",
    "title": null,
    "password_expire_date": "2015-12-13",
    "password_length": null,
    "is_superuser": false,
    "last_login": null,
    "role": "77926ee2-7436-4ab2-9d49-e676928fb661",
    "auth_currency": "533b6f52-9290-4e10-899e-28ce95d95f76",
    "username": "aliquip",
    "deleted": null,
    "password_one_time": null,
    "is_active": true,
    "groups": [
      2
    ],
    "accept_notify": true,
    "password": "pbkdf2_sha256$20000$QUuDiVb3kW2s$/aRyrsrKltwW4Yt/8odFjpmcPNOeqj5Usjifvi7RFT0=",
    "proxy_status": null,
    "proxy_user": null,
    "name": "E T",
    "created": "2015-09-14T17:26:44.216Z",
    "modified": "2015-09-14T17:26:44.301Z",
    "email": "",
    "accept_assign": true,
    "password_change": "SWASwzEFYeVnhYlwpYGtqWfBUFgTfHDTusGeQwrnFopeteUeZFqFpWcsnacuHizTuPJXiIqcJgDgZzzLpLqVWwwUVSXqAswrfFNEtDTuuAMrHkOxaYButmLGNtzNpGaKZaYmMSnSCsMTFkRVmobVcOXgrqTYsfIGuBvYyIgrcWFNHeATpLVjaFcKIryqcGrbWHJgYfajNgYLyXmqryrxJiWnDzgyYiQAQgrprNyLzcPsrgpBOVZCcdLzIBlrbPqQBNxvWzAXCAwerVBbMUZXPJZCJLBaKviExCQkjVQYahBc"
  },
  "model": "person.person",
  "pk": "984c2af8-3fc7-4a27-b214-c7006fa2ca18"
},
{
  "fields": {
    "status": "be0e276e-5e06-4f82-82ea-4f11226df1e9",
    "last_name": "A",
    "proxy_start_date": null,
    "locale": null,
    "next_approver": null,
    "locations": [
      "bdaea89c-4374-441e-865c-28cecaf50520",
      "e525577d-a97c-4785-876a-85a83f909b11"
    ],
    "is_staff": false,
    "user_permissions": [],
    "proxy_end_date": null,
    "date_joined": "2015-09-14T17:26:42.999Z",
    "middle_initial": null,
    "first_name": "B",
    "employee_id": null,
    "auth_amount": "0.0000",
    "title": null,
    "password_expire_date": "2015-12-13",
    "password_length": null,
    "is_superuser": false,
    "last_login": null,
    "role": "77926ee2-7436-4ab2-9d49-e676928fb661",
    "auth_currency": "533b6f52-9290-4e10-899e-28ce95d95f76",
    "username": "cupidatat",
    "deleted": null,
    "password_one_time": null,
    "is_active": true,
    "groups": [
      2
    ],
    "accept_notify": true,
    "password": "pbkdf2_sha256$20000$qGkqok2LMTFG$tFZGJC3UyyrPLFRNxb/7S/O7CZLCxnObUYJG1x04dyg=",
    "proxy_status": null,
    "proxy_user": null,
    "name": "B A",
    "created": "2015-09-14T17:26:43.002Z",
    "modified": "2015-09-14T17:26:43.091Z",
    "email": "",
    "accept_assign": true,
    "password_change": "dnbUttIOVPeBbRgdMxbHYObgvIWmmBEMHXQMriGOZkAyajqsGCRZPgsWkkbfQqeswdKxdDoDoGiBOinRHbmnqKycesuYQqMqLzwOjXOttxhCWzclJYoGobIQQZIvzzOmXhikHrQldFWjLaYByNvPFwPKccrdbaLvVisMafFFoIxslULGTgzWMwTLYSNKjgWEkuUCvwNGPfEXVMkztuHrrVOUvxuzOIgeSDHHWcupRTaIBLBPdUxihdtZbvMRmoSoHTMHFBeBePlgLzJmtstjhWCmcMcdsdNfNjMsAsBreDzz"
  },
  "model": "person.person",
  "pk": "a94b31cc-5c3b-41e3-90eb-8fb7a94625ec"
},
{
  "fields": {
    "status": "be0e276e-5e06-4f82-82ea-4f11226df1e9",
    "last_name": "H",
    "proxy_start_date": null,
    "locale": null,
    "next_approver": null,
    "locations": [],
    "is_staff": false,
    "user_permissions": [],
    "proxy_end_date": null,
    "date_joined": "2015-09-14T17:26:44.517Z",
    "middle_initial": null,
    "first_name": "U",
    "employee_id": null,
    "auth_amount": "0.0000",
    "title": null,
    "password_expire_date": "2015-12-13",
    "password_length": null,
    "is_superuser": false,
    "last_login": null,
    "role": "88969647-4f2b-4274-b9e7-64f947387ea3",
    "auth_currency": "533b6f52-9290-4e10-899e-28ce95d95f76",
    "username": "sint",
    "deleted": null,
    "password_one_time": null,
    "is_active": true,
    "groups": [
      3
    ],
    "accept_notify": true,
    "password": "pbkdf2_sha256$20000$X2kvvivr6aIa$uwEIQO2FDnqGLOmjsqNkM9YGTwVcebduuW0xzFkGa/U=",
    "proxy_status": null,
    "proxy_user": null,
    "name": "U H",
    "created": "2015-09-14T17:26:44.521Z",
    "modified": "2015-09-14T17:26:44.605Z",
    "email": "",
    "accept_assign": true,
    "password_change": "cyzNOXBUEegsKRelqMlncWjgJVwvAOZQHvOfEEJTmohEVnwOAWEWBRIYmEjIscGuYEgqZzdYagOfYkNkpmFIHPbttjQuCyoQKjivhuxrcHowYxvvllBqPwOstMVQsWeEORRctVzIpWhxbatEiMwjnKQsYkHWnSPMSsozcRItEBLAAChzzPsxjjRyiRgKUsGZFVdrSpJUjYmsIvxfalsnEAOHkUTdPRJmYibSPkEFFgYyWjOXfYKFkUHXNTfFZFknYjIZrfsQFFmWMNwVcCuRMlenSjJhSVmUUHrKPCwtntCa"
  },
  "model": "person.person",
  "pk": "b5071e28-462b-4492-a6b6-565101e78ef5"
},
{
  "fields": {
    "status": "be0e276e-5e06-4f82-82ea-4f11226df1e9",
    "last_name": "B",
    "proxy_start_date": null,
    "locale": null,
    "next_approver": null,
    "locations": [
      "bdaea89c-4374-441e-865c-28cecaf50520",
      "e525577d-a97c-4785-876a-85a83f909b11"
    ],
    "is_staff": false,
    "user_permissions": [],
    "proxy_end_date": null,
    "date_joined": "2015-09-14T17:26:45.019Z",
    "middle_initial": null,
    "first_name": "R",
    "employee_id": null,
    "auth_amount": "0.0000",
    "title": null,
    "password_expire_date": "2015-12-13",
    "password_length": null,
    "is_superuser": false,
    "last_login": null,
    "role": "77926ee2-7436-4ab2-9d49-e676928fb661",
    "auth_currency": "533b6f52-9290-4e10-899e-28ce95d95f76",
    "username": "deserunt",
    "deleted": null,
    "password_one_time": null,
    "is_active": true,
    "groups": [
      2
    ],
    "accept_notify": true,
    "password": "pbkdf2_sha256$20000$CvNsQp1A8bPw$vOS1GDYnd1Pb/KAvVkGdR2oPxLzHsBoS+f9XZ+0kG5A=",
    "proxy_status": null,
    "proxy_user": null,
    "name": "R B",
    "created": "2015-09-14T17:26:45.023Z",
    "modified": "2015-09-14T17:26:45.110Z",
    "email": "",
    "accept_assign": true,
    "password_change": "GnYeFLJPEPzoAVJaOZYqsYOxvtHyZtmsWaVkvWQfhQmsIMLxgfakWNpiYllLwBNQKJlbeUMsRKUMpRSeheWQthnKcTFGxKEsvnDzXROnlToFJKEhhkjcSwVOcHJXkwbPWyqAtPlfKimmQwgCjaKinWvSjIJNeBWwnJZEZbcbFrxDlOGQesznJlmTsvNhZFrSnxlZqNlLdpYTaoLTroRUtAXQczigjWLAsskfKUKBZTCmbXEgSQGAmoMwsUZmZMlAASFJqxthSVNPYbcDGiphQsXYoBYAZuOknidhEoNIgaEZ"
  },
  "model": "person.person",
  "pk": "b59c5967-d2ac-43df-a398-24dd0ae23a93"
},
{
  "fields": {
    "status": "be0e276e-5e06-4f82-82ea-4f11226df1e9",
    "last_name": "N",
    "proxy_start_date": null,
    "locale": null,
    "next_approver": null,
    "locations": [
      "87cd4561-9a80-4ad1-8fb7-4a39348ee355",
      "036f9b8e-9ff9-40e7-a97e-f0a4f58b40f5"
    ],
    "is_staff": false,
    "user_permissions": [],
    "proxy_end_date": null,
    "date_joined": "2015-09-14T17:26:44.415Z",
    "middle_initial": null,
    "first_name": "P",
    "employee_id": null,
    "auth_amount": "0.0000",
    "title": null,
    "password_expire_date": "2015-12-13",
    "password_length": null,
    "is_superuser": false,
    "last_login": null,
    "role": "18d9551c-07d8-4b8e-82db-412038c64242",
    "auth_currency": "533b6f52-9290-4e10-899e-28ce95d95f76",
    "username": "magna",
    "deleted": null,
    "password_one_time": null,
    "is_active": true,
    "groups": [
      4
    ],
    "accept_notify": true,
    "password": "pbkdf2_sha256$20000$g2HOVXY6SP2C$/bhunR/vQB3GW15y1mCKL6qOjKjc0Wmt9y4sic1LCbk=",
    "proxy_status": null,
    "proxy_user": null,
    "name": "P N",
    "created": "2015-09-14T17:26:44.419Z",
    "modified": "2015-09-14T17:26:44.508Z",
    "email": "",
    "accept_assign": true,
    "password_change": "owWshPlGEPVpPHWegNkQKfoYdrJbnrmIMMcEDQmLmaOzVrboUVlQzmyuPFasCHyoAFNZbyexkVvaSVQPapsGgKIdAeoSEvaUWhOZnXJcrwVHImLFhJkJEmOBWfhqtsEEcYDLfSVVwqjIbHulVCgdoFPcVpntwfCoKEQLERfBcfAbCuuADQJEAkznvcLXRyzjsjLNIkOpLdrzXVZMoOaWDouwJSoWFzchRlLiQjeFIbsppMGnvFBFTdUAcwEpTxzKwxvBwCCoLLfeOHphYGkBxYEsdHSWJAEEcCvdFUXTJYkZ"
  },
  "model": "person.person",
  "pk": "b863ed2e-dea5-42fa-95a8-910d0417cd48"
},
{
  "fields": {
    "status": "be0e276e-5e06-4f82-82ea-4f11226df1e9",
    "last_name": "I",
    "proxy_start_date": null,
    "locale": null,
    "next_approver": null,
    "locations": [
      "bdaea89c-4374-441e-865c-28cecaf50520",
      "e525577d-a97c-4785-876a-85a83f909b11"
    ],
    "is_staff": false,
    "user_permissions": [],
    "proxy_end_date": null,
    "date_joined": "2015-09-14T17:26:44.615Z",
    "middle_initial": null,
    "first_name": "J",
    "employee_id": null,
    "auth_amount": "0.0000",
    "title": null,
    "password_expire_date": "2015-12-13",
    "password_length": null,
    "is_superuser": false,
    "last_login": null,
    "role": "77926ee2-7436-4ab2-9d49-e676928fb661",
    "auth_currency": "533b6f52-9290-4e10-899e-28ce95d95f76",
    "username": "quis",
    "deleted": null,
    "password_one_time": null,
    "is_active": true,
    "groups": [
      2
    ],
    "accept_notify": true,
    "password": "pbkdf2_sha256$20000$5p5wnmYiy8NJ$U0BjVDgeWeRbSh3qOWEiSHsskmDk8ekx5crg11IHpDk=",
    "proxy_status": null,
    "proxy_user": null,
    "name": "J I",
    "created": "2015-09-14T17:26:44.618Z",
    "modified": "2015-09-14T17:26:44.705Z",
    "email": "",
    "accept_assign": true,
    "password_change": "XXorqSalvpwGcnuirSyRiUWjXNCRJjlUPqjqFbdLyiiMwGqHfgOYKUXKgiooGWhhtpYsFnAxifdmBcsXfeeAAjvxSnYxMGjisvarTjkDeLKhHhSNfKOetsvHfeZGswJNOpjtnYKtbmdgdGbCmAHifuXksEyFYpPcCSuMlHDWYpSfgtYjEEtemavfuOwrSAWTdxpbcENPabdpUjdeRfvUxNHVoYIYCRyYFnBhVsLwhLzyOSJhfZbstiGScisUCedzlwTIPBMZWwMoxakCVcakwKtgoJzhptFFCyyhBVWPAGDz"
  },
  "model": "person.person",
  "pk": "bdf00e7f-bcdc-49d9-a1e5-af1c7702e28a"
},
{
  "fields": {
    "status": "be0e276e-5e06-4f82-82ea-4f11226df1e9",
    "last_name": "G",
    "proxy_start_date": null,
    "locale": null,
    "next_approver": null,
    "locations": [
      "d738926f-f678-4b23-88ea-9c848b0a63c6"
    ],
    "is_staff": false,
    "user_permissions": [],
    "proxy_end_date": null,
    "date_joined": "2015-09-14T17:26:43.508Z",
    "middle_initial": null,
    "first_name": "U",
    "employee_id": null,
    "auth_amount": "0.0000",
    "title": null,
    "password_expire_date": "2015-12-13",
    "password_length": null,
    "is_superuser": false,
    "last_login": null,
    "role": "c2bcac94-6ced-4795-a345-33c1dc4caeb9",
    "auth_currency": "533b6f52-9290-4e10-899e-28ce95d95f76",
    "username": "veniam,",
    "deleted": null,
    "password_one_time": null,
    "is_active": true,
    "groups": [
      1
    ],
    "accept_notify": true,
    "password": "pbkdf2_sha256$20000$jWFrJruTYYbU$r7dBY3FNPB1rnWVJgfXzOsXveFz1oRjvIwFLfYjXfmo=",
    "proxy_status": null,
    "proxy_user": null,
    "name": "U G",
    "created": "2015-09-14T17:26:43.512Z",
    "modified": "2015-09-14T17:26:43.598Z",
    "email": "",
    "accept_assign": true,
    "password_change": "avaSwFqrPWGVqnvHjzMCSfTlMJtJrdlXgnKxXMEdfxnEWcBOKTsJVEeziTNvjStlNLRnMtnrDAUvCEGZRbrxODddfMuVYgvVlykoLPoxOTAGndxIySnsZPgQRmKVzhxzrVjMqQPrruBYyiFkxUEIjcEAUbqSkbyefIKlZJLWyBasPeEFcFxkCDXbOYCAdgxIWKDURNEkMDBQsZBYMQYqAGviKbTkjrqBuipGnFPsHLqMrHVtYmYChVwOZbqdaGydVOuAzIgZgAHxrYWaOvKpLJGDdjLaIupsQPkECjLhKUlk"
  },
  "model": "person.person",
  "pk": "e204ceef-71b5-4713-bfb5-55150e751f47"
},
{
  "fields": {
    "status": "be0e276e-5e06-4f82-82ea-4f11226df1e9",
    "last_name": "P",
    "proxy_start_date": null,
    "locale": null,
    "next_approver": null,
    "locations": [],
    "is_staff": false,
    "user_permissions": [],
    "proxy_end_date": null,
    "date_joined": "2015-09-14T17:26:43.710Z",
    "middle_initial": null,
    "first_name": "Q",
    "employee_id": null,
    "auth_amount": "0.0000",
    "title": null,
    "password_expire_date": "2015-12-13",
    "password_length": null,
    "is_superuser": false,
    "last_login": null,
    "role": "88969647-4f2b-4274-b9e7-64f947387ea3",
    "auth_currency": "533b6f52-9290-4e10-899e-28ce95d95f76",
    "username": "non",
    "deleted": null,
    "password_one_time": null,
    "is_active": true,
    "groups": [
      3
    ],
    "accept_notify": true,
    "password": "pbkdf2_sha256$20000$Pi4ZJ0N7Dhl4$KzL60grXnhjfZjYkprOm+IFz3UoHo+PmmP1IPdjskEs=",
    "proxy_status": null,
    "proxy_user": null,
    "name": "Q P",
    "created": "2015-09-14T17:26:43.714Z",
    "modified": "2015-09-14T17:26:43.799Z",
    "email": "",
    "accept_assign": true,
    "password_change": "SJSmLCiegnZXeuErmjJEPRytjfLWPqNbYwhDROsptqOJtcisUCCIKGXXOavrCSLMEOQhZEaucxNENFBEieyswRmlSNsSHmfXwWpiYmBYwzohPIRewFkIUETQZLnsKchSJXDDFqzpfRcwbhNnFeZPgnAXQoUeNmnWIFOmFayhAhXrGzaJjYQLAYMQjbnwMJykeINixzuRdUgUYSCUwDNInSCoQaSrpsfRIBGruoifbqEOLdxHNxZKBotSuWvgkGPAkzKScDMpmeENxmtBzFGZiEMNkiNlqYebVuWBoiIiVHxV"
  },
  "model": "person.person",
  "pk": "e3905ee6-41b9-4f75-9856-5e56aff7294c"
},
{
  "fields": {
    "status": "be0e276e-5e06-4f82-82ea-4f11226df1e9",
    "last_name": "I",
    "proxy_start_date": null,
    "locale": null,
    "next_approver": null,
    "locations": [
      "d738926f-f678-4b23-88ea-9c848b0a63c6"
    ],
    "is_staff": false,
    "user_permissions": [],
    "proxy_end_date": null,
    "date_joined": "2015-09-14T17:26:43.407Z",
    "middle_initial": null,
    "first_name": "X",
    "employee_id": null,
    "auth_amount": "0.0000",
    "title": null,
    "password_expire_date": "2015-12-13",
    "password_length": null,
    "is_superuser": false,
    "last_login": null,
    "role": "c2bcac94-6ced-4795-a345-33c1dc4caeb9",
    "auth_currency": "533b6f52-9290-4e10-899e-28ce95d95f76",
    "username": "anim",
    "deleted": null,
    "password_one_time": null,
    "is_active": true,
    "groups": [
      1
    ],
    "accept_notify": true,
    "password": "pbkdf2_sha256$20000$dPtruNZDEtBq$0Uinb5MmBc+om0E+wwMKq9g4ejzBQL4cbzZwpBOfiFk=",
    "proxy_status": null,
    "proxy_user": null,
    "name": "X I",
    "created": "2015-09-14T17:26:43.411Z",
    "modified": "2015-09-14T17:26:43.499Z",
    "email": "",
    "accept_assign": true,
    "password_change": "TMtYannBhpXgAdQuzILEuDlpWJIbUMslHOsEULSDnVXkhnkdZrmsuxlGDtnhsVErocCaGbltfWFtnKNfHGtuXOhGtLqzxCGtUuhGintiMRTFSpabKvMGHMgfZmaUoYqCNfZsiMGbyxxNWGEtNbnsHreuUgoMPxUXYzYhUVRmhhUPiCdsgVlBVvxJqUujBASySstfdOtfekfIzYnPMobeaVzDWYyqyVKWEhCmvSJTOmdxHiqGLTSyrjgyQQwpLrZYoXhPzDiZfjxzsWPuJdmOnSQJVoJhBRSjYDeSrOKOEMXP"
  },
  "model": "person.person",
  "pk": "e43b8f25-030f-4ae7-83ce-6708c57df4bb"
},
{
  "fields": {
    "status": "be0e276e-5e06-4f82-82ea-4f11226df1e9",
    "last_name": "N",
    "proxy_start_date": null,
    "locale": null,
    "next_approver": null,
    "locations": [
      "87cd4561-9a80-4ad1-8fb7-4a39348ee355",
      "036f9b8e-9ff9-40e7-a97e-f0a4f58b40f5"
    ],
    "is_staff": false,
    "user_permissions": [],
    "proxy_end_date": null,
    "date_joined": "2015-09-14T17:26:44.112Z",
    "middle_initial": null,
    "first_name": "A",
    "employee_id": null,
    "auth_amount": "0.0000",
    "title": null,
    "password_expire_date": "2015-12-13",
    "password_length": null,
    "is_superuser": false,
    "last_login": null,
    "role": "18d9551c-07d8-4b8e-82db-412038c64242",
    "auth_currency": "533b6f52-9290-4e10-899e-28ce95d95f76",
    "username": "minim",
    "deleted": null,
    "password_one_time": null,
    "is_active": true,
    "groups": [
      4
    ],
    "accept_notify": true,
    "password": "pbkdf2_sha256$20000$Gy7uiLM0NInN$BXkmCUjQQwfe4FHsFfDU4/mgdOotQTJ1ULLEEV6gZE4=",
    "proxy_status": null,
    "proxy_user": null,
    "name": "A N",
    "created": "2015-09-14T17:26:44.116Z",
    "modified": "2015-09-14T17:26:44.202Z",
    "email": "",
    "accept_assign": true,
    "password_change": "YnjjycaEjrAJKBGKdOzjvmhENEyYHLDLVILGOXvrufygnzuZcEiSVTgLNnsyydTcarLugzTMvZaXmzwFLhWMqWxtyvNjILOWCxfqgIWZyAOayHAYtPsCDgljLfnNNOGPbOXtXsketYvgvJutkGwMHOaBbojAaYPJLJumtStmSOCnzUKIJLMyrRxtFFVMSJJoTfbQJUdWFWqdCUqfudAaOSoTFnlEBVYlTLhabkjCriiFfPcKqKCWLYqqjwxuuJFMLjClxyAHJvYreCoEoYIpVLnlJLHaEXxucFHcoHydKQbu"
  },
  "model": "person.person",
  "pk": "f4b4bffe-404c-4b01-80d0-d5e2e7ce2018"
},
{
  "fields": {
    "status": "be0e276e-5e06-4f82-82ea-4f11226df1e9",
    "last_name": "J",
    "proxy_start_date": null,
    "locale": null,
    "next_approver": null,
    "locations": [
      "d738926f-f678-4b23-88ea-9c848b0a63c6"
    ],
    "is_staff": false,
    "user_permissions": [],
    "proxy_end_date": null,
    "date_joined": "2015-09-14T17:26:43.206Z",
    "middle_initial": null,
    "first_name": "H",
    "employee_id": null,
    "auth_amount": "0.0000",
    "title": null,
    "password_expire_date": "2015-12-13",
    "password_length": null,
    "is_superuser": false,
    "last_login": null,
    "role": "c2bcac94-6ced-4795-a345-33c1dc4caeb9",
    "auth_currency": "533b6f52-9290-4e10-899e-28ce95d95f76",
    "username": "proident,",
    "deleted": null,
    "password_one_time": null,
    "is_active": true,
    "groups": [
      1
    ],
    "accept_notify": true,
    "password": "pbkdf2_sha256$20000$nwg59lS8oIqM$iRROm8/fOtfdZvu7nkTH8NJvr4zkoI/ZqbPcPmabM2g=",
    "proxy_status": null,
    "proxy_user": null,
    "name": "H J",
    "created": "2015-09-14T17:26:43.210Z",
    "modified": "2015-09-14T17:26:43.296Z",
    "email": "",
    "accept_assign": true,
    "password_change": "HMULGiMTUFUVRcyLRjMgonEOOCHZGcArcUwLsxaQsarpVjRncJXBkQPAgPVHHytrhavfbBvangGzRhbSxrtjCSMkUKRiRNCTEHFwEycBnBfOkjnLkdlzcyDVfzpOTYpoqydeOtUgKkHVKEqVwCGWjlDEcwnGPIJPrtQHeQjkJPsilXsZCucembsZBoDpVYZXTOKisRgkXkUvoBTSublTnEqBLfnCbuMEsdRPOUAJKzomPzfPGAzHAMNjzjgiDzObJSzbgLQnqPRgWiwqLNfWEMHbBubvyqYVaHsHoYIYKqvX"
  },
  "model": "person.person",
  "pk": "f8eea236-062d-4ba3-a507-6cddb608897d"
}
]
