[
{
  "fields": {
    "model": "logentry",
    "app_label": "admin"
  },
  "model": "contenttypes.contenttype",
  "pk": 1
},
{
  "fields": {
    "model": "permission",
    "app_label": "auth"
  },
  "model": "contenttypes.contenttype",
  "pk": 2
},
{
  "fields": {
    "model": "group",
    "app_label": "auth"
  },
  "model": "contenttypes.contenttype",
  "pk": 3
},
{
  "fields": {
    "model": "contenttype",
    "app_label": "contenttypes"
  },
  "model": "contenttypes.contenttype",
  "pk": 4
},
{
  "fields": {
    "model": "session",
    "app_label": "sessions"
  },
  "model": "contenttypes.contenttype",
  "pk": 5
},
{
  "fields": {
    "model": "site",
    "app_label": "sites"
  },
  "model": "contenttypes.contenttype",
  "pk": 6
},
{
  "fields": {
    "model": "flatpage",
    "app_label": "flatpages"
  },
  "model": "contenttypes.contenttype",
  "pk": 7
},
{
  "fields": {
    "model": "corsmodel",
    "app_label": "corsheaders"
  },
  "model": "contenttypes.contenttype",
  "pk": 8
},
{
  "fields": {
    "model": "currency",
    "app_label": "accounting"
  },
  "model": "contenttypes.contenttype",
  "pk": 9
},
{
  "fields": {
    "model": "category",
    "app_label": "category"
  },
  "model": "contenttypes.contenttype",
  "pk": 10
},
{
  "fields": {
    "model": "phonenumbertype",
    "app_label": "contact"
  },
  "model": "contenttypes.contenttype",
  "pk": 11
},
{
  "fields": {
    "model": "phonenumber",
    "app_label": "contact"
  },
  "model": "contenttypes.contenttype",
  "pk": 12
},
{
  "fields": {
    "model": "addresstype",
    "app_label": "contact"
  },
  "model": "contenttypes.contenttype",
  "pk": 13
},
{
  "fields": {
    "model": "address",
    "app_label": "contact"
  },
  "model": "contenttypes.contenttype",
  "pk": 14
},
{
  "fields": {
    "model": "emailtype",
    "app_label": "contact"
  },
  "model": "contenttypes.contenttype",
  "pk": 15
},
{
  "fields": {
    "model": "email",
    "app_label": "contact"
  },
  "model": "contenttypes.contenttype",
  "pk": 16
},
{
  "fields": {
    "model": "state",
    "app_label": "location"
  },
  "model": "contenttypes.contenttype",
  "pk": 17
},
{
  "fields": {
    "model": "country",
    "app_label": "location"
  },
  "model": "contenttypes.contenttype",
  "pk": 18
},
{
  "fields": {
    "model": "locationlevel",
    "app_label": "location"
  },
  "model": "contenttypes.contenttype",
  "pk": 19
},
{
  "fields": {
    "model": "locationstatus",
    "app_label": "location"
  },
  "model": "contenttypes.contenttype",
  "pk": 20
},
{
  "fields": {
    "model": "locationtype",
    "app_label": "location"
  },
  "model": "contenttypes.contenttype",
  "pk": 21
},
{
  "fields": {
    "model": "location",
    "app_label": "location"
  },
  "model": "contenttypes.contenttype",
  "pk": 22
},
{
  "fields": {
    "model": "role",
    "app_label": "person"
  },
  "model": "contenttypes.contenttype",
  "pk": 23
},
{
  "fields": {
    "model": "proxyrole",
    "app_label": "person"
  },
  "model": "contenttypes.contenttype",
  "pk": 24
},
{
  "fields": {
    "model": "personstatus",
    "app_label": "person"
  },
  "model": "contenttypes.contenttype",
  "pk": 25
},
{
  "fields": {
    "model": "person",
    "app_label": "person"
  },
  "model": "contenttypes.contenttype",
  "pk": 26
},
{
  "fields": {
    "model": "locale",
    "app_label": "translation"
  },
  "model": "contenttypes.contenttype",
  "pk": 27
},
{
  "fields": {
    "model": "translation",
    "app_label": "translation"
  },
  "model": "contenttypes.contenttype",
  "pk": 28
},
{
  "fields": {
    "model": "tester",
    "app_label": "util"
  },
  "model": "contenttypes.contenttype",
  "pk": 29
},
{
  "fields": {
    "model": "mainsetting",
    "app_label": "util"
  },
  "model": "contenttypes.contenttype",
  "pk": 30
},
{
  "fields": {
    "model": "customsetting",
    "app_label": "util"
  },
  "model": "contenttypes.contenttype",
  "pk": 31
},
{
  "fields": {
    "model": "workorderstatus",
    "app_label": "order"
  },
  "model": "contenttypes.contenttype",
  "pk": 32
},
{
  "fields": {
    "model": "workorder",
    "app_label": "order"
  },
  "model": "contenttypes.contenttype",
  "pk": 33
},
{
  "fields": {
    "domain": "example.com",
    "name": "example.com"
  },
  "model": "sites.site",
  "pk": 1
},
{
  "fields": {
    "code": "USD",
    "name": "US Dollar",
    "created": "2015-09-10T21:22:18.808Z",
    "deleted": null,
    "symbol": "$",
    "modified": "2015-09-10T21:22:18.808Z",
    "symbol_native": "$",
    "decimal_digits": 2,
    "rounding": 0,
    "name_plural": "US Dollars"
  },
  "model": "accounting.currency",
  "pk": "247f814b-a00e-4931-8868-8aba5a3734f8"
},
{
  "fields": {
    "deleted": null,
    "children": [
      "b86d868c-6197-4347-818c-606ad8186d4c"
    ],
    "modified": "2015-09-10T21:22:18.755Z",
    "name": "district",
    "created": "2015-09-10T21:22:18.755Z"
  },
  "model": "location.locationlevel",
  "pk": "0b188645-1917-4e1d-9d26-298f0f743cb3"
},
{
  "fields": {
    "deleted": null,
    "children": [
      "e60e1aff-6c78-4ec4-8dfa-ebb8c1296856"
    ],
    "modified": "2015-09-10T21:22:18.758Z",
    "name": "store",
    "created": "2015-09-10T21:22:18.758Z"
  },
  "model": "location.locationlevel",
  "pk": "b86d868c-6197-4347-818c-606ad8186d4c"
},
{
  "fields": {
    "deleted": null,
    "children": [
      "0b188645-1917-4e1d-9d26-298f0f743cb3",
      "ff60fa2a-38df-4b03-8dd6-b0fec40a7ae5"
    ],
    "modified": "2015-09-10T21:22:18.752Z",
    "name": "region",
    "created": "2015-09-10T21:22:18.752Z"
  },
  "model": "location.locationlevel",
  "pk": "c515effc-ac06-43c8-93d2-dfb8c0648148"
},
{
  "fields": {
    "deleted": null,
    "children": [],
    "modified": "2015-09-10T21:22:18.760Z",
    "name": "department",
    "created": "2015-09-10T21:22:18.760Z"
  },
  "model": "location.locationlevel",
  "pk": "e60e1aff-6c78-4ec4-8dfa-ebb8c1296856"
},
{
  "fields": {
    "deleted": null,
    "children": [],
    "modified": "2015-09-10T21:22:18.756Z",
    "name": "district_lp",
    "created": "2015-09-10T21:22:18.756Z"
  },
  "model": "location.locationlevel",
  "pk": "ff60fa2a-38df-4b03-8dd6-b0fec40a7ae5"
},
{
  "fields": {
    "deleted": null,
    "modified": "2015-09-10T21:22:18.773Z",
    "name": "Open",
    "created": "2015-09-10T21:22:18.773Z"
  },
  "model": "location.locationstatus",
  "pk": "4a6870a7-dadd-4734-b6ae-6f075cfacd37"
},
{
  "fields": {
    "deleted": null,
    "modified": "2015-09-10T21:22:18.775Z",
    "name": "big_store",
    "created": "2015-09-10T21:22:18.775Z"
  },
  "model": "location.locationtype",
  "pk": "e67ff7e5-18e2-457d-acf6-de44931f43cd"
},
{
  "fields": {
    "status": "4a6870a7-dadd-4734-b6ae-6f075cfacd37",
    "name": "ca",
    "created": "2015-09-10T21:22:18.782Z",
    "deleted": null,
    "modified": "2015-09-10T21:22:18.782Z",
    "number": "DeoaACsuVr",
    "location_level": "0b188645-1917-4e1d-9d26-298f0f743cb3",
    "type": "e67ff7e5-18e2-457d-acf6-de44931f43cd",
    "children": [
      "6025c56c-e6c4-45c7-959d-cc2a9e56eb0e",
      "57956b81-2213-4b5d-8bdd-9889a7349841"
    ]
  },
  "model": "location.location",
  "pk": "28ea7de1-b635-498c-af9e-323df2fbf4ca"
},
{
  "fields": {
    "status": "4a6870a7-dadd-4734-b6ae-6f075cfacd37",
    "name": "nv",
    "created": "2015-09-10T21:22:18.785Z",
    "deleted": null,
    "modified": "2015-09-10T21:22:18.785Z",
    "number": "QpCOEXcFtA",
    "location_level": "0b188645-1917-4e1d-9d26-298f0f743cb3",
    "type": "e67ff7e5-18e2-457d-acf6-de44931f43cd",
    "children": []
  },
  "model": "location.location",
  "pk": "3f20cff4-870e-47be-ad98-c5342eb0b7ae"
},
{
  "fields": {
    "status": "4a6870a7-dadd-4734-b6ae-6f075cfacd37",
    "name": "los_angeles",
    "created": "2015-09-10T21:22:18.793Z",
    "deleted": null,
    "modified": "2015-09-10T21:22:18.793Z",
    "number": "oaSTIabvDr",
    "location_level": "b86d868c-6197-4347-818c-606ad8186d4c",
    "type": "e67ff7e5-18e2-457d-acf6-de44931f43cd",
    "children": []
  },
  "model": "location.location",
  "pk": "57956b81-2213-4b5d-8bdd-9889a7349841"
},
{
  "fields": {
    "status": "4a6870a7-dadd-4734-b6ae-6f075cfacd37",
    "name": "san_diego",
    "created": "2015-09-10T21:22:18.789Z",
    "deleted": null,
    "modified": "2015-09-10T21:22:18.789Z",
    "number": "ZdUBrThnHI",
    "location_level": "b86d868c-6197-4347-818c-606ad8186d4c",
    "type": "e67ff7e5-18e2-457d-acf6-de44931f43cd",
    "children": []
  },
  "model": "location.location",
  "pk": "6025c56c-e6c4-45c7-959d-cc2a9e56eb0e"
},
{
  "fields": {
    "status": "4a6870a7-dadd-4734-b6ae-6f075cfacd37",
    "name": "east",
    "created": "2015-09-10T21:22:18.777Z",
    "deleted": null,
    "modified": "2015-09-10T21:22:18.777Z",
    "number": "uAGJoZLqbI",
    "location_level": "c515effc-ac06-43c8-93d2-dfb8c0648148",
    "type": "e67ff7e5-18e2-457d-acf6-de44931f43cd",
    "children": [
      "28ea7de1-b635-498c-af9e-323df2fbf4ca",
      "3f20cff4-870e-47be-ad98-c5342eb0b7ae"
    ]
  },
  "model": "location.location",
  "pk": "bb0bf051-7493-46d2-b766-3877f937e3e2"
},
{
  "fields": {
    "deleted": null,
    "description": "active",
    "modified": "2015-09-10T21:22:18.841Z",
    "name": "",
    "created": "2015-09-10T21:22:18.841Z"
  },
  "model": "person.personstatus",
  "pk": "7430cecc-5e4a-451c-b735-8248ddf7a932"
},
{
  "fields": {
    "codename": "add_logentry",
    "name": "Can add log entry",
    "content_type": 1
  },
  "model": "auth.permission",
  "pk": 1
},
{
  "fields": {
    "codename": "change_logentry",
    "name": "Can change log entry",
    "content_type": 1
  },
  "model": "auth.permission",
  "pk": 2
},
{
  "fields": {
    "codename": "delete_logentry",
    "name": "Can delete log entry",
    "content_type": 1
  },
  "model": "auth.permission",
  "pk": 3
},
{
  "fields": {
    "codename": "add_permission",
    "name": "Can add permission",
    "content_type": 2
  },
  "model": "auth.permission",
  "pk": 4
},
{
  "fields": {
    "codename": "change_permission",
    "name": "Can change permission",
    "content_type": 2
  },
  "model": "auth.permission",
  "pk": 5
},
{
  "fields": {
    "codename": "delete_permission",
    "name": "Can delete permission",
    "content_type": 2
  },
  "model": "auth.permission",
  "pk": 6
},
{
  "fields": {
    "codename": "add_group",
    "name": "Can add group",
    "content_type": 3
  },
  "model": "auth.permission",
  "pk": 7
},
{
  "fields": {
    "codename": "change_group",
    "name": "Can change group",
    "content_type": 3
  },
  "model": "auth.permission",
  "pk": 8
},
{
  "fields": {
    "codename": "delete_group",
    "name": "Can delete group",
    "content_type": 3
  },
  "model": "auth.permission",
  "pk": 9
},
{
  "fields": {
    "codename": "add_contenttype",
    "name": "Can add content type",
    "content_type": 4
  },
  "model": "auth.permission",
  "pk": 10
},
{
  "fields": {
    "codename": "change_contenttype",
    "name": "Can change content type",
    "content_type": 4
  },
  "model": "auth.permission",
  "pk": 11
},
{
  "fields": {
    "codename": "delete_contenttype",
    "name": "Can delete content type",
    "content_type": 4
  },
  "model": "auth.permission",
  "pk": 12
},
{
  "fields": {
    "codename": "add_session",
    "name": "Can add session",
    "content_type": 5
  },
  "model": "auth.permission",
  "pk": 13
},
{
  "fields": {
    "codename": "change_session",
    "name": "Can change session",
    "content_type": 5
  },
  "model": "auth.permission",
  "pk": 14
},
{
  "fields": {
    "codename": "delete_session",
    "name": "Can delete session",
    "content_type": 5
  },
  "model": "auth.permission",
  "pk": 15
},
{
  "fields": {
    "codename": "add_site",
    "name": "Can add site",
    "content_type": 6
  },
  "model": "auth.permission",
  "pk": 16
},
{
  "fields": {
    "codename": "change_site",
    "name": "Can change site",
    "content_type": 6
  },
  "model": "auth.permission",
  "pk": 17
},
{
  "fields": {
    "codename": "delete_site",
    "name": "Can delete site",
    "content_type": 6
  },
  "model": "auth.permission",
  "pk": 18
},
{
  "fields": {
    "codename": "add_flatpage",
    "name": "Can add flat page",
    "content_type": 7
  },
  "model": "auth.permission",
  "pk": 19
},
{
  "fields": {
    "codename": "change_flatpage",
    "name": "Can change flat page",
    "content_type": 7
  },
  "model": "auth.permission",
  "pk": 20
},
{
  "fields": {
    "codename": "delete_flatpage",
    "name": "Can delete flat page",
    "content_type": 7
  },
  "model": "auth.permission",
  "pk": 21
},
{
  "fields": {
    "codename": "add_corsmodel",
    "name": "Can add cors model",
    "content_type": 8
  },
  "model": "auth.permission",
  "pk": 22
},
{
  "fields": {
    "codename": "change_corsmodel",
    "name": "Can change cors model",
    "content_type": 8
  },
  "model": "auth.permission",
  "pk": 23
},
{
  "fields": {
    "codename": "delete_corsmodel",
    "name": "Can delete cors model",
    "content_type": 8
  },
  "model": "auth.permission",
  "pk": 24
},
{
  "fields": {
    "codename": "add_currency",
    "name": "Can add currency",
    "content_type": 9
  },
  "model": "auth.permission",
  "pk": 25
},
{
  "fields": {
    "codename": "change_currency",
    "name": "Can change currency",
    "content_type": 9
  },
  "model": "auth.permission",
  "pk": 26
},
{
  "fields": {
    "codename": "delete_currency",
    "name": "Can delete currency",
    "content_type": 9
  },
  "model": "auth.permission",
  "pk": 27
},
{
  "fields": {
    "codename": "add_category",
    "name": "Can add category",
    "content_type": 10
  },
  "model": "auth.permission",
  "pk": 28
},
{
  "fields": {
    "codename": "change_category",
    "name": "Can change category",
    "content_type": 10
  },
  "model": "auth.permission",
  "pk": 29
},
{
  "fields": {
    "codename": "delete_category",
    "name": "Can delete category",
    "content_type": 10
  },
  "model": "auth.permission",
  "pk": 30
},
{
  "fields": {
    "codename": "add_phonenumbertype",
    "name": "Can add phone number type",
    "content_type": 11
  },
  "model": "auth.permission",
  "pk": 31
},
{
  "fields": {
    "codename": "change_phonenumbertype",
    "name": "Can change phone number type",
    "content_type": 11
  },
  "model": "auth.permission",
  "pk": 32
},
{
  "fields": {
    "codename": "delete_phonenumbertype",
    "name": "Can delete phone number type",
    "content_type": 11
  },
  "model": "auth.permission",
  "pk": 33
},
{
  "fields": {
    "codename": "add_phonenumber",
    "name": "Can add phone number",
    "content_type": 12
  },
  "model": "auth.permission",
  "pk": 34
},
{
  "fields": {
    "codename": "change_phonenumber",
    "name": "Can change phone number",
    "content_type": 12
  },
  "model": "auth.permission",
  "pk": 35
},
{
  "fields": {
    "codename": "delete_phonenumber",
    "name": "Can delete phone number",
    "content_type": 12
  },
  "model": "auth.permission",
  "pk": 36
},
{
  "fields": {
    "codename": "add_addresstype",
    "name": "Can add address type",
    "content_type": 13
  },
  "model": "auth.permission",
  "pk": 37
},
{
  "fields": {
    "codename": "change_addresstype",
    "name": "Can change address type",
    "content_type": 13
  },
  "model": "auth.permission",
  "pk": 38
},
{
  "fields": {
    "codename": "delete_addresstype",
    "name": "Can delete address type",
    "content_type": 13
  },
  "model": "auth.permission",
  "pk": 39
},
{
  "fields": {
    "codename": "add_address",
    "name": "Can add address",
    "content_type": 14
  },
  "model": "auth.permission",
  "pk": 40
},
{
  "fields": {
    "codename": "change_address",
    "name": "Can change address",
    "content_type": 14
  },
  "model": "auth.permission",
  "pk": 41
},
{
  "fields": {
    "codename": "delete_address",
    "name": "Can delete address",
    "content_type": 14
  },
  "model": "auth.permission",
  "pk": 42
},
{
  "fields": {
    "codename": "add_emailtype",
    "name": "Can add email type",
    "content_type": 15
  },
  "model": "auth.permission",
  "pk": 43
},
{
  "fields": {
    "codename": "change_emailtype",
    "name": "Can change email type",
    "content_type": 15
  },
  "model": "auth.permission",
  "pk": 44
},
{
  "fields": {
    "codename": "delete_emailtype",
    "name": "Can delete email type",
    "content_type": 15
  },
  "model": "auth.permission",
  "pk": 45
},
{
  "fields": {
    "codename": "add_email",
    "name": "Can add email",
    "content_type": 16
  },
  "model": "auth.permission",
  "pk": 46
},
{
  "fields": {
    "codename": "change_email",
    "name": "Can change email",
    "content_type": 16
  },
  "model": "auth.permission",
  "pk": 47
},
{
  "fields": {
    "codename": "delete_email",
    "name": "Can delete email",
    "content_type": 16
  },
  "model": "auth.permission",
  "pk": 48
},
{
  "fields": {
    "codename": "add_state",
    "name": "Can add state",
    "content_type": 17
  },
  "model": "auth.permission",
  "pk": 49
},
{
  "fields": {
    "codename": "change_state",
    "name": "Can change state",
    "content_type": 17
  },
  "model": "auth.permission",
  "pk": 50
},
{
  "fields": {
    "codename": "delete_state",
    "name": "Can delete state",
    "content_type": 17
  },
  "model": "auth.permission",
  "pk": 51
},
{
  "fields": {
    "codename": "add_country",
    "name": "Can add country",
    "content_type": 18
  },
  "model": "auth.permission",
  "pk": 52
},
{
  "fields": {
    "codename": "change_country",
    "name": "Can change country",
    "content_type": 18
  },
  "model": "auth.permission",
  "pk": 53
},
{
  "fields": {
    "codename": "delete_country",
    "name": "Can delete country",
    "content_type": 18
  },
  "model": "auth.permission",
  "pk": 54
},
{
  "fields": {
    "codename": "add_locationlevel",
    "name": "Can add location level",
    "content_type": 19
  },
  "model": "auth.permission",
  "pk": 55
},
{
  "fields": {
    "codename": "change_locationlevel",
    "name": "Can change location level",
    "content_type": 19
  },
  "model": "auth.permission",
  "pk": 56
},
{
  "fields": {
    "codename": "delete_locationlevel",
    "name": "Can delete location level",
    "content_type": 19
  },
  "model": "auth.permission",
  "pk": 57
},
{
  "fields": {
    "codename": "add_locationstatus",
    "name": "Can add location status",
    "content_type": 20
  },
  "model": "auth.permission",
  "pk": 58
},
{
  "fields": {
    "codename": "change_locationstatus",
    "name": "Can change location status",
    "content_type": 20
  },
  "model": "auth.permission",
  "pk": 59
},
{
  "fields": {
    "codename": "delete_locationstatus",
    "name": "Can delete location status",
    "content_type": 20
  },
  "model": "auth.permission",
  "pk": 60
},
{
  "fields": {
    "codename": "add_locationtype",
    "name": "Can add location type",
    "content_type": 21
  },
  "model": "auth.permission",
  "pk": 61
},
{
  "fields": {
    "codename": "change_locationtype",
    "name": "Can change location type",
    "content_type": 21
  },
  "model": "auth.permission",
  "pk": 62
},
{
  "fields": {
    "codename": "delete_locationtype",
    "name": "Can delete location type",
    "content_type": 21
  },
  "model": "auth.permission",
  "pk": 63
},
{
  "fields": {
    "codename": "add_location",
    "name": "Can add location",
    "content_type": 22
  },
  "model": "auth.permission",
  "pk": 64
},
{
  "fields": {
    "codename": "change_location",
    "name": "Can change location",
    "content_type": 22
  },
  "model": "auth.permission",
  "pk": 65
},
{
  "fields": {
    "codename": "delete_location",
    "name": "Can delete location",
    "content_type": 22
  },
  "model": "auth.permission",
  "pk": 66
},
{
  "fields": {
    "codename": "add_role",
    "name": "Can add role",
    "content_type": 23
  },
  "model": "auth.permission",
  "pk": 67
},
{
  "fields": {
    "codename": "change_role",
    "name": "Can change role",
    "content_type": 23
  },
  "model": "auth.permission",
  "pk": 68
},
{
  "fields": {
    "codename": "delete_role",
    "name": "Can delete role",
    "content_type": 23
  },
  "model": "auth.permission",
  "pk": 69
},
{
  "fields": {
    "codename": "add_proxyrole",
    "name": "Can add proxy role",
    "content_type": 24
  },
  "model": "auth.permission",
  "pk": 70
},
{
  "fields": {
    "codename": "change_proxyrole",
    "name": "Can change proxy role",
    "content_type": 24
  },
  "model": "auth.permission",
  "pk": 71
},
{
  "fields": {
    "codename": "delete_proxyrole",
    "name": "Can delete proxy role",
    "content_type": 24
  },
  "model": "auth.permission",
  "pk": 72
},
{
  "fields": {
    "codename": "add_personstatus",
    "name": "Can add person status",
    "content_type": 25
  },
  "model": "auth.permission",
  "pk": 73
},
{
  "fields": {
    "codename": "change_personstatus",
    "name": "Can change person status",
    "content_type": 25
  },
  "model": "auth.permission",
  "pk": 74
},
{
  "fields": {
    "codename": "delete_personstatus",
    "name": "Can delete person status",
    "content_type": 25
  },
  "model": "auth.permission",
  "pk": 75
},
{
  "fields": {
    "codename": "add_person",
    "name": "Can add person",
    "content_type": 26
  },
  "model": "auth.permission",
  "pk": 76
},
{
  "fields": {
    "codename": "change_person",
    "name": "Can change person",
    "content_type": 26
  },
  "model": "auth.permission",
  "pk": 77
},
{
  "fields": {
    "codename": "delete_person",
    "name": "Can delete person",
    "content_type": 26
  },
  "model": "auth.permission",
  "pk": 78
},
{
  "fields": {
    "codename": "add_locale",
    "name": "Can add locale",
    "content_type": 27
  },
  "model": "auth.permission",
  "pk": 79
},
{
  "fields": {
    "codename": "change_locale",
    "name": "Can change locale",
    "content_type": 27
  },
  "model": "auth.permission",
  "pk": 80
},
{
  "fields": {
    "codename": "delete_locale",
    "name": "Can delete locale",
    "content_type": 27
  },
  "model": "auth.permission",
  "pk": 81
},
{
  "fields": {
    "codename": "add_translation",
    "name": "Can add translation",
    "content_type": 28
  },
  "model": "auth.permission",
  "pk": 82
},
{
  "fields": {
    "codename": "change_translation",
    "name": "Can change translation",
    "content_type": 28
  },
  "model": "auth.permission",
  "pk": 83
},
{
  "fields": {
    "codename": "delete_translation",
    "name": "Can delete translation",
    "content_type": 28
  },
  "model": "auth.permission",
  "pk": 84
},
{
  "fields": {
    "codename": "add_tester",
    "name": "Can add tester",
    "content_type": 29
  },
  "model": "auth.permission",
  "pk": 85
},
{
  "fields": {
    "codename": "change_tester",
    "name": "Can change tester",
    "content_type": 29
  },
  "model": "auth.permission",
  "pk": 86
},
{
  "fields": {
    "codename": "delete_tester",
    "name": "Can delete tester",
    "content_type": 29
  },
  "model": "auth.permission",
  "pk": 87
},
{
  "fields": {
    "codename": "add_mainsetting",
    "name": "Can add main setting",
    "content_type": 30
  },
  "model": "auth.permission",
  "pk": 88
},
{
  "fields": {
    "codename": "change_mainsetting",
    "name": "Can change main setting",
    "content_type": 30
  },
  "model": "auth.permission",
  "pk": 89
},
{
  "fields": {
    "codename": "delete_mainsetting",
    "name": "Can delete main setting",
    "content_type": 30
  },
  "model": "auth.permission",
  "pk": 90
},
{
  "fields": {
    "codename": "add_customsetting",
    "name": "Can add custom setting",
    "content_type": 31
  },
  "model": "auth.permission",
  "pk": 91
},
{
  "fields": {
    "codename": "change_customsetting",
    "name": "Can change custom setting",
    "content_type": 31
  },
  "model": "auth.permission",
  "pk": 92
},
{
  "fields": {
    "codename": "delete_customsetting",
    "name": "Can delete custom setting",
    "content_type": 31
  },
  "model": "auth.permission",
  "pk": 93
},
{
  "fields": {
    "codename": "add_workorderstatus",
    "name": "Can add work order status",
    "content_type": 32
  },
  "model": "auth.permission",
  "pk": 94
},
{
  "fields": {
    "codename": "change_workorderstatus",
    "name": "Can change work order status",
    "content_type": 32
  },
  "model": "auth.permission",
  "pk": 95
},
{
  "fields": {
    "codename": "delete_workorderstatus",
    "name": "Can delete work order status",
    "content_type": 32
  },
  "model": "auth.permission",
  "pk": 96
},
{
  "fields": {
    "codename": "add_workorder",
    "name": "Can add work order",
    "content_type": 33
  },
  "model": "auth.permission",
  "pk": 97
},
{
  "fields": {
    "codename": "change_workorder",
    "name": "Can change work order",
    "content_type": 33
  },
  "model": "auth.permission",
  "pk": 98
},
{
  "fields": {
    "codename": "delete_workorder",
    "name": "Can delete work order",
    "content_type": 33
  },
  "model": "auth.permission",
  "pk": 99
},
{
  "fields": {
    "name": "region-role",
    "permissions": []
  },
  "model": "auth.group",
  "pk": 1
},
{
  "fields": {
    "name": "district-role",
    "permissions": []
  },
  "model": "auth.group",
  "pk": 2
},
{
  "fields": {
    "name": "district_lp-role",
    "permissions": []
  },
  "model": "auth.group",
  "pk": 3
},
{
  "fields": {
    "name": "store-role",
    "permissions": []
  },
  "model": "auth.group",
  "pk": 4
},
{
  "fields": {
    "name": "department-role",
    "permissions": []
  },
  "model": "auth.group",
  "pk": 5
},
{
  "fields": {
    "password_digit_required": false,
    "msg_stored_link": false,
    "msg_copy_default": false,
    "tabs": "",
    "msg_copy_email": false,
    "password_lower_char_required": false,
    "create_all": false,
    "allow_approval": false,
    "msg_viewall": false,
    "inv_select_assign": "all",
    "inv_autoapprove": false,
    "password_special_char_required": false,
    "dashboad_links": "",
    "proxy_set": false,
    "password_expire_alert": true,
    "password_min_length": 6,
    "group": 1,
    "default_accept_notify": true,
    "password_history_length": "[]",
    "inv_wo_status": null,
    "proxy_approval_bypass": false,
    "password_char_types": "VnxcIDSRYmoEAYyRvXULKuRfiBsfgXurbbSTzLVkgBlhlNEAcGAndkKJBUXrscsYNqaAkZNrlRVkqgpUCIONlLZbwFvdzMNauSab",
    "dashboad_text": "",
    "password_expire": 90,
    "inv_max_approval_currency": "usd",
    "wo_show_tkt_attach": false,
    "wo_show_inactive": false,
    "deleted": null,
    "msg_address": false,
    "wo_days_backdate": null,
    "password_expired_login_count": null,
    "inv_max_approval_amount": 0,
    "default_accept_assign": true,
    "location_level": "c515effc-ac06-43c8-93d2-dfb8c0648148",
    "accept_notify": false,
    "password_can_change": true,
    "role_type": "Internal",
    "inv_close_wo": "Do not display",
    "name": "region-role",
    "created": "2015-09-10T21:22:18.811Z",
    "wo_edit_closeout": false,
    "password_upper_char_required": false,
    "modules": "",
    "modified": "2015-09-10T21:22:18.811Z",
    "inv_req_attach": true,
    "wo_allow_backdate": false,
    "default_auth_currency": "247f814b-a00e-4931-8868-8aba5a3734f8",
    "default_auth_amount": "0.0000",
    "inv_wait": null,
    "wo_notes": false,
    "accept_assign": false,
    "inv_options": "new"
  },
  "model": "person.role",
  "pk": "1f3fed65-e863-45c1-84da-47b34265c3ff"
},
{
  "fields": {
    "password_digit_required": false,
    "msg_stored_link": false,
    "msg_copy_default": false,
    "tabs": "",
    "msg_copy_email": false,
    "password_lower_char_required": false,
    "create_all": false,
    "allow_approval": false,
    "msg_viewall": false,
    "inv_select_assign": "all",
    "inv_autoapprove": false,
    "password_special_char_required": false,
    "dashboad_links": "",
    "proxy_set": false,
    "password_expire_alert": true,
    "password_min_length": 6,
    "group": 4,
    "default_accept_notify": true,
    "password_history_length": "[]",
    "inv_wo_status": null,
    "proxy_approval_bypass": false,
    "password_char_types": "aDhzhOfjCJhqKBBQIVBROgwzVRCBZTBnzHIEgSRawQgehufRBUQYesPReVuEHBVdSQrvYdIjcDiWqZKHPToeOuuUxkpVntxtEBHF",
    "dashboad_text": "",
    "password_expire": 90,
    "inv_max_approval_currency": "usd",
    "wo_show_tkt_attach": false,
    "wo_show_inactive": false,
    "deleted": null,
    "msg_address": false,
    "wo_days_backdate": null,
    "password_expired_login_count": null,
    "inv_max_approval_amount": 0,
    "default_accept_assign": true,
    "location_level": "b86d868c-6197-4347-818c-606ad8186d4c",
    "accept_notify": false,
    "password_can_change": true,
    "role_type": "Internal",
    "inv_close_wo": "Do not display",
    "name": "store-role",
    "created": "2015-09-10T21:22:18.829Z",
    "wo_edit_closeout": false,
    "password_upper_char_required": false,
    "modules": "",
    "modified": "2015-09-10T21:22:18.829Z",
    "inv_req_attach": true,
    "wo_allow_backdate": false,
    "default_auth_currency": "247f814b-a00e-4931-8868-8aba5a3734f8",
    "default_auth_amount": "0.0000",
    "inv_wait": null,
    "wo_notes": false,
    "accept_assign": false,
    "inv_options": "new"
  },
  "model": "person.role",
  "pk": "3481519f-6750-402b-93e9-157d71263f0f"
},
{
  "fields": {
    "password_digit_required": false,
    "msg_stored_link": false,
    "msg_copy_default": false,
    "tabs": "",
    "msg_copy_email": false,
    "password_lower_char_required": false,
    "create_all": false,
    "allow_approval": false,
    "msg_viewall": false,
    "inv_select_assign": "all",
    "inv_autoapprove": false,
    "password_special_char_required": false,
    "dashboad_links": "",
    "proxy_set": false,
    "password_expire_alert": true,
    "password_min_length": 6,
    "group": 3,
    "default_accept_notify": true,
    "password_history_length": "[]",
    "inv_wo_status": null,
    "proxy_approval_bypass": false,
    "password_char_types": "aBJIguKBnZIaKawqqLnGNnOXNRCmCuwtyZcecbVGAZErdQSTifxZnGqRMCzhFPmZOdmOMqMUjSnPVIZXGzISEVPdUPzEJsoaKwZb",
    "dashboad_text": "",
    "password_expire": 90,
    "inv_max_approval_currency": "usd",
    "wo_show_tkt_attach": false,
    "wo_show_inactive": false,
    "deleted": null,
    "msg_address": false,
    "wo_days_backdate": null,
    "password_expired_login_count": null,
    "inv_max_approval_amount": 0,
    "default_accept_assign": true,
    "location_level": "ff60fa2a-38df-4b03-8dd6-b0fec40a7ae5",
    "accept_notify": false,
    "password_can_change": true,
    "role_type": "Internal",
    "inv_close_wo": "Do not display",
    "name": "district_lp-role",
    "created": "2015-09-10T21:22:18.823Z",
    "wo_edit_closeout": false,
    "password_upper_char_required": false,
    "modules": "",
    "modified": "2015-09-10T21:22:18.823Z",
    "inv_req_attach": true,
    "wo_allow_backdate": false,
    "default_auth_currency": "247f814b-a00e-4931-8868-8aba5a3734f8",
    "default_auth_amount": "0.0000",
    "inv_wait": null,
    "wo_notes": false,
    "accept_assign": false,
    "inv_options": "new"
  },
  "model": "person.role",
  "pk": "7a4c47b3-2212-475f-b96b-e8199838cb3e"
},
{
  "fields": {
    "password_digit_required": false,
    "msg_stored_link": false,
    "msg_copy_default": false,
    "tabs": "",
    "msg_copy_email": false,
    "password_lower_char_required": false,
    "create_all": false,
    "allow_approval": false,
    "msg_viewall": false,
    "inv_select_assign": "all",
    "inv_autoapprove": false,
    "password_special_char_required": false,
    "dashboad_links": "",
    "proxy_set": false,
    "password_expire_alert": true,
    "password_min_length": 6,
    "group": 2,
    "default_accept_notify": true,
    "password_history_length": "[]",
    "inv_wo_status": null,
    "proxy_approval_bypass": false,
    "password_char_types": "krNyUybLZvEpVKMnCnisZsbzVxcKEzKldsHvTFjcXsvWzEtuByciViaCVALamJAiIEnWCjAObaCAEHekFrQUTshyAnkEAozbrLkN",
    "dashboad_text": "",
    "password_expire": 90,
    "inv_max_approval_currency": "usd",
    "wo_show_tkt_attach": false,
    "wo_show_inactive": false,
    "deleted": null,
    "msg_address": false,
    "wo_days_backdate": null,
    "password_expired_login_count": null,
    "inv_max_approval_amount": 0,
    "default_accept_assign": true,
    "location_level": "0b188645-1917-4e1d-9d26-298f0f743cb3",
    "accept_notify": false,
    "password_can_change": true,
    "role_type": "Internal",
    "inv_close_wo": "Do not display",
    "name": "district-role",
    "created": "2015-09-10T21:22:18.817Z",
    "wo_edit_closeout": false,
    "password_upper_char_required": false,
    "modules": "",
    "modified": "2015-09-10T21:22:18.817Z",
    "inv_req_attach": true,
    "wo_allow_backdate": false,
    "default_auth_currency": "247f814b-a00e-4931-8868-8aba5a3734f8",
    "default_auth_amount": "0.0000",
    "inv_wait": null,
    "wo_notes": false,
    "accept_assign": false,
    "inv_options": "new"
  },
  "model": "person.role",
  "pk": "8014e276-b436-4587-9ea0-befdfd1cd98a"
},
{
  "fields": {
    "password_digit_required": false,
    "msg_stored_link": false,
    "msg_copy_default": false,
    "tabs": "",
    "msg_copy_email": false,
    "password_lower_char_required": false,
    "create_all": false,
    "allow_approval": false,
    "msg_viewall": false,
    "inv_select_assign": "all",
    "inv_autoapprove": false,
    "password_special_char_required": false,
    "dashboad_links": "",
    "proxy_set": false,
    "password_expire_alert": true,
    "password_min_length": 6,
    "group": 5,
    "default_accept_notify": true,
    "password_history_length": "[]",
    "inv_wo_status": null,
    "proxy_approval_bypass": false,
    "password_char_types": "KjAHDINcjmxngWsMspBeDDbVYwxOXqVywSOWpKczhnALsZsQHExwUqZKcCEzCxWxPfRVxfkaIGxVVDUIXqnMTuDQNfdjcWWgfSwa",
    "dashboad_text": "",
    "password_expire": 90,
    "inv_max_approval_currency": "usd",
    "wo_show_tkt_attach": false,
    "wo_show_inactive": false,
    "deleted": null,
    "msg_address": false,
    "wo_days_backdate": null,
    "password_expired_login_count": null,
    "inv_max_approval_amount": 0,
    "default_accept_assign": true,
    "location_level": "e60e1aff-6c78-4ec4-8dfa-ebb8c1296856",
    "accept_notify": false,
    "password_can_change": true,
    "role_type": "Internal",
    "inv_close_wo": "Do not display",
    "name": "department-role",
    "created": "2015-09-10T21:22:18.835Z",
    "wo_edit_closeout": false,
    "password_upper_char_required": false,
    "modules": "",
    "modified": "2015-09-10T21:22:18.835Z",
    "inv_req_attach": true,
    "wo_allow_backdate": false,
    "default_auth_currency": "247f814b-a00e-4931-8868-8aba5a3734f8",
    "default_auth_amount": "0.0000",
    "inv_wait": null,
    "wo_notes": false,
    "accept_assign": false,
    "inv_options": "new"
  },
  "model": "person.role",
  "pk": "b9e97ebe-9adb-4bd2-b1c6-888d0e77dc89"
},
{
  "fields": {
    "status": "7430cecc-5e4a-451c-b735-8248ddf7a932",
    "last_name": "R",
    "proxy_start_date": null,
    "locale": null,
    "next_approver": null,
    "locations": [],
    "is_staff": false,
    "user_permissions": [],
    "proxy_end_date": null,
    "date_joined": "2015-09-10T21:22:19.153Z",
    "middle_initial": null,
    "first_name": "R",
    "employee_id": null,
    "auth_amount": "0.0000",
    "title": null,
    "password_expire_date": "2015-12-09",
    "password_length": null,
    "is_superuser": false,
    "last_login": null,
    "role": "b9e97ebe-9adb-4bd2-b1c6-888d0e77dc89",
    "auth_currency": "247f814b-a00e-4931-8868-8aba5a3734f8",
    "username": "esse",
    "deleted": null,
    "password_one_time": null,
    "is_active": true,
    "groups": [
      5
    ],
    "accept_notify": true,
    "password": "pbkdf2_sha256$20000$RJCAitBF7C0K$CPKuokWynePd5veNmnEzH+VKo3kSlKdxvDvNs7KSOjg=",
    "proxy_status": null,
    "proxy_user": null,
    "name": "R R",
    "created": "2015-09-10T21:22:19.158Z",
    "modified": "2015-09-10T21:22:19.249Z",
    "email": "",
    "accept_assign": true,
    "password_change": "ZcuZoDxpRWJonxYZCdAeCWKhQiavDZdMdTMjSsrBkYnOaEQLPOzaulUUekDVUGOnKNyzytEcEwWvoctqTzxQMOOIjARkgRLWAjOYwuTRFScqqhGFCcmBnzXycCnlcMojWWMvCdLLuKcmdOVZwHDqkqRBdEyixobPWDEQTqztIJraIVtolgAdkYMbjmTzXKoPYzyAEfkAfNDTfcwWaMBiQhNKCUgzbvSIyGDFvOncXZvZjXyLCVVHgStnFTofrybUcEQMUHwqYrbszFVSZFMndagfEoZBoFKhiBRKfPtQcIWm"
  },
  "model": "person.person",
  "pk": "0be464f7-fd03-4336-bba9-17acb70da207"
},
{
  "fields": {
    "status": "7430cecc-5e4a-451c-b735-8248ddf7a932",
    "last_name": "H",
    "proxy_start_date": null,
    "locale": null,
    "next_approver": null,
    "locations": [],
    "is_staff": false,
    "user_permissions": [],
    "proxy_end_date": null,
    "date_joined": "2015-09-10T21:22:20.063Z",
    "middle_initial": null,
    "first_name": "C",
    "employee_id": null,
    "auth_amount": "0.0000",
    "title": null,
    "password_expire_date": "2015-12-09",
    "password_length": null,
    "is_superuser": false,
    "last_login": null,
    "role": "7a4c47b3-2212-475f-b96b-e8199838cb3e",
    "auth_currency": "247f814b-a00e-4931-8868-8aba5a3734f8",
    "username": "et",
    "deleted": null,
    "password_one_time": null,
    "is_active": true,
    "groups": [
      3
    ],
    "accept_notify": true,
    "password": "pbkdf2_sha256$20000$CUlwE6dpWgjZ$RdzyHOfUg6GShlOhbD2jQdXNZtQHpeWE25ii6CJz0ZI=",
    "proxy_status": null,
    "proxy_user": null,
    "name": "C H",
    "created": "2015-09-10T21:22:20.068Z",
    "modified": "2015-09-10T21:22:20.150Z",
    "email": "",
    "accept_assign": true,
    "password_change": "ADsQFnvmmAOYFlgeKUluIFasEJPmkiVEbukiOlAdjJaTkvvqVTpRzCNUsMmhiBNMarOESnkRyPlSgpPENgKSvpuoiCLLFtWPtkkDvihzZUMxGmnbAqEhoTfbQhIgHviNajurjDEiifZzvVTpLAmmmXLnOPauhLckQJreXoDKiDRUeWfGMdNMaeYNkLhwTjfpeNqgqtQkiBSUUZRctwjWyuSPXlRtMeYXprHnRwGCEHyNBJQGLAitsYFhrmsVVILkGHWCeJQFvwkoKSSKAxjfDTIJVnEadISnWuTixsfosaoy"
  },
  "model": "person.person",
  "pk": "2af9f030-aca0-4e28-88a3-697ce1ed988a"
},
{
  "fields": {
    "status": "7430cecc-5e4a-451c-b735-8248ddf7a932",
    "last_name": "",
    "proxy_start_date": null,
    "locale": null,
    "next_approver": null,
    "locations": [],
    "is_staff": true,
    "user_permissions": [],
    "proxy_end_date": null,
    "date_joined": "2015-09-10T21:22:18.840Z",
    "middle_initial": null,
    "first_name": "",
    "employee_id": null,
    "auth_amount": "0.0000",
    "title": null,
    "password_expire_date": "2015-12-09",
    "password_length": null,
    "is_superuser": true,
    "last_login": null,
    "role": "1f3fed65-e863-45c1-84da-47b34265c3ff",
    "auth_currency": "247f814b-a00e-4931-8868-8aba5a3734f8",
    "username": "aaron",
    "deleted": null,
    "password_one_time": null,
    "is_active": true,
    "groups": [
      1
    ],
    "accept_notify": true,
    "password": "pbkdf2_sha256$20000$4kppR3SmMcr5$2KSiEcN3ncYNm2fMtptpGIwMQAPwGRyWYlWTC+xTMvM=",
    "proxy_status": null,
    "proxy_user": null,
    "name": " ",
    "created": "2015-09-10T21:22:18.847Z",
    "modified": "2015-09-10T21:22:18.933Z",
    "email": "",
    "accept_assign": true,
    "password_change": "ZshLobdwEydnpwDniUUZpOjcdsoYSurLzkBitHIaNqvnnhWGHRRNLsanzLhoYcwwQGgqJlHjIFGXIrkHqiGQpyJGlkQTkEqDFAOPraoeQghxukcZPWGXuzaSdompgeFVnVwHFyekZWgkaIZQiGdonVaPiTfBsiyjqWIBdyMsMSgPkJFdyFiAXBgqXHViewcklSMGCXSFhneuGymTBRRXxFjvdgIXxCjjXzPiuSlLeelHIBhOhXTBcFzRdmosOKGSkYspYEeSxOdOgAqluEBfQiklWajlgUFCKKdgxcupuVzr"
  },
  "model": "person.person",
  "pk": "4b9425e0-dd38-4679-88c0-5c22d1c7b156"
},
{
  "fields": {
    "status": "7430cecc-5e4a-451c-b735-8248ddf7a932",
    "last_name": "A",
    "proxy_start_date": null,
    "locale": null,
    "next_approver": null,
    "locations": [
      "6025c56c-e6c4-45c7-959d-cc2a9e56eb0e",
      "57956b81-2213-4b5d-8bdd-9889a7349841"
    ],
    "is_staff": false,
    "user_permissions": [],
    "proxy_end_date": null,
    "date_joined": "2015-09-10T21:22:19.863Z",
    "middle_initial": null,
    "first_name": "K",
    "employee_id": null,
    "auth_amount": "0.0000",
    "title": null,
    "password_expire_date": "2015-12-09",
    "password_length": null,
    "is_superuser": false,
    "last_login": null,
    "role": "3481519f-6750-402b-93e9-157d71263f0f",
    "auth_currency": "247f814b-a00e-4931-8868-8aba5a3734f8",
    "username": "aute",
    "deleted": null,
    "password_one_time": null,
    "is_active": true,
    "groups": [
      4
    ],
    "accept_notify": true,
    "password": "pbkdf2_sha256$20000$8CVqMiCkHK26$bNucJtgmxDMtr6pikY0xD36NfJ3yg4byE2d2lhWM6i4=",
    "proxy_status": null,
    "proxy_user": null,
    "name": "K A",
    "created": "2015-09-10T21:22:19.867Z",
    "modified": "2015-09-10T21:22:19.954Z",
    "email": "",
    "accept_assign": true,
    "password_change": "LuXmPApvsnIDtpMYkAvQJWvxYtdWcuJUlLBdyTMkXFHAhAcMdcWOouYuqjtrdaCdCqbdchokkBkiZzZrnjvYonAYXpfjIQsulRbcxgapeixwIRsUjhddClTpOZNfPaceMRbUvUBWErdyqlmprlIJHGedtKpnMBzzYcTvchDOxHgYXiZUXfcdieZdCwtssCzQMugIXUAgeHTjQbPZlaLtKasjmVeDOEYNfAHwqiKxxKwXuHkLekTfvZlAnjCtFGmMEfAKkKeMMmfTwpMrcvKBkgVUMGnFmsqjDmOFqtTlBbiN"
  },
  "model": "person.person",
  "pk": "5836f86d-7010-40f8-8041-5e82af79674a"
},
{
  "fields": {
    "status": "7430cecc-5e4a-451c-b735-8248ddf7a932",
    "last_name": "I",
    "proxy_start_date": null,
    "locale": null,
    "next_approver": null,
    "locations": [],
    "is_staff": false,
    "user_permissions": [],
    "proxy_end_date": null,
    "date_joined": "2015-09-10T21:22:19.359Z",
    "middle_initial": null,
    "first_name": "M",
    "employee_id": null,
    "auth_amount": "0.0000",
    "title": null,
    "password_expire_date": "2015-12-09",
    "password_length": null,
    "is_superuser": false,
    "last_login": null,
    "role": "b9e97ebe-9adb-4bd2-b1c6-888d0e77dc89",
    "auth_currency": "247f814b-a00e-4931-8868-8aba5a3734f8",
    "username": "consectetur",
    "deleted": null,
    "password_one_time": null,
    "is_active": true,
    "groups": [
      5
    ],
    "accept_notify": true,
    "password": "pbkdf2_sha256$20000$gXLTDff4CTlm$LPKS2yK2BIxAfe5qjWiQUQljrZWNU37uh/RwIksV50I=",
    "proxy_status": null,
    "proxy_user": null,
    "name": "M I",
    "created": "2015-09-10T21:22:19.362Z",
    "modified": "2015-09-10T21:22:19.447Z",
    "email": "",
    "accept_assign": true,
    "password_change": "PVcTNDqVAfVvnJMgccjDXyBxyNuYXputgAbJfdXGMRbnBIWdbAcjAJMHWcQkXZDLhJwROwPROzWeRcLUXcuLJqBRicSZTowPzkmlrRpsjUDJATNBRuHvFgtSLHqLcIISNrvQRfwJxYpJLSoSuVtetIpqNTLPJBOThbrNRmLvGJyytAgQqWKLjvhihkOJLEoiFZBffiTIMrPEZvHIUoycVphdrFsJlDuOuORMviBfdYOMYTpHOAIzSKefIyeNHvOtORibhOllKWHNJosoWiCungCeomLkIBPvPGRJURDSCprJ"
  },
  "model": "person.person",
  "pk": "5c7491d3-f568-4680-8c2f-9f383a9efefd"
},
{
  "fields": {
    "status": "7430cecc-5e4a-451c-b735-8248ddf7a932",
    "last_name": "T",
    "proxy_start_date": null,
    "locale": null,
    "next_approver": null,
    "locations": [
      "bb0bf051-7493-46d2-b766-3877f937e3e2"
    ],
    "is_staff": false,
    "user_permissions": [],
    "proxy_end_date": null,
    "date_joined": "2015-09-10T21:22:20.945Z",
    "middle_initial": null,
    "first_name": "B",
    "employee_id": null,
    "auth_amount": "0.0000",
    "title": null,
    "password_expire_date": "2015-12-09",
    "password_length": null,
    "is_superuser": false,
    "last_login": null,
    "role": "1f3fed65-e863-45c1-84da-47b34265c3ff",
    "auth_currency": "247f814b-a00e-4931-8868-8aba5a3734f8",
    "username": "veniam,",
    "deleted": null,
    "password_one_time": null,
    "is_active": true,
    "groups": [
      1
    ],
    "accept_notify": true,
    "password": "pbkdf2_sha256$20000$jNeIdvbA4HyD$yXXy5aKRSKxGgz3yjzhhHnu3m2mnL9GQ4c8RmNDO81k=",
    "proxy_status": null,
    "proxy_user": null,
    "name": "B T",
    "created": "2015-09-10T21:22:20.949Z",
    "modified": "2015-09-10T21:22:21.034Z",
    "email": "",
    "accept_assign": true,
    "password_change": "HwqyogEupXSJVFxrkbbFyStIqoeAwJdyNjqzGUIQpPREKXmqrSVaoKXNKTbFWQBbvYLAOFGBoJHUxUUtqYyBaFcePGNqDuRsglRKIZsMQztTNrhNBqsAHkrWdTcCGBCISovbhDXxhXtYngmGDGOxcdOTFzdkkbsRUJmpwwhwurWcLtHiTYTcXVZknveDUiVouenXBdQCowXnBxRQQKqmvosrzbsfivRjSLrsBbEeTlAlwfwgOFBZRCswAfckmObDDmcaqsgjFUytgFcVKIXtregcdjZVqkZESNLxtgAuCtEW"
  },
  "model": "person.person",
  "pk": "5e0643e3-4fd4-4efc-a7ce-c6222bbf34dc"
},
{
  "fields": {
    "status": "7430cecc-5e4a-451c-b735-8248ddf7a932",
    "last_name": "Y",
    "proxy_start_date": null,
    "locale": null,
    "next_approver": null,
    "locations": [
      "bb0bf051-7493-46d2-b766-3877f937e3e2"
    ],
    "is_staff": false,
    "user_permissions": [],
    "proxy_end_date": null,
    "date_joined": "2015-09-10T21:22:20.649Z",
    "middle_initial": null,
    "first_name": "X",
    "employee_id": null,
    "auth_amount": "0.0000",
    "title": null,
    "password_expire_date": "2015-12-09",
    "password_length": null,
    "is_superuser": false,
    "last_login": null,
    "role": "1f3fed65-e863-45c1-84da-47b34265c3ff",
    "auth_currency": "247f814b-a00e-4931-8868-8aba5a3734f8",
    "username": "cupidatat",
    "deleted": null,
    "password_one_time": null,
    "is_active": true,
    "groups": [
      1
    ],
    "accept_notify": true,
    "password": "pbkdf2_sha256$20000$ko1Iw5t1uR1J$s0BlD8rFCp5PqI0isis0YXx8FddLGCtYPt17dwL5E6Y=",
    "proxy_status": null,
    "proxy_user": null,
    "name": "X Y",
    "created": "2015-09-10T21:22:20.653Z",
    "modified": "2015-09-10T21:22:20.737Z",
    "email": "",
    "accept_assign": true,
    "password_change": "OfBgJflQpKHBzHsReQviAKcstehOxNXElSBagWjHnTaIxAgShMewKlWrURePQdNPhFXcUBaEubSMmgdndMWzqCsPoDyCBBveNheDfagpbdUqCiAPaHALGWPlFFlUWklEktEpqDpRayAYztPkHBFRDoxrebiJSLuskVSyTVUCSzSnIqGHnCuQmyyutUTgVCSPXzzlfJBycWoGaObvNOdidYsfeOUbSfXfvjRznXQMBsODMHMHycuxqCLYzoTlhCBFoyzCyimTOFGiJhorepfdgEZqVMRDYfYpcgbzloEhdgze"
  },
  "model": "person.person",
  "pk": "5f260ef7-62cf-4ab5-bfed-41beedb2153e"
},
{
  "fields": {
    "status": "7430cecc-5e4a-451c-b735-8248ddf7a932",
    "last_name": "Z",
    "proxy_start_date": null,
    "locale": null,
    "next_approver": null,
    "locations": [],
    "is_staff": false,
    "user_permissions": [],
    "proxy_end_date": null,
    "date_joined": "2015-09-10T21:22:20.356Z",
    "middle_initial": null,
    "first_name": "R",
    "employee_id": null,
    "auth_amount": "0.0000",
    "title": null,
    "password_expire_date": "2015-12-09",
    "password_length": null,
    "is_superuser": false,
    "last_login": null,
    "role": "7a4c47b3-2212-475f-b96b-e8199838cb3e",
    "auth_currency": "247f814b-a00e-4931-8868-8aba5a3734f8",
    "username": "laborum.",
    "deleted": null,
    "password_one_time": null,
    "is_active": true,
    "groups": [
      3
    ],
    "accept_notify": true,
    "password": "pbkdf2_sha256$20000$fWU2EJEp5PT1$0ZrIZzGkBbLirqDxnoH0bGsn7mDEDIzLFWFDN5QyXek=",
    "proxy_status": null,
    "proxy_user": null,
    "name": "R Z",
    "created": "2015-09-10T21:22:20.359Z",
    "modified": "2015-09-10T21:22:20.440Z",
    "email": "",
    "accept_assign": true,
    "password_change": "OjLSqqunWZjKvbzJKHOeWuEbMWvpNAKaweKvQAECikVAGpusXCpNDdqqwAgzKignxPVOgSumvnxuJSnRNYzJOIqPWENcIhFSxTUdSnUmjQavmsAPpsklEhioiQpvaIBimThGIblvEvsfxxVviBrJtURDHGOuwxPDVjLQHDGNxfPzMPFMDGVaZNnmDJOCqloVtChefytpSqVbKWQcSoSkmKaOrLWvaxickEMvqFROPZjKnsuycyxysJKsrpeBTTHwuFwcuIlRphMHuuNsuMYchwLUTODJSNyfgGZqRMIdPTJY"
  },
  "model": "person.person",
  "pk": "6eddee5e-9dfc-4a9c-87f4-9c454fd10703"
},
{
  "fields": {
    "status": "7430cecc-5e4a-451c-b735-8248ddf7a932",
    "last_name": "V",
    "proxy_start_date": null,
    "locale": null,
    "next_approver": null,
    "locations": [
      "6025c56c-e6c4-45c7-959d-cc2a9e56eb0e",
      "57956b81-2213-4b5d-8bdd-9889a7349841"
    ],
    "is_staff": false,
    "user_permissions": [],
    "proxy_end_date": null,
    "date_joined": "2015-09-10T21:22:19.556Z",
    "middle_initial": null,
    "first_name": "Z",
    "employee_id": null,
    "auth_amount": "0.0000",
    "title": null,
    "password_expire_date": "2015-12-09",
    "password_length": null,
    "is_superuser": false,
    "last_login": null,
    "role": "3481519f-6750-402b-93e9-157d71263f0f",
    "auth_currency": "247f814b-a00e-4931-8868-8aba5a3734f8",
    "username": "ut",
    "deleted": null,
    "password_one_time": null,
    "is_active": true,
    "groups": [
      4
    ],
    "accept_notify": true,
    "password": "pbkdf2_sha256$20000$SNY41neb3uva$V892FiZ86rO0UHVqi5r4afsCHvUjKGHzE+4VCMWRzkI=",
    "proxy_status": null,
    "proxy_user": null,
    "name": "Z V",
    "created": "2015-09-10T21:22:19.560Z",
    "modified": "2015-09-10T21:22:19.647Z",
    "email": "",
    "accept_assign": true,
    "password_change": "DLBAZfujXkQhchKbYEuGbhGOLrIEYSUbZZJPZnNXAvvPazWGwQuCAmsaGcmxjFwPVojAXBmyythoVaLodwhkDZkrlbTlagMcVzckmGdWqapZPharcLYTBBtVIxFCtLeWUqeVhLjoeJrqkZuQvnWkLyEXhnyEjwieqxQFkoZrOLJzbaRAhAgtpYeWDytiOYwKwQGJCTPzgckBlArJXUeYEyCErXaMAIfmgrfcfrXFstNJfKoXCcUElVdMAHwJbbfYjswZuzfRMaugiEoTmfZmHfntlRvPLLcEdgdAZCjJrpFF"
  },
  "model": "person.person",
  "pk": "7497c546-eccf-44aa-98a4-ea83e14d3d04"
},
{
  "fields": {
    "status": "7430cecc-5e4a-451c-b735-8248ddf7a932",
    "last_name": "F",
    "proxy_start_date": null,
    "locale": null,
    "next_approver": null,
    "locations": [
      "28ea7de1-b635-498c-af9e-323df2fbf4ca",
      "3f20cff4-870e-47be-ad98-c5342eb0b7ae"
    ],
    "is_staff": false,
    "user_permissions": [],
    "proxy_end_date": null,
    "date_joined": "2015-09-10T21:22:20.746Z",
    "middle_initial": null,
    "first_name": "W",
    "employee_id": null,
    "auth_amount": "0.0000",
    "title": null,
    "password_expire_date": "2015-12-09",
    "password_length": null,
    "is_superuser": false,
    "last_login": null,
    "role": "8014e276-b436-4587-9ea0-befdfd1cd98a",
    "auth_currency": "247f814b-a00e-4931-8868-8aba5a3734f8",
    "username": "id",
    "deleted": null,
    "password_one_time": null,
    "is_active": true,
    "groups": [
      2
    ],
    "accept_notify": true,
    "password": "pbkdf2_sha256$20000$Yisg3fuq20oL$cbEhX2XUUTI7zyzYL7bnbCLr7N3uglBWqpExjSPdiV8=",
    "proxy_status": null,
    "proxy_user": null,
    "name": "W F",
    "created": "2015-09-10T21:22:20.750Z",
    "modified": "2015-09-10T21:22:20.837Z",
    "email": "",
    "accept_assign": true,
    "password_change": "KCGBRFsehqnKdPGBlCugSKmiZvfbagoZBDPNAfAuYyfiBFNsYnbRZnnAtfLLiczHEzTePrCtnLrItnXtFRauWHcRDHFgDwOfEGNIRvNUJttQpRbhpwioSLTYGyzYbkpSbEvDwpKIttifaYFtDNBeiJpJrNAAeKRIampuWYUfjYPFpJLLHvsRBglXLkivPEEiECvEeSFrFNuxXAfBWLFbiaosUdmPngyESLuWsYtbnOzZtTAoOhikbbYLudoEUSSKTOpzOkZcahKKFxQctucARfXREAkTrVMbktNmtUwJveqk"
  },
  "model": "person.person",
  "pk": "7942ff85-8f82-4f5c-83c3-7018a13137a9"
},
{
  "fields": {
    "status": "7430cecc-5e4a-451c-b735-8248ddf7a932",
    "last_name": "C",
    "proxy_start_date": null,
    "locale": null,
    "next_approver": null,
    "locations": [],
    "is_staff": false,
    "user_permissions": [],
    "proxy_end_date": null,
    "date_joined": "2015-09-10T21:22:20.160Z",
    "middle_initial": null,
    "first_name": "C",
    "employee_id": null,
    "auth_amount": "0.0000",
    "title": null,
    "password_expire_date": "2015-12-09",
    "password_length": null,
    "is_superuser": false,
    "last_login": null,
    "role": "b9e97ebe-9adb-4bd2-b1c6-888d0e77dc89",
    "auth_currency": "247f814b-a00e-4931-8868-8aba5a3734f8",
    "username": "do",
    "deleted": null,
    "password_one_time": null,
    "is_active": true,
    "groups": [
      5
    ],
    "accept_notify": true,
    "password": "pbkdf2_sha256$20000$imAlw6s2u7eV$DIQU31EnaLQgZuMCFZt8x2vvfuxymHmV1Mbuyxbmwyo=",
    "proxy_status": null,
    "proxy_user": null,
    "name": "C C",
    "created": "2015-09-10T21:22:20.164Z",
    "modified": "2015-09-10T21:22:20.251Z",
    "email": "",
    "accept_assign": true,
    "password_change": "VhWTgHtZRtgCsBBfHUyHMViyMKjOcqnsHfgQiEbJxNAlIQODsxdnNAaIVGHTWCfMbKUeXijfOSKXMReiMMOkWXHWldditpBztGuettULsBqApUxjYcVfXqioSNohXXjyLaXudCcyEpgoqwQGhYRrjSDcBfywDoKmfLWTIHlQTnzpqVgFDxohhwMfmmsXCaSeibHYMXzeseoXFXrXcFtBDtEAXjOOMOrTVmWVHbHqpEBTCVxhfVTvKZqCMENrtjPjulgOpcQIOZmbvKSNBJErzJbwmWrMkcIDlwwohRnjcRjM"
  },
  "model": "person.person",
  "pk": "794be4d0-78fd-4992-917b-360731de0aeb"
},
{
  "fields": {
    "status": "7430cecc-5e4a-451c-b735-8248ddf7a932",
    "last_name": "L",
    "proxy_start_date": null,
    "locale": null,
    "next_approver": null,
    "locations": [],
    "is_staff": false,
    "user_permissions": [],
    "proxy_end_date": null,
    "date_joined": "2015-09-10T21:22:20.261Z",
    "middle_initial": null,
    "first_name": "J",
    "employee_id": null,
    "auth_amount": "0.0000",
    "title": null,
    "password_expire_date": "2015-12-09",
    "password_length": null,
    "is_superuser": false,
    "last_login": null,
    "role": "b9e97ebe-9adb-4bd2-b1c6-888d0e77dc89",
    "auth_currency": "247f814b-a00e-4931-8868-8aba5a3734f8",
    "username": "incididunt",
    "deleted": null,
    "password_one_time": null,
    "is_active": true,
    "groups": [
      5
    ],
    "accept_notify": true,
    "password": "pbkdf2_sha256$20000$RLQjMuJwof4Z$hyZPqdwuc4Aai/KZISruSY8ogYPxK5jEJQ433yB+hrQ=",
    "proxy_status": null,
    "proxy_user": null,
    "name": "J L",
    "created": "2015-09-10T21:22:20.264Z",
    "modified": "2015-09-10T21:22:20.346Z",
    "email": "",
    "accept_assign": true,
    "password_change": "ZTKmpkCBCHGraHJUATKCEgaKirIRkYOrxXYzjUzheqTlebpubVAHYYCPZOVkhOAlJoAsDUQMdrulxXgaMPXYxGOGoCgkHTCpTrDGPLiCrykpCddXMqhGWEvfdgwcHjZnodAMnzNtuGUniziscipGpdveAJtTtZZGNEaINPRTxkrOkzFKRTCDmzrOPTCNwDZaPehWWPXfOtnxZYYFKlNAiYlPtMfyISqAyWeNoQUkILZTblkuieXPKgmicJJNCFRnEtHTruLCMOdzVUpowwHCEXTuDsYpEXlMjBbZVyxTDGIK"
  },
  "model": "person.person",
  "pk": "79d0d05b-aab4-4097-bf23-131dc8669b9a"
},
{
  "fields": {
    "status": "7430cecc-5e4a-451c-b735-8248ddf7a932",
    "last_name": "M",
    "proxy_start_date": null,
    "locale": null,
    "next_approver": null,
    "locations": [
      "28ea7de1-b635-498c-af9e-323df2fbf4ca",
      "3f20cff4-870e-47be-ad98-c5342eb0b7ae"
    ],
    "is_staff": false,
    "user_permissions": [],
    "proxy_end_date": null,
    "date_joined": "2015-09-10T21:22:19.049Z",
    "middle_initial": null,
    "first_name": "M",
    "employee_id": null,
    "auth_amount": "0.0000",
    "title": null,
    "password_expire_date": "2015-12-09",
    "password_length": null,
    "is_superuser": false,
    "last_login": null,
    "role": "8014e276-b436-4587-9ea0-befdfd1cd98a",
    "auth_currency": "247f814b-a00e-4931-8868-8aba5a3734f8",
    "username": "pariatur.",
    "deleted": null,
    "password_one_time": null,
    "is_active": true,
    "groups": [
      2
    ],
    "accept_notify": true,
    "password": "pbkdf2_sha256$20000$PivLV9is5M59$TIF7ng6KKm6OedLLlkDGmzBI07GCaJn5tj9C+ssrKqE=",
    "proxy_status": null,
    "proxy_user": null,
    "name": "M M",
    "created": "2015-09-10T21:22:19.054Z",
    "modified": "2015-09-10T21:22:19.141Z",
    "email": "",
    "accept_assign": true,
    "password_change": "YiEOrJrTKhkwGFdlJzlwVBNDDOmIhxFjWrVqsexWieIxdFMGmbDmYprZeLuCIxbMLyflbIucQORickObofTHMbzBLqqglhSeWqOcFbUedEuxKWReAycsPfsfyjIGOQwDvHlOMsCVrqzRBaPyVgIFiannlFCnWbKeXIQxAokKYRSyMQZrAHyzbSDewRnCFJqvTXCBjpbAxtBQZDJwgjdfAOenaPnlXCxPUYzpRsgbMcLjGvfTkymHHTCEgcLZQQvsbGwJRINKwCAeSzNwpNsRfOcisVGRAoDcjrmDkyZZMxcS"
  },
  "model": "person.person",
  "pk": "8e258f2a-c73d-435c-ae80-69a3cc54eca2"
},
{
  "fields": {
    "status": "7430cecc-5e4a-451c-b735-8248ddf7a932",
    "last_name": "S",
    "proxy_start_date": null,
    "locale": null,
    "next_approver": null,
    "locations": [
      "6025c56c-e6c4-45c7-959d-cc2a9e56eb0e",
      "57956b81-2213-4b5d-8bdd-9889a7349841"
    ],
    "is_staff": false,
    "user_permissions": [],
    "proxy_end_date": null,
    "date_joined": "2015-09-10T21:22:21.051Z",
    "middle_initial": null,
    "first_name": "M",
    "employee_id": null,
    "auth_amount": "0.0000",
    "title": null,
    "password_expire_date": "2015-12-09",
    "password_length": null,
    "is_superuser": false,
    "last_login": null,
    "role": "3481519f-6750-402b-93e9-157d71263f0f",
    "auth_currency": "247f814b-a00e-4931-8868-8aba5a3734f8",
    "username": "commodo",
    "deleted": null,
    "password_one_time": null,
    "is_active": true,
    "groups": [
      4
    ],
    "accept_notify": true,
    "password": "pbkdf2_sha256$20000$pTAHNIgsBzhQ$VWA/WOx2EhQJbUGA6pSiEThvEJ+UsydMaLYGrJaywKQ=",
    "proxy_status": null,
    "proxy_user": null,
    "name": "M S",
    "created": "2015-09-10T21:22:21.054Z",
    "modified": "2015-09-10T21:22:21.139Z",
    "email": "",
    "accept_assign": true,
    "password_change": "YCiaQfoNYqKpkqmsUgXzHxlbxfDgmDfaTmVrnEIoSmylwaijSoDRSHGXpfwlJECeWgYuSzrqAoztvXLbbIzFastYgAODbNwojmSAlWkIvwEuxRjjbvMmAZHqvYCWALcuVFQjZTZwSxlIhGMqUHhuECDuRrCJnuLhiBVKWJraPGluGiTQTPNZtAczkzTsGjVbcZSiyqCNtfNYKQOCpzgMMbuUiNFtLuFwUJqkTgqkxHRbQPrckIKpvJtINztHOUWofbgPPyOLNApKjTXqUqXGYUyCGusaaflZvYNpbpWfZTSe"
  },
  "model": "person.person",
  "pk": "a3eccce6-6009-4126-b8ff-63d3c08ff74a"
},
{
  "fields": {
    "status": "7430cecc-5e4a-451c-b735-8248ddf7a932",
    "last_name": "M",
    "proxy_start_date": null,
    "locale": null,
    "next_approver": null,
    "locations": [],
    "is_staff": false,
    "user_permissions": [],
    "proxy_end_date": null,
    "date_joined": "2015-09-10T21:22:20.847Z",
    "middle_initial": null,
    "first_name": "K",
    "employee_id": null,
    "auth_amount": "0.0000",
    "title": null,
    "password_expire_date": "2015-12-09",
    "password_length": null,
    "is_superuser": false,
    "last_login": null,
    "role": "b9e97ebe-9adb-4bd2-b1c6-888d0e77dc89",
    "auth_currency": "247f814b-a00e-4931-8868-8aba5a3734f8",
    "username": "voluptate",
    "deleted": null,
    "password_one_time": null,
    "is_active": true,
    "groups": [
      5
    ],
    "accept_notify": true,
    "password": "pbkdf2_sha256$20000$kzrDxToJBtOY$1R72nJ+39sEbjw+34sCwPB8hl4zV67OCWp3LRm5L49o=",
    "proxy_status": null,
    "proxy_user": null,
    "name": "K M",
    "created": "2015-09-10T21:22:20.851Z",
    "modified": "2015-09-10T21:22:20.935Z",
    "email": "",
    "accept_assign": true,
    "password_change": "JjvmpSsoFWusWSaqMXMKfLowyZbGfITtjcQRRQsLKsNGYOcYNiVkEkdhOvrcDZmwzZyGpCLLgyLxmDVvPDTjasGxnEHiQoyADeIhqThdEOqwvYIeLytJyvGFnFYayLLfQEgSTmEwjdNQHpeYZhkUohGbmHAAxWpPQpvQNwBOkodKrBAADbaUlspWWJlECqIshIbtsLcdaCtnUTmWQuTtpnaevuMosnnxQtZmelVbGVfkAsoCIxYxcXuBwgijekbOHkWdsGWekGBGsqiKFyfKnEfEImNGdbdiiJZgyIpJhVGm"
  },
  "model": "person.person",
  "pk": "bec7998e-2f7f-435a-84d5-e3eeb87db718"
},
{
  "fields": {
    "status": "7430cecc-5e4a-451c-b735-8248ddf7a932",
    "last_name": "D",
    "proxy_start_date": null,
    "locale": null,
    "next_approver": null,
    "locations": [
      "6025c56c-e6c4-45c7-959d-cc2a9e56eb0e",
      "57956b81-2213-4b5d-8bdd-9889a7349841"
    ],
    "is_staff": false,
    "user_permissions": [],
    "proxy_end_date": null,
    "date_joined": "2015-09-10T21:22:20.448Z",
    "middle_initial": null,
    "first_name": "P",
    "employee_id": null,
    "auth_amount": "0.0000",
    "title": null,
    "password_expire_date": "2015-12-09",
    "password_length": null,
    "is_superuser": false,
    "last_login": null,
    "role": "3481519f-6750-402b-93e9-157d71263f0f",
    "auth_currency": "247f814b-a00e-4931-8868-8aba5a3734f8",
    "username": "non",
    "deleted": null,
    "password_one_time": null,
    "is_active": true,
    "groups": [
      4
    ],
    "accept_notify": true,
    "password": "pbkdf2_sha256$20000$iGYByYqVMIzJ$/VrMKvbx19iEeplkdILFfR0gQZPDfDB8by/S4CD5bGY=",
    "proxy_status": null,
    "proxy_user": null,
    "name": "P D",
    "created": "2015-09-10T21:22:20.451Z",
    "modified": "2015-09-10T21:22:20.538Z",
    "email": "",
    "accept_assign": true,
    "password_change": "wvvjMttXSpJlNhhqDYAYOZIiEuBKmJEkLPVArxdZAIeTKxgmhJfDWFBHImWcKfvJMTNRazBhyynbTtoEprIeBHOOJqMNljzKvXNNxHPHwhZqwtQmsVAgUcCwjnbbCtIFzmZFqqGeIWXBHupGhqjbIYqAaQKMpAArbxKQKfXJfBLCgxfTZYkmzzZsfdFeUQmchEINsDFyloXNlEGxbGsyNDsZdWmXTiKTAazwzXtGAhgSfzWrDwGjsjPLzdSInLPEwCZkMnIwRFvMlAqUkOFrdrPpLslkQnviHbqWTnUUnKbE"
  },
  "model": "person.person",
  "pk": "cb8ed6ac-eac1-4bcd-bc39-68fde5420059"
},
{
  "fields": {
    "status": "7430cecc-5e4a-451c-b735-8248ddf7a932",
    "last_name": "D",
    "proxy_start_date": null,
    "locale": null,
    "next_approver": null,
    "locations": [
      "6025c56c-e6c4-45c7-959d-cc2a9e56eb0e",
      "57956b81-2213-4b5d-8bdd-9889a7349841"
    ],
    "is_staff": false,
    "user_permissions": [],
    "proxy_end_date": null,
    "date_joined": "2015-09-10T21:22:19.964Z",
    "middle_initial": null,
    "first_name": "L",
    "employee_id": null,
    "auth_amount": "0.0000",
    "title": null,
    "password_expire_date": "2015-12-09",
    "password_length": null,
    "is_superuser": false,
    "last_login": null,
    "role": "3481519f-6750-402b-93e9-157d71263f0f",
    "auth_currency": "247f814b-a00e-4931-8868-8aba5a3734f8",
    "username": "minim",
    "deleted": null,
    "password_one_time": null,
    "is_active": true,
    "groups": [
      4
    ],
    "accept_notify": true,
    "password": "pbkdf2_sha256$20000$o2RfjY1DB6gR$I1/KUQ7Y5Xm5NK6F3Uy1Kd3qB65c8A25c3ZuzD3AzW0=",
    "proxy_status": null,
    "proxy_user": null,
    "name": "L D",
    "created": "2015-09-10T21:22:19.967Z",
    "modified": "2015-09-10T21:22:20.052Z",
    "email": "",
    "accept_assign": true,
    "password_change": "juzXpHwgDlKfXgxZlLeHrEtebpfHFgWZuCyxLGXUWFOnvcLYDbsFcVtqwGMwLqRpvJWkAdxPLnNzvzBpDeiSXfMFdATISoARyynvmTpkPvLMmOpTxplneCzQeQDoSERXAnuSZGcpmGvFMUsvfHMTlsZgdqtvJUpjyoiLmFjHaBQhKrmGnjxicTUXHsxUfFLUyebxNpswmLalNxxaMBiuVXSaGjocSrdUzxOjuNxqGfiwmSkspDbemtkDmzGJXKsPjzIVJlSKlmUKRzNtRhakAyDMpnnSZwHpjYGkMOgrYUhz"
  },
  "model": "person.person",
  "pk": "d6ead76a-7d78-4bc5-848a-f1165f2a0ef2"
},
{
  "fields": {
    "status": "7430cecc-5e4a-451c-b735-8248ddf7a932",
    "last_name": "S",
    "proxy_start_date": null,
    "locale": null,
    "next_approver": null,
    "locations": [
      "6025c56c-e6c4-45c7-959d-cc2a9e56eb0e",
      "57956b81-2213-4b5d-8bdd-9889a7349841"
    ],
    "is_staff": false,
    "user_permissions": [],
    "proxy_end_date": null,
    "date_joined": "2015-09-10T21:22:19.458Z",
    "middle_initial": null,
    "first_name": "L",
    "employee_id": null,
    "auth_amount": "0.0000",
    "title": null,
    "password_expire_date": "2015-12-09",
    "password_length": null,
    "is_superuser": false,
    "last_login": null,
    "role": "3481519f-6750-402b-93e9-157d71263f0f",
    "auth_currency": "247f814b-a00e-4931-8868-8aba5a3734f8",
    "username": "dolore",
    "deleted": null,
    "password_one_time": null,
    "is_active": true,
    "groups": [
      4
    ],
    "accept_notify": true,
    "password": "pbkdf2_sha256$20000$u4wjmaVMpZZX$5TzgN9GZ/UF3VgEhZEGbTgQs3fbovfzSZOZ5EzakMNM=",
    "proxy_status": null,
    "proxy_user": null,
    "name": "L S",
    "created": "2015-09-10T21:22:19.462Z",
    "modified": "2015-09-10T21:22:19.546Z",
    "email": "",
    "accept_assign": true,
    "password_change": "qRVJNzlIKhmLmUiYIyLGifxhpqVDAwsTSGGXuYYmBwoSwdQYbhcfhIArTqukKatpmMGeDpnxyvsDQjfWhhMtmTMVKzHwAMhYGVxoFXeqYjwJDQUjbSipBiRPchIxmQMBXBHBvSFTnVryAukOmpbXXOcUpKfVqtKdJNeAFFTCygcjxYPkmjrkwPtvwGnEsUzNZsxMCtxegJhlioWssykVWUThkSdsOADlqdiKwGZDxDKbRcjecmpCTutDpYnJlkAepwBxsJdcaLxXHIXKZIaWjvNLjTZNtKJuVHAkMMSscqqI"
  },
  "model": "person.person",
  "pk": "d7b6a766-1820-48f8-b3a1-eb1018020f19"
},
{
  "fields": {
    "status": "7430cecc-5e4a-451c-b735-8248ddf7a932",
    "last_name": "R",
    "proxy_start_date": null,
    "locale": null,
    "next_approver": null,
    "locations": [],
    "is_staff": false,
    "user_permissions": [],
    "proxy_end_date": null,
    "date_joined": "2015-09-10T21:22:20.548Z",
    "middle_initial": null,
    "first_name": "A",
    "employee_id": null,
    "auth_amount": "0.0000",
    "title": null,
    "password_expire_date": "2015-12-09",
    "password_length": null,
    "is_superuser": false,
    "last_login": null,
    "role": "b9e97ebe-9adb-4bd2-b1c6-888d0e77dc89",
    "auth_currency": "247f814b-a00e-4931-8868-8aba5a3734f8",
    "username": "adipisicing",
    "deleted": null,
    "password_one_time": null,
    "is_active": true,
    "groups": [
      5
    ],
    "accept_notify": true,
    "password": "pbkdf2_sha256$20000$Anathnr5vzpy$dCEfQxTs8OF6t2s6LQgk46G8Tg1pa/UXjnBaXpjKLto=",
    "proxy_status": null,
    "proxy_user": null,
    "name": "A R",
    "created": "2015-09-10T21:22:20.552Z",
    "modified": "2015-09-10T21:22:20.634Z",
    "email": "",
    "accept_assign": true,
    "password_change": "swFdnPNrquVcNZhqrXSIzRBHDiUDfIZrXunVOKIpVNuZlBDpTtsccZVsjqslFkrYSeqwRlCeeTOYmWseFntnirIFzMaIReuDuwAHCtDASwsHphpctKfvKEciQNHjLOzsDmfppNnPRCodWznKnKAgjYARpuhpPFCsZGyxwdfHpNDhWOjYXdTecibHWgXTApblykmPNivcgEkJFWlgplHvxviNoaJjMesmFbFgweaUYtzXhqJWoUPYSiwZlXpQXuixecxDrxosbYxAKhxmZKtXErARaCTusNynXQYOFjRItmby"
  },
  "model": "person.person",
  "pk": "e3439663-6719-46ff-9799-371524048229"
},
{
  "fields": {
    "status": "7430cecc-5e4a-451c-b735-8248ddf7a932",
    "last_name": "V",
    "proxy_start_date": null,
    "locale": null,
    "next_approver": null,
    "locations": [
      "6025c56c-e6c4-45c7-959d-cc2a9e56eb0e",
      "57956b81-2213-4b5d-8bdd-9889a7349841"
    ],
    "is_staff": false,
    "user_permissions": [],
    "proxy_end_date": null,
    "date_joined": "2015-09-10T21:22:19.260Z",
    "middle_initial": null,
    "first_name": "W",
    "employee_id": null,
    "auth_amount": "0.0000",
    "title": null,
    "password_expire_date": "2015-12-09",
    "password_length": null,
    "is_superuser": false,
    "last_login": null,
    "role": "3481519f-6750-402b-93e9-157d71263f0f",
    "auth_currency": "247f814b-a00e-4931-8868-8aba5a3734f8",
    "username": "reprehenderit",
    "deleted": null,
    "password_one_time": null,
    "is_active": true,
    "groups": [
      4
    ],
    "accept_notify": true,
    "password": "pbkdf2_sha256$20000$MeXK59EtLOjb$T+2yIca/PqElN0mbi9atuTx9AgJrVdp+mPgFGQ28roY=",
    "proxy_status": null,
    "proxy_user": null,
    "name": "W V",
    "created": "2015-09-10T21:22:19.263Z",
    "modified": "2015-09-10T21:22:19.349Z",
    "email": "",
    "accept_assign": true,
    "password_change": "RkibtfnTpSseBWvohlWXqiutgIXIrpxEWqoJAoAvoBpppZkYNSSFEQEYuceNwXVdChzRlzQLZZbTmGicCIKywflGXZVXfoSsRRbTZkAeQLbGetEcPHuouvFNeGquMIHQgsakEzigGpQvbFzhaWAOUAaICvulsSOBYqAeUmxTSGyDYIlUknHHZnclJkkeCosuIORhQaxbNFmEchpsskoSceaJyoKSHnJUWebUugjfknfQbbasRhJXqQRYRVSlnhqIcKAgYWMjSketheGUmQMmuBLTLydzAkRPEPjMYnnTeHGx"
  },
  "model": "person.person",
  "pk": "eb848f8b-cfe7-4c24-8939-e15927288bac"
},
{
  "fields": {
    "status": "7430cecc-5e4a-451c-b735-8248ddf7a932",
    "last_name": "J",
    "proxy_start_date": null,
    "locale": null,
    "next_approver": null,
    "locations": [],
    "is_staff": false,
    "user_permissions": [],
    "proxy_end_date": null,
    "date_joined": "2015-09-10T21:22:19.769Z",
    "middle_initial": null,
    "first_name": "I",
    "employee_id": null,
    "auth_amount": "0.0000",
    "title": null,
    "password_expire_date": "2015-12-09",
    "password_length": null,
    "is_superuser": false,
    "last_login": null,
    "role": "b9e97ebe-9adb-4bd2-b1c6-888d0e77dc89",
    "auth_currency": "247f814b-a00e-4931-8868-8aba5a3734f8",
    "username": "dolor",
    "deleted": null,
    "password_one_time": null,
    "is_active": true,
    "groups": [
      5
    ],
    "accept_notify": true,
    "password": "pbkdf2_sha256$20000$8EBz7YQbDiMA$jBIUcM0JezG1HNf0qC+tvZJzEb/Pb+eQ/B+CyK0E4nI=",
    "proxy_status": null,
    "proxy_user": null,
    "name": "I J",
    "created": "2015-09-10T21:22:19.773Z",
    "modified": "2015-09-10T21:22:19.854Z",
    "email": "",
    "accept_assign": true,
    "password_change": "PmsXwBNriydoiQWbrPlpboXjagpeJRwXciLwSMiXVoPNUUNfEXAjjWGmqviRxXmvtYhVYpeHNIgWbJPVJPdavwMDSZCSEYRHYPpnGbsqBIjcjfAZTbvZWpGYBjqASUZCFBxDQJylDZboTuzzSSnqaIvMvcEBcQevLynfmANpMEMxkeyOMCDkGnoFOlYJPrIwdQChrEnopFQoemutUyVESFRNNKTdEDoGGMVxMVFoGDwqjVVvpsGkdUjmiRSfJmpzTgkIwHmDQXgoWgDnKwTgWJynqUYxBvSmOYDvpAmsufeg"
  },
  "model": "person.person",
  "pk": "ebd601d3-1d37-447e-b58d-4c2bd571026e"
},
{
  "fields": {
    "status": "7430cecc-5e4a-451c-b735-8248ddf7a932",
    "last_name": "Q",
    "proxy_start_date": null,
    "locale": null,
    "next_approver": null,
    "locations": [
      "6025c56c-e6c4-45c7-959d-cc2a9e56eb0e",
      "57956b81-2213-4b5d-8bdd-9889a7349841"
    ],
    "is_staff": false,
    "user_permissions": [],
    "proxy_end_date": null,
    "date_joined": "2015-09-10T21:22:18.947Z",
    "middle_initial": null,
    "first_name": "Q",
    "employee_id": null,
    "auth_amount": "0.0000",
    "title": null,
    "password_expire_date": "2015-12-09",
    "password_length": null,
    "is_superuser": false,
    "last_login": null,
    "role": "3481519f-6750-402b-93e9-157d71263f0f",
    "auth_currency": "247f814b-a00e-4931-8868-8aba5a3734f8",
    "username": "irure",
    "deleted": null,
    "password_one_time": null,
    "is_active": true,
    "groups": [
      4
    ],
    "accept_notify": true,
    "password": "pbkdf2_sha256$20000$RJxPlwYbckE0$m1CqwxJW8GWuFgNX4110YUdU4vqo6+KRuR5Qj0dNXnE=",
    "proxy_status": null,
    "proxy_user": null,
    "name": "Q Q",
    "created": "2015-09-10T21:22:18.951Z",
    "modified": "2015-09-10T21:22:19.038Z",
    "email": "",
    "accept_assign": true,
    "password_change": "YaPKxFJWMaqYJVqYWrsSFLbGMXDCNWemBWjJWxmpEhXaBmQWvYVtNJWjTXZCeQIQkYZsgoTLPYExhRHVSIrIBiZiiXJbuDBgZSBbqBnAruVthwvSqWLVINdZoAYAVZoCxILeNvmNGZaEcOupLLHRlwoNEmOAhYLnSxgIcVeJcmCNIpwDYQxdiDSsNDrdVbfYBADeANnFamjhcCzKkUGtOxzyYZcVeZQRKIviqqhffJYTWbZrdaLzxnqFBrsSEpvdYgnxZeFKJqSdOMapggIeJmIroyhqkEdNkItUEjXwpTGr"
  },
  "model": "person.person",
  "pk": "fa750b81-bac1-406d-bb7e-acc39400eb75"
},
{
  "fields": {
    "status": "7430cecc-5e4a-451c-b735-8248ddf7a932",
    "last_name": "K",
    "proxy_start_date": null,
    "locale": null,
    "next_approver": null,
    "locations": [
      "bb0bf051-7493-46d2-b766-3877f937e3e2"
    ],
    "is_staff": false,
    "user_permissions": [],
    "proxy_end_date": null,
    "date_joined": "2015-09-10T21:22:19.665Z",
    "middle_initial": null,
    "first_name": "Q",
    "employee_id": null,
    "auth_amount": "0.0000",
    "title": null,
    "password_expire_date": "2015-12-09",
    "password_length": null,
    "is_superuser": false,
    "last_login": null,
    "role": "1f3fed65-e863-45c1-84da-47b34265c3ff",
    "auth_currency": "247f814b-a00e-4931-8868-8aba5a3734f8",
    "username": "ex",
    "deleted": null,
    "password_one_time": null,
    "is_active": true,
    "groups": [
      1
    ],
    "accept_notify": true,
    "password": "pbkdf2_sha256$20000$PKjw5J5pJmPV$n6tBCV+fUtBO10bbEr03pLdtfl+qVliyPMK1colYjPE=",
    "proxy_status": null,
    "proxy_user": null,
    "name": "Q K",
    "created": "2015-09-10T21:22:19.669Z",
    "modified": "2015-09-10T21:22:19.760Z",
    "email": "",
    "accept_assign": true,
    "password_change": "WFZpHEEvJegONkktMafiKWDTtEaKDftMDlrNEeuRJhjJlNsjDMIRAAEYJnLjyWDzrsNtlfshxvWwSHIxDdFElwyqrWaOMskbciVbRVsCmlrGMuJCfRbeTnPlPWIVIHnvYZlKhhvRPHpDfiQgZoIxjvtaymCWdyIOAVOCCFDppCuZkdtIaLkSvfCsiVHusHBMrAUSFgOIbHTEhRarLyWEtWdzWCRJvzeegbBNIVVcZepQBNXryRFsbdKBHNFbAmgsbreSOPqULiuLGDEtfgmjkxhzDaxYViybRYxDOeqTuImN"
  },
  "model": "person.person",
  "pk": "ff0a968d-1526-4155-98c7-5749c9ae7717"
}
]
