[
{
  "model": "contenttypes.contenttype",
  "pk": 1,
  "fields": {
    "app_label": "admin",
    "model": "logentry"
  }
},
{
  "model": "contenttypes.contenttype",
  "pk": 2,
  "fields": {
    "app_label": "auth",
    "model": "permission"
  }
},
{
  "model": "contenttypes.contenttype",
  "pk": 3,
  "fields": {
    "app_label": "auth",
    "model": "group"
  }
},
{
  "model": "contenttypes.contenttype",
  "pk": 4,
  "fields": {
    "app_label": "contenttypes",
    "model": "contenttype"
  }
},
{
  "model": "contenttypes.contenttype",
  "pk": 5,
  "fields": {
    "app_label": "sessions",
    "model": "session"
  }
},
{
  "model": "contenttypes.contenttype",
  "pk": 6,
  "fields": {
    "app_label": "sites",
    "model": "site"
  }
},
{
  "model": "contenttypes.contenttype",
  "pk": 7,
  "fields": {
    "app_label": "flatpages",
    "model": "flatpage"
  }
},
{
  "model": "contenttypes.contenttype",
  "pk": 8,
  "fields": {
    "app_label": "corsheaders",
    "model": "corsmodel"
  }
},
{
  "model": "contenttypes.contenttype",
  "pk": 9,
  "fields": {
    "app_label": "accounting",
    "model": "currency"
  }
},
{
  "model": "contenttypes.contenttype",
  "pk": 10,
  "fields": {
    "app_label": "category",
    "model": "category"
  }
},
{
  "model": "contenttypes.contenttype",
  "pk": 11,
  "fields": {
    "app_label": "contact",
    "model": "phonenumbertype"
  }
},
{
  "model": "contenttypes.contenttype",
  "pk": 12,
  "fields": {
    "app_label": "contact",
    "model": "phonenumber"
  }
},
{
  "model": "contenttypes.contenttype",
  "pk": 13,
  "fields": {
    "app_label": "contact",
    "model": "addresstype"
  }
},
{
  "model": "contenttypes.contenttype",
  "pk": 14,
  "fields": {
    "app_label": "contact",
    "model": "address"
  }
},
{
  "model": "contenttypes.contenttype",
  "pk": 15,
  "fields": {
    "app_label": "contact",
    "model": "emailtype"
  }
},
{
  "model": "contenttypes.contenttype",
  "pk": 16,
  "fields": {
    "app_label": "contact",
    "model": "email"
  }
},
{
  "model": "contenttypes.contenttype",
  "pk": 17,
  "fields": {
    "app_label": "location",
    "model": "state"
  }
},
{
  "model": "contenttypes.contenttype",
  "pk": 18,
  "fields": {
    "app_label": "location",
    "model": "country"
  }
},
{
  "model": "contenttypes.contenttype",
  "pk": 19,
  "fields": {
    "app_label": "location",
    "model": "locationlevel"
  }
},
{
  "model": "contenttypes.contenttype",
  "pk": 20,
  "fields": {
    "app_label": "location",
    "model": "locationstatus"
  }
},
{
  "model": "contenttypes.contenttype",
  "pk": 21,
  "fields": {
    "app_label": "location",
    "model": "locationtype"
  }
},
{
  "model": "contenttypes.contenttype",
  "pk": 22,
  "fields": {
    "app_label": "location",
    "model": "location"
  }
},
{
  "model": "contenttypes.contenttype",
  "pk": 23,
  "fields": {
    "app_label": "person",
    "model": "role"
  }
},
{
  "model": "contenttypes.contenttype",
  "pk": 24,
  "fields": {
    "app_label": "person",
    "model": "proxyrole"
  }
},
{
  "model": "contenttypes.contenttype",
  "pk": 25,
  "fields": {
    "app_label": "person",
    "model": "personstatus"
  }
},
{
  "model": "contenttypes.contenttype",
  "pk": 26,
  "fields": {
    "app_label": "person",
    "model": "person"
  }
},
{
  "model": "contenttypes.contenttype",
  "pk": 27,
  "fields": {
    "app_label": "translation",
    "model": "locale"
  }
},
{
  "model": "contenttypes.contenttype",
  "pk": 28,
  "fields": {
    "app_label": "translation",
    "model": "translation"
  }
},
{
  "model": "contenttypes.contenttype",
  "pk": 29,
  "fields": {
    "app_label": "util",
    "model": "tester"
  }
},
{
  "model": "contenttypes.contenttype",
  "pk": 30,
  "fields": {
    "app_label": "util",
    "model": "mainsetting"
  }
},
{
  "model": "contenttypes.contenttype",
  "pk": 31,
  "fields": {
    "app_label": "util",
    "model": "customsetting"
  }
},
{
  "model": "contenttypes.contenttype",
  "pk": 32,
  "fields": {
    "app_label": "order",
    "model": "workorderstatus"
  }
},
{
  "model": "contenttypes.contenttype",
  "pk": 33,
  "fields": {
    "app_label": "order",
    "model": "workorder"
  }
},
{
  "model": "sites.site",
  "pk": 1,
  "fields": {
    "domain": "example.com",
    "name": "example.com"
  }
},
{
  "model": "accounting.currency",
  "pk": "a6081470-e46a-4a11-8bfb-b3694e38cada",
  "fields": {
    "name_plural": "US Dollars",
    "deleted": null,
    "decimal_digits": 2,
    "modified": "2015-08-31T20:16:25.778Z",
    "name": "US Dollar",
    "created": "2015-08-31T20:16:25.777Z",
    "code": "USD",
    "symbol": "$",
    "symbol_native": "$",
    "rounding": 0
  }
},
{
  "model": "location.locationlevel",
  "pk": "03f52c6a-a153-4b77-ab2d-e59e09bd587a",
  "fields": {
    "created": "2015-08-31T20:16:25.725Z",
    "deleted": null,
    "children": [
      "9d7edcf0-4449-4d29-91b0-e7554335f14c"
    ],
    "modified": "2015-08-31T20:16:25.725Z",
    "name": "store"
  }
},
{
  "model": "location.locationlevel",
  "pk": "82d7aa97-05bf-4b5c-b749-d17392c642d3",
  "fields": {
    "created": "2015-08-31T20:16:25.720Z",
    "deleted": null,
    "children": [
      "d201f5e3-995f-496d-bd4f-4acca9509d8b",
      "a749c5ea-822e-4885-84ca-bd9c7ef5a2c3"
    ],
    "modified": "2015-08-31T20:16:25.720Z",
    "name": "region"
  }
},
{
  "model": "location.locationlevel",
  "pk": "9d7edcf0-4449-4d29-91b0-e7554335f14c",
  "fields": {
    "created": "2015-08-31T20:16:25.726Z",
    "deleted": null,
    "children": [],
    "modified": "2015-08-31T20:16:25.726Z",
    "name": "department"
  }
},
{
  "model": "location.locationlevel",
  "pk": "a749c5ea-822e-4885-84ca-bd9c7ef5a2c3",
  "fields": {
    "created": "2015-08-31T20:16:25.723Z",
    "deleted": null,
    "children": [],
    "modified": "2015-08-31T20:16:25.723Z",
    "name": "district_lp"
  }
},
{
  "model": "location.locationlevel",
  "pk": "d201f5e3-995f-496d-bd4f-4acca9509d8b",
  "fields": {
    "created": "2015-08-31T20:16:25.722Z",
    "deleted": null,
    "children": [
      "03f52c6a-a153-4b77-ab2d-e59e09bd587a"
    ],
    "modified": "2015-08-31T20:16:25.722Z",
    "name": "district"
  }
},
{
  "model": "location.locationstatus",
  "pk": "f1397c8e-90ba-4f6f-bbc8-c6d50306335d",
  "fields": {
    "created": "2015-08-31T20:16:25.740Z",
    "deleted": null,
    "modified": "2015-08-31T20:16:25.740Z",
    "name": "Open"
  }
},
{
  "model": "location.locationtype",
  "pk": "9d280fce-59a2-4cbf-a901-17b4e8b40afe",
  "fields": {
    "created": "2015-08-31T20:16:25.742Z",
    "deleted": null,
    "modified": "2015-08-31T20:16:25.742Z",
    "name": "big_store"
  }
},
{
  "model": "location.location",
  "pk": "0f057a76-78d9-45a9-9ddd-0bd708c33e0a",
  "fields": {
    "deleted": null,
    "number": "vMsligfsJVMCiQDITaBHIismIPlkAlqFDZASlZFwQQGtmRxsro",
    "type": "9d280fce-59a2-4cbf-a901-17b4e8b40afe",
    "modified": "2015-08-31T20:16:25.750Z",
    "name": "ca",
    "created": "2015-08-31T20:16:25.750Z",
    "location_level": "d201f5e3-995f-496d-bd4f-4acca9509d8b",
    "children": [
      "d7de640e-5d81-4426-85f7-7ca67b2a6b91",
      "4d86aaab-459a-4fd2-b8ec-998f532ef525"
    ],
    "status": "f1397c8e-90ba-4f6f-bbc8-c6d50306335d"
  }
},
{
  "model": "location.location",
  "pk": "1b29ab9b-d5ea-4216-928c-b55a4e783cb7",
  "fields": {
    "deleted": null,
    "number": "QdPCjxxzHjSFKWkdeVEJsOBuoESsSvjIEMwFFJKUKCeYmfVQbj",
    "type": "9d280fce-59a2-4cbf-a901-17b4e8b40afe",
    "modified": "2015-08-31T20:16:25.753Z",
    "name": "nv",
    "created": "2015-08-31T20:16:25.753Z",
    "location_level": "d201f5e3-995f-496d-bd4f-4acca9509d8b",
    "children": [],
    "status": "f1397c8e-90ba-4f6f-bbc8-c6d50306335d"
  }
},
{
  "model": "location.location",
  "pk": "4d86aaab-459a-4fd2-b8ec-998f532ef525",
  "fields": {
    "deleted": null,
    "number": "aHdzkOoiZEamoWOxmkGmJWlUBMqJApXhmXnzcYxbJgJbascLBa",
    "type": "9d280fce-59a2-4cbf-a901-17b4e8b40afe",
    "modified": "2015-08-31T20:16:25.761Z",
    "name": "los_angeles",
    "created": "2015-08-31T20:16:25.761Z",
    "location_level": "03f52c6a-a153-4b77-ab2d-e59e09bd587a",
    "children": [],
    "status": "f1397c8e-90ba-4f6f-bbc8-c6d50306335d"
  }
},
{
  "model": "location.location",
  "pk": "874c8319-6f8e-4194-9381-c8cd0bb2b570",
  "fields": {
    "deleted": null,
    "number": "FPFirLhXjkPXHzsotdDZFDxaDUwJfwzkiNCQhRjoJWfxiFWzua",
    "type": "9d280fce-59a2-4cbf-a901-17b4e8b40afe",
    "modified": "2015-08-31T20:16:25.745Z",
    "name": "east",
    "created": "2015-08-31T20:16:25.745Z",
    "location_level": "82d7aa97-05bf-4b5c-b749-d17392c642d3",
    "children": [
      "0f057a76-78d9-45a9-9ddd-0bd708c33e0a",
      "1b29ab9b-d5ea-4216-928c-b55a4e783cb7"
    ],
    "status": "f1397c8e-90ba-4f6f-bbc8-c6d50306335d"
  }
},
{
  "model": "location.location",
  "pk": "d7de640e-5d81-4426-85f7-7ca67b2a6b91",
  "fields": {
    "deleted": null,
    "number": "hCeYKibikQwCSVyeLUDanxOxudySaoXTscJlpPciXJqKeOlYSe",
    "type": "9d280fce-59a2-4cbf-a901-17b4e8b40afe",
    "modified": "2015-08-31T20:16:25.758Z",
    "name": "san_diego",
    "created": "2015-08-31T20:16:25.758Z",
    "location_level": "03f52c6a-a153-4b77-ab2d-e59e09bd587a",
    "children": [],
    "status": "f1397c8e-90ba-4f6f-bbc8-c6d50306335d"
  }
},
{
  "model": "person.personstatus",
  "pk": "2031ba59-738f-4329-be22-3c162f1ae668",
  "fields": {
    "created": "2015-08-31T20:16:25.810Z",
    "deleted": null,
    "description": "active",
    "modified": "2015-08-31T20:16:25.810Z",
    "name": ""
  }
},
{
  "model": "auth.permission",
  "pk": 1,
  "fields": {
    "content_type": 1,
    "codename": "add_logentry",
    "name": "Can add log entry"
  }
},
{
  "model": "auth.permission",
  "pk": 2,
  "fields": {
    "content_type": 1,
    "codename": "change_logentry",
    "name": "Can change log entry"
  }
},
{
  "model": "auth.permission",
  "pk": 3,
  "fields": {
    "content_type": 1,
    "codename": "delete_logentry",
    "name": "Can delete log entry"
  }
},
{
  "model": "auth.permission",
  "pk": 4,
  "fields": {
    "content_type": 2,
    "codename": "add_permission",
    "name": "Can add permission"
  }
},
{
  "model": "auth.permission",
  "pk": 5,
  "fields": {
    "content_type": 2,
    "codename": "change_permission",
    "name": "Can change permission"
  }
},
{
  "model": "auth.permission",
  "pk": 6,
  "fields": {
    "content_type": 2,
    "codename": "delete_permission",
    "name": "Can delete permission"
  }
},
{
  "model": "auth.permission",
  "pk": 7,
  "fields": {
    "content_type": 3,
    "codename": "add_group",
    "name": "Can add group"
  }
},
{
  "model": "auth.permission",
  "pk": 8,
  "fields": {
    "content_type": 3,
    "codename": "change_group",
    "name": "Can change group"
  }
},
{
  "model": "auth.permission",
  "pk": 9,
  "fields": {
    "content_type": 3,
    "codename": "delete_group",
    "name": "Can delete group"
  }
},
{
  "model": "auth.permission",
  "pk": 10,
  "fields": {
    "content_type": 4,
    "codename": "add_contenttype",
    "name": "Can add content type"
  }
},
{
  "model": "auth.permission",
  "pk": 11,
  "fields": {
    "content_type": 4,
    "codename": "change_contenttype",
    "name": "Can change content type"
  }
},
{
  "model": "auth.permission",
  "pk": 12,
  "fields": {
    "content_type": 4,
    "codename": "delete_contenttype",
    "name": "Can delete content type"
  }
},
{
  "model": "auth.permission",
  "pk": 13,
  "fields": {
    "content_type": 5,
    "codename": "add_session",
    "name": "Can add session"
  }
},
{
  "model": "auth.permission",
  "pk": 14,
  "fields": {
    "content_type": 5,
    "codename": "change_session",
    "name": "Can change session"
  }
},
{
  "model": "auth.permission",
  "pk": 15,
  "fields": {
    "content_type": 5,
    "codename": "delete_session",
    "name": "Can delete session"
  }
},
{
  "model": "auth.permission",
  "pk": 16,
  "fields": {
    "content_type": 6,
    "codename": "add_site",
    "name": "Can add site"
  }
},
{
  "model": "auth.permission",
  "pk": 17,
  "fields": {
    "content_type": 6,
    "codename": "change_site",
    "name": "Can change site"
  }
},
{
  "model": "auth.permission",
  "pk": 18,
  "fields": {
    "content_type": 6,
    "codename": "delete_site",
    "name": "Can delete site"
  }
},
{
  "model": "auth.permission",
  "pk": 19,
  "fields": {
    "content_type": 7,
    "codename": "add_flatpage",
    "name": "Can add flat page"
  }
},
{
  "model": "auth.permission",
  "pk": 20,
  "fields": {
    "content_type": 7,
    "codename": "change_flatpage",
    "name": "Can change flat page"
  }
},
{
  "model": "auth.permission",
  "pk": 21,
  "fields": {
    "content_type": 7,
    "codename": "delete_flatpage",
    "name": "Can delete flat page"
  }
},
{
  "model": "auth.permission",
  "pk": 22,
  "fields": {
    "content_type": 8,
    "codename": "add_corsmodel",
    "name": "Can add cors model"
  }
},
{
  "model": "auth.permission",
  "pk": 23,
  "fields": {
    "content_type": 8,
    "codename": "change_corsmodel",
    "name": "Can change cors model"
  }
},
{
  "model": "auth.permission",
  "pk": 24,
  "fields": {
    "content_type": 8,
    "codename": "delete_corsmodel",
    "name": "Can delete cors model"
  }
},
{
  "model": "auth.permission",
  "pk": 25,
  "fields": {
    "content_type": 9,
    "codename": "add_currency",
    "name": "Can add currency"
  }
},
{
  "model": "auth.permission",
  "pk": 26,
  "fields": {
    "content_type": 9,
    "codename": "change_currency",
    "name": "Can change currency"
  }
},
{
  "model": "auth.permission",
  "pk": 27,
  "fields": {
    "content_type": 9,
    "codename": "delete_currency",
    "name": "Can delete currency"
  }
},
{
  "model": "auth.permission",
  "pk": 28,
  "fields": {
    "content_type": 10,
    "codename": "add_category",
    "name": "Can add category"
  }
},
{
  "model": "auth.permission",
  "pk": 29,
  "fields": {
    "content_type": 10,
    "codename": "change_category",
    "name": "Can change category"
  }
},
{
  "model": "auth.permission",
  "pk": 30,
  "fields": {
    "content_type": 10,
    "codename": "delete_category",
    "name": "Can delete category"
  }
},
{
  "model": "auth.permission",
  "pk": 31,
  "fields": {
    "content_type": 11,
    "codename": "add_phonenumbertype",
    "name": "Can add phone number type"
  }
},
{
  "model": "auth.permission",
  "pk": 32,
  "fields": {
    "content_type": 11,
    "codename": "change_phonenumbertype",
    "name": "Can change phone number type"
  }
},
{
  "model": "auth.permission",
  "pk": 33,
  "fields": {
    "content_type": 11,
    "codename": "delete_phonenumbertype",
    "name": "Can delete phone number type"
  }
},
{
  "model": "auth.permission",
  "pk": 34,
  "fields": {
    "content_type": 12,
    "codename": "add_phonenumber",
    "name": "Can add phone number"
  }
},
{
  "model": "auth.permission",
  "pk": 35,
  "fields": {
    "content_type": 12,
    "codename": "change_phonenumber",
    "name": "Can change phone number"
  }
},
{
  "model": "auth.permission",
  "pk": 36,
  "fields": {
    "content_type": 12,
    "codename": "delete_phonenumber",
    "name": "Can delete phone number"
  }
},
{
  "model": "auth.permission",
  "pk": 37,
  "fields": {
    "content_type": 13,
    "codename": "add_addresstype",
    "name": "Can add address type"
  }
},
{
  "model": "auth.permission",
  "pk": 38,
  "fields": {
    "content_type": 13,
    "codename": "change_addresstype",
    "name": "Can change address type"
  }
},
{
  "model": "auth.permission",
  "pk": 39,
  "fields": {
    "content_type": 13,
    "codename": "delete_addresstype",
    "name": "Can delete address type"
  }
},
{
  "model": "auth.permission",
  "pk": 40,
  "fields": {
    "content_type": 14,
    "codename": "add_address",
    "name": "Can add address"
  }
},
{
  "model": "auth.permission",
  "pk": 41,
  "fields": {
    "content_type": 14,
    "codename": "change_address",
    "name": "Can change address"
  }
},
{
  "model": "auth.permission",
  "pk": 42,
  "fields": {
    "content_type": 14,
    "codename": "delete_address",
    "name": "Can delete address"
  }
},
{
  "model": "auth.permission",
  "pk": 43,
  "fields": {
    "content_type": 15,
    "codename": "add_emailtype",
    "name": "Can add email type"
  }
},
{
  "model": "auth.permission",
  "pk": 44,
  "fields": {
    "content_type": 15,
    "codename": "change_emailtype",
    "name": "Can change email type"
  }
},
{
  "model": "auth.permission",
  "pk": 45,
  "fields": {
    "content_type": 15,
    "codename": "delete_emailtype",
    "name": "Can delete email type"
  }
},
{
  "model": "auth.permission",
  "pk": 46,
  "fields": {
    "content_type": 16,
    "codename": "add_email",
    "name": "Can add email"
  }
},
{
  "model": "auth.permission",
  "pk": 47,
  "fields": {
    "content_type": 16,
    "codename": "change_email",
    "name": "Can change email"
  }
},
{
  "model": "auth.permission",
  "pk": 48,
  "fields": {
    "content_type": 16,
    "codename": "delete_email",
    "name": "Can delete email"
  }
},
{
  "model": "auth.permission",
  "pk": 49,
  "fields": {
    "content_type": 17,
    "codename": "add_state",
    "name": "Can add state"
  }
},
{
  "model": "auth.permission",
  "pk": 50,
  "fields": {
    "content_type": 17,
    "codename": "change_state",
    "name": "Can change state"
  }
},
{
  "model": "auth.permission",
  "pk": 51,
  "fields": {
    "content_type": 17,
    "codename": "delete_state",
    "name": "Can delete state"
  }
},
{
  "model": "auth.permission",
  "pk": 52,
  "fields": {
    "content_type": 18,
    "codename": "add_country",
    "name": "Can add country"
  }
},
{
  "model": "auth.permission",
  "pk": 53,
  "fields": {
    "content_type": 18,
    "codename": "change_country",
    "name": "Can change country"
  }
},
{
  "model": "auth.permission",
  "pk": 54,
  "fields": {
    "content_type": 18,
    "codename": "delete_country",
    "name": "Can delete country"
  }
},
{
  "model": "auth.permission",
  "pk": 55,
  "fields": {
    "content_type": 19,
    "codename": "add_locationlevel",
    "name": "Can add location level"
  }
},
{
  "model": "auth.permission",
  "pk": 56,
  "fields": {
    "content_type": 19,
    "codename": "change_locationlevel",
    "name": "Can change location level"
  }
},
{
  "model": "auth.permission",
  "pk": 57,
  "fields": {
    "content_type": 19,
    "codename": "delete_locationlevel",
    "name": "Can delete location level"
  }
},
{
  "model": "auth.permission",
  "pk": 58,
  "fields": {
    "content_type": 20,
    "codename": "add_locationstatus",
    "name": "Can add location status"
  }
},
{
  "model": "auth.permission",
  "pk": 59,
  "fields": {
    "content_type": 20,
    "codename": "change_locationstatus",
    "name": "Can change location status"
  }
},
{
  "model": "auth.permission",
  "pk": 60,
  "fields": {
    "content_type": 20,
    "codename": "delete_locationstatus",
    "name": "Can delete location status"
  }
},
{
  "model": "auth.permission",
  "pk": 61,
  "fields": {
    "content_type": 21,
    "codename": "add_locationtype",
    "name": "Can add location type"
  }
},
{
  "model": "auth.permission",
  "pk": 62,
  "fields": {
    "content_type": 21,
    "codename": "change_locationtype",
    "name": "Can change location type"
  }
},
{
  "model": "auth.permission",
  "pk": 63,
  "fields": {
    "content_type": 21,
    "codename": "delete_locationtype",
    "name": "Can delete location type"
  }
},
{
  "model": "auth.permission",
  "pk": 64,
  "fields": {
    "content_type": 22,
    "codename": "add_location",
    "name": "Can add location"
  }
},
{
  "model": "auth.permission",
  "pk": 65,
  "fields": {
    "content_type": 22,
    "codename": "change_location",
    "name": "Can change location"
  }
},
{
  "model": "auth.permission",
  "pk": 66,
  "fields": {
    "content_type": 22,
    "codename": "delete_location",
    "name": "Can delete location"
  }
},
{
  "model": "auth.permission",
  "pk": 67,
  "fields": {
    "content_type": 23,
    "codename": "add_role",
    "name": "Can add role"
  }
},
{
  "model": "auth.permission",
  "pk": 68,
  "fields": {
    "content_type": 23,
    "codename": "change_role",
    "name": "Can change role"
  }
},
{
  "model": "auth.permission",
  "pk": 69,
  "fields": {
    "content_type": 23,
    "codename": "delete_role",
    "name": "Can delete role"
  }
},
{
  "model": "auth.permission",
  "pk": 70,
  "fields": {
    "content_type": 24,
    "codename": "add_proxyrole",
    "name": "Can add proxy role"
  }
},
{
  "model": "auth.permission",
  "pk": 71,
  "fields": {
    "content_type": 24,
    "codename": "change_proxyrole",
    "name": "Can change proxy role"
  }
},
{
  "model": "auth.permission",
  "pk": 72,
  "fields": {
    "content_type": 24,
    "codename": "delete_proxyrole",
    "name": "Can delete proxy role"
  }
},
{
  "model": "auth.permission",
  "pk": 73,
  "fields": {
    "content_type": 25,
    "codename": "add_personstatus",
    "name": "Can add person status"
  }
},
{
  "model": "auth.permission",
  "pk": 74,
  "fields": {
    "content_type": 25,
    "codename": "change_personstatus",
    "name": "Can change person status"
  }
},
{
  "model": "auth.permission",
  "pk": 75,
  "fields": {
    "content_type": 25,
    "codename": "delete_personstatus",
    "name": "Can delete person status"
  }
},
{
  "model": "auth.permission",
  "pk": 76,
  "fields": {
    "content_type": 26,
    "codename": "add_person",
    "name": "Can add person"
  }
},
{
  "model": "auth.permission",
  "pk": 77,
  "fields": {
    "content_type": 26,
    "codename": "change_person",
    "name": "Can change person"
  }
},
{
  "model": "auth.permission",
  "pk": 78,
  "fields": {
    "content_type": 26,
    "codename": "delete_person",
    "name": "Can delete person"
  }
},
{
  "model": "auth.permission",
  "pk": 79,
  "fields": {
    "content_type": 27,
    "codename": "add_locale",
    "name": "Can add locale"
  }
},
{
  "model": "auth.permission",
  "pk": 80,
  "fields": {
    "content_type": 27,
    "codename": "change_locale",
    "name": "Can change locale"
  }
},
{
  "model": "auth.permission",
  "pk": 81,
  "fields": {
    "content_type": 27,
    "codename": "delete_locale",
    "name": "Can delete locale"
  }
},
{
  "model": "auth.permission",
  "pk": 82,
  "fields": {
    "content_type": 28,
    "codename": "add_translation",
    "name": "Can add translation"
  }
},
{
  "model": "auth.permission",
  "pk": 83,
  "fields": {
    "content_type": 28,
    "codename": "change_translation",
    "name": "Can change translation"
  }
},
{
  "model": "auth.permission",
  "pk": 84,
  "fields": {
    "content_type": 28,
    "codename": "delete_translation",
    "name": "Can delete translation"
  }
},
{
  "model": "auth.permission",
  "pk": 85,
  "fields": {
    "content_type": 29,
    "codename": "add_tester",
    "name": "Can add tester"
  }
},
{
  "model": "auth.permission",
  "pk": 86,
  "fields": {
    "content_type": 29,
    "codename": "change_tester",
    "name": "Can change tester"
  }
},
{
  "model": "auth.permission",
  "pk": 87,
  "fields": {
    "content_type": 29,
    "codename": "delete_tester",
    "name": "Can delete tester"
  }
},
{
  "model": "auth.permission",
  "pk": 88,
  "fields": {
    "content_type": 30,
    "codename": "add_mainsetting",
    "name": "Can add main setting"
  }
},
{
  "model": "auth.permission",
  "pk": 89,
  "fields": {
    "content_type": 30,
    "codename": "change_mainsetting",
    "name": "Can change main setting"
  }
},
{
  "model": "auth.permission",
  "pk": 90,
  "fields": {
    "content_type": 30,
    "codename": "delete_mainsetting",
    "name": "Can delete main setting"
  }
},
{
  "model": "auth.permission",
  "pk": 91,
  "fields": {
    "content_type": 31,
    "codename": "add_customsetting",
    "name": "Can add custom setting"
  }
},
{
  "model": "auth.permission",
  "pk": 92,
  "fields": {
    "content_type": 31,
    "codename": "change_customsetting",
    "name": "Can change custom setting"
  }
},
{
  "model": "auth.permission",
  "pk": 93,
  "fields": {
    "content_type": 31,
    "codename": "delete_customsetting",
    "name": "Can delete custom setting"
  }
},
{
  "model": "auth.permission",
  "pk": 94,
  "fields": {
    "content_type": 32,
    "codename": "add_workorderstatus",
    "name": "Can add work order status"
  }
},
{
  "model": "auth.permission",
  "pk": 95,
  "fields": {
    "content_type": 32,
    "codename": "change_workorderstatus",
    "name": "Can change work order status"
  }
},
{
  "model": "auth.permission",
  "pk": 96,
  "fields": {
    "content_type": 32,
    "codename": "delete_workorderstatus",
    "name": "Can delete work order status"
  }
},
{
  "model": "auth.permission",
  "pk": 97,
  "fields": {
    "content_type": 33,
    "codename": "add_workorder",
    "name": "Can add work order"
  }
},
{
  "model": "auth.permission",
  "pk": 98,
  "fields": {
    "content_type": 33,
    "codename": "change_workorder",
    "name": "Can change work order"
  }
},
{
  "model": "auth.permission",
  "pk": 99,
  "fields": {
    "content_type": 33,
    "codename": "delete_workorder",
    "name": "Can delete work order"
  }
},
{
  "model": "auth.group",
  "pk": 1,
  "fields": {
    "permissions": [],
    "name": "region-role"
  }
},
{
  "model": "auth.group",
  "pk": 2,
  "fields": {
    "permissions": [],
    "name": "district-role"
  }
},
{
  "model": "auth.group",
  "pk": 3,
  "fields": {
    "permissions": [],
    "name": "district_lp-role"
  }
},
{
  "model": "auth.group",
  "pk": 4,
  "fields": {
    "permissions": [],
    "name": "store-role"
  }
},
{
  "model": "auth.group",
  "pk": 5,
  "fields": {
    "permissions": [],
    "name": "department-role"
  }
},
{
  "model": "person.role",
  "pk": "6b4327a9-e9e8-4cdc-9ccb-f38e19aab00c",
  "fields": {
    "default_accept_notify": true,
    "created": "2015-08-31T20:16:25.787Z",
    "inv_autoapprove": false,
    "default_auth_currency": "a6081470-e46a-4a11-8bfb-b3694e38cada",
    "password_min_length": 6,
    "tabs": "",
    "dashboad_text": "",
    "deleted": null,
    "password_expire_alert": true,
    "allow_approval": false,
    "modified": "2015-08-31T20:16:25.787Z",
    "name": "district-role",
    "wo_allow_backdate": false,
    "create_all": false,
    "msg_copy_default": false,
    "inv_options": "new",
    "inv_wo_status": null,
    "default_accept_assign": true,
    "wo_days_backdate": null,
    "password_char_types": "oHXeAJfgpoHuqFPvHyPFbweNMbnlPptUSWKtGmdagjNRrqQMAQLaVdelvMTnWNsvQarGrEehnpuHgRpZaerhxuSfxrlTRHIDFPmk",
    "inv_req_attach": true,
    "inv_wait": null,
    "wo_show_inactive": false,
    "inv_max_approval_amount": 0,
    "msg_viewall": false,
    "wo_edit_closeout": false,
    "msg_address": false,
    "default_auth_amount": "0.0000",
    "dashboad_links": "",
    "wo_show_tkt_attach": false,
    "proxy_approval_bypass": false,
    "modules": "",
    "msg_copy_email": false,
    "msg_stored_link": false,
    "proxy_set": false,
    "wo_notes": false,
    "accept_assign": false,
    "group": 2,
    "password_history_length": null,
    "password_expire": null,
    "role_type": "Internal",
    "location_level": "d201f5e3-995f-496d-bd4f-4acca9509d8b",
    "inv_select_assign": "all",
    "inv_max_approval_currency": "usd",
    "inv_close_wo": "Do not display",
    "accept_notify": false
  }
},
{
  "model": "person.role",
  "pk": "703e0160-d08c-4de3-993d-7df02f9f2c2c",
  "fields": {
    "default_accept_notify": true,
    "created": "2015-08-31T20:16:25.793Z",
    "inv_autoapprove": false,
    "default_auth_currency": "a6081470-e46a-4a11-8bfb-b3694e38cada",
    "password_min_length": 6,
    "tabs": "",
    "dashboad_text": "",
    "deleted": null,
    "password_expire_alert": true,
    "allow_approval": false,
    "modified": "2015-08-31T20:16:25.793Z",
    "name": "district_lp-role",
    "wo_allow_backdate": false,
    "create_all": false,
    "msg_copy_default": false,
    "inv_options": "new",
    "inv_wo_status": null,
    "default_accept_assign": true,
    "wo_days_backdate": null,
    "password_char_types": "EjNhfwlmghHNccJBLIRLCmqgoKTqyijswefTryuiWPufJgOxTreeiBdCOCbWGYjHfdLejYABluqGWHaosxfKkHPdxGoCmTeiOlUa",
    "inv_req_attach": true,
    "inv_wait": null,
    "wo_show_inactive": false,
    "inv_max_approval_amount": 0,
    "msg_viewall": false,
    "wo_edit_closeout": false,
    "msg_address": false,
    "default_auth_amount": "0.0000",
    "dashboad_links": "",
    "wo_show_tkt_attach": false,
    "proxy_approval_bypass": false,
    "modules": "",
    "msg_copy_email": false,
    "msg_stored_link": false,
    "proxy_set": false,
    "wo_notes": false,
    "accept_assign": false,
    "group": 3,
    "password_history_length": null,
    "password_expire": null,
    "role_type": "Internal",
    "location_level": "a749c5ea-822e-4885-84ca-bd9c7ef5a2c3",
    "inv_select_assign": "all",
    "inv_max_approval_currency": "usd",
    "inv_close_wo": "Do not display",
    "accept_notify": false
  }
},
{
  "model": "person.role",
  "pk": "7c4cab09-b586-46c1-a70c-bcbf3d4968e2",
  "fields": {
    "default_accept_notify": true,
    "created": "2015-08-31T20:16:25.804Z",
    "inv_autoapprove": false,
    "default_auth_currency": "a6081470-e46a-4a11-8bfb-b3694e38cada",
    "password_min_length": 6,
    "tabs": "",
    "dashboad_text": "",
    "deleted": null,
    "password_expire_alert": true,
    "allow_approval": false,
    "modified": "2015-08-31T20:16:25.804Z",
    "name": "department-role",
    "wo_allow_backdate": false,
    "create_all": false,
    "msg_copy_default": false,
    "inv_options": "new",
    "inv_wo_status": null,
    "default_accept_assign": true,
    "wo_days_backdate": null,
    "password_char_types": "BPylJKcsCpjKntRdIPbhqCIGVDxVoscZoEuSJOWKGUYwHyAKRKyFWbxNQmjUphTGUMdRZPLDUYqwEBVGxWBJExzmQTnAmWhlDgMd",
    "inv_req_attach": true,
    "inv_wait": null,
    "wo_show_inactive": false,
    "inv_max_approval_amount": 0,
    "msg_viewall": false,
    "wo_edit_closeout": false,
    "msg_address": false,
    "default_auth_amount": "0.0000",
    "dashboad_links": "",
    "wo_show_tkt_attach": false,
    "proxy_approval_bypass": false,
    "modules": "",
    "msg_copy_email": false,
    "msg_stored_link": false,
    "proxy_set": false,
    "wo_notes": false,
    "accept_assign": false,
    "group": 5,
    "password_history_length": null,
    "password_expire": null,
    "role_type": "Internal",
    "location_level": "9d7edcf0-4449-4d29-91b0-e7554335f14c",
    "inv_select_assign": "all",
    "inv_max_approval_currency": "usd",
    "inv_close_wo": "Do not display",
    "accept_notify": false
  }
},
{
  "model": "person.role",
  "pk": "be66ae00-53b7-4ce0-8f58-a53cfc6ead9b",
  "fields": {
    "default_accept_notify": true,
    "created": "2015-08-31T20:16:25.798Z",
    "inv_autoapprove": false,
    "default_auth_currency": "a6081470-e46a-4a11-8bfb-b3694e38cada",
    "password_min_length": 6,
    "tabs": "",
    "dashboad_text": "",
    "deleted": null,
    "password_expire_alert": true,
    "allow_approval": false,
    "modified": "2015-08-31T20:16:25.798Z",
    "name": "store-role",
    "wo_allow_backdate": false,
    "create_all": false,
    "msg_copy_default": false,
    "inv_options": "new",
    "inv_wo_status": null,
    "default_accept_assign": true,
    "wo_days_backdate": null,
    "password_char_types": "mmsCfKOsJIKwbYkSBLLCZbsIDgivVxZDtDvcSUmPDGvuBkMWmjYZWCpbzDTgGgRoFIHXiAAHwgKFiXDUtAgfjbKUaBDLURtYfKkx",
    "inv_req_attach": true,
    "inv_wait": null,
    "wo_show_inactive": false,
    "inv_max_approval_amount": 0,
    "msg_viewall": false,
    "wo_edit_closeout": false,
    "msg_address": false,
    "default_auth_amount": "0.0000",
    "dashboad_links": "",
    "wo_show_tkt_attach": false,
    "proxy_approval_bypass": false,
    "modules": "",
    "msg_copy_email": false,
    "msg_stored_link": false,
    "proxy_set": false,
    "wo_notes": false,
    "accept_assign": false,
    "group": 4,
    "password_history_length": null,
    "password_expire": null,
    "role_type": "Internal",
    "location_level": "03f52c6a-a153-4b77-ab2d-e59e09bd587a",
    "inv_select_assign": "all",
    "inv_max_approval_currency": "usd",
    "inv_close_wo": "Do not display",
    "accept_notify": false
  }
},
{
  "model": "person.role",
  "pk": "ce818f71-4d91-433d-89c3-5173e91140b6",
  "fields": {
    "default_accept_notify": true,
    "created": "2015-08-31T20:16:25.781Z",
    "inv_autoapprove": false,
    "default_auth_currency": "a6081470-e46a-4a11-8bfb-b3694e38cada",
    "password_min_length": 6,
    "tabs": "",
    "dashboad_text": "",
    "deleted": null,
    "password_expire_alert": true,
    "allow_approval": false,
    "modified": "2015-08-31T20:16:25.781Z",
    "name": "region-role",
    "wo_allow_backdate": false,
    "create_all": false,
    "msg_copy_default": false,
    "inv_options": "new",
    "inv_wo_status": null,
    "default_accept_assign": true,
    "wo_days_backdate": null,
    "password_char_types": "pMYENNYLtqXILmxrvJVLxTGcRZvqGsoNhIvZmoVmfLoucxGIErjvQbwcuIhNkyXVsBYVFWNvodMxrkBwfQkWNtdXbbBYyTleVhLe",
    "inv_req_attach": true,
    "inv_wait": null,
    "wo_show_inactive": false,
    "inv_max_approval_amount": 0,
    "msg_viewall": false,
    "wo_edit_closeout": false,
    "msg_address": false,
    "default_auth_amount": "0.0000",
    "dashboad_links": "",
    "wo_show_tkt_attach": false,
    "proxy_approval_bypass": false,
    "modules": "",
    "msg_copy_email": false,
    "msg_stored_link": false,
    "proxy_set": false,
    "wo_notes": false,
    "accept_assign": false,
    "group": 1,
    "password_history_length": null,
    "password_expire": null,
    "role_type": "Internal",
    "location_level": "82d7aa97-05bf-4b5c-b749-d17392c642d3",
    "inv_select_assign": "all",
    "inv_max_approval_currency": "usd",
    "inv_close_wo": "Do not display",
    "accept_notify": false
  }
},
{
  "model": "person.person",
  "pk": "0469f072-4a6a-4223-9c5d-610ba1f803dd",
  "fields": {
    "groups": [
      3
    ],
    "created": "2015-08-31T20:16:26.160Z",
    "is_staff": false,
    "middle_initial": null,
    "user_permissions": [],
    "auth_amount": "0.0000",
    "proxy_status": null,
    "auth_currency": "a6081470-e46a-4a11-8bfb-b3694e38cada",
    "accept_assign": true,
    "is_superuser": false,
    "locations": [],
    "employee_id": null,
    "deleted": null,
    "is_active": true,
    "password_expire": null,
    "username": "culpa",
    "modified": "2015-08-31T20:16:26.160Z",
    "proxy_user": null,
    "first_name": "culpa",
    "email": "",
    "title": null,
    "next_approver": null,
    "proxy_end_date": null,
    "password": "KzfWbsyGWASBvBimvGUtUUXyFqxTewNuUqbQaRfEJutRdVWswwUjMGMkawzjHqBGjytGUhPbceMrPomnawmRBxpJvfsQIJEWZAAJPBEZIgWOhyoeVGZyuEGwviVwZFBk",
    "date_joined": "2015-08-31T20:16:26.156Z",
    "proxy_start_date": null,
    "last_name": "",
    "role": "703e0160-d08c-4de3-993d-7df02f9f2c2c",
    "status": "2031ba59-738f-4329-be22-3c162f1ae668",
    "locale": null,
    "last_login": null,
    "accept_notify": true,
    "password_one_time": null,
    "password_change": "GVLIIqmdDDjXmYDecOwIhPxdONTIhMKRNXYfqsFgtCJlcBEROmkfoeJXdTMgjeKWIuXGrPSgSpcLdaHJAtVXoHmIhFoiedYejzFBSgGgDCiYVktuAFtShbzNDUGOwdbvzTirYLRHkmfxoPRVJiTwmFoILsZtIASJKqOmayJUzXnrLpfZxEjHHbcReEQopOeDoepHxoSUTkgsXjWbRaeDmhsIZIyjuUZvRpTPNLlYubGZGJrFDeVLNBictoPMrEsRJOfjSnJJwCFxzMkiNAuZedlKPWdWYDyQVUFmejjKEEqX"
  }
},
{
  "model": "person.person",
  "pk": "1eaba50f-3c70-4b8f-bdcf-b4b0c1e19a65",
  "fields": {
    "groups": [
      3
    ],
    "created": "2015-08-31T20:16:25.925Z",
    "is_staff": false,
    "middle_initial": null,
    "user_permissions": [],
    "auth_amount": "0.0000",
    "proxy_status": null,
    "auth_currency": "a6081470-e46a-4a11-8bfb-b3694e38cada",
    "accept_assign": true,
    "is_superuser": false,
    "locations": [],
    "employee_id": null,
    "deleted": null,
    "is_active": true,
    "password_expire": null,
    "username": "do",
    "modified": "2015-08-31T20:16:25.925Z",
    "proxy_user": null,
    "first_name": "do",
    "email": "",
    "title": null,
    "next_approver": null,
    "proxy_end_date": null,
    "password": "lLprTOATvuRfGbihkIuFAXjSejsgNtlOradJqTGpMSXEWpLjlIjjlHyvxZnkTZPsVpJZbHRvvpCttnJBpDgSDFRisFvFAFXfaecdIIQKwhFMGnlNhivUgNLUYTMRvvUk",
    "date_joined": "2015-08-31T20:16:25.922Z",
    "proxy_start_date": null,
    "last_name": "",
    "role": "703e0160-d08c-4de3-993d-7df02f9f2c2c",
    "status": "2031ba59-738f-4329-be22-3c162f1ae668",
    "locale": null,
    "last_login": null,
    "accept_notify": true,
    "password_one_time": null,
    "password_change": "HpyQHjYjgOJEZgwHtlDAhtbStPEXUlwmPKgZKyedUWfHkyxWviaAkUSRfsexWXtKfSMsRyfZhxDZwIlvFnrADTwVZCfCarBLzrcBhpXkrUHHpYEwiPQIMnMzvxOVDiFzuXYRVboPzSVupaWmaBglUpgxWzrOpxXKHDHjOAMTxhIkHumywnZkkbfUveOaBqPwOFJFTfmOXSjMSSPaihEgthLvWhqIONKEhaaCPeiSdOHdnJlGDSlgxhgEbwWDwbLIwsHuRNRTJmbwpCUYAgEhIyJpqKBpyWhZGauDLCSUBzxE"
  }
},
{
  "model": "person.person",
  "pk": "20caff7b-33d6-4cf2-86f1-cac03ad42c36",
  "fields": {
    "groups": [
      5
    ],
    "created": "2015-08-31T20:16:26.041Z",
    "is_staff": false,
    "middle_initial": null,
    "user_permissions": [],
    "auth_amount": "0.0000",
    "proxy_status": null,
    "auth_currency": "a6081470-e46a-4a11-8bfb-b3694e38cada",
    "accept_assign": true,
    "is_superuser": false,
    "locations": [],
    "employee_id": null,
    "deleted": null,
    "is_active": true,
    "password_expire": null,
    "username": "aute",
    "modified": "2015-08-31T20:16:26.041Z",
    "proxy_user": null,
    "first_name": "aute",
    "email": "",
    "title": null,
    "next_approver": null,
    "proxy_end_date": null,
    "password": "fklahZMTEIlrHvWmlvlTlfOWRLdmDdXREhpemMInPrHQwLkvlXyXbHyeoXElDLJppKJuCWLJFHriqELdDmjKvHNiOxMKSAQRkDBbZWtYhnXbEkmQCYfeIjueLAlJZtpj",
    "date_joined": "2015-08-31T20:16:26.038Z",
    "proxy_start_date": null,
    "last_name": "",
    "role": "7c4cab09-b586-46c1-a70c-bcbf3d4968e2",
    "status": "2031ba59-738f-4329-be22-3c162f1ae668",
    "locale": null,
    "last_login": null,
    "accept_notify": true,
    "password_one_time": null,
    "password_change": "VqxNLuqgtvrfbWxdkLyALwNMSpgiiLbjLOVioISbKhwVIeThsvtmqagTyTQPrBHPXkyddXtnHdNpNPAnHVhVNsVhESrjJPJVQIIaipuyfkZoYDWmDUjsDaifaCpeVYQfuFvpuvkhqPwDWSDfcZmMCBJIVVbElHWFKrUQkPsIDvogsMgPcewXsCExQihAFOtLHYYwieXiBLCqlhJigXAxugvDDHADIoALSqGVOOiUAlboITQGEVQIxZvRXrZHupTclFHGrJhoPelDkxKCuRXjvfozkAVLZDfDdtUeNtyFJgKm"
  }
},
{
  "model": "person.person",
  "pk": "2724828e-c93f-4f70-9e59-2fe1fc8392f6",
  "fields": {
    "groups": [
      1
    ],
    "created": "2015-08-31T20:16:26.143Z",
    "is_staff": false,
    "middle_initial": null,
    "user_permissions": [],
    "auth_amount": "0.0000",
    "proxy_status": null,
    "auth_currency": "a6081470-e46a-4a11-8bfb-b3694e38cada",
    "accept_assign": true,
    "is_superuser": false,
    "locations": [
      "874c8319-6f8e-4194-9381-c8cd0bb2b570"
    ],
    "employee_id": null,
    "deleted": null,
    "is_active": true,
    "password_expire": null,
    "username": "ipsum",
    "modified": "2015-08-31T20:16:26.143Z",
    "proxy_user": null,
    "first_name": "ipsum",
    "email": "",
    "title": null,
    "next_approver": null,
    "proxy_end_date": null,
    "password": "sUwJwXCpBXPsOjashkVgpYipCXlphUBDBzgdfjrUNoeTlpEvyzCOGpLemzxcjHUTNzYtpmXZuQITxXemfFDlWVMjXOlDnYwBWPhokTRFBUMeWHILlrWmrTCaQPQPxyHI",
    "date_joined": "2015-08-31T20:16:26.139Z",
    "proxy_start_date": null,
    "last_name": "",
    "role": "ce818f71-4d91-433d-89c3-5173e91140b6",
    "status": "2031ba59-738f-4329-be22-3c162f1ae668",
    "locale": null,
    "last_login": null,
    "accept_notify": true,
    "password_one_time": null,
    "password_change": "GXvqBzGPBjTkZbBzllysuyjVFkbTGkAbSZSHTCcUdBlsZVORFeQLCdhlLzATHlGpKYvgTrfJsPOOLshCDMuswdlGWCmxJgzgHuipSkNWcQZOwomMgZArlLNWolizotywIeJXbPwvCAaJPzjREVNcsFbapZllcvTsBvMJNBWsrQGzdBvCMSjioubVZjFyuwsKTKqJdOqnfslGdhtBKWZcbPefKXzmVEkWktWLkCQcJHCOgmRLffLyoGRaxVJYtSgRHdgrVWihPwxPJogQPpSARcCEhoojreuNDsSMEcDDQJXG"
  }
},
{
  "model": "person.person",
  "pk": "4529a05d-806d-4e31-8507-aeb5ef35b328",
  "fields": {
    "groups": [
      4
    ],
    "created": "2015-08-31T20:16:25.972Z",
    "is_staff": false,
    "middle_initial": null,
    "user_permissions": [],
    "auth_amount": "0.0000",
    "proxy_status": null,
    "auth_currency": "a6081470-e46a-4a11-8bfb-b3694e38cada",
    "accept_assign": true,
    "is_superuser": false,
    "locations": [
      "d7de640e-5d81-4426-85f7-7ca67b2a6b91",
      "4d86aaab-459a-4fd2-b8ec-998f532ef525"
    ],
    "employee_id": null,
    "deleted": null,
    "is_active": true,
    "password_expire": null,
    "username": "amet,",
    "modified": "2015-08-31T20:16:25.972Z",
    "proxy_user": null,
    "first_name": "amet,",
    "email": "",
    "title": null,
    "next_approver": null,
    "proxy_end_date": null,
    "password": "BSKrPUAdaWiLjufZUodfaUmFCyahPnVyHPicFEgMRXNUwBzNpUWDegjbQUhtlYsliYYPxCGjcQKSdPOCncOKgaaHWfCzouMUmjeDzJbJyEFXdgiUOhAHsEdddQXffPjU",
    "date_joined": "2015-08-31T20:16:25.969Z",
    "proxy_start_date": null,
    "last_name": "",
    "role": "be66ae00-53b7-4ce0-8f58-a53cfc6ead9b",
    "status": "2031ba59-738f-4329-be22-3c162f1ae668",
    "locale": null,
    "last_login": null,
    "accept_notify": true,
    "password_one_time": null,
    "password_change": "XJSTNsPQSGDizmgWMoDpyymOUmYVWvCwHHUKpJhjtrXXJJaHmKNxCzumZznMKWjMqxRQXOOBuBrtVmTwPyaSoACmBgbctAiKVyYWcofsNXlNmewqQyvpGgtcJPVVWbWfgxYQNKsRuGqmkjOYqkbkcZXFFcCbHLvURJTIjhmxhGdbiXANGMyRnFpbFeGVuhnxXegSWdZxitcgJofvjjppXiDkfsnZjDiHxdypycXBKzVPRItDyyxYuuWTTahIIEJqIKNNEqjtqZiyLbnjYYANBAgHdxYGSLXPDoVGpXqnyRjn"
  }
},
{
  "model": "person.person",
  "pk": "4bc890b0-ff2d-4215-ba7c-d4ece38b27db",
  "fields": {
    "groups": [
      3
    ],
    "created": "2015-08-31T20:16:25.935Z",
    "is_staff": false,
    "middle_initial": null,
    "user_permissions": [],
    "auth_amount": "0.0000",
    "proxy_status": null,
    "auth_currency": "a6081470-e46a-4a11-8bfb-b3694e38cada",
    "accept_assign": true,
    "is_superuser": false,
    "locations": [],
    "employee_id": null,
    "deleted": null,
    "is_active": true,
    "password_expire": null,
    "username": "ut",
    "modified": "2015-08-31T20:16:25.935Z",
    "proxy_user": null,
    "first_name": "ut",
    "email": "",
    "title": null,
    "next_approver": null,
    "proxy_end_date": null,
    "password": "lIUHwPmJHgCZSKQWGPjubmguduwpWvsWvlORtWVyqGaXETLEKFBoCCdwtBLnDlBNTLDEswyEdDYMRrwFhSOCFiXWTRZtAjDNMBLPyppJAkJmDgZmPKvQwcNBLeuIpeZm",
    "date_joined": "2015-08-31T20:16:25.931Z",
    "proxy_start_date": null,
    "last_name": "",
    "role": "703e0160-d08c-4de3-993d-7df02f9f2c2c",
    "status": "2031ba59-738f-4329-be22-3c162f1ae668",
    "locale": null,
    "last_login": null,
    "accept_notify": true,
    "password_one_time": null,
    "password_change": "CAZryrnsMiOsntltwygdRIvYyseoHgwggyEBFCnGYqcLlvztiTjCStuxWbWvYjIqDNddJwMNILqJBrHgUnkZgNGnJCNAINYEYAlOobrjBtfsUVxIfkIAzUPftEDDmxLepbxMpEejZaHGzzxiRsQRMgTLBDesrwkZlDMxzsmTreoqyimXrTRwJOmrdeidFzedjiQCkQdqWWTfRAaMBMynpJbiLswGkzgExrAJPBSbucFMgWRLQEtenuLlrHHCiXsLgfvkRHrxSicuLpoIblKsATETEaISKzffsGcaMTtbSgZT"
  }
},
{
  "model": "person.person",
  "pk": "53c0556a-91cc-43df-b11e-3fd1289f10d2",
  "fields": {
    "groups": [
      3
    ],
    "created": "2015-08-31T20:16:26.107Z",
    "is_staff": false,
    "middle_initial": null,
    "user_permissions": [],
    "auth_amount": "0.0000",
    "proxy_status": null,
    "auth_currency": "a6081470-e46a-4a11-8bfb-b3694e38cada",
    "accept_assign": true,
    "is_superuser": false,
    "locations": [],
    "employee_id": null,
    "deleted": null,
    "is_active": true,
    "password_expire": null,
    "username": "dolore",
    "modified": "2015-08-31T20:16:26.107Z",
    "proxy_user": null,
    "first_name": "dolore",
    "email": "",
    "title": null,
    "next_approver": null,
    "proxy_end_date": null,
    "password": "CKPmJfhfNWnRYSkzQKBgIcfajidmFzdOvDhhtcxcKSoOCNVcCUkDalhZayPzfzzmSOCtYXFIRtWpnHqxOymnurzaicxDPjxhkFuhXTdqupppxBnsAAhHHzdhwPZllZar",
    "date_joined": "2015-08-31T20:16:26.104Z",
    "proxy_start_date": null,
    "last_name": "",
    "role": "703e0160-d08c-4de3-993d-7df02f9f2c2c",
    "status": "2031ba59-738f-4329-be22-3c162f1ae668",
    "locale": null,
    "last_login": null,
    "accept_notify": true,
    "password_one_time": null,
    "password_change": "qIODnasnUTKymRFEXGzpDubDOctpZnhforupfpbhBDwgTQWEjaSCqzFkOFTJasfKGAmRxGHzTzdPzwVhbhbfErYIDUFgJocdNDiuYtOYHYoaTBzorHBLTfxahQrPZnhJnKJomWVYBQJPxkdEZLjHsTeEnkrjIUKlBaUXXpWsJgoIAfuwAogdzDjoHiILbhCSJVdGJnhyERPUgZCMfMmdLDyddRxcfcsZoNdXKiZCfArDZYHrfpnOCmznhjhWRQwPViiNblDJJMeOfoFTnmNOVsWoYwyZQzuRrGzbeVimBcbd"
  }
},
{
  "model": "person.person",
  "pk": "58f2db53-6afc-4d77-be61-94f98999a4ce",
  "fields": {
    "groups": [
      2
    ],
    "created": "2015-08-31T20:16:25.890Z",
    "is_staff": false,
    "middle_initial": null,
    "user_permissions": [],
    "auth_amount": "0.0000",
    "proxy_status": null,
    "auth_currency": "a6081470-e46a-4a11-8bfb-b3694e38cada",
    "accept_assign": true,
    "is_superuser": false,
    "locations": [
      "0f057a76-78d9-45a9-9ddd-0bd708c33e0a",
      "1b29ab9b-d5ea-4216-928c-b55a4e783cb7"
    ],
    "employee_id": null,
    "deleted": null,
    "is_active": true,
    "password_expire": null,
    "username": "eiusmod",
    "modified": "2015-08-31T20:16:25.890Z",
    "proxy_user": null,
    "first_name": "eiusmod",
    "email": "",
    "title": null,
    "next_approver": null,
    "proxy_end_date": null,
    "password": "VNZfgAQZifxbMdnPSspcBlaQNGvDCjqORZuVHxZSxArodNtGAxUZRvunrNPKtYOpSMhlxgiOqgcFxfNPexMjXiGLqoAurKOUsvfmGmpUKZKXQWYlStNjyEDxoxUhmcCc",
    "date_joined": "2015-08-31T20:16:25.885Z",
    "proxy_start_date": null,
    "last_name": "",
    "role": "6b4327a9-e9e8-4cdc-9ccb-f38e19aab00c",
    "status": "2031ba59-738f-4329-be22-3c162f1ae668",
    "locale": null,
    "last_login": null,
    "accept_notify": true,
    "password_one_time": null,
    "password_change": "lCKyZRRkDWdblYZEqQjpZduLSColUjtyPDuXrrhBMiRsDolsEhErkXgwvbanYPaqFvNaxdLBRxtbzyvxUgUgjihGOoObtGdiwVblrZhGKqTwzJqBHGuZLFcLJKdocNivChjktpuPvRHJKMFNOOCQPzpFvSXwLPMpdbYaGsJHWiIvFuFRoplEldjxDMKUKtSoJRIcOBnNREpsByHLCyCCRtPBJbIMqykeyREOslqRyIqBZJwAJozbKuMQzEGAyMtTsFgpoNFbnCevhmAVENcTtFPzdHjXVrammBHRJnTKZDNu"
  }
},
{
  "model": "person.person",
  "pk": "5d52e956-4f57-41e3-8581-124a1411b166",
  "fields": {
    "groups": [
      2
    ],
    "created": "2015-08-31T20:16:26.063Z",
    "is_staff": false,
    "middle_initial": null,
    "user_permissions": [],
    "auth_amount": "0.0000",
    "proxy_status": null,
    "auth_currency": "a6081470-e46a-4a11-8bfb-b3694e38cada",
    "accept_assign": true,
    "is_superuser": false,
    "locations": [
      "0f057a76-78d9-45a9-9ddd-0bd708c33e0a",
      "1b29ab9b-d5ea-4216-928c-b55a4e783cb7"
    ],
    "employee_id": null,
    "deleted": null,
    "is_active": true,
    "password_expire": null,
    "username": "ea",
    "modified": "2015-08-31T20:16:26.063Z",
    "proxy_user": null,
    "first_name": "ea",
    "email": "",
    "title": null,
    "next_approver": null,
    "proxy_end_date": null,
    "password": "sPBZekPgNfBtOZpePvbJtafzhePWRmsIiYbrAgmkOHfhIGpAiiKrMuIdBwpWrNEzTHerkwPHpNTipsNqjYOlJapZxlVMCURBliupfWdxkxDvzNmjyUPcDQqYXUwNQHDw",
    "date_joined": "2015-08-31T20:16:26.060Z",
    "proxy_start_date": null,
    "last_name": "",
    "role": "6b4327a9-e9e8-4cdc-9ccb-f38e19aab00c",
    "status": "2031ba59-738f-4329-be22-3c162f1ae668",
    "locale": null,
    "last_login": null,
    "accept_notify": true,
    "password_one_time": null,
    "password_change": "nOtPCtWBqURwSaXqfNWoOzorwPnRZVHtxLUwUmjsNEzkyRgFIczrfWzJXMkHUJuiXxAioJNCnFZDpcjvUFkRJIxOwybwBPyuaBknGkDUuHKISletzEWFWNqlVbvwzhhNMwcSvVuSeMgdvAMUMYXZOGinLqozbpaPMYejujFhbLqxUDOLTvNlLfyGTYWBbCMbWZnJyeJbJPnxGZfRqMPbhJyVEghaprOQYUxevZOunWlhAUIAXUHIpoQzjRvwHGGiDiaLHbJGUDUTGVKTUjHjhTuaGAOMOxIKDTOBNTTqHsAr"
  }
},
{
  "model": "person.person",
  "pk": "5ed62f0b-dbd2-40bf-80f9-74667e41eca1",
  "fields": {
    "groups": [
      1
    ],
    "created": "2015-08-31T20:16:26.126Z",
    "is_staff": false,
    "middle_initial": null,
    "user_permissions": [],
    "auth_amount": "0.0000",
    "proxy_status": null,
    "auth_currency": "a6081470-e46a-4a11-8bfb-b3694e38cada",
    "accept_assign": true,
    "is_superuser": false,
    "locations": [
      "874c8319-6f8e-4194-9381-c8cd0bb2b570"
    ],
    "employee_id": null,
    "deleted": null,
    "is_active": true,
    "password_expire": null,
    "username": "sit",
    "modified": "2015-08-31T20:16:26.126Z",
    "proxy_user": null,
    "first_name": "sit",
    "email": "",
    "title": null,
    "next_approver": null,
    "proxy_end_date": null,
    "password": "cxJeLRVpVSrNuLUWYteGVshQQQvbgIHzazJzftAMClaVfQvwhkvCJGVVpDSCSYtsUObIxCWqteYcRgIxcGJzxmXusOoXLdpaqoDoPsAhdArivlvrxJykFiKDunyTGPGT",
    "date_joined": "2015-08-31T20:16:26.122Z",
    "proxy_start_date": null,
    "last_name": "",
    "role": "ce818f71-4d91-433d-89c3-5173e91140b6",
    "status": "2031ba59-738f-4329-be22-3c162f1ae668",
    "locale": null,
    "last_login": null,
    "accept_notify": true,
    "password_one_time": null,
    "password_change": "TIpTygaSTqdwNocbOzDPTJFuEetMDlQpzBJVISPjkrLDRjiQJhdLluzugTltyozgcmajzfDhrwiMVONLjPhNnomWjaRFSrQVNFhdBkrHhbqDIMKbpSHJcfkVVmcZlcFfhLeTITHOiGEiToyykcJgDvOvxYpZXqCIRJPVKBbzLiaauZhOsZcIYaoKhkXtxQtGgYhCjVVvtvBBzOuotQTxqqXsRfnCBEVETevgdmxWZHSKTexHfxHhkMhWbherYRjZiTbTRBbzEvdLeRKccApycGdJiOhBLQxfTxuCsgeuKqbZ"
  }
},
{
  "model": "person.person",
  "pk": "66160f7e-714c-48d7-9b76-fb3bad6e1026",
  "fields": {
    "groups": [
      3
    ],
    "created": "2015-08-31T20:16:25.915Z",
    "is_staff": false,
    "middle_initial": null,
    "user_permissions": [],
    "auth_amount": "0.0000",
    "proxy_status": null,
    "auth_currency": "a6081470-e46a-4a11-8bfb-b3694e38cada",
    "accept_assign": true,
    "is_superuser": false,
    "locations": [],
    "employee_id": null,
    "deleted": null,
    "is_active": true,
    "password_expire": null,
    "username": "mollit",
    "modified": "2015-08-31T20:16:25.915Z",
    "proxy_user": null,
    "first_name": "mollit",
    "email": "",
    "title": null,
    "next_approver": null,
    "proxy_end_date": null,
    "password": "WFMEnZXXbvspNVTjLNgXNsSEuSUSPmKJsYulatpRxewgrblQfXUhimwZyyaOMDEilGXhfCRxMlPrbCliDfBBIptIBrbAiZVkcApAnaWwVJfSWEDSZcSZGmdFKYuHVNNG",
    "date_joined": "2015-08-31T20:16:25.912Z",
    "proxy_start_date": null,
    "last_name": "",
    "role": "703e0160-d08c-4de3-993d-7df02f9f2c2c",
    "status": "2031ba59-738f-4329-be22-3c162f1ae668",
    "locale": null,
    "last_login": null,
    "accept_notify": true,
    "password_one_time": null,
    "password_change": "osUWCARkLynzuIYaKcOIsCTzenyXovGbXgRakrddlWCbqTRLccFhkWobJbebcqJJdvLGqPkubKqFmDFJRCaehBEsVrlIYFfgzscNJvHrDPRGcxYcMVGYhMeMfNuvZuAeoLoGigYfEMdTTnkpJwfPqLkZCMOrZXjTmwvTxVGRojVZDDjgHQVLWEWTMeCNGSZieyNYBFluKcmNxgWgmHbnTWQuDbnSBKXWlKHvuZEqhtMQfUPMOIXAEtBJDOhJpbWxRrOXsHmdTINNwUOEZCbmAowxdrwzkDUeySaDjLLMBYxt"
  }
},
{
  "model": "person.person",
  "pk": "73a1045f-59f2-4a27-90dd-67ebeed787d5",
  "fields": {
    "groups": [
      1
    ],
    "created": "2015-08-31T20:16:26.018Z",
    "is_staff": false,
    "middle_initial": null,
    "user_permissions": [],
    "auth_amount": "0.0000",
    "proxy_status": null,
    "auth_currency": "a6081470-e46a-4a11-8bfb-b3694e38cada",
    "accept_assign": true,
    "is_superuser": false,
    "locations": [
      "874c8319-6f8e-4194-9381-c8cd0bb2b570"
    ],
    "employee_id": null,
    "deleted": null,
    "is_active": true,
    "password_expire": null,
    "username": "exercitation",
    "modified": "2015-08-31T20:16:26.018Z",
    "proxy_user": null,
    "first_name": "exercitation",
    "email": "",
    "title": null,
    "next_approver": null,
    "proxy_end_date": null,
    "password": "wCFIRKfLkxxDundmjBQNUzseEproPMADbVsHOtsFRNbbxMfjNOPUwOblDGdzpqXUlIQioImQwrhIvgxDCgVRAGCPbSkooIpMGMvyPOPdQxNHiThvLVMjwbEySAwMVbAi",
    "date_joined": "2015-08-31T20:16:26.015Z",
    "proxy_start_date": null,
    "last_name": "",
    "role": "ce818f71-4d91-433d-89c3-5173e91140b6",
    "status": "2031ba59-738f-4329-be22-3c162f1ae668",
    "locale": null,
    "last_login": null,
    "accept_notify": true,
    "password_one_time": null,
    "password_change": "rKnXxPRHOzeLABGeNIikoUbhJqcnuvllRdHUrBzrlGynwFMYRZeNibRcCeMScSVNcepcsoiBfGVkklwhniSCYepSCPLFiXOoBYCxiMVcNcGaxNJTbhqXprIMhRMEiuqpQAxZfYHKcAVyFtISLkhWbfBmqvcvnSsMyUbhAEOMZdugMqbIqINxcoaTrlzKkJODreFNJPJHNCVediWjGlTxOhRFuwmHCknqajhMpdGPoMYmFquRmQKEdDVKgZaRCxDCedODFKSCgiUwEQBjIJUntgZLkTVAVGcOHmvdTVyDNgkA"
  }
},
{
  "model": "person.person",
  "pk": "7b566856-4d69-4078-be89-49862b4986cf",
  "fields": {
    "groups": [
      4
    ],
    "created": "2015-08-31T20:16:25.960Z",
    "is_staff": false,
    "middle_initial": null,
    "user_permissions": [],
    "auth_amount": "0.0000",
    "proxy_status": null,
    "auth_currency": "a6081470-e46a-4a11-8bfb-b3694e38cada",
    "accept_assign": true,
    "is_superuser": false,
    "locations": [
      "d7de640e-5d81-4426-85f7-7ca67b2a6b91",
      "4d86aaab-459a-4fd2-b8ec-998f532ef525"
    ],
    "employee_id": null,
    "deleted": null,
    "is_active": true,
    "password_expire": null,
    "username": "irure",
    "modified": "2015-08-31T20:16:25.960Z",
    "proxy_user": null,
    "first_name": "irure",
    "email": "",
    "title": null,
    "next_approver": null,
    "proxy_end_date": null,
    "password": "UdInWZMAVzWIGVNAUlJJCqxfOQuXmZYGLyGuWDLDFhcvTjUFhivjpPZvaAEJUdllQvCHpyUVqmftNTHhweUFSPTOSnoCYTprNCpohGIAwyVlCSVFGeVmKGxLQBHANpMH",
    "date_joined": "2015-08-31T20:16:25.956Z",
    "proxy_start_date": null,
    "last_name": "",
    "role": "be66ae00-53b7-4ce0-8f58-a53cfc6ead9b",
    "status": "2031ba59-738f-4329-be22-3c162f1ae668",
    "locale": null,
    "last_login": null,
    "accept_notify": true,
    "password_one_time": null,
    "password_change": "DiperLHSsydrgUWoDGsHkuRZvFmmwMkaMeMLElmugbipxlYBqPuMbXchEZuAPGEsPLwMasNTnAAiLSCMDSYrzfEQkASqtFgVqSijWhjppFikGGwOYkDUcsRgIvsBgRQNIfagdFzXOmyLYyjJAwZkBKvVKVFRbHgKrNoBbBprhLCOrpnquNODhqcMZMXghRxOUskCtHQJnSsUwRFFCUNTziFpCsGiKJFOdyFNBXucdevtqVQLNBLzrtGjGhWhibrGbdVqnCrLfCcHRMHprejWNKNZrcVJCHZavECLGVrDbowt"
  }
},
{
  "model": "person.person",
  "pk": "8b016232-1d6f-42fe-9f6c-665876363cd0",
  "fields": {
    "groups": [
      5
    ],
    "created": "2015-08-31T20:16:26.092Z",
    "is_staff": false,
    "middle_initial": null,
    "user_permissions": [],
    "auth_amount": "0.0000",
    "proxy_status": null,
    "auth_currency": "a6081470-e46a-4a11-8bfb-b3694e38cada",
    "accept_assign": true,
    "is_superuser": false,
    "locations": [],
    "employee_id": null,
    "deleted": null,
    "is_active": true,
    "password_expire": null,
    "username": "ad",
    "modified": "2015-08-31T20:16:26.092Z",
    "proxy_user": null,
    "first_name": "ad",
    "email": "",
    "title": null,
    "next_approver": null,
    "proxy_end_date": null,
    "password": "OzXvqOdYVPyCphjyOVefISxBSwIqKhqmpJtiDRCMUttUHdOFBNfmntVDhMZZoEoQOJquvwMJaijoQGjkxpdYsXwjmNsuFWdQPmyFvXkohTvtKMnXIGRMvlaKTBIwWxGa",
    "date_joined": "2015-08-31T20:16:26.089Z",
    "proxy_start_date": null,
    "last_name": "",
    "role": "7c4cab09-b586-46c1-a70c-bcbf3d4968e2",
    "status": "2031ba59-738f-4329-be22-3c162f1ae668",
    "locale": null,
    "last_login": null,
    "accept_notify": true,
    "password_one_time": null,
    "password_change": "CulZzfmcEfxJyzBKVESKPjkqoLQDqxZVfuHQqOtvIRZgeyMNCifvZceMvYZsaSwZpcbiCpUsAMyJaIAUHYUrMHVzrYvRwvKtLUewVmQBrkJKVfeXBHjBtynHDkQNXcNLSyxpneDLkuMUdHVIwNUxeeRoGAXRdzLDKeOsGOkFYAmgOCcSHxCiLvENwcetsjKUcFmNkEzBzJUekveALfGXRcdajXmGwPAIWdtbAkjZpAMLMdhrcfCdXsaIvtrpIZaOmcDNtjtldzImlZaQPyQQxRCvOLKFxspAvQrvWsXFDZFr"
  }
},
{
  "model": "person.person",
  "pk": "903e673e-9ba0-4302-ae76-69fef701c1c7",
  "fields": {
    "groups": [
      2
    ],
    "created": "2015-08-31T20:16:26.075Z",
    "is_staff": false,
    "middle_initial": null,
    "user_permissions": [],
    "auth_amount": "0.0000",
    "proxy_status": null,
    "auth_currency": "a6081470-e46a-4a11-8bfb-b3694e38cada",
    "accept_assign": true,
    "is_superuser": false,
    "locations": [
      "0f057a76-78d9-45a9-9ddd-0bd708c33e0a",
      "1b29ab9b-d5ea-4216-928c-b55a4e783cb7"
    ],
    "employee_id": null,
    "deleted": null,
    "is_active": true,
    "password_expire": null,
    "username": "ex",
    "modified": "2015-08-31T20:16:26.075Z",
    "proxy_user": null,
    "first_name": "ex",
    "email": "",
    "title": null,
    "next_approver": null,
    "proxy_end_date": null,
    "password": "qUiQuFzazAddXQKhGBZpSmfMfwEcpEMrbfmWhNwKyIRzAemBgpLmJNykqzIQAYRvNlepQIncTpHaKZRMpOdgqhndcMDQADjWeRSDPXvebsTXhDEQyyoDluNiVZJpuXRy",
    "date_joined": "2015-08-31T20:16:26.072Z",
    "proxy_start_date": null,
    "last_name": "",
    "role": "6b4327a9-e9e8-4cdc-9ccb-f38e19aab00c",
    "status": "2031ba59-738f-4329-be22-3c162f1ae668",
    "locale": null,
    "last_login": null,
    "accept_notify": true,
    "password_one_time": null,
    "password_change": "AJaGmJxOXPgnobJbBtkIfwryhFQkojUEmyGsLhVHyNtfZEfDWUMNtQHYphzaehfneTdUChNZjZHQVSuxRjJwLHZvWhjESRTaflGcKRihbgTbkrIpEOAHZMkpNZfDaAILfnhTfPoxLiXukefzrortaQdsJujxueQhNcIcSaCaNwZNPMlcjLcsymsdMSJhAPzuTfhfFlRRIkQEcmzslZjHozfABioYvAneRlVTEsenCaPjtzRkjnXhUozlCzoZgvHQtVQBFqUEjvJoPimjCXoXPyQNFlbgYWDMxqZtlfHPGwxd"
  }
},
{
  "model": "person.person",
  "pk": "a104ebdf-bbd8-491e-8955-ac33002faf89",
  "fields": {
    "groups": [
      1
    ],
    "created": "2015-08-31T20:16:26.051Z",
    "is_staff": false,
    "middle_initial": null,
    "user_permissions": [],
    "auth_amount": "0.0000",
    "proxy_status": null,
    "auth_currency": "a6081470-e46a-4a11-8bfb-b3694e38cada",
    "accept_assign": true,
    "is_superuser": false,
    "locations": [
      "874c8319-6f8e-4194-9381-c8cd0bb2b570"
    ],
    "employee_id": null,
    "deleted": null,
    "is_active": true,
    "password_expire": null,
    "username": "cillum",
    "modified": "2015-08-31T20:16:26.051Z",
    "proxy_user": null,
    "first_name": "cillum",
    "email": "",
    "title": null,
    "next_approver": null,
    "proxy_end_date": null,
    "password": "gJJSSVJAmHLfRbqLqVTkuXykCNqysXdLlwFGkPWmnoMSXZpKRsEtRXPCioBzFfUTAhiEeUIfOhFfEdEmijrVxDloCTYKpqdCxUnCPVnMiacHXkBUyMhISkcNUWzpAlcq",
    "date_joined": "2015-08-31T20:16:26.048Z",
    "proxy_start_date": null,
    "last_name": "",
    "role": "ce818f71-4d91-433d-89c3-5173e91140b6",
    "status": "2031ba59-738f-4329-be22-3c162f1ae668",
    "locale": null,
    "last_login": null,
    "accept_notify": true,
    "password_one_time": null,
    "password_change": "DWoLQQAILSuwfozroOfJLLxCikZXCroZPgJnwjSDvDJVxpMXcOYIwLyszYXcLJAZrGKErpxSgTqxWXapOxHKTJqFAHVVzNwvgVLySCuKzLTDUKAVjIhEeaSIQVzcQLfjZUXoxKhbJOCuNXxioTvaYBIwXLUdIMTjbKppTzjFFjHIrgpULOClYlBrYdRRyReUEyaNBjkfGlTzzTnAwmkxyYtLKIJfyQdQedXVRpLYNzKSNpFLnVziguwNAIOtoYYwWNNLrQUTJBnqeummXjnaSPVWrvhShMHJXCPQxRgwtNDj"
  }
},
{
  "model": "person.person",
  "pk": "a6e3b07f-12d0-4a34-95ed-6913db17efa8",
  "fields": {
    "groups": [
      3
    ],
    "created": "2015-08-31T20:16:25.905Z",
    "is_staff": false,
    "middle_initial": null,
    "user_permissions": [],
    "auth_amount": "0.0000",
    "proxy_status": null,
    "auth_currency": "a6081470-e46a-4a11-8bfb-b3694e38cada",
    "accept_assign": true,
    "is_superuser": false,
    "locations": [],
    "employee_id": null,
    "deleted": null,
    "is_active": true,
    "password_expire": null,
    "username": "elit,",
    "modified": "2015-08-31T20:16:25.905Z",
    "proxy_user": null,
    "first_name": "elit,",
    "email": "",
    "title": null,
    "next_approver": null,
    "proxy_end_date": null,
    "password": "uhxInrTIKjwBzIHPabrqwZcMrWamRRTNbJKsRJJsWiRUdMphfauXshxAsgnEsRqYFnSbUCyOxKecwADwWvkKkPgxouQHritBKgODNrzByObldbDXSfUmqOGZETbDzejQ",
    "date_joined": "2015-08-31T20:16:25.900Z",
    "proxy_start_date": null,
    "last_name": "",
    "role": "703e0160-d08c-4de3-993d-7df02f9f2c2c",
    "status": "2031ba59-738f-4329-be22-3c162f1ae668",
    "locale": null,
    "last_login": null,
    "accept_notify": true,
    "password_one_time": null,
    "password_change": "jxkzUwjIXlgAhgtbsyIDJRQPpyDdsLFYDDCYhBQBJDWAmtzyyuvhVJKpGCZURpZZXbXDelAuIvLTOhbqfTuZaKjicZTmCDvlQNfcbbeEcmKsPxtCgYQHKrvPAuccHBFAUOHWQCqUbvuRymOhJAHQiGmrnVniXfxnijOfVIBUWQNbrprRqbyiKFGphztdAgAzwBgqbJxEVVjIOgMGZlPVFcwUEMhHWmEAwJASezSnrIFRxGPzCbbbAyZwIXeUVUwFVUYbuHrRDcSDQWAqDeXGuEiguDwEzsXBdPtsZpMByZCd"
  }
},
{
  "model": "person.person",
  "pk": "a7734992-6623-48c7-8382-d82bcf73de15",
  "fields": {
    "groups": [
      1
    ],
    "created": "2015-08-31T20:16:25.946Z",
    "is_staff": false,
    "middle_initial": null,
    "user_permissions": [],
    "auth_amount": "0.0000",
    "proxy_status": null,
    "auth_currency": "a6081470-e46a-4a11-8bfb-b3694e38cada",
    "accept_assign": true,
    "is_superuser": false,
    "locations": [
      "874c8319-6f8e-4194-9381-c8cd0bb2b570"
    ],
    "employee_id": null,
    "deleted": null,
    "is_active": true,
    "password_expire": null,
    "username": "sed",
    "modified": "2015-08-31T20:16:25.946Z",
    "proxy_user": null,
    "first_name": "sed",
    "email": "",
    "title": null,
    "next_approver": null,
    "proxy_end_date": null,
    "password": "otCdePqkaCSOqfGkzfhWPnKmBGBdhJHoOpIvPovEsrIxtMtKBrZBuVTFyUyudpqhlLAfnNXiSeXCWxvDZDGSOcwrhvGsEuUKpuoStCshjaugZrDEDVwTDJlMgRaOoGcb",
    "date_joined": "2015-08-31T20:16:25.942Z",
    "proxy_start_date": null,
    "last_name": "",
    "role": "ce818f71-4d91-433d-89c3-5173e91140b6",
    "status": "2031ba59-738f-4329-be22-3c162f1ae668",
    "locale": null,
    "last_login": null,
    "accept_notify": true,
    "password_one_time": null,
    "password_change": "EWosyZWHSjaOSHLKJHQaNMAjGhQLUNkgnwfYWzBevpLpsQnQCOzKgXvBIfDcHRgzRJglicoFSBtpuiijmizQSGfRdtuapsuvodgunFfGFhRnkONtbGxwmZrgXXVSrTHNqoSNWxHKtgTqMazZpSkKtGexFeiqMLlpsvqiWvdskDJScuvKXtPLqbiGtXvKEzfhLnSnAAWEIRUEQxddIGxITSIPHdFuzlRsHgOPzihkfiZHacNqQBhYAqVglztqQtXkdlljXPELSEmHoiSXGfvvOKYfxmlIQQyowmMGYNRoQJUK"
  }
},
{
  "model": "person.person",
  "pk": "ad439de8-1021-43e6-b6e7-0fafadf0b619",
  "fields": {
    "groups": [
      5
    ],
    "created": "2015-08-31T20:16:25.999Z",
    "is_staff": false,
    "middle_initial": null,
    "user_permissions": [],
    "auth_amount": "0.0000",
    "proxy_status": null,
    "auth_currency": "a6081470-e46a-4a11-8bfb-b3694e38cada",
    "accept_assign": true,
    "is_superuser": false,
    "locations": [],
    "employee_id": null,
    "deleted": null,
    "is_active": true,
    "password_expire": null,
    "username": "Ut",
    "modified": "2015-08-31T20:16:25.999Z",
    "proxy_user": null,
    "first_name": "Ut",
    "email": "",
    "title": null,
    "next_approver": null,
    "proxy_end_date": null,
    "password": "eejdEwHAhgUuWtgCuOwYeJbeTPMkuplDpBqNVjPuzfbeJziqfSNtgIjicsrVnANKEWZsbhoMyTYSvaFTRPsFongPBuIdDQWvzYCBbaenChZFbAUZpckbtuMuoHnnkNXS",
    "date_joined": "2015-08-31T20:16:25.995Z",
    "proxy_start_date": null,
    "last_name": "",
    "role": "7c4cab09-b586-46c1-a70c-bcbf3d4968e2",
    "status": "2031ba59-738f-4329-be22-3c162f1ae668",
    "locale": null,
    "last_login": null,
    "accept_notify": true,
    "password_one_time": null,
    "password_change": "ocPzcmOupgdHKUqDCvKwtssJwttkydGhUQegkiURCgrvPCvMDPcpkuRembdAYmvyiKMQkxTeQhbUwnncNFKpesWZBZqOCKBvUngCpYaPbfLpoGqkLqbuVbzdXyFbEQsefnJBTzSqHIaYhbHycMuPmfMIZFSAryxezpJfqVppHEfGGNtxRglRzQlhkyLKNECSfTxiNAnaGZpwGoNNQClVsHFjlgfCwiLFKqOJhmeZPoYNdRvViVMaUYIdmoYnhYWWRFcxaTBMJKxqMEsJQonImRGaIerwoTwEKvfcbdRXBKIY"
  }
},
{
  "model": "person.person",
  "pk": "bca0b08e-cac4-4aa8-b363-aeff7017ceb5",
  "fields": {
    "groups": [
      1
    ],
    "created": "2015-08-31T20:16:25.985Z",
    "is_staff": false,
    "middle_initial": null,
    "user_permissions": [],
    "auth_amount": "0.0000",
    "proxy_status": null,
    "auth_currency": "a6081470-e46a-4a11-8bfb-b3694e38cada",
    "accept_assign": true,
    "is_superuser": false,
    "locations": [
      "874c8319-6f8e-4194-9381-c8cd0bb2b570"
    ],
    "employee_id": null,
    "deleted": null,
    "is_active": true,
    "password_expire": null,
    "username": "sunt",
    "modified": "2015-08-31T20:16:25.985Z",
    "proxy_user": null,
    "first_name": "sunt",
    "email": "",
    "title": null,
    "next_approver": null,
    "proxy_end_date": null,
    "password": "edLNkWsSyWXjkEYIrNsfHDkKIJvRtzMJaYPmynPqugwCSNxhYfcNlkLzkCKoqmkaMLBrpQRCgvUQWojjVzzMZnaymuqSKWRsocPTgRrAsTLtvjwVECTtuEfoIyaFtIUs",
    "date_joined": "2015-08-31T20:16:25.982Z",
    "proxy_start_date": null,
    "last_name": "",
    "role": "ce818f71-4d91-433d-89c3-5173e91140b6",
    "status": "2031ba59-738f-4329-be22-3c162f1ae668",
    "locale": null,
    "last_login": null,
    "accept_notify": true,
    "password_one_time": null,
    "password_change": "DLBBTKyWixNitbDbrpncaFICohUMzRharUdPRsIcKfKkjPFNsdGlvMODtGjXBRXqPxnUGdtEZdigFGrJDLjVBIUAoCRfImKXxlgcKuhdhATGWlCrBWXEdxrMXGQKFYpTGKnFxRZTLYcoVmnvLjKwbzAEPWQvyvxkNLAkabojTTAMnBzpqPBVltRFuNMRzzrLyFQCAOUcyczRMnYvRSNNcByplZlASmqsdQOJWriQreHxSsslDZOMMMqubltpIIpyOZsmthmsKJRFHDSEzMNgkmzZoMOrQyPBxVHUNeoPrIRm"
  }
},
{
  "model": "person.person",
  "pk": "c526b965-c5d9-4ac7-8c66-3cecc77dc10f",
  "fields": {
    "groups": [
      5
    ],
    "created": "2015-08-31T20:16:26.116Z",
    "is_staff": false,
    "middle_initial": null,
    "user_permissions": [],
    "auth_amount": "0.0000",
    "proxy_status": null,
    "auth_currency": "a6081470-e46a-4a11-8bfb-b3694e38cada",
    "accept_assign": true,
    "is_superuser": false,
    "locations": [],
    "employee_id": null,
    "deleted": null,
    "is_active": true,
    "password_expire": null,
    "username": "reprehenderit",
    "modified": "2015-08-31T20:16:26.116Z",
    "proxy_user": null,
    "first_name": "reprehenderit",
    "email": "",
    "title": null,
    "next_approver": null,
    "proxy_end_date": null,
    "password": "vNnhEOnmSQigeKiIwyGybRLYGVpOaDECqibDCsMSsixFmawNfHhmIhvihNpiaLceeEOauHEkLyCtodPSvLsSgvDUhcJqJPPbyqFqOfKnIgSSxPEnIrodWTWAInfNVlxF",
    "date_joined": "2015-08-31T20:16:26.113Z",
    "proxy_start_date": null,
    "last_name": "",
    "role": "7c4cab09-b586-46c1-a70c-bcbf3d4968e2",
    "status": "2031ba59-738f-4329-be22-3c162f1ae668",
    "locale": null,
    "last_login": null,
    "accept_notify": true,
    "password_one_time": null,
    "password_change": "APHzAdEskPRGqRcfWCvVRywwUjjVxDaWDsemWXUGYHYylCFVcBMYThFBzDLjgHUTpBZZgfCPNQcxDsWlXbLRfAIRHnURrgCsYdEufEZhVBGjXBiLocLKbwIOesfFFYHmQUfixirNWrxiticyynXwVLJYQIksUfSmHOgASRqZyKjiSJKIrjWbAUWMtZPmljJgdiClxtIfPEyMgGCJPGxhmUerNUgJdBlqZyPUSDgRywoEpiNZaQsyuGLKAXoffUzVfQcjhyLtmpiLbIJGoQsfVGTAxvYKsHmRVyKkostEXJiV"
  }
},
{
  "model": "person.person",
  "pk": "d7071700-5915-47c6-8c31-3be4416c4033",
  "fields": {
    "groups": [
      2
    ],
    "created": "2015-08-31T20:16:25.815Z",
    "is_staff": true,
    "middle_initial": null,
    "user_permissions": [],
    "auth_amount": "0.0000",
    "proxy_status": null,
    "auth_currency": "a6081470-e46a-4a11-8bfb-b3694e38cada",
    "accept_assign": true,
    "is_superuser": true,
    "locations": [],
    "employee_id": null,
    "deleted": null,
    "is_active": true,
    "password_expire": null,
    "username": "aaron",
    "modified": "2015-08-31T20:16:25.872Z",
    "proxy_user": null,
    "first_name": "",
    "email": "",
    "title": null,
    "next_approver": null,
    "proxy_end_date": null,
    "password": "pbkdf2_sha256$20000$iAnPwcsOTDzv$MzsYc0zkFuN/DxJ55MnoXkYtBw8RqNtB4oRwFI5QYxI=",
    "date_joined": "2015-08-31T20:16:25.808Z",
    "proxy_start_date": null,
    "last_name": "",
    "role": "6b4327a9-e9e8-4cdc-9ccb-f38e19aab00c",
    "status": "2031ba59-738f-4329-be22-3c162f1ae668",
    "locale": null,
    "last_login": null,
    "accept_notify": true,
    "password_one_time": null,
    "password_change": "PdJwoXHHpfzCYCRfzGtrXlfdOYrlVvlkIaBxOlprhcuVbEDXTYcAunHtwCCDLMIWTiiBwPbQfbcVKqeVjauFScZnztaUWlwwjLoOEmmQDbejyjOkQVEBpJlCuJyewTYUVQEkJytWirbapkXMvvUtqOSQHrQQpkNJzFFLMbJbrYoOEyVloYNKTrhtRGvHyVgKLxMkoDoZtvtyrGdZjLlwKvfReNwNSoVfopxNrvaGRigsFqffJcqcUSdSuGupPSLWSuxfFhcowjaRFrxSwqrMtXtAbzGcOdUkTJeGYaqASyoD"
  }
},
{
  "model": "person.person",
  "pk": "e5b3aba3-cfc6-4890-99d0-968158f4be34",
  "fields": {
    "groups": [
      3
    ],
    "created": "2015-08-31T20:16:26.009Z",
    "is_staff": false,
    "middle_initial": null,
    "user_permissions": [],
    "auth_amount": "0.0000",
    "proxy_status": null,
    "auth_currency": "a6081470-e46a-4a11-8bfb-b3694e38cada",
    "accept_assign": true,
    "is_superuser": false,
    "locations": [],
    "employee_id": null,
    "deleted": null,
    "is_active": true,
    "password_expire": null,
    "username": "sint",
    "modified": "2015-08-31T20:16:26.009Z",
    "proxy_user": null,
    "first_name": "sint",
    "email": "",
    "title": null,
    "next_approver": null,
    "proxy_end_date": null,
    "password": "hxyGtWhMhKXqBCGIzhsDDmAWzooWCxXSVyiKoiCnsZOyRERtafilSHHrKwqQskznnsrwfbjyniEgGqFkSEaOmYqwquJKiWOkcaoiDjBtIVuvtdzNsEFPYpbaJWfrfIIq",
    "date_joined": "2015-08-31T20:16:26.006Z",
    "proxy_start_date": null,
    "last_name": "",
    "role": "703e0160-d08c-4de3-993d-7df02f9f2c2c",
    "status": "2031ba59-738f-4329-be22-3c162f1ae668",
    "locale": null,
    "last_login": null,
    "accept_notify": true,
    "password_one_time": null,
    "password_change": "GeSFwlCWgnEzeuaufYbgofMerILeHvChMnSSEGBDaibSsXGGcTivVPAQZMvctupFVpzTLlJYwTVhWqwmuvUlejcMafQKajqGMbsxEpBSSESxmWuuhAaciQflUlPwiYmgDAjYJsWCUfpCiflDMNtedbqNxMwaQoOvWWcmQcFkzESpchTsCtSadwhjYicYgsZOTDICiuElLYnvJhUVFPkXHeDqauaXIXIPDPplAOMBoEOezfZHyamgoMiTfZkjTLGydvpyepIvqgqKELpqFUElHQMwjMXLLcMNviqYrSHhRWDh"
  }
}
]
