[
{
  "fields": {
    "code": "USD",
    "name": "US Dollar",
    "created": "2015-08-31T22:36:28.985Z",
    "deleted": null,
    "symbol": "$",
    "modified": "2015-08-31T22:36:28.985Z",
    "symbol_native": "$",
    "decimal_digits": 2,
    "rounding": 0,
    "name_plural": "US Dollars"
  },
  "model": "accounting.currency",
  "pk": "30301d93-0631-4aad-ae4d-5a98d2fbd241"
},
{
  "fields": {
    "model": "logentry",
    "app_label": "admin"
  },
  "model": "contenttypes.contenttype",
  "pk": 1
},
{
  "fields": {
    "model": "permission",
    "app_label": "auth"
  },
  "model": "contenttypes.contenttype",
  "pk": 2
},
{
  "fields": {
    "model": "group",
    "app_label": "auth"
  },
  "model": "contenttypes.contenttype",
  "pk": 3
},
{
  "fields": {
    "model": "contenttype",
    "app_label": "contenttypes"
  },
  "model": "contenttypes.contenttype",
  "pk": 4
},
{
  "fields": {
    "model": "session",
    "app_label": "sessions"
  },
  "model": "contenttypes.contenttype",
  "pk": 5
},
{
  "fields": {
    "model": "site",
    "app_label": "sites"
  },
  "model": "contenttypes.contenttype",
  "pk": 6
},
{
  "fields": {
    "model": "flatpage",
    "app_label": "flatpages"
  },
  "model": "contenttypes.contenttype",
  "pk": 7
},
{
  "fields": {
    "model": "corsmodel",
    "app_label": "corsheaders"
  },
  "model": "contenttypes.contenttype",
  "pk": 8
},
{
  "fields": {
    "model": "currency",
    "app_label": "accounting"
  },
  "model": "contenttypes.contenttype",
  "pk": 9
},
{
  "fields": {
    "model": "category",
    "app_label": "category"
  },
  "model": "contenttypes.contenttype",
  "pk": 10
},
{
  "fields": {
    "model": "phonenumbertype",
    "app_label": "contact"
  },
  "model": "contenttypes.contenttype",
  "pk": 11
},
{
  "fields": {
    "model": "phonenumber",
    "app_label": "contact"
  },
  "model": "contenttypes.contenttype",
  "pk": 12
},
{
  "fields": {
    "model": "addresstype",
    "app_label": "contact"
  },
  "model": "contenttypes.contenttype",
  "pk": 13
},
{
  "fields": {
    "model": "address",
    "app_label": "contact"
  },
  "model": "contenttypes.contenttype",
  "pk": 14
},
{
  "fields": {
    "model": "emailtype",
    "app_label": "contact"
  },
  "model": "contenttypes.contenttype",
  "pk": 15
},
{
  "fields": {
    "model": "email",
    "app_label": "contact"
  },
  "model": "contenttypes.contenttype",
  "pk": 16
},
{
  "fields": {
    "model": "state",
    "app_label": "location"
  },
  "model": "contenttypes.contenttype",
  "pk": 17
},
{
  "fields": {
    "model": "country",
    "app_label": "location"
  },
  "model": "contenttypes.contenttype",
  "pk": 18
},
{
  "fields": {
    "model": "locationlevel",
    "app_label": "location"
  },
  "model": "contenttypes.contenttype",
  "pk": 19
},
{
  "fields": {
    "model": "locationstatus",
    "app_label": "location"
  },
  "model": "contenttypes.contenttype",
  "pk": 20
},
{
  "fields": {
    "model": "locationtype",
    "app_label": "location"
  },
  "model": "contenttypes.contenttype",
  "pk": 21
},
{
  "fields": {
    "model": "location",
    "app_label": "location"
  },
  "model": "contenttypes.contenttype",
  "pk": 22
},
{
  "fields": {
    "model": "role",
    "app_label": "person"
  },
  "model": "contenttypes.contenttype",
  "pk": 23
},
{
  "fields": {
    "model": "proxyrole",
    "app_label": "person"
  },
  "model": "contenttypes.contenttype",
  "pk": 24
},
{
  "fields": {
    "model": "personstatus",
    "app_label": "person"
  },
  "model": "contenttypes.contenttype",
  "pk": 25
},
{
  "fields": {
    "model": "person",
    "app_label": "person"
  },
  "model": "contenttypes.contenttype",
  "pk": 26
},
{
  "fields": {
    "model": "locale",
    "app_label": "translation"
  },
  "model": "contenttypes.contenttype",
  "pk": 27
},
{
  "fields": {
    "model": "translation",
    "app_label": "translation"
  },
  "model": "contenttypes.contenttype",
  "pk": 28
},
{
  "fields": {
    "model": "tester",
    "app_label": "util"
  },
  "model": "contenttypes.contenttype",
  "pk": 29
},
{
  "fields": {
    "model": "mainsetting",
    "app_label": "util"
  },
  "model": "contenttypes.contenttype",
  "pk": 30
},
{
  "fields": {
    "model": "customsetting",
    "app_label": "util"
  },
  "model": "contenttypes.contenttype",
  "pk": 31
},
{
  "fields": {
    "model": "workorderstatus",
    "app_label": "order"
  },
  "model": "contenttypes.contenttype",
  "pk": 32
},
{
  "fields": {
    "model": "workorder",
    "app_label": "order"
  },
  "model": "contenttypes.contenttype",
  "pk": 33
},
{
  "fields": {
    "domain": "example.com",
    "name": "example.com"
  },
  "model": "sites.site",
  "pk": 1
},
{
  "fields": {
    "deleted": null,
    "children": [],
    "modified": "2015-08-31T22:36:28.931Z",
    "name": "district_lp",
    "created": "2015-08-31T22:36:28.931Z"
  },
  "model": "location.locationlevel",
  "pk": "8cf68b73-a5df-4eb4-8457-9bf5754b0d53"
},
{
  "fields": {
    "deleted": null,
    "children": [],
    "modified": "2015-08-31T22:36:28.934Z",
    "name": "department",
    "created": "2015-08-31T22:36:28.934Z"
  },
  "model": "location.locationlevel",
  "pk": "9c0f2b25-f821-44b0-a94c-407ba440a462"
},
{
  "fields": {
    "deleted": null,
    "children": [
      "9c0f2b25-f821-44b0-a94c-407ba440a462"
    ],
    "modified": "2015-08-31T22:36:28.932Z",
    "name": "store",
    "created": "2015-08-31T22:36:28.932Z"
  },
  "model": "location.locationlevel",
  "pk": "ba392726-e768-41a2-9673-db038e76b01d"
},
{
  "fields": {
    "deleted": null,
    "children": [
      "e326ff10-a5cc-491d-84ba-2d839ae43394",
      "8cf68b73-a5df-4eb4-8457-9bf5754b0d53"
    ],
    "modified": "2015-08-31T22:36:28.928Z",
    "name": "region",
    "created": "2015-08-31T22:36:28.928Z"
  },
  "model": "location.locationlevel",
  "pk": "bbebaf1a-c8c3-4176-8fbf-4888cc482a58"
},
{
  "fields": {
    "deleted": null,
    "children": [
      "ba392726-e768-41a2-9673-db038e76b01d"
    ],
    "modified": "2015-08-31T22:36:28.929Z",
    "name": "district",
    "created": "2015-08-31T22:36:28.929Z"
  },
  "model": "location.locationlevel",
  "pk": "e326ff10-a5cc-491d-84ba-2d839ae43394"
},
{
  "fields": {
    "deleted": null,
    "modified": "2015-08-31T22:36:28.948Z",
    "name": "Open",
    "created": "2015-08-31T22:36:28.948Z"
  },
  "model": "location.locationstatus",
  "pk": "251f324a-6d4e-471b-be99-e18b4fdac0dd"
},
{
  "fields": {
    "deleted": null,
    "modified": "2015-08-31T22:36:28.950Z",
    "name": "big_store",
    "created": "2015-08-31T22:36:28.950Z"
  },
  "model": "location.locationtype",
  "pk": "c211df36-5e62-43bf-a6b1-4e3d9552b2b0"
},
{
  "fields": {
    "status": "251f324a-6d4e-471b-be99-e18b4fdac0dd",
    "name": "east",
    "created": "2015-08-31T22:36:28.952Z",
    "deleted": null,
    "modified": "2015-08-31T22:36:28.952Z",
    "number": "EOdABVqhTZqmbVCweFyekWeEYCsRxdvRqpRvgZNtSMlDqjgkmR",
    "location_level": "bbebaf1a-c8c3-4176-8fbf-4888cc482a58",
    "type": "c211df36-5e62-43bf-a6b1-4e3d9552b2b0",
    "children": [
      "91f386e8-f47a-42cd-b336-a6b2d7e99431",
      "68d5b552-5928-4472-9e0e-4f096873b430"
    ]
  },
  "model": "location.location",
  "pk": "0679e902-4d3f-40c6-9e44-355b3bc3255e"
},
{
  "fields": {
    "status": "251f324a-6d4e-471b-be99-e18b4fdac0dd",
    "name": "nv",
    "created": "2015-08-31T22:36:28.961Z",
    "deleted": null,
    "modified": "2015-08-31T22:36:28.961Z",
    "number": "aIXkypKSkFzwlapzQgPawpEjbYimXXfwFkLjgSKgbfpRkoPoPr",
    "location_level": "e326ff10-a5cc-491d-84ba-2d839ae43394",
    "type": "c211df36-5e62-43bf-a6b1-4e3d9552b2b0",
    "children": []
  },
  "model": "location.location",
  "pk": "68d5b552-5928-4472-9e0e-4f096873b430"
},
{
  "fields": {
    "status": "251f324a-6d4e-471b-be99-e18b4fdac0dd",
    "name": "san_diego",
    "created": "2015-08-31T22:36:28.965Z",
    "deleted": null,
    "modified": "2015-08-31T22:36:28.965Z",
    "number": "ifhOJqazEKhAMaPbmhiSIsOmiBfqkSZrlFlrfyGCKQufxfOmsY",
    "location_level": "ba392726-e768-41a2-9673-db038e76b01d",
    "type": "c211df36-5e62-43bf-a6b1-4e3d9552b2b0",
    "children": []
  },
  "model": "location.location",
  "pk": "815d16bc-0b51-4fc4-bc55-5db685f7afdd"
},
{
  "fields": {
    "status": "251f324a-6d4e-471b-be99-e18b4fdac0dd",
    "name": "ca",
    "created": "2015-08-31T22:36:28.957Z",
    "deleted": null,
    "modified": "2015-08-31T22:36:28.957Z",
    "number": "WeESqnOSzCItAHKGKLucJvlfUhjHCleIOzdEKsKwKVgggtOfGd",
    "location_level": "e326ff10-a5cc-491d-84ba-2d839ae43394",
    "type": "c211df36-5e62-43bf-a6b1-4e3d9552b2b0",
    "children": [
      "815d16bc-0b51-4fc4-bc55-5db685f7afdd",
      "97ff7a7e-3f89-4a53-b1c9-b5cd25ca6163"
    ]
  },
  "model": "location.location",
  "pk": "91f386e8-f47a-42cd-b336-a6b2d7e99431"
},
{
  "fields": {
    "status": "251f324a-6d4e-471b-be99-e18b4fdac0dd",
    "name": "los_angeles",
    "created": "2015-08-31T22:36:28.969Z",
    "deleted": null,
    "modified": "2015-08-31T22:36:28.969Z",
    "number": "MwRtujfXEbrIcYycixtaWnBJXHgqhrDAaMsEMfUGbibKWLjodk",
    "location_level": "ba392726-e768-41a2-9673-db038e76b01d",
    "type": "c211df36-5e62-43bf-a6b1-4e3d9552b2b0",
    "children": []
  },
  "model": "location.location",
  "pk": "97ff7a7e-3f89-4a53-b1c9-b5cd25ca6163"
},
{
  "fields": {
    "deleted": null,
    "description": "active",
    "modified": "2015-08-31T22:36:29.018Z",
    "name": "",
    "created": "2015-08-31T22:36:29.018Z"
  },
  "model": "person.personstatus",
  "pk": "ac04044f-57e5-4f64-8d7b-509f66b74605"
},
{
  "fields": {
    "codename": "add_logentry",
    "name": "Can add log entry",
    "content_type": 1
  },
  "model": "auth.permission",
  "pk": 1
},
{
  "fields": {
    "codename": "change_logentry",
    "name": "Can change log entry",
    "content_type": 1
  },
  "model": "auth.permission",
  "pk": 2
},
{
  "fields": {
    "codename": "delete_logentry",
    "name": "Can delete log entry",
    "content_type": 1
  },
  "model": "auth.permission",
  "pk": 3
},
{
  "fields": {
    "codename": "add_permission",
    "name": "Can add permission",
    "content_type": 2
  },
  "model": "auth.permission",
  "pk": 4
},
{
  "fields": {
    "codename": "change_permission",
    "name": "Can change permission",
    "content_type": 2
  },
  "model": "auth.permission",
  "pk": 5
},
{
  "fields": {
    "codename": "delete_permission",
    "name": "Can delete permission",
    "content_type": 2
  },
  "model": "auth.permission",
  "pk": 6
},
{
  "fields": {
    "codename": "add_group",
    "name": "Can add group",
    "content_type": 3
  },
  "model": "auth.permission",
  "pk": 7
},
{
  "fields": {
    "codename": "change_group",
    "name": "Can change group",
    "content_type": 3
  },
  "model": "auth.permission",
  "pk": 8
},
{
  "fields": {
    "codename": "delete_group",
    "name": "Can delete group",
    "content_type": 3
  },
  "model": "auth.permission",
  "pk": 9
},
{
  "fields": {
    "codename": "add_contenttype",
    "name": "Can add content type",
    "content_type": 4
  },
  "model": "auth.permission",
  "pk": 10
},
{
  "fields": {
    "codename": "change_contenttype",
    "name": "Can change content type",
    "content_type": 4
  },
  "model": "auth.permission",
  "pk": 11
},
{
  "fields": {
    "codename": "delete_contenttype",
    "name": "Can delete content type",
    "content_type": 4
  },
  "model": "auth.permission",
  "pk": 12
},
{
  "fields": {
    "codename": "add_session",
    "name": "Can add session",
    "content_type": 5
  },
  "model": "auth.permission",
  "pk": 13
},
{
  "fields": {
    "codename": "change_session",
    "name": "Can change session",
    "content_type": 5
  },
  "model": "auth.permission",
  "pk": 14
},
{
  "fields": {
    "codename": "delete_session",
    "name": "Can delete session",
    "content_type": 5
  },
  "model": "auth.permission",
  "pk": 15
},
{
  "fields": {
    "codename": "add_site",
    "name": "Can add site",
    "content_type": 6
  },
  "model": "auth.permission",
  "pk": 16
},
{
  "fields": {
    "codename": "change_site",
    "name": "Can change site",
    "content_type": 6
  },
  "model": "auth.permission",
  "pk": 17
},
{
  "fields": {
    "codename": "delete_site",
    "name": "Can delete site",
    "content_type": 6
  },
  "model": "auth.permission",
  "pk": 18
},
{
  "fields": {
    "codename": "add_flatpage",
    "name": "Can add flat page",
    "content_type": 7
  },
  "model": "auth.permission",
  "pk": 19
},
{
  "fields": {
    "codename": "change_flatpage",
    "name": "Can change flat page",
    "content_type": 7
  },
  "model": "auth.permission",
  "pk": 20
},
{
  "fields": {
    "codename": "delete_flatpage",
    "name": "Can delete flat page",
    "content_type": 7
  },
  "model": "auth.permission",
  "pk": 21
},
{
  "fields": {
    "codename": "add_corsmodel",
    "name": "Can add cors model",
    "content_type": 8
  },
  "model": "auth.permission",
  "pk": 22
},
{
  "fields": {
    "codename": "change_corsmodel",
    "name": "Can change cors model",
    "content_type": 8
  },
  "model": "auth.permission",
  "pk": 23
},
{
  "fields": {
    "codename": "delete_corsmodel",
    "name": "Can delete cors model",
    "content_type": 8
  },
  "model": "auth.permission",
  "pk": 24
},
{
  "fields": {
    "codename": "add_currency",
    "name": "Can add currency",
    "content_type": 9
  },
  "model": "auth.permission",
  "pk": 25
},
{
  "fields": {
    "codename": "change_currency",
    "name": "Can change currency",
    "content_type": 9
  },
  "model": "auth.permission",
  "pk": 26
},
{
  "fields": {
    "codename": "delete_currency",
    "name": "Can delete currency",
    "content_type": 9
  },
  "model": "auth.permission",
  "pk": 27
},
{
  "fields": {
    "codename": "add_category",
    "name": "Can add category",
    "content_type": 10
  },
  "model": "auth.permission",
  "pk": 28
},
{
  "fields": {
    "codename": "change_category",
    "name": "Can change category",
    "content_type": 10
  },
  "model": "auth.permission",
  "pk": 29
},
{
  "fields": {
    "codename": "delete_category",
    "name": "Can delete category",
    "content_type": 10
  },
  "model": "auth.permission",
  "pk": 30
},
{
  "fields": {
    "codename": "add_phonenumbertype",
    "name": "Can add phone number type",
    "content_type": 11
  },
  "model": "auth.permission",
  "pk": 31
},
{
  "fields": {
    "codename": "change_phonenumbertype",
    "name": "Can change phone number type",
    "content_type": 11
  },
  "model": "auth.permission",
  "pk": 32
},
{
  "fields": {
    "codename": "delete_phonenumbertype",
    "name": "Can delete phone number type",
    "content_type": 11
  },
  "model": "auth.permission",
  "pk": 33
},
{
  "fields": {
    "codename": "add_phonenumber",
    "name": "Can add phone number",
    "content_type": 12
  },
  "model": "auth.permission",
  "pk": 34
},
{
  "fields": {
    "codename": "change_phonenumber",
    "name": "Can change phone number",
    "content_type": 12
  },
  "model": "auth.permission",
  "pk": 35
},
{
  "fields": {
    "codename": "delete_phonenumber",
    "name": "Can delete phone number",
    "content_type": 12
  },
  "model": "auth.permission",
  "pk": 36
},
{
  "fields": {
    "codename": "add_addresstype",
    "name": "Can add address type",
    "content_type": 13
  },
  "model": "auth.permission",
  "pk": 37
},
{
  "fields": {
    "codename": "change_addresstype",
    "name": "Can change address type",
    "content_type": 13
  },
  "model": "auth.permission",
  "pk": 38
},
{
  "fields": {
    "codename": "delete_addresstype",
    "name": "Can delete address type",
    "content_type": 13
  },
  "model": "auth.permission",
  "pk": 39
},
{
  "fields": {
    "codename": "add_address",
    "name": "Can add address",
    "content_type": 14
  },
  "model": "auth.permission",
  "pk": 40
},
{
  "fields": {
    "codename": "change_address",
    "name": "Can change address",
    "content_type": 14
  },
  "model": "auth.permission",
  "pk": 41
},
{
  "fields": {
    "codename": "delete_address",
    "name": "Can delete address",
    "content_type": 14
  },
  "model": "auth.permission",
  "pk": 42
},
{
  "fields": {
    "codename": "add_emailtype",
    "name": "Can add email type",
    "content_type": 15
  },
  "model": "auth.permission",
  "pk": 43
},
{
  "fields": {
    "codename": "change_emailtype",
    "name": "Can change email type",
    "content_type": 15
  },
  "model": "auth.permission",
  "pk": 44
},
{
  "fields": {
    "codename": "delete_emailtype",
    "name": "Can delete email type",
    "content_type": 15
  },
  "model": "auth.permission",
  "pk": 45
},
{
  "fields": {
    "codename": "add_email",
    "name": "Can add email",
    "content_type": 16
  },
  "model": "auth.permission",
  "pk": 46
},
{
  "fields": {
    "codename": "change_email",
    "name": "Can change email",
    "content_type": 16
  },
  "model": "auth.permission",
  "pk": 47
},
{
  "fields": {
    "codename": "delete_email",
    "name": "Can delete email",
    "content_type": 16
  },
  "model": "auth.permission",
  "pk": 48
},
{
  "fields": {
    "codename": "add_state",
    "name": "Can add state",
    "content_type": 17
  },
  "model": "auth.permission",
  "pk": 49
},
{
  "fields": {
    "codename": "change_state",
    "name": "Can change state",
    "content_type": 17
  },
  "model": "auth.permission",
  "pk": 50
},
{
  "fields": {
    "codename": "delete_state",
    "name": "Can delete state",
    "content_type": 17
  },
  "model": "auth.permission",
  "pk": 51
},
{
  "fields": {
    "codename": "add_country",
    "name": "Can add country",
    "content_type": 18
  },
  "model": "auth.permission",
  "pk": 52
},
{
  "fields": {
    "codename": "change_country",
    "name": "Can change country",
    "content_type": 18
  },
  "model": "auth.permission",
  "pk": 53
},
{
  "fields": {
    "codename": "delete_country",
    "name": "Can delete country",
    "content_type": 18
  },
  "model": "auth.permission",
  "pk": 54
},
{
  "fields": {
    "codename": "add_locationlevel",
    "name": "Can add location level",
    "content_type": 19
  },
  "model": "auth.permission",
  "pk": 55
},
{
  "fields": {
    "codename": "change_locationlevel",
    "name": "Can change location level",
    "content_type": 19
  },
  "model": "auth.permission",
  "pk": 56
},
{
  "fields": {
    "codename": "delete_locationlevel",
    "name": "Can delete location level",
    "content_type": 19
  },
  "model": "auth.permission",
  "pk": 57
},
{
  "fields": {
    "codename": "add_locationstatus",
    "name": "Can add location status",
    "content_type": 20
  },
  "model": "auth.permission",
  "pk": 58
},
{
  "fields": {
    "codename": "change_locationstatus",
    "name": "Can change location status",
    "content_type": 20
  },
  "model": "auth.permission",
  "pk": 59
},
{
  "fields": {
    "codename": "delete_locationstatus",
    "name": "Can delete location status",
    "content_type": 20
  },
  "model": "auth.permission",
  "pk": 60
},
{
  "fields": {
    "codename": "add_locationtype",
    "name": "Can add location type",
    "content_type": 21
  },
  "model": "auth.permission",
  "pk": 61
},
{
  "fields": {
    "codename": "change_locationtype",
    "name": "Can change location type",
    "content_type": 21
  },
  "model": "auth.permission",
  "pk": 62
},
{
  "fields": {
    "codename": "delete_locationtype",
    "name": "Can delete location type",
    "content_type": 21
  },
  "model": "auth.permission",
  "pk": 63
},
{
  "fields": {
    "codename": "add_location",
    "name": "Can add location",
    "content_type": 22
  },
  "model": "auth.permission",
  "pk": 64
},
{
  "fields": {
    "codename": "change_location",
    "name": "Can change location",
    "content_type": 22
  },
  "model": "auth.permission",
  "pk": 65
},
{
  "fields": {
    "codename": "delete_location",
    "name": "Can delete location",
    "content_type": 22
  },
  "model": "auth.permission",
  "pk": 66
},
{
  "fields": {
    "codename": "add_role",
    "name": "Can add role",
    "content_type": 23
  },
  "model": "auth.permission",
  "pk": 67
},
{
  "fields": {
    "codename": "change_role",
    "name": "Can change role",
    "content_type": 23
  },
  "model": "auth.permission",
  "pk": 68
},
{
  "fields": {
    "codename": "delete_role",
    "name": "Can delete role",
    "content_type": 23
  },
  "model": "auth.permission",
  "pk": 69
},
{
  "fields": {
    "codename": "add_proxyrole",
    "name": "Can add proxy role",
    "content_type": 24
  },
  "model": "auth.permission",
  "pk": 70
},
{
  "fields": {
    "codename": "change_proxyrole",
    "name": "Can change proxy role",
    "content_type": 24
  },
  "model": "auth.permission",
  "pk": 71
},
{
  "fields": {
    "codename": "delete_proxyrole",
    "name": "Can delete proxy role",
    "content_type": 24
  },
  "model": "auth.permission",
  "pk": 72
},
{
  "fields": {
    "codename": "add_personstatus",
    "name": "Can add person status",
    "content_type": 25
  },
  "model": "auth.permission",
  "pk": 73
},
{
  "fields": {
    "codename": "change_personstatus",
    "name": "Can change person status",
    "content_type": 25
  },
  "model": "auth.permission",
  "pk": 74
},
{
  "fields": {
    "codename": "delete_personstatus",
    "name": "Can delete person status",
    "content_type": 25
  },
  "model": "auth.permission",
  "pk": 75
},
{
  "fields": {
    "codename": "add_person",
    "name": "Can add person",
    "content_type": 26
  },
  "model": "auth.permission",
  "pk": 76
},
{
  "fields": {
    "codename": "change_person",
    "name": "Can change person",
    "content_type": 26
  },
  "model": "auth.permission",
  "pk": 77
},
{
  "fields": {
    "codename": "delete_person",
    "name": "Can delete person",
    "content_type": 26
  },
  "model": "auth.permission",
  "pk": 78
},
{
  "fields": {
    "codename": "add_locale",
    "name": "Can add locale",
    "content_type": 27
  },
  "model": "auth.permission",
  "pk": 79
},
{
  "fields": {
    "codename": "change_locale",
    "name": "Can change locale",
    "content_type": 27
  },
  "model": "auth.permission",
  "pk": 80
},
{
  "fields": {
    "codename": "delete_locale",
    "name": "Can delete locale",
    "content_type": 27
  },
  "model": "auth.permission",
  "pk": 81
},
{
  "fields": {
    "codename": "add_translation",
    "name": "Can add translation",
    "content_type": 28
  },
  "model": "auth.permission",
  "pk": 82
},
{
  "fields": {
    "codename": "change_translation",
    "name": "Can change translation",
    "content_type": 28
  },
  "model": "auth.permission",
  "pk": 83
},
{
  "fields": {
    "codename": "delete_translation",
    "name": "Can delete translation",
    "content_type": 28
  },
  "model": "auth.permission",
  "pk": 84
},
{
  "fields": {
    "codename": "add_tester",
    "name": "Can add tester",
    "content_type": 29
  },
  "model": "auth.permission",
  "pk": 85
},
{
  "fields": {
    "codename": "change_tester",
    "name": "Can change tester",
    "content_type": 29
  },
  "model": "auth.permission",
  "pk": 86
},
{
  "fields": {
    "codename": "delete_tester",
    "name": "Can delete tester",
    "content_type": 29
  },
  "model": "auth.permission",
  "pk": 87
},
{
  "fields": {
    "codename": "add_mainsetting",
    "name": "Can add main setting",
    "content_type": 30
  },
  "model": "auth.permission",
  "pk": 88
},
{
  "fields": {
    "codename": "change_mainsetting",
    "name": "Can change main setting",
    "content_type": 30
  },
  "model": "auth.permission",
  "pk": 89
},
{
  "fields": {
    "codename": "delete_mainsetting",
    "name": "Can delete main setting",
    "content_type": 30
  },
  "model": "auth.permission",
  "pk": 90
},
{
  "fields": {
    "codename": "add_customsetting",
    "name": "Can add custom setting",
    "content_type": 31
  },
  "model": "auth.permission",
  "pk": 91
},
{
  "fields": {
    "codename": "change_customsetting",
    "name": "Can change custom setting",
    "content_type": 31
  },
  "model": "auth.permission",
  "pk": 92
},
{
  "fields": {
    "codename": "delete_customsetting",
    "name": "Can delete custom setting",
    "content_type": 31
  },
  "model": "auth.permission",
  "pk": 93
},
{
  "fields": {
    "codename": "add_workorderstatus",
    "name": "Can add work order status",
    "content_type": 32
  },
  "model": "auth.permission",
  "pk": 94
},
{
  "fields": {
    "codename": "change_workorderstatus",
    "name": "Can change work order status",
    "content_type": 32
  },
  "model": "auth.permission",
  "pk": 95
},
{
  "fields": {
    "codename": "delete_workorderstatus",
    "name": "Can delete work order status",
    "content_type": 32
  },
  "model": "auth.permission",
  "pk": 96
},
{
  "fields": {
    "codename": "add_workorder",
    "name": "Can add work order",
    "content_type": 33
  },
  "model": "auth.permission",
  "pk": 97
},
{
  "fields": {
    "codename": "change_workorder",
    "name": "Can change work order",
    "content_type": 33
  },
  "model": "auth.permission",
  "pk": 98
},
{
  "fields": {
    "codename": "delete_workorder",
    "name": "Can delete work order",
    "content_type": 33
  },
  "model": "auth.permission",
  "pk": 99
},
{
  "fields": {
    "name": "region-role",
    "permissions": []
  },
  "model": "auth.group",
  "pk": 1
},
{
  "fields": {
    "name": "district-role",
    "permissions": []
  },
  "model": "auth.group",
  "pk": 2
},
{
  "fields": {
    "name": "district_lp-role",
    "permissions": []
  },
  "model": "auth.group",
  "pk": 3
},
{
  "fields": {
    "name": "store-role",
    "permissions": []
  },
  "model": "auth.group",
  "pk": 4
},
{
  "fields": {
    "name": "department-role",
    "permissions": []
  },
  "model": "auth.group",
  "pk": 5
},
{
  "fields": {
    "msg_stored_link": false,
    "msg_copy_default": false,
    "tabs": "",
    "msg_copy_email": false,
    "create_all": false,
    "allow_approval": false,
    "msg_viewall": false,
    "inv_select_assign": "all",
    "inv_autoapprove": false,
    "dashboad_links": "",
    "proxy_set": false,
    "password_expire_alert": true,
    "password_min_length": 6,
    "group": 2,
    "default_accept_notify": true,
    "password_history_length": null,
    "inv_wo_status": null,
    "proxy_approval_bypass": false,
    "password_char_types": "RxoyaNIJRmvKmsQNxrXUGnevvyBPJAbuQgSJCzjGFezEGaCYiXmadcZRwQezLkleyFnbWtCEginMFtGivVQElVXzuHUVKAvNugzA",
    "dashboad_text": "",
    "password_expire": null,
    "inv_max_approval_currency": "usd",
    "wo_show_tkt_attach": false,
    "wo_show_inactive": false,
    "deleted": null,
    "msg_address": false,
    "wo_days_backdate": null,
    "inv_max_approval_amount": 0,
    "default_accept_assign": true,
    "location_level": "e326ff10-a5cc-491d-84ba-2d839ae43394",
    "accept_notify": false,
    "role_type": "Internal",
    "inv_close_wo": "Do not display",
    "name": "district-role",
    "created": "2015-08-31T22:36:28.994Z",
    "wo_edit_closeout": false,
    "modules": "",
    "modified": "2015-08-31T22:36:28.994Z",
    "inv_req_attach": true,
    "wo_allow_backdate": false,
    "default_auth_currency": "30301d93-0631-4aad-ae4d-5a98d2fbd241",
    "default_auth_amount": "0.0000",
    "inv_wait": null,
    "wo_notes": false,
    "accept_assign": false,
    "inv_options": "new"
  },
  "model": "person.role",
  "pk": "59b172ab-ec12-4c15-96c4-922b5065d2c0"
},
{
  "fields": {
    "msg_stored_link": false,
    "msg_copy_default": false,
    "tabs": "",
    "msg_copy_email": false,
    "create_all": false,
    "allow_approval": false,
    "msg_viewall": false,
    "inv_select_assign": "all",
    "inv_autoapprove": false,
    "dashboad_links": "",
    "proxy_set": false,
    "password_expire_alert": true,
    "password_min_length": 6,
    "group": 1,
    "default_accept_notify": true,
    "password_history_length": null,
    "inv_wo_status": null,
    "proxy_approval_bypass": false,
    "password_char_types": "apPIDyfPBQQgJzaSYkjqtWVTyXqhSWMIzGCgXOtUiBqvFPfCGHPwddHUCtVcDjsMbqUjIoZPZLezaixHZoLXgnhEeYXmXrtDouvv",
    "dashboad_text": "",
    "password_expire": null,
    "inv_max_approval_currency": "usd",
    "wo_show_tkt_attach": false,
    "wo_show_inactive": false,
    "deleted": null,
    "msg_address": false,
    "wo_days_backdate": null,
    "inv_max_approval_amount": 0,
    "default_accept_assign": true,
    "location_level": "bbebaf1a-c8c3-4176-8fbf-4888cc482a58",
    "accept_notify": false,
    "role_type": "Internal",
    "inv_close_wo": "Do not display",
    "name": "region-role",
    "created": "2015-08-31T22:36:28.988Z",
    "wo_edit_closeout": false,
    "modules": "",
    "modified": "2015-08-31T22:36:28.988Z",
    "inv_req_attach": true,
    "wo_allow_backdate": false,
    "default_auth_currency": "30301d93-0631-4aad-ae4d-5a98d2fbd241",
    "default_auth_amount": "0.0000",
    "inv_wait": null,
    "wo_notes": false,
    "accept_assign": false,
    "inv_options": "new"
  },
  "model": "person.role",
  "pk": "8512fa1d-0330-4591-9df7-b577a6903311"
},
{
  "fields": {
    "msg_stored_link": false,
    "msg_copy_default": false,
    "tabs": "",
    "msg_copy_email": false,
    "create_all": false,
    "allow_approval": false,
    "msg_viewall": false,
    "inv_select_assign": "all",
    "inv_autoapprove": false,
    "dashboad_links": "",
    "proxy_set": false,
    "password_expire_alert": true,
    "password_min_length": 6,
    "group": 3,
    "default_accept_notify": true,
    "password_history_length": null,
    "inv_wo_status": null,
    "proxy_approval_bypass": false,
    "password_char_types": "iXsqAUFLyGbBRNzzwDnNWDZzeyRmHexHLDhnfqqFCGguzGLZpkIHgAlSMgMFGbzKoIwQxFwVborjGebJWwHjhsFzlIvJCQEqWiEL",
    "dashboad_text": "",
    "password_expire": null,
    "inv_max_approval_currency": "usd",
    "wo_show_tkt_attach": false,
    "wo_show_inactive": false,
    "deleted": null,
    "msg_address": false,
    "wo_days_backdate": null,
    "inv_max_approval_amount": 0,
    "default_accept_assign": true,
    "location_level": "8cf68b73-a5df-4eb4-8457-9bf5754b0d53",
    "accept_notify": false,
    "role_type": "Internal",
    "inv_close_wo": "Do not display",
    "name": "district_lp-role",
    "created": "2015-08-31T22:36:29.000Z",
    "wo_edit_closeout": false,
    "modules": "",
    "modified": "2015-08-31T22:36:29.000Z",
    "inv_req_attach": true,
    "wo_allow_backdate": false,
    "default_auth_currency": "30301d93-0631-4aad-ae4d-5a98d2fbd241",
    "default_auth_amount": "0.0000",
    "inv_wait": null,
    "wo_notes": false,
    "accept_assign": false,
    "inv_options": "new"
  },
  "model": "person.role",
  "pk": "9ae8bb82-60cd-4187-a56f-cc30a47716a1"
},
{
  "fields": {
    "msg_stored_link": false,
    "msg_copy_default": false,
    "tabs": "",
    "msg_copy_email": false,
    "create_all": false,
    "allow_approval": false,
    "msg_viewall": false,
    "inv_select_assign": "all",
    "inv_autoapprove": false,
    "dashboad_links": "",
    "proxy_set": false,
    "password_expire_alert": true,
    "password_min_length": 6,
    "group": 4,
    "default_accept_notify": true,
    "password_history_length": null,
    "inv_wo_status": null,
    "proxy_approval_bypass": false,
    "password_char_types": "jvpLRczgDCyDGeZumQoaRRngsxNizLutByKXtGHXofZnMBMUKIOPzRGRQfcvzwhYAmoZbYkKBCpvxAjlbzAxWywPOlUrWGjZEvTA",
    "dashboad_text": "",
    "password_expire": null,
    "inv_max_approval_currency": "usd",
    "wo_show_tkt_attach": false,
    "wo_show_inactive": false,
    "deleted": null,
    "msg_address": false,
    "wo_days_backdate": null,
    "inv_max_approval_amount": 0,
    "default_accept_assign": true,
    "location_level": "ba392726-e768-41a2-9673-db038e76b01d",
    "accept_notify": false,
    "role_type": "Internal",
    "inv_close_wo": "Do not display",
    "name": "store-role",
    "created": "2015-08-31T22:36:29.006Z",
    "wo_edit_closeout": false,
    "modules": "",
    "modified": "2015-08-31T22:36:29.006Z",
    "inv_req_attach": true,
    "wo_allow_backdate": false,
    "default_auth_currency": "30301d93-0631-4aad-ae4d-5a98d2fbd241",
    "default_auth_amount": "0.0000",
    "inv_wait": null,
    "wo_notes": false,
    "accept_assign": false,
    "inv_options": "new"
  },
  "model": "person.role",
  "pk": "a39c5c74-e392-4232-8ee2-a3ca87fb9c01"
},
{
  "fields": {
    "msg_stored_link": false,
    "msg_copy_default": false,
    "tabs": "",
    "msg_copy_email": false,
    "create_all": false,
    "allow_approval": false,
    "msg_viewall": false,
    "inv_select_assign": "all",
    "inv_autoapprove": false,
    "dashboad_links": "",
    "proxy_set": false,
    "password_expire_alert": true,
    "password_min_length": 6,
    "group": 5,
    "default_accept_notify": true,
    "password_history_length": null,
    "inv_wo_status": null,
    "proxy_approval_bypass": false,
    "password_char_types": "fMOqVTSzStjKzNweUFXBrnKWDFykBEFWfIxEZatGsvDFKQPablSgTDjzpjRraDotuxwzIylsmTzPYwYlrxJCcoOTVMVITrJhBhSL",
    "dashboad_text": "",
    "password_expire": null,
    "inv_max_approval_currency": "usd",
    "wo_show_tkt_attach": false,
    "wo_show_inactive": false,
    "deleted": null,
    "msg_address": false,
    "wo_days_backdate": null,
    "inv_max_approval_amount": 0,
    "default_accept_assign": true,
    "location_level": "9c0f2b25-f821-44b0-a94c-407ba440a462",
    "accept_notify": false,
    "role_type": "Internal",
    "inv_close_wo": "Do not display",
    "name": "department-role",
    "created": "2015-08-31T22:36:29.012Z",
    "wo_edit_closeout": false,
    "modules": "",
    "modified": "2015-08-31T22:36:29.012Z",
    "inv_req_attach": true,
    "wo_allow_backdate": false,
    "default_auth_currency": "30301d93-0631-4aad-ae4d-5a98d2fbd241",
    "default_auth_amount": "0.0000",
    "inv_wait": null,
    "wo_notes": false,
    "accept_assign": false,
    "inv_options": "new"
  },
  "model": "person.role",
  "pk": "acb4e181-0d2d-422c-9fc4-aac60b3f22f3"
},
{
  "fields": {
    "status": "ac04044f-57e5-4f64-8d7b-509f66b74605",
    "last_name": "",
    "proxy_start_date": null,
    "locale": null,
    "next_approver": null,
    "locations": [],
    "is_staff": false,
    "user_permissions": [],
    "proxy_end_date": null,
    "date_joined": "2015-08-31T22:36:29.150Z",
    "middle_initial": null,
    "first_name": "laborum.",
    "employee_id": null,
    "auth_amount": "0.0000",
    "title": null,
    "is_superuser": false,
    "last_login": null,
    "password_expire": null,
    "role": "9ae8bb82-60cd-4187-a56f-cc30a47716a1",
    "auth_currency": "30301d93-0631-4aad-ae4d-5a98d2fbd241",
    "username": "laborum.",
    "deleted": null,
    "password_one_time": null,
    "is_active": true,
    "groups": [
      3
    ],
    "accept_notify": true,
    "password": "PamDBiTmMAGuJJualYwZPzJFtDnkhXXFHlcPoJtkvzECkzIOlJuISskIWHRAMimweGmpVwpwbvyfKqrUflDJaqKtVhkhoitnmzMJlSEuDffRcSYCiOPEuMsAkpnpHudg",
    "proxy_status": null,
    "proxy_user": null,
    "created": "2015-08-31T22:36:29.155Z",
    "modified": "2015-08-31T22:36:29.155Z",
    "email": "",
    "accept_assign": true,
    "password_change": "RpxXrtvbUBTPjJonSQghkpzaiwGBAKcuKxCiSSerOzybKnXmOZaWOXlELoLxwYNdRTohSwwgckTPjACpPPGqTLqquUuzBVcoGFBnkNRXrqiNeyFPyAZzMOEdsVbaRawBGwbsUBmJXbuWczveshYLrdGFFtaygNGMCQRznZXlCbGqkUirjefPPljSNZhIwrnydnZtKyIkeajSDaBTYOterbDFEcfLRLxCVxLLSiNSJCYexdsiCHOrzURYQyzZndOHyMEEZhQgFgDVxdvYESNFJOZXtnobUFyylCNSkFsjAlxU"
  },
  "model": "person.person",
  "pk": "05c34ffc-d7d5-472c-82b5-3dc729bbc5e5"
},
{
  "fields": {
    "status": "ac04044f-57e5-4f64-8d7b-509f66b74605",
    "last_name": "Lelevier",
    "proxy_start_date": null,
    "locale": null,
    "next_approver": null,
    "locations": [],
    "is_staff": true,
    "user_permissions": [],
    "proxy_end_date": null,
    "date_joined": "2015-08-31T22:36:29.016Z",
    "middle_initial": "Y",
    "first_name": "Aaron",
    "employee_id": null,
    "auth_amount": "0.0000",
    "title": null,
    "is_superuser": true,
    "last_login": null,
    "password_expire": null,
    "role": "59b172ab-ec12-4c15-96c4-922b5065d2c0",
    "auth_currency": "30301d93-0631-4aad-ae4d-5a98d2fbd241",
    "username": "aaron",
    "deleted": null,
    "password_one_time": null,
    "is_active": true,
    "groups": [
      2
    ],
    "accept_notify": true,
    "password": "pbkdf2_sha256$20000$UDlp97GKql3l$m7zRAVMXDJjAXtwYtzb7MuIwZH8iL1M31SuhBYcPOvQ=",
    "proxy_status": null,
    "proxy_user": null,
    "created": "2015-08-31T22:36:29.023Z",
    "modified": "2015-08-31T22:36:29.107Z",
    "email": "",
    "accept_assign": true,
    "password_change": "furBZbNKpyZfvOfvdgacdYAjCIFHItKqMFalXluWfvQYIytCJMmytsCnoHGDOVhqxKWSqERFEUNrYbumsmZzCWflKBqkvHoqwonJfOOSmzwTXNcXNjkCgDaCCgmvnnCAciqkeZcgZBypknvrvWdzJMSHHUKiOEXRSrnpAomgBMztvmLiBYmShNeAIippwCKjbpDKsnsAToPEjskRYfZhjaIBRIodVglgnvzODWGEoBeAwHnDwmVqVMVfAxNREnnuDYtsDgOydvaiuxlZTWfiqozKjUXZDbRkJekMOiIvyNsi"
  },
  "model": "person.person",
  "pk": "10a3ddb6-cbbc-4661-81e6-769e3592866c"
},
{
  "fields": {
    "status": "ac04044f-57e5-4f64-8d7b-509f66b74605",
    "last_name": "",
    "proxy_start_date": null,
    "locale": null,
    "next_approver": null,
    "locations": [],
    "is_staff": false,
    "user_permissions": [],
    "proxy_end_date": null,
    "date_joined": "2015-08-31T22:36:29.186Z",
    "middle_initial": null,
    "first_name": "ullamco",
    "employee_id": null,
    "auth_amount": "0.0000",
    "title": null,
    "is_superuser": false,
    "last_login": null,
    "password_expire": null,
    "role": "acb4e181-0d2d-422c-9fc4-aac60b3f22f3",
    "auth_currency": "30301d93-0631-4aad-ae4d-5a98d2fbd241",
    "username": "ullamco",
    "deleted": null,
    "password_one_time": null,
    "is_active": true,
    "groups": [
      5
    ],
    "accept_notify": true,
    "password": "QKkhSuCAYoUfwsiKyUULPsVhJJshvDxyhDtipZeTBdOBfbJAVIWZzofHuWWiwLYMNGSEbFSBYHWZMrjphzALpsIVGjouXZyryobTfRWzTUwvWMkKadtioMJSZZSUpyYQ",
    "proxy_status": null,
    "proxy_user": null,
    "created": "2015-08-31T22:36:29.190Z",
    "modified": "2015-08-31T22:36:29.190Z",
    "email": "",
    "accept_assign": true,
    "password_change": "MYnAOUqFcEmkpHmKAfSbTQKzTeSBdLZanIZoeUeeZQhmXamtCaPlEnjUXraOgAerBOPjGYdObFkyHgTDTOffCLhOpyJkRZAspmyHVQQuRttxHgVdgUVkwuqhfiuJnIAbCScljeyxsVWqzeqbSKBhqapeUbRVmNOJprtmBosjpgRcJKsJQnCtVozQmMXAccdXHZwsNbtlEjvywctKCPqHVbgvlUCVkRWFZLuLmVEKYiJYhINnVdvQvOsDrwnkRGEyelLsNUQCTfORjjtMcJcnRaswdFGgdDRxsSQkmkzcsRFa"
  },
  "model": "person.person",
  "pk": "13bbe03f-d3f3-41bb-8977-12e3e1335328"
},
{
  "fields": {
    "status": "ac04044f-57e5-4f64-8d7b-509f66b74605",
    "last_name": "",
    "proxy_start_date": null,
    "locale": null,
    "next_approver": null,
    "locations": [],
    "is_staff": false,
    "user_permissions": [],
    "proxy_end_date": null,
    "date_joined": "2015-08-31T22:36:29.197Z",
    "middle_initial": null,
    "first_name": "dolore",
    "employee_id": null,
    "auth_amount": "0.0000",
    "title": null,
    "is_superuser": false,
    "last_login": null,
    "password_expire": null,
    "role": "acb4e181-0d2d-422c-9fc4-aac60b3f22f3",
    "auth_currency": "30301d93-0631-4aad-ae4d-5a98d2fbd241",
    "username": "dolore",
    "deleted": null,
    "password_one_time": null,
    "is_active": true,
    "groups": [
      5
    ],
    "accept_notify": true,
    "password": "zmOgjhHHIQBWNqGttSVKwKfyaPtdIrsWTPwwmCtaCyoakdHTuzVmbbZeoBAVUKndnEItKHPnBjSrwOgJysKdwHtDkRCPHHXdpuvOsdWWoKAOqGUROlEzabcERjCEiEzO",
    "proxy_status": null,
    "proxy_user": null,
    "created": "2015-08-31T22:36:29.200Z",
    "modified": "2015-08-31T22:36:29.200Z",
    "email": "",
    "accept_assign": true,
    "password_change": "AjKdKhISaSFtlzjXGDuGEMvvSReYlDpyKcueukhFmWbZdJvMpaWTIHfPUpsvGJoqavSXGXZqpnvCbUcBuodoOLJnBiEKJyLNjzVqAqIyKuXmyNLAkuyBRDNkmbmTxhszjJLudCUnFohOuTZlUEjmSONQFRVvNqeEFwmkYHBihGkdVRASeJoVadkrbxLkBbZAxNyykfVFxBEfRdVPlOIYReiMNcXWENxJriedPzRTRKqeHNLLoxaxUpVmpXJHBVhGszgXBpsqJGKJkUCHBULxrVCTTryfrarJTGYghpPlUQWs"
  },
  "model": "person.person",
  "pk": "22f22cf3-3b6b-4cb3-99bc-3d51f0ad1282"
},
{
  "fields": {
    "status": "ac04044f-57e5-4f64-8d7b-509f66b74605",
    "last_name": "",
    "proxy_start_date": null,
    "locale": null,
    "next_approver": null,
    "locations": [
      "815d16bc-0b51-4fc4-bc55-5db685f7afdd",
      "97ff7a7e-3f89-4a53-b1c9-b5cd25ca6163"
    ],
    "is_staff": false,
    "user_permissions": [],
    "proxy_end_date": null,
    "date_joined": "2015-08-31T22:36:29.269Z",
    "middle_initial": null,
    "first_name": "aliqua.",
    "employee_id": null,
    "auth_amount": "0.0000",
    "title": null,
    "is_superuser": false,
    "last_login": null,
    "password_expire": null,
    "role": "a39c5c74-e392-4232-8ee2-a3ca87fb9c01",
    "auth_currency": "30301d93-0631-4aad-ae4d-5a98d2fbd241",
    "username": "aliqua.",
    "deleted": null,
    "password_one_time": null,
    "is_active": true,
    "groups": [
      4
    ],
    "accept_notify": true,
    "password": "ICuKozXyloiWqgvvAWDYlAxtnHPPkauBtUSShakNpTwRTgjEUQTPbpWgzOlTkyxTMEtJTSsuzFNGpkYxqXDZyLbhSfzwjHHdECNBJFBAypbmWRpUMPqOXfBKsXJLVAlO",
    "proxy_status": null,
    "proxy_user": null,
    "created": "2015-08-31T22:36:29.272Z",
    "modified": "2015-08-31T22:36:29.272Z",
    "email": "",
    "accept_assign": true,
    "password_change": "GFNqcvawKOUvQVqRsQdjCAHSIQyofkpXKhRFnIVHEMTOeUQnORArwICawmtPsVxcrsnbzPuJxBdXPXsBfBWUjOiNlZGkpExRxAyjUzdCQkuRuqgoxZaqixfMUhxOSNgtaCUgEWBmtzRvSGYikBQuYmdlYhrZYkLadiDfJpsHzmnKNezLvTjdCIhyfozluLbDmzHZgmQGRvUNyZhnlBBSUdmLDIydPQhkNfLPimqfnYOMZXvlaAKaJthiThlLFqlfZovkmSJbHmnoJAjNHRSzZYKOiuKgiQmGasyqiPhOjmDu"
  },
  "model": "person.person",
  "pk": "33fc4faa-04bc-4237-ab54-61bf7ff9aa1f"
},
{
  "fields": {
    "status": "ac04044f-57e5-4f64-8d7b-509f66b74605",
    "last_name": "",
    "proxy_start_date": null,
    "locale": null,
    "next_approver": null,
    "locations": [
      "815d16bc-0b51-4fc4-bc55-5db685f7afdd",
      "97ff7a7e-3f89-4a53-b1c9-b5cd25ca6163"
    ],
    "is_staff": false,
    "user_permissions": [],
    "proxy_end_date": null,
    "date_joined": "2015-08-31T22:36:29.376Z",
    "middle_initial": null,
    "first_name": "minim",
    "employee_id": null,
    "auth_amount": "0.0000",
    "title": null,
    "is_superuser": false,
    "last_login": null,
    "password_expire": null,
    "role": "a39c5c74-e392-4232-8ee2-a3ca87fb9c01",
    "auth_currency": "30301d93-0631-4aad-ae4d-5a98d2fbd241",
    "username": "minim",
    "deleted": null,
    "password_one_time": null,
    "is_active": true,
    "groups": [
      4
    ],
    "accept_notify": true,
    "password": "FCUZBLuUPjcqjTEtuQHyPvBPgCztWabcUAJOWTXuPsHtMbljOfnpaAEPFQqGuSmTNoOWzQXvLQQBlIbpBlDTVWChVpYsmoPYVoRzqhlmoiUIkFEIocFgnyjjYPAbZVzp",
    "proxy_status": null,
    "proxy_user": null,
    "created": "2015-08-31T22:36:29.380Z",
    "modified": "2015-08-31T22:36:29.380Z",
    "email": "",
    "accept_assign": true,
    "password_change": "hMFqLFqdAGwuyTGhgTomRftakZMbHVGZjZDPlFfDijqFCbFnAlBQFakcVyUVVysWHZPAcciHywrqkcSjfKvmXkMKhYXDWnnVTuZVSrLrfWTOeRXznxjJYJPVhphplkhvRYKiTvNrmwEBOFzYpTMdlocQJXFLlLHwFUcGDOkbYkieysxQwAqpIdwITmxvszZOTgbscVfGSuKxgMhYRDJijUhHjPjyPCnXEmVDEtmOeQsVDIRAHWPhIEBKDTzhXIevPVuUXUwJSXzEwWIndPtPGUdBGxMVQOHQblSHUSPBsfaq"
  },
  "model": "person.person",
  "pk": "345a4b88-c8a7-453a-8e14-fab9eaa31a3e"
},
{
  "fields": {
    "status": "ac04044f-57e5-4f64-8d7b-509f66b74605",
    "last_name": "",
    "proxy_start_date": null,
    "locale": null,
    "next_approver": null,
    "locations": [
      "815d16bc-0b51-4fc4-bc55-5db685f7afdd",
      "97ff7a7e-3f89-4a53-b1c9-b5cd25ca6163"
    ],
    "is_staff": false,
    "user_permissions": [],
    "proxy_end_date": null,
    "date_joined": "2015-08-31T22:36:29.341Z",
    "middle_initial": null,
    "first_name": "aliquip",
    "employee_id": null,
    "auth_amount": "0.0000",
    "title": null,
    "is_superuser": false,
    "last_login": null,
    "password_expire": null,
    "role": "a39c5c74-e392-4232-8ee2-a3ca87fb9c01",
    "auth_currency": "30301d93-0631-4aad-ae4d-5a98d2fbd241",
    "username": "aliquip",
    "deleted": null,
    "password_one_time": null,
    "is_active": true,
    "groups": [
      4
    ],
    "accept_notify": true,
    "password": "bCWEbclJQcQvmwkUuzYCzUqKTfsaqKFEmXMWBhxReksKyPYKwckuykOCitWVsEGzbUProwiFQStZFfXoAKIDAZlKBqmGqbMAYEtHjKRRCcasTyTrsjYocIWcrIphMOXz",
    "proxy_status": null,
    "proxy_user": null,
    "created": "2015-08-31T22:36:29.344Z",
    "modified": "2015-08-31T22:36:29.344Z",
    "email": "",
    "accept_assign": true,
    "password_change": "vfEEbMeoQsQUqhWFnpGZdpZenvcdCwZJgkDVLLFThdmWCTCJBqMwszunZShhtZrOUkSehBHgfURBYrxDvcrHxVkAUazObgyTErygzycAvMdXaljWHiJmUznmvJUtUlPrpOiDDWnBvSMHxOsHXphpDIptInLlrDUOpxWsYbkYmhixVeiVbhaYVzhvRFSenTIxiDoWTbDepPUxHTAfwfzysbwLkRejCYMFCjGquuIGLoriZTtYkehhhBuMqBvTyiqFMUGiyoVitweNrsOWktPfaABzoQrFMjisDjhsqZZJRXKi"
  },
  "model": "person.person",
  "pk": "53c6b85d-7a6e-4531-8c0f-061ea643ddea"
},
{
  "fields": {
    "status": "ac04044f-57e5-4f64-8d7b-509f66b74605",
    "last_name": "",
    "proxy_start_date": null,
    "locale": null,
    "next_approver": null,
    "locations": [
      "0679e902-4d3f-40c6-9e44-355b3bc3255e"
    ],
    "is_staff": false,
    "user_permissions": [],
    "proxy_end_date": null,
    "date_joined": "2015-08-31T22:36:29.162Z",
    "middle_initial": null,
    "first_name": "aute",
    "employee_id": null,
    "auth_amount": "0.0000",
    "title": null,
    "is_superuser": false,
    "last_login": null,
    "password_expire": null,
    "role": "8512fa1d-0330-4591-9df7-b577a6903311",
    "auth_currency": "30301d93-0631-4aad-ae4d-5a98d2fbd241",
    "username": "aute",
    "deleted": null,
    "password_one_time": null,
    "is_active": true,
    "groups": [
      1
    ],
    "accept_notify": true,
    "password": "oDYMykXifSlYEEVCxTAfoZfMDOQCorxwOjuZjwZzVzkvSQWccPXLbOrYzGRfghVStGEBKqynWLMBtZtNWhBqKMPoqMjaZqcMaIDbonuNDiZdbEKWXtvUvsRwwJluhxPx",
    "proxy_status": null,
    "proxy_user": null,
    "created": "2015-08-31T22:36:29.165Z",
    "modified": "2015-08-31T22:36:29.165Z",
    "email": "",
    "accept_assign": true,
    "password_change": "xJMSmOPJNaFQmsCdPKHftKGpVMTndUDvHpmSUjnwJeYVWceNOltxYkJdCmYOdUpiWcdGoohQkOJbOccbpmSquJDFUPZpPCaUfSpLuXuyYzhueMrHYNQhQkUWmKNwwlfmjyqJIhXCNHSowfloqABSIHUJknDvvxOeRApTKnJYvwxElhRcEcqsKuGGxcXNfNyQWOEzEHYQedPilmZbeWdRnOMTopFkVgctNsmPVVabVbEoXbfPqrENVucGxtBHFAuefbwWDJfXjpJjSgTMbfQNOoNwBxkfZPkrUTFoEHlvpIVG"
  },
  "model": "person.person",
  "pk": "6105b209-fe4f-4e45-94a1-59eb6cadc047"
},
{
  "fields": {
    "status": "ac04044f-57e5-4f64-8d7b-509f66b74605",
    "last_name": "",
    "proxy_start_date": null,
    "locale": null,
    "next_approver": null,
    "locations": [],
    "is_staff": false,
    "user_permissions": [],
    "proxy_end_date": null,
    "date_joined": "2015-08-31T22:36:29.410Z",
    "middle_initial": null,
    "first_name": "ex",
    "employee_id": null,
    "auth_amount": "0.0000",
    "title": null,
    "is_superuser": false,
    "last_login": null,
    "password_expire": null,
    "role": "9ae8bb82-60cd-4187-a56f-cc30a47716a1",
    "auth_currency": "30301d93-0631-4aad-ae4d-5a98d2fbd241",
    "username": "ex",
    "deleted": null,
    "password_one_time": null,
    "is_active": true,
    "groups": [
      3
    ],
    "accept_notify": true,
    "password": "IeHJJuvMOEdtEpxsmRPxpuxTggQVoyHVZtSZjNblUgzjmeTosxawjWFSbqxRSEYqSNdHjEmsMeZBoCwVudFYdZMfGRVRIHnNofXzNQVspHNOtYXBThiYaeCyBsPtmZGJ",
    "proxy_status": null,
    "proxy_user": null,
    "created": "2015-08-31T22:36:29.414Z",
    "modified": "2015-08-31T22:36:29.414Z",
    "email": "",
    "accept_assign": true,
    "password_change": "HUHhNTvbWJKQvNngyiHEIdrqKSfvDXvtGOdeVFRuXWdeUtzARfZvLEJpgZtYowedGbwavapSKUTDIzkuxCwfcyMmKGKvDKJVbdvKqGbPSNmPRmdBKiNUbIOvJVlsvKrYGFKMaQgpxGVgYsFYThimIokqZDdxLXfJCPjBGTqjpYptnzhTotVdUeFMwfBkInRUUqGSKhydIfIhQzcqviETrtsXyDXxVQxnlgdOeBcYvuMMdicbNVEDmxHJJITmVHtbKMSCPAYJmwfUSVTyqSWLierUoHOxPXYiaEQeWAhYlrZF"
  },
  "model": "person.person",
  "pk": "638c0476-4c6d-40f6-b4ea-157904f0da64"
},
{
  "fields": {
    "status": "ac04044f-57e5-4f64-8d7b-509f66b74605",
    "last_name": "",
    "proxy_start_date": null,
    "locale": null,
    "next_approver": null,
    "locations": [
      "91f386e8-f47a-42cd-b336-a6b2d7e99431",
      "68d5b552-5928-4472-9e0e-4f096873b430"
    ],
    "is_staff": false,
    "user_permissions": [],
    "proxy_end_date": null,
    "date_joined": "2015-08-31T22:36:29.364Z",
    "middle_initial": null,
    "first_name": "exercitation",
    "employee_id": null,
    "auth_amount": "0.0000",
    "title": null,
    "is_superuser": false,
    "last_login": null,
    "password_expire": null,
    "role": "59b172ab-ec12-4c15-96c4-922b5065d2c0",
    "auth_currency": "30301d93-0631-4aad-ae4d-5a98d2fbd241",
    "username": "exercitation",
    "deleted": null,
    "password_one_time": null,
    "is_active": true,
    "groups": [
      2
    ],
    "accept_notify": true,
    "password": "EvUiiCMFAzMfzxWSPzUuVcNkPNQRzetcONYXRBvjJKqjxAVLPOuTyNvDcUssIUsCOgBiTTSxQxOikNQflNzRnOdnCSrrxcyuCRoYvGPAuHLOzkUYnGRkiOnnabPMkfDc",
    "proxy_status": null,
    "proxy_user": null,
    "created": "2015-08-31T22:36:29.368Z",
    "modified": "2015-08-31T22:36:29.368Z",
    "email": "",
    "accept_assign": true,
    "password_change": "KzsDDuuUQkHUdOmdVwbZlarFQmTEgyemtgmNeUgqTOFVVjeWbKllkWMRjwBfzqiKyZQjWRtWByjGcBQKGSAbVnluyYMxeyQdiPEDzWmIQJfVErbWJgrxZzIUenbxrjPCYQiDrXzGzywwiOLhGsHTRxXQFIhrKzRQlIRYjpjWyiApGditwLPessRiSSETSSpHeabgvwBdbHyfqDVjzBROatvhByOyxfJGklrwmPEFZtGFEqiAcoKejxaSTsgSbqFwxvRZixkdvCjySyqdiBHWbwFrkwYkDvMPTCYtUvJqiXBc"
  },
  "model": "person.person",
  "pk": "6cd162dd-b48a-4b47-80d9-9bfdadb75bce"
},
{
  "fields": {
    "status": "ac04044f-57e5-4f64-8d7b-509f66b74605",
    "last_name": "",
    "proxy_start_date": null,
    "locale": null,
    "next_approver": null,
    "locations": [
      "0679e902-4d3f-40c6-9e44-355b3bc3255e"
    ],
    "is_staff": false,
    "user_permissions": [],
    "proxy_end_date": null,
    "date_joined": "2015-08-31T22:36:29.257Z",
    "middle_initial": null,
    "first_name": "ut",
    "employee_id": null,
    "auth_amount": "0.0000",
    "title": null,
    "is_superuser": false,
    "last_login": null,
    "password_expire": null,
    "role": "8512fa1d-0330-4591-9df7-b577a6903311",
    "auth_currency": "30301d93-0631-4aad-ae4d-5a98d2fbd241",
    "username": "ut",
    "deleted": null,
    "password_one_time": null,
    "is_active": true,
    "groups": [
      1
    ],
    "accept_notify": true,
    "password": "iEXMVojrszzWABcBURXXxhXrDNcPRoYnhluiKDvfZlSOObRCiSHKMSmRkcNFsyCAQUyEFkRlkshRkHqubdVnocWXKxmOgxEISPaIqVGbUZuCCWJJHzdmEzFzzdmhbPap",
    "proxy_status": null,
    "proxy_user": null,
    "created": "2015-08-31T22:36:29.260Z",
    "modified": "2015-08-31T22:36:29.260Z",
    "email": "",
    "accept_assign": true,
    "password_change": "jWbthJKCERUSuNplSZyBibLqKgcvsavJGPxyokBCuJoColpxtyneEtkJHQmiMKFwxUoOFVuytqdIyzavcJRCQhoEoYebquCysJgmeKrpfhjJZAZQhRWjoxqswRzOxroiZpegXuyKtYiWzsZqBTEXTvNtpMbzkdbqBZaBuzqdIINnGYAyjScrPjEGyfGmXprhpTQdCcJbUgoGFDlQXrLABkQKSsyfiKmNGtCLgKMNtejaUkAqXubKWTlmnyIzXNkOcNQKhaIZssqvvOfBOhYBcdwjHTFLkrXMfmOqhYvwJkMf"
  },
  "model": "person.person",
  "pk": "8f55508c-bab5-4462-8483-290612a388be"
},
{
  "fields": {
    "status": "ac04044f-57e5-4f64-8d7b-509f66b74605",
    "last_name": "",
    "proxy_start_date": null,
    "locale": null,
    "next_approver": null,
    "locations": [
      "0679e902-4d3f-40c6-9e44-355b3bc3255e"
    ],
    "is_staff": false,
    "user_permissions": [],
    "proxy_end_date": null,
    "date_joined": "2015-08-31T22:36:29.280Z",
    "middle_initial": null,
    "first_name": "cupidatat",
    "employee_id": null,
    "auth_amount": "0.0000",
    "title": null,
    "is_superuser": false,
    "last_login": null,
    "password_expire": null,
    "role": "8512fa1d-0330-4591-9df7-b577a6903311",
    "auth_currency": "30301d93-0631-4aad-ae4d-5a98d2fbd241",
    "username": "cupidatat",
    "deleted": null,
    "password_one_time": null,
    "is_active": true,
    "groups": [
      1
    ],
    "accept_notify": true,
    "password": "UsEJYoKZhzCLSJycrgyCnOTNLhIgpBPLXpRHIsYXqBscYKPgrQqrOvyzieumQuDNwtXlNvXwJpeqJLBMFjcOwZVmXEwORTtQjxibiDirRotDtoWkdKHVSFyNVTkFStKa",
    "proxy_status": null,
    "proxy_user": null,
    "created": "2015-08-31T22:36:29.284Z",
    "modified": "2015-08-31T22:36:29.284Z",
    "email": "",
    "accept_assign": true,
    "password_change": "pMtRTcPXfqwHEzStPnaLFMYrqEHUMDnjGiThjTplpMkDDZAPjSIBdyaDOTIRCMkyYFeNMqhPqqPhegYqgmgqzJuzNmdPbCUsIywpZzEFCvSRjhOpRUwFdBLQVJoiVVdFpZgTFSvIYoqxheZczoLlzeKVIuYjEQKEJaeMqKBGGxszyrutTNACEYmMzTlIcuahfLSaowUsjxyCTLIqtyiXwwrVPUwPafDgNlVrzAClYSQsFKrfcCPWRwGHyAUrrApYHZOUkfkWqZlhSxkfVYMzSqDGduTtVXgaqJJZirwZnDLr"
  },
  "model": "person.person",
  "pk": "938b4899-c067-4cb3-aca4-8317dc3a6b7f"
},
{
  "fields": {
    "status": "ac04044f-57e5-4f64-8d7b-509f66b74605",
    "last_name": "",
    "proxy_start_date": null,
    "locale": null,
    "next_approver": null,
    "locations": [
      "815d16bc-0b51-4fc4-bc55-5db685f7afdd",
      "97ff7a7e-3f89-4a53-b1c9-b5cd25ca6163"
    ],
    "is_staff": false,
    "user_permissions": [],
    "proxy_end_date": null,
    "date_joined": "2015-08-31T22:36:29.291Z",
    "middle_initial": null,
    "first_name": "nostrud",
    "employee_id": null,
    "auth_amount": "0.0000",
    "title": null,
    "is_superuser": false,
    "last_login": null,
    "password_expire": null,
    "role": "a39c5c74-e392-4232-8ee2-a3ca87fb9c01",
    "auth_currency": "30301d93-0631-4aad-ae4d-5a98d2fbd241",
    "username": "nostrud",
    "deleted": null,
    "password_one_time": null,
    "is_active": true,
    "groups": [
      4
    ],
    "accept_notify": true,
    "password": "xbDMgoRQsduunEeYbTxiqagSmIybpbyTqMvuTlnUFxpxyMiqGKOULUPwngTGYvMFpsNNxoNHGBZkFNlqMISXvKGWLoSlLAuggrqanmoBhdnBVYHMEbMkfixCyXTMIrtW",
    "proxy_status": null,
    "proxy_user": null,
    "created": "2015-08-31T22:36:29.295Z",
    "modified": "2015-08-31T22:36:29.295Z",
    "email": "",
    "accept_assign": true,
    "password_change": "QLVPfdtdXRSoyGktvqgmvzSaCRxfOYRDpYjkIHOWzWiaGSdQGowegFvtHYdisOfOistmzZOSfDQcQWQCgaTJTruKcDuVLVwlKSmXVVyDUUnUbxwXHpRqRBkiUxiyzGocSSxzadFndCSayzzEuwbfMyvfLKtcnWBzYpRRtGcrhVyuPSfyuiywiGWjkdKGBXGDjvPJzDHQSLXnOpwVyhQUgMCQQURwnVpCRUlBsHJWMnOhdynTruWhkwEJRkbnrwYtIlNqnCGyXqDzNyzGudcJhJROyVkdalmOPzdNNeLRrbut"
  },
  "model": "person.person",
  "pk": "967bb80d-04ac-422d-b4ee-f81f2ccc2fd8"
},
{
  "fields": {
    "status": "ac04044f-57e5-4f64-8d7b-509f66b74605",
    "last_name": "",
    "proxy_start_date": null,
    "locale": null,
    "next_approver": null,
    "locations": [],
    "is_staff": false,
    "user_permissions": [],
    "proxy_end_date": null,
    "date_joined": "2015-08-31T22:36:29.206Z",
    "middle_initial": null,
    "first_name": "in",
    "employee_id": null,
    "auth_amount": "0.0000",
    "title": null,
    "is_superuser": false,
    "last_login": null,
    "password_expire": null,
    "role": "9ae8bb82-60cd-4187-a56f-cc30a47716a1",
    "auth_currency": "30301d93-0631-4aad-ae4d-5a98d2fbd241",
    "username": "in",
    "deleted": null,
    "password_one_time": null,
    "is_active": true,
    "groups": [
      3
    ],
    "accept_notify": true,
    "password": "BmcMKpdcnrykpWWilQytObsczzkQOcZEQUNgzWqYkJOXCQgRPedkhWLHmwLAbfWThkAIXGXYQVSWHLzGpVpEnMhpUsGzCGCsNxDVbkqldHdRgHPaxZUZtXtNpZOVBXUs",
    "proxy_status": null,
    "proxy_user": null,
    "created": "2015-08-31T22:36:29.209Z",
    "modified": "2015-08-31T22:36:29.209Z",
    "email": "",
    "accept_assign": true,
    "password_change": "CfvgNHYzZkcgXhwAtkeprXkbGMyHKzTMbkhHpcWDjZGFEIkcgHgXaipCKFCkRhsTAkHGKDyRIskKTVrrdgVnMyMXHBNoafGytzAAIOVOobHyVxhUVPqXmvIxFcgSyZTkfXoJrHvDfbJDcyNkzWxqfVaGmKbcmdioOhUYMfKrSfUUfvfGgMEkiIKFiPoaCxgKyUcBZhbtACwGjjNPvdgSknwiTnDMSebVpJPtWXsnUoJcAxAcpFgNOFtDIslDUJdeROKEOIivIKbeHZVmPrJtxApIwGoQcnicciZkTtGTiJuL"
  },
  "model": "person.person",
  "pk": "9ae90da9-12f1-47cc-ab9c-0541221fc681"
},
{
  "fields": {
    "status": "ac04044f-57e5-4f64-8d7b-509f66b74605",
    "last_name": "",
    "proxy_start_date": null,
    "locale": null,
    "next_approver": null,
    "locations": [
      "815d16bc-0b51-4fc4-bc55-5db685f7afdd",
      "97ff7a7e-3f89-4a53-b1c9-b5cd25ca6163"
    ],
    "is_staff": false,
    "user_permissions": [],
    "proxy_end_date": null,
    "date_joined": "2015-08-31T22:36:29.329Z",
    "middle_initial": null,
    "first_name": "nisi",
    "employee_id": null,
    "auth_amount": "0.0000",
    "title": null,
    "is_superuser": false,
    "last_login": null,
    "password_expire": null,
    "role": "a39c5c74-e392-4232-8ee2-a3ca87fb9c01",
    "auth_currency": "30301d93-0631-4aad-ae4d-5a98d2fbd241",
    "username": "nisi",
    "deleted": null,
    "password_one_time": null,
    "is_active": true,
    "groups": [
      4
    ],
    "accept_notify": true,
    "password": "nqonAKNUxjDqHgXehuYWOIyyMgxIlnYrZGuJCixFAgJhSFEREfysUoSgYmFXgLOezikHRuYFyRJyZCoSifOJhvQmrmAxNvTJfvelVKlDEPZDbXnaeDUpsTxCVBzcQhHR",
    "proxy_status": null,
    "proxy_user": null,
    "created": "2015-08-31T22:36:29.333Z",
    "modified": "2015-08-31T22:36:29.333Z",
    "email": "",
    "accept_assign": true,
    "password_change": "yKxTknobOTBvIGFBJVNsfKWXITIHobJmmfcnLCGVUBghjtVsDapbsBgWphpqivpYcywXzYrnytSkhxgXqHeObhNpVoDJFCATaqqbKkBuvEjqFLDlpxTwWbOJzCTGbgsdENOQrUvrRqyKEbwFWqUPjumyhNOgpKDWAdxHbYtMKOJEzNPvVNoXeauMJMaQxZExscHeIXiYrZUVzfwtNaqlcXYXtqpsrVLYsLcrIfURdnWGONiJKmzODcWiuQxKPNfvWyHGIJxXXHoSHKIupuXryRHTTnoiKSsiUtJpJeIdUURp"
  },
  "model": "person.person",
  "pk": "9c63cf22-ac6b-4092-87e7-91ada6c2d5b3"
},
{
  "fields": {
    "status": "ac04044f-57e5-4f64-8d7b-509f66b74605",
    "last_name": "",
    "proxy_start_date": null,
    "locale": null,
    "next_approver": null,
    "locations": [],
    "is_staff": false,
    "user_permissions": [],
    "proxy_end_date": null,
    "date_joined": "2015-08-31T22:36:29.248Z",
    "middle_initial": null,
    "first_name": "qui",
    "employee_id": null,
    "auth_amount": "0.0000",
    "title": null,
    "is_superuser": false,
    "last_login": null,
    "password_expire": null,
    "role": "9ae8bb82-60cd-4187-a56f-cc30a47716a1",
    "auth_currency": "30301d93-0631-4aad-ae4d-5a98d2fbd241",
    "username": "qui",
    "deleted": null,
    "password_one_time": null,
    "is_active": true,
    "groups": [
      3
    ],
    "accept_notify": true,
    "password": "UmxtjfWLNcyPALjynxQCGCrEImbfJLgEdVgovTFJngqajlXvJeGbpfGiWDxLEXkgIDziGqeynEqIBGFpXkxUYnRGWvBfFpNROOmqmIjLUFuvKnoKJPRLLURVpDSGWWXH",
    "proxy_status": null,
    "proxy_user": null,
    "created": "2015-08-31T22:36:29.251Z",
    "modified": "2015-08-31T22:36:29.251Z",
    "email": "",
    "accept_assign": true,
    "password_change": "nNwnAieLyoLinKcumePJiAYbsbqycAtydoxBJeiUtNAHSuXAIEoMcDJoGczjxDyAhOmabdDUZumzURfnPKKHtNoswTDIbFvBsJIkFjHKHmfVsqvSSVDXATaDapEEqQYdntEUsigvrUSlSOilpXiLrCCsbHiyjKxlXYWEcPZrklzRGrJhtTqbzYcilmmSPGLRoSfFjPzWyvfmpWCugpmBitGbJkVlbuDMXXOVjAVOjDwILWVDjcMiQJUbwibTaMPQcEeTWopUphrzDqWjbnqTuACSNJpuKnCtVapPKimHjwFc"
  },
  "model": "person.person",
  "pk": "9ccf3244-a30a-4231-b6da-5340b3d680b3"
},
{
  "fields": {
    "status": "ac04044f-57e5-4f64-8d7b-509f66b74605",
    "last_name": "",
    "proxy_start_date": null,
    "locale": null,
    "next_approver": null,
    "locations": [
      "815d16bc-0b51-4fc4-bc55-5db685f7afdd",
      "97ff7a7e-3f89-4a53-b1c9-b5cd25ca6163"
    ],
    "is_staff": false,
    "user_permissions": [],
    "proxy_end_date": null,
    "date_joined": "2015-08-31T22:36:29.224Z",
    "middle_initial": null,
    "first_name": "culpa",
    "employee_id": null,
    "auth_amount": "0.0000",
    "title": null,
    "is_superuser": false,
    "last_login": null,
    "password_expire": null,
    "role": "a39c5c74-e392-4232-8ee2-a3ca87fb9c01",
    "auth_currency": "30301d93-0631-4aad-ae4d-5a98d2fbd241",
    "username": "culpa",
    "deleted": null,
    "password_one_time": null,
    "is_active": true,
    "groups": [
      4
    ],
    "accept_notify": true,
    "password": "ZWJHAQNAHenyCGmtofllmfOGyZeaMNIFvlJqFMurkxrwHnDKFWAEfctiMEkVRrawlGsFbhCfFAGxPmofINwyxsrtSCRtBGAIWWgdvyBzxAmtSLJkwqVmMJfBgdjXvFUB",
    "proxy_status": null,
    "proxy_user": null,
    "created": "2015-08-31T22:36:29.228Z",
    "modified": "2015-08-31T22:36:29.228Z",
    "email": "",
    "accept_assign": true,
    "password_change": "mjnUeBvmzapoRBtfuXWNDSpeixWjixToKutBHlPPDuICRLrvcsFOkwhndoYohtueoKVCDgAiPDEgLzYeHlPRJsfNqhssPEendIDLDtLSoBzhGBnKzreXqpbQrCuPtmmJELEZNHVRgVUtpKgrAyvfHLAonkoRVtgkvlaQYiSsZwxJqmNRfiWwIQJRWRHLzpfVwvVgoOUYmnQccmCneBUrQwoYavAXAyKwdtVudrERZjfymXgIxiAzHODhzaWWAxwkBvAsQGuZobntaggGeTSsFFbMJgwNdroTDSRRWDVDcGfQ"
  },
  "model": "person.person",
  "pk": "a3138ea5-49f9-40f4-a476-e853efdd3aeb"
},
{
  "fields": {
    "status": "ac04044f-57e5-4f64-8d7b-509f66b74605",
    "last_name": "",
    "proxy_start_date": null,
    "locale": null,
    "next_approver": null,
    "locations": [
      "0679e902-4d3f-40c6-9e44-355b3bc3255e"
    ],
    "is_staff": false,
    "user_permissions": [],
    "proxy_end_date": null,
    "date_joined": "2015-08-31T22:36:29.352Z",
    "middle_initial": null,
    "first_name": "amet,",
    "employee_id": null,
    "auth_amount": "0.0000",
    "title": null,
    "is_superuser": false,
    "last_login": null,
    "password_expire": null,
    "role": "8512fa1d-0330-4591-9df7-b577a6903311",
    "auth_currency": "30301d93-0631-4aad-ae4d-5a98d2fbd241",
    "username": "amet,",
    "deleted": null,
    "password_one_time": null,
    "is_active": true,
    "groups": [
      1
    ],
    "accept_notify": true,
    "password": "gGYAumZAxEtBppvPizNOcWMoNYqOIiNKnekHxRYHmpfCLYxjHPlwUqpCBjBPUbfyJuDFJiyegCIDXvfnneAppdepTyzOcnhzLdGxPXlTXtJNELKbhbxBmQtqzxAbbyVC",
    "proxy_status": null,
    "proxy_user": null,
    "created": "2015-08-31T22:36:29.355Z",
    "modified": "2015-08-31T22:36:29.355Z",
    "email": "",
    "accept_assign": true,
    "password_change": "kDFmgEAZuYKwFLniplrwxSYHFCAZXlIlWdZMuUJNDsjygsYWcDeXxfEhoEvmOHlYugSEeUVasasDESYwPlSpFGZIJcVJyyvMGXZoggdimNKkTDdMylMameiEYQQgRQdYLmLYYuMdUkWdCxSSbijKQtrzCTNuciEThnhcEYwIjJFbVqMztfEtOEVopnKilywBibWQRYLwIseUeuuwgHjjAvHLWmnVRzTcmhbzMUgDinNmIXYvdhcrvaYpJqtcfZBxWEvHfaoAjYANKnHejJpyaNittChTchJdkSbCcoOukHgQ"
  },
  "model": "person.person",
  "pk": "b499f784-bad0-43ad-88af-943886dcdeae"
},
{
  "fields": {
    "status": "ac04044f-57e5-4f64-8d7b-509f66b74605",
    "last_name": "",
    "proxy_start_date": null,
    "locale": null,
    "next_approver": null,
    "locations": [
      "815d16bc-0b51-4fc4-bc55-5db685f7afdd",
      "97ff7a7e-3f89-4a53-b1c9-b5cd25ca6163"
    ],
    "is_staff": false,
    "user_permissions": [],
    "proxy_end_date": null,
    "date_joined": "2015-08-31T22:36:29.121Z",
    "middle_initial": null,
    "first_name": "tempor",
    "employee_id": null,
    "auth_amount": "0.0000",
    "title": null,
    "is_superuser": false,
    "last_login": null,
    "password_expire": null,
    "role": "a39c5c74-e392-4232-8ee2-a3ca87fb9c01",
    "auth_currency": "30301d93-0631-4aad-ae4d-5a98d2fbd241",
    "username": "tempor",
    "deleted": null,
    "password_one_time": null,
    "is_active": true,
    "groups": [
      4
    ],
    "accept_notify": true,
    "password": "FhJUUEwcQlvIqIgDdwlTVVxEEPhtMRsTBnxLFfXYlFpKphQffhKwslnfRYyJFHzEUieuwIeIOCdxnZdIcGPWlJkihfITOyeWVwrSDUFOXmhOUgLRlOYIxmGaIBPGOcqa",
    "proxy_status": null,
    "proxy_user": null,
    "created": "2015-08-31T22:36:29.126Z",
    "modified": "2015-08-31T22:36:29.126Z",
    "email": "",
    "accept_assign": true,
    "password_change": "dqcVeJWOVVXSDiHmPepDHoEvsqjODajNLTrhgqTMvUzfyaQqMETYIOxitagiQBCwesDlRfGwZSbVpTCcKaizSBTqsOJnbqukdJaQvuZheLIDKnVhVdsKCVUyecyuNGFILbdyXDvmhDQpEtdzjmQEsATEQXFxqILKNQwLWbLiDYYHHwgmDpWyxxTUhbCpqjuhgiiffyVtXOwLeyZlrRFMRUvMRpeqiefTFLirfgWbFtMtnOAIyxepxxCBqQuYMrlcxfNSQlNZjWLbYCViUNSoOQSqZefLjHrVRutsjlXmIxaU"
  },
  "model": "person.person",
  "pk": "c3b66c90-a63c-4948-9fa4-1cfc02d05c09"
},
{
  "fields": {
    "status": "ac04044f-57e5-4f64-8d7b-509f66b74605",
    "last_name": "",
    "proxy_start_date": null,
    "locale": null,
    "next_approver": null,
    "locations": [],
    "is_staff": false,
    "user_permissions": [],
    "proxy_end_date": null,
    "date_joined": "2015-08-31T22:36:29.320Z",
    "middle_initial": null,
    "first_name": "sed",
    "employee_id": null,
    "auth_amount": "0.0000",
    "title": null,
    "is_superuser": false,
    "last_login": null,
    "password_expire": null,
    "role": "acb4e181-0d2d-422c-9fc4-aac60b3f22f3",
    "auth_currency": "30301d93-0631-4aad-ae4d-5a98d2fbd241",
    "username": "sed",
    "deleted": null,
    "password_one_time": null,
    "is_active": true,
    "groups": [
      5
    ],
    "accept_notify": true,
    "password": "ZEUQYWDuvEfTbduZutDinbwXXhSJDSvzPPpjAOVoYxMrnLVgELfagqpOKLCGytAkXkJwmvXPajELPUZbtgovCUYrFFBBXJNVEWqrMTODUcMoqxSvzDgAVJaaJvoAnnNR",
    "proxy_status": null,
    "proxy_user": null,
    "created": "2015-08-31T22:36:29.323Z",
    "modified": "2015-08-31T22:36:29.323Z",
    "email": "",
    "accept_assign": true,
    "password_change": "nkeChsOjdiONCAmBmfIuvtfjHpMyPheeoTUysXliJayKGkXaiVBXtoGzfYBrXUvvbGYRXjWaKkALaYdyYzFoazVdbmEzjdWxPgytohfHoTtdTWVQvrziwbOVNcRfEhmnGWhSCUdowYcRjyUvNPHHOteYqjBZhHwZavnQrAMLFXJJQIZcXaowqyyPtwRJoWkJpTdvbbjOwoGoyoeePmPHACONDgukRmKbvwEHSlVqBcyUDDMZiqssVojYapbBwmpBptYQGCaZswporcGEvGRXZRwAZUQAoFCwyGEstyBrNriv"
  },
  "model": "person.person",
  "pk": "c51d738b-e5b9-4acd-9b0a-10c369749ecc"
},
{
  "fields": {
    "status": "ac04044f-57e5-4f64-8d7b-509f66b74605",
    "last_name": "",
    "proxy_start_date": null,
    "locale": null,
    "next_approver": null,
    "locations": [
      "0679e902-4d3f-40c6-9e44-355b3bc3255e"
    ],
    "is_staff": false,
    "user_permissions": [],
    "proxy_end_date": null,
    "date_joined": "2015-08-31T22:36:29.173Z",
    "middle_initial": null,
    "first_name": "occaecat",
    "employee_id": null,
    "auth_amount": "0.0000",
    "title": null,
    "is_superuser": false,
    "last_login": null,
    "password_expire": null,
    "role": "8512fa1d-0330-4591-9df7-b577a6903311",
    "auth_currency": "30301d93-0631-4aad-ae4d-5a98d2fbd241",
    "username": "occaecat",
    "deleted": null,
    "password_one_time": null,
    "is_active": true,
    "groups": [
      1
    ],
    "accept_notify": true,
    "password": "ADGMWVCTDxWEmrPlIPvFjvfEmHnsdQkTMreLCQnidQinBBffnPXnEWWdWEfQtIKCTbZDxwGhffNPqzACDxMzWaXITXNFEEPpCgdgriivoJSnGCfGPBvhDlplFmhyfXmh",
    "proxy_status": null,
    "proxy_user": null,
    "created": "2015-08-31T22:36:29.177Z",
    "modified": "2015-08-31T22:36:29.177Z",
    "email": "",
    "accept_assign": true,
    "password_change": "PxBJhwCWfaDRaJZEnzkJPXCOubprDsShuPeiRhWqRFMWnsmzccgvAxRNQcFanhfOUrhSJZexRkVkaXFXDfjBxZLvnGQtABEfTylaYIckdfMihDVRHAvXRiAPivAMQbQwCmAcBhVdHDiUgbIceIWnsThapKxNJGMXujNDGxdxHuoTtkbALAlOQBsXLWswfxEzlUBMFRzGSeWdzOfeNacIJIsGQPHhbzNBSBlOepmobYYDWvRwbrOvXGzgwplLopgJpoYtVKtDrFNfYvYLezUemypdLbjwvxbmCBvLkiLwRscS"
  },
  "model": "person.person",
  "pk": "cd1705e9-546f-4f30-8b7f-28c8cfe51431"
},
{
  "fields": {
    "status": "ac04044f-57e5-4f64-8d7b-509f66b74605",
    "last_name": "",
    "proxy_start_date": null,
    "locale": null,
    "next_approver": null,
    "locations": [],
    "is_staff": false,
    "user_permissions": [],
    "proxy_end_date": null,
    "date_joined": "2015-08-31T22:36:29.215Z",
    "middle_initial": null,
    "first_name": "magna",
    "employee_id": null,
    "auth_amount": "0.0000",
    "title": null,
    "is_superuser": false,
    "last_login": null,
    "password_expire": null,
    "role": "9ae8bb82-60cd-4187-a56f-cc30a47716a1",
    "auth_currency": "30301d93-0631-4aad-ae4d-5a98d2fbd241",
    "username": "magna",
    "deleted": null,
    "password_one_time": null,
    "is_active": true,
    "groups": [
      3
    ],
    "accept_notify": true,
    "password": "yGuhoRnIkHEYZqcmCHwHsgLCuVVQUQHYfWqUHNkaYSBEIhdKvMTucTVNMpUvRBCRBgyOjkozQYkTuOgxBvGNjMnqjYaZNaBHWkriNNiyQXmEhbWdczyBXwovrbivOXTL",
    "proxy_status": null,
    "proxy_user": null,
    "created": "2015-08-31T22:36:29.219Z",
    "modified": "2015-08-31T22:36:29.219Z",
    "email": "",
    "accept_assign": true,
    "password_change": "snMHkBeIWubqcZBBWKdrWNSOoDdAOnJBBtgMGeoOnOOQRbRlOELIwysWlERtZbCexWODbhIiYsLUqvtzuJeXSgpiskpoTacpTsDXKVInOalybEbzcdvxAfkEKIHKybMVGgfGEkkXceMoKmnczQCoIpYeYpbvelXaLDoIVqJNPhkezyWZTnWuzUcYnPhrWpJEBZSLkuHFrcUpydtPAcmKtAAHJuMcHDXsFIefGvrrDSdqqjthQOfQttWmThTojgJmYORinpkuxeoIabzjKlAIQEPeHbNjVejTmjroyAlTktYE"
  },
  "model": "person.person",
  "pk": "cf823f24-eb7c-446f-8b38-920ed4455bde"
},
{
  "fields": {
    "status": "ac04044f-57e5-4f64-8d7b-509f66b74605",
    "last_name": "",
    "proxy_start_date": null,
    "locale": null,
    "next_approver": null,
    "locations": [
      "0679e902-4d3f-40c6-9e44-355b3bc3255e"
    ],
    "is_staff": false,
    "user_permissions": [],
    "proxy_end_date": null,
    "date_joined": "2015-08-31T22:36:29.136Z",
    "middle_initial": null,
    "first_name": "proident,",
    "employee_id": null,
    "auth_amount": "0.0000",
    "title": null,
    "is_superuser": false,
    "last_login": null,
    "password_expire": null,
    "role": "8512fa1d-0330-4591-9df7-b577a6903311",
    "auth_currency": "30301d93-0631-4aad-ae4d-5a98d2fbd241",
    "username": "proident,",
    "deleted": null,
    "password_one_time": null,
    "is_active": true,
    "groups": [
      1
    ],
    "accept_notify": true,
    "password": "LrbxDHNWHBJZFRebJoWNloyoRQoxqvvBqoRZkecbDoPZduTHqXHXHEHBcnvUKOLUKOUvsdfzPAsSCYDKQdmaBTSYAkGvHaJoIIjLtuooPwZggrKnpvmwoDjvyNrVPHti",
    "proxy_status": null,
    "proxy_user": null,
    "created": "2015-08-31T22:36:29.141Z",
    "modified": "2015-08-31T22:36:29.141Z",
    "email": "",
    "accept_assign": true,
    "password_change": "dNFmfnCxSuXYbjtwIhNwSdpSalThIKcQpvdKbGtqaViaZsvdvbFJtXzdhQlfqGRnnnIKzRidxdPAtOaUrZONjWKVXfFoRgJmjElCIwsaWykLNFrqRuutwkwlWVknJZTZBcAKcQllIYyJJbNjCWkMjGXqqytLGLMlbUJbYCTBZySgbXHBslQmsPTejzsAFmzBLHQaHfudsUpciEByNwgYUfBUFRjXsBlHeDDYgyFZTvyYTFTBMrYsnPiovWwkjNdrffZNNSVllDdDUQwetXGUybgvCCDjlwrKJdSODnMZUyWL"
  },
  "model": "person.person",
  "pk": "db8ef0a7-24ba-4a71-b059-73b190ec7dd3"
}
]
