[
{
  "fields": {
    "model": "logentry",
    "app_label": "admin"
  },
  "model": "contenttypes.contenttype",
  "pk": 1
},
{
  "fields": {
    "model": "permission",
    "app_label": "auth"
  },
  "model": "contenttypes.contenttype",
  "pk": 2
},
{
  "fields": {
    "model": "group",
    "app_label": "auth"
  },
  "model": "contenttypes.contenttype",
  "pk": 3
},
{
  "fields": {
    "model": "contenttype",
    "app_label": "contenttypes"
  },
  "model": "contenttypes.contenttype",
  "pk": 4
},
{
  "fields": {
    "model": "session",
    "app_label": "sessions"
  },
  "model": "contenttypes.contenttype",
  "pk": 5
},
{
  "fields": {
    "model": "site",
    "app_label": "sites"
  },
  "model": "contenttypes.contenttype",
  "pk": 6
},
{
  "fields": {
    "model": "flatpage",
    "app_label": "flatpages"
  },
  "model": "contenttypes.contenttype",
  "pk": 7
},
{
  "fields": {
    "model": "corsmodel",
    "app_label": "corsheaders"
  },
  "model": "contenttypes.contenttype",
  "pk": 8
},
{
  "fields": {
    "model": "currency",
    "app_label": "accounting"
  },
  "model": "contenttypes.contenttype",
  "pk": 9
},
{
  "fields": {
    "model": "category",
    "app_label": "category"
  },
  "model": "contenttypes.contenttype",
  "pk": 10
},
{
  "fields": {
    "model": "phonenumbertype",
    "app_label": "contact"
  },
  "model": "contenttypes.contenttype",
  "pk": 11
},
{
  "fields": {
    "model": "phonenumber",
    "app_label": "contact"
  },
  "model": "contenttypes.contenttype",
  "pk": 12
},
{
  "fields": {
    "model": "addresstype",
    "app_label": "contact"
  },
  "model": "contenttypes.contenttype",
  "pk": 13
},
{
  "fields": {
    "model": "address",
    "app_label": "contact"
  },
  "model": "contenttypes.contenttype",
  "pk": 14
},
{
  "fields": {
    "model": "emailtype",
    "app_label": "contact"
  },
  "model": "contenttypes.contenttype",
  "pk": 15
},
{
  "fields": {
    "model": "email",
    "app_label": "contact"
  },
  "model": "contenttypes.contenttype",
  "pk": 16
},
{
  "fields": {
    "model": "attachment",
    "app_label": "generic"
  },
  "model": "contenttypes.contenttype",
  "pk": 17
},
{
  "fields": {
    "model": "state",
    "app_label": "location"
  },
  "model": "contenttypes.contenttype",
  "pk": 18
},
{
  "fields": {
    "model": "country",
    "app_label": "location"
  },
  "model": "contenttypes.contenttype",
  "pk": 19
},
{
  "fields": {
    "model": "locationlevel",
    "app_label": "location"
  },
  "model": "contenttypes.contenttype",
  "pk": 20
},
{
  "fields": {
    "model": "locationstatus",
    "app_label": "location"
  },
  "model": "contenttypes.contenttype",
  "pk": 21
},
{
  "fields": {
    "model": "locationtype",
    "app_label": "location"
  },
  "model": "contenttypes.contenttype",
  "pk": 22
},
{
  "fields": {
    "model": "location",
    "app_label": "location"
  },
  "model": "contenttypes.contenttype",
  "pk": 23
},
{
  "fields": {
    "model": "role",
    "app_label": "person"
  },
  "model": "contenttypes.contenttype",
  "pk": 24
},
{
  "fields": {
    "model": "proxyrole",
    "app_label": "person"
  },
  "model": "contenttypes.contenttype",
  "pk": 25
},
{
  "fields": {
    "model": "personstatus",
    "app_label": "person"
  },
  "model": "contenttypes.contenttype",
  "pk": 26
},
{
  "fields": {
    "model": "person",
    "app_label": "person"
  },
  "model": "contenttypes.contenttype",
  "pk": 27
},
{
  "fields": {
    "model": "locale",
    "app_label": "translation"
  },
  "model": "contenttypes.contenttype",
  "pk": 28
},
{
  "fields": {
    "model": "translation",
    "app_label": "translation"
  },
  "model": "contenttypes.contenttype",
  "pk": 29
},
{
  "fields": {
    "model": "tester",
    "app_label": "util"
  },
  "model": "contenttypes.contenttype",
  "pk": 30
},
{
  "fields": {
    "model": "mainsetting",
    "app_label": "util"
  },
  "model": "contenttypes.contenttype",
  "pk": 31
},
{
  "fields": {
    "model": "customsetting",
    "app_label": "util"
  },
  "model": "contenttypes.contenttype",
  "pk": 32
},
{
  "fields": {
    "model": "workorderstatus",
    "app_label": "order"
  },
  "model": "contenttypes.contenttype",
  "pk": 33
},
{
  "fields": {
    "model": "workorder",
    "app_label": "order"
  },
  "model": "contenttypes.contenttype",
  "pk": 34
},
{
  "fields": {
    "domain": "example.com",
    "name": "example.com"
  },
  "model": "sites.site",
  "pk": 1
},
{
  "fields": {
    "code": "USD",
    "name": "US Dollar",
    "created": "2015-09-15T19:33:59.494Z",
    "deleted": null,
    "symbol": "$",
    "modified": "2015-09-15T19:33:59.494Z",
    "symbol_native": "$",
    "decimal_digits": 2,
    "rounding": 0,
    "name_plural": "US Dollars"
  },
  "model": "accounting.currency",
  "pk": "7995e732-8e58-4c48-97f8-22d7e1d5d01d"
},
{
  "fields": {
    "deleted": null,
    "children": [
      "ebff904e-11bd-4223-8608-139306db2fba"
    ],
    "modified": "2015-09-15T19:33:59.440Z",
    "name": "district",
    "created": "2015-09-15T19:33:59.440Z"
  },
  "model": "location.locationlevel",
  "pk": "41400927-78ce-49fb-8860-6219ec79deff"
},
{
  "fields": {
    "deleted": null,
    "children": [],
    "modified": "2015-09-15T19:33:59.444Z",
    "name": "department",
    "created": "2015-09-15T19:33:59.444Z"
  },
  "model": "location.locationlevel",
  "pk": "69de9dac-df6b-4563-87d6-07d6e7e75d3a"
},
{
  "fields": {
    "deleted": null,
    "children": [
      "41400927-78ce-49fb-8860-6219ec79deff",
      "b142d1ec-a0d7-43f4-801f-574b943a5693"
    ],
    "modified": "2015-09-15T19:33:59.438Z",
    "name": "region",
    "created": "2015-09-15T19:33:59.438Z"
  },
  "model": "location.locationlevel",
  "pk": "ab1f5584-797d-4422-9fa6-562c2a74222e"
},
{
  "fields": {
    "deleted": null,
    "children": [],
    "modified": "2015-09-15T19:33:59.441Z",
    "name": "district_lp",
    "created": "2015-09-15T19:33:59.441Z"
  },
  "model": "location.locationlevel",
  "pk": "b142d1ec-a0d7-43f4-801f-574b943a5693"
},
{
  "fields": {
    "deleted": null,
    "children": [
      "69de9dac-df6b-4563-87d6-07d6e7e75d3a"
    ],
    "modified": "2015-09-15T19:33:59.443Z",
    "name": "store",
    "created": "2015-09-15T19:33:59.443Z"
  },
  "model": "location.locationlevel",
  "pk": "ebff904e-11bd-4223-8608-139306db2fba"
},
{
  "fields": {
    "deleted": null,
    "modified": "2015-09-15T19:33:59.458Z",
    "name": "Open",
    "created": "2015-09-15T19:33:59.458Z"
  },
  "model": "location.locationstatus",
  "pk": "f73cc709-cfec-4697-a466-faebfeb80756"
},
{
  "fields": {
    "deleted": null,
    "modified": "2015-09-15T19:33:59.460Z",
    "name": "big_store",
    "created": "2015-09-15T19:33:59.460Z"
  },
  "model": "location.locationtype",
  "pk": "e1eb76da-275d-4617-bc44-0d69896a3a41"
},
{
  "fields": {
    "status": "f73cc709-cfec-4697-a466-faebfeb80756",
    "name": "los_angeles",
    "created": "2015-09-15T19:33:59.478Z",
    "deleted": null,
    "modified": "2015-09-15T19:33:59.478Z",
    "number": "BckuYmiWrG",
    "location_level": "ebff904e-11bd-4223-8608-139306db2fba",
    "type": "e1eb76da-275d-4617-bc44-0d69896a3a41",
    "children": []
  },
  "model": "location.location",
  "pk": "06b5ecf0-d2d7-43a4-bdb5-57d414d8fe0f"
},
{
  "fields": {
    "status": "f73cc709-cfec-4697-a466-faebfeb80756",
    "name": "east",
    "created": "2015-09-15T19:33:59.462Z",
    "deleted": null,
    "modified": "2015-09-15T19:33:59.462Z",
    "number": "tKsHYLirKX",
    "location_level": "ab1f5584-797d-4422-9fa6-562c2a74222e",
    "type": "e1eb76da-275d-4617-bc44-0d69896a3a41",
    "children": [
      "e8027b1d-9600-44ee-bf62-3711101aeed8",
      "e5dd4d16-834b-4756-a5d0-32af74350a53"
    ]
  },
  "model": "location.location",
  "pk": "a78d264f-d086-4828-be40-daa51557fefc"
},
{
  "fields": {
    "status": "f73cc709-cfec-4697-a466-faebfeb80756",
    "name": "san_diego",
    "created": "2015-09-15T19:33:59.474Z",
    "deleted": null,
    "modified": "2015-09-15T19:33:59.474Z",
    "number": "jclwbNcYBP",
    "location_level": "ebff904e-11bd-4223-8608-139306db2fba",
    "type": "e1eb76da-275d-4617-bc44-0d69896a3a41",
    "children": []
  },
  "model": "location.location",
  "pk": "d57e69b7-cac5-4a33-ba1b-d05c1dd4d577"
},
{
  "fields": {
    "status": "f73cc709-cfec-4697-a466-faebfeb80756",
    "name": "nv",
    "created": "2015-09-15T19:33:59.470Z",
    "deleted": null,
    "modified": "2015-09-15T19:33:59.470Z",
    "number": "rCoRmnsBXU",
    "location_level": "41400927-78ce-49fb-8860-6219ec79deff",
    "type": "e1eb76da-275d-4617-bc44-0d69896a3a41",
    "children": []
  },
  "model": "location.location",
  "pk": "e5dd4d16-834b-4756-a5d0-32af74350a53"
},
{
  "fields": {
    "status": "f73cc709-cfec-4697-a466-faebfeb80756",
    "name": "ca",
    "created": "2015-09-15T19:33:59.467Z",
    "deleted": null,
    "modified": "2015-09-15T19:33:59.467Z",
    "number": "czQPfgISZd",
    "location_level": "41400927-78ce-49fb-8860-6219ec79deff",
    "type": "e1eb76da-275d-4617-bc44-0d69896a3a41",
    "children": [
      "d57e69b7-cac5-4a33-ba1b-d05c1dd4d577",
      "06b5ecf0-d2d7-43a4-bdb5-57d414d8fe0f"
    ]
  },
  "model": "location.location",
  "pk": "e8027b1d-9600-44ee-bf62-3711101aeed8"
},
{
  "fields": {
    "deleted": null,
    "description": "active",
    "modified": "2015-09-15T19:33:59.527Z",
    "name": "",
    "created": "2015-09-15T19:33:59.527Z"
  },
  "model": "person.personstatus",
  "pk": "a8b3d478-656d-4481-95aa-dc41283af07e"
},
{
  "fields": {
    "codename": "add_logentry",
    "name": "Can add log entry",
    "content_type": 1
  },
  "model": "auth.permission",
  "pk": 1
},
{
  "fields": {
    "codename": "change_logentry",
    "name": "Can change log entry",
    "content_type": 1
  },
  "model": "auth.permission",
  "pk": 2
},
{
  "fields": {
    "codename": "delete_logentry",
    "name": "Can delete log entry",
    "content_type": 1
  },
  "model": "auth.permission",
  "pk": 3
},
{
  "fields": {
    "codename": "add_permission",
    "name": "Can add permission",
    "content_type": 2
  },
  "model": "auth.permission",
  "pk": 4
},
{
  "fields": {
    "codename": "change_permission",
    "name": "Can change permission",
    "content_type": 2
  },
  "model": "auth.permission",
  "pk": 5
},
{
  "fields": {
    "codename": "delete_permission",
    "name": "Can delete permission",
    "content_type": 2
  },
  "model": "auth.permission",
  "pk": 6
},
{
  "fields": {
    "codename": "add_group",
    "name": "Can add group",
    "content_type": 3
  },
  "model": "auth.permission",
  "pk": 7
},
{
  "fields": {
    "codename": "change_group",
    "name": "Can change group",
    "content_type": 3
  },
  "model": "auth.permission",
  "pk": 8
},
{
  "fields": {
    "codename": "delete_group",
    "name": "Can delete group",
    "content_type": 3
  },
  "model": "auth.permission",
  "pk": 9
},
{
  "fields": {
    "codename": "add_contenttype",
    "name": "Can add content type",
    "content_type": 4
  },
  "model": "auth.permission",
  "pk": 10
},
{
  "fields": {
    "codename": "change_contenttype",
    "name": "Can change content type",
    "content_type": 4
  },
  "model": "auth.permission",
  "pk": 11
},
{
  "fields": {
    "codename": "delete_contenttype",
    "name": "Can delete content type",
    "content_type": 4
  },
  "model": "auth.permission",
  "pk": 12
},
{
  "fields": {
    "codename": "add_session",
    "name": "Can add session",
    "content_type": 5
  },
  "model": "auth.permission",
  "pk": 13
},
{
  "fields": {
    "codename": "change_session",
    "name": "Can change session",
    "content_type": 5
  },
  "model": "auth.permission",
  "pk": 14
},
{
  "fields": {
    "codename": "delete_session",
    "name": "Can delete session",
    "content_type": 5
  },
  "model": "auth.permission",
  "pk": 15
},
{
  "fields": {
    "codename": "add_site",
    "name": "Can add site",
    "content_type": 6
  },
  "model": "auth.permission",
  "pk": 16
},
{
  "fields": {
    "codename": "change_site",
    "name": "Can change site",
    "content_type": 6
  },
  "model": "auth.permission",
  "pk": 17
},
{
  "fields": {
    "codename": "delete_site",
    "name": "Can delete site",
    "content_type": 6
  },
  "model": "auth.permission",
  "pk": 18
},
{
  "fields": {
    "codename": "add_flatpage",
    "name": "Can add flat page",
    "content_type": 7
  },
  "model": "auth.permission",
  "pk": 19
},
{
  "fields": {
    "codename": "change_flatpage",
    "name": "Can change flat page",
    "content_type": 7
  },
  "model": "auth.permission",
  "pk": 20
},
{
  "fields": {
    "codename": "delete_flatpage",
    "name": "Can delete flat page",
    "content_type": 7
  },
  "model": "auth.permission",
  "pk": 21
},
{
  "fields": {
    "codename": "add_corsmodel",
    "name": "Can add cors model",
    "content_type": 8
  },
  "model": "auth.permission",
  "pk": 22
},
{
  "fields": {
    "codename": "change_corsmodel",
    "name": "Can change cors model",
    "content_type": 8
  },
  "model": "auth.permission",
  "pk": 23
},
{
  "fields": {
    "codename": "delete_corsmodel",
    "name": "Can delete cors model",
    "content_type": 8
  },
  "model": "auth.permission",
  "pk": 24
},
{
  "fields": {
    "codename": "add_currency",
    "name": "Can add currency",
    "content_type": 9
  },
  "model": "auth.permission",
  "pk": 25
},
{
  "fields": {
    "codename": "change_currency",
    "name": "Can change currency",
    "content_type": 9
  },
  "model": "auth.permission",
  "pk": 26
},
{
  "fields": {
    "codename": "delete_currency",
    "name": "Can delete currency",
    "content_type": 9
  },
  "model": "auth.permission",
  "pk": 27
},
{
  "fields": {
    "codename": "add_category",
    "name": "Can add category",
    "content_type": 10
  },
  "model": "auth.permission",
  "pk": 28
},
{
  "fields": {
    "codename": "change_category",
    "name": "Can change category",
    "content_type": 10
  },
  "model": "auth.permission",
  "pk": 29
},
{
  "fields": {
    "codename": "delete_category",
    "name": "Can delete category",
    "content_type": 10
  },
  "model": "auth.permission",
  "pk": 30
},
{
  "fields": {
    "codename": "add_phonenumbertype",
    "name": "Can add phone number type",
    "content_type": 11
  },
  "model": "auth.permission",
  "pk": 31
},
{
  "fields": {
    "codename": "change_phonenumbertype",
    "name": "Can change phone number type",
    "content_type": 11
  },
  "model": "auth.permission",
  "pk": 32
},
{
  "fields": {
    "codename": "delete_phonenumbertype",
    "name": "Can delete phone number type",
    "content_type": 11
  },
  "model": "auth.permission",
  "pk": 33
},
{
  "fields": {
    "codename": "add_phonenumber",
    "name": "Can add phone number",
    "content_type": 12
  },
  "model": "auth.permission",
  "pk": 34
},
{
  "fields": {
    "codename": "change_phonenumber",
    "name": "Can change phone number",
    "content_type": 12
  },
  "model": "auth.permission",
  "pk": 35
},
{
  "fields": {
    "codename": "delete_phonenumber",
    "name": "Can delete phone number",
    "content_type": 12
  },
  "model": "auth.permission",
  "pk": 36
},
{
  "fields": {
    "codename": "add_addresstype",
    "name": "Can add address type",
    "content_type": 13
  },
  "model": "auth.permission",
  "pk": 37
},
{
  "fields": {
    "codename": "change_addresstype",
    "name": "Can change address type",
    "content_type": 13
  },
  "model": "auth.permission",
  "pk": 38
},
{
  "fields": {
    "codename": "delete_addresstype",
    "name": "Can delete address type",
    "content_type": 13
  },
  "model": "auth.permission",
  "pk": 39
},
{
  "fields": {
    "codename": "add_address",
    "name": "Can add address",
    "content_type": 14
  },
  "model": "auth.permission",
  "pk": 40
},
{
  "fields": {
    "codename": "change_address",
    "name": "Can change address",
    "content_type": 14
  },
  "model": "auth.permission",
  "pk": 41
},
{
  "fields": {
    "codename": "delete_address",
    "name": "Can delete address",
    "content_type": 14
  },
  "model": "auth.permission",
  "pk": 42
},
{
  "fields": {
    "codename": "add_emailtype",
    "name": "Can add email type",
    "content_type": 15
  },
  "model": "auth.permission",
  "pk": 43
},
{
  "fields": {
    "codename": "change_emailtype",
    "name": "Can change email type",
    "content_type": 15
  },
  "model": "auth.permission",
  "pk": 44
},
{
  "fields": {
    "codename": "delete_emailtype",
    "name": "Can delete email type",
    "content_type": 15
  },
  "model": "auth.permission",
  "pk": 45
},
{
  "fields": {
    "codename": "add_email",
    "name": "Can add email",
    "content_type": 16
  },
  "model": "auth.permission",
  "pk": 46
},
{
  "fields": {
    "codename": "change_email",
    "name": "Can change email",
    "content_type": 16
  },
  "model": "auth.permission",
  "pk": 47
},
{
  "fields": {
    "codename": "delete_email",
    "name": "Can delete email",
    "content_type": 16
  },
  "model": "auth.permission",
  "pk": 48
},
{
  "fields": {
    "codename": "add_attachment",
    "name": "Can add attachment",
    "content_type": 17
  },
  "model": "auth.permission",
  "pk": 49
},
{
  "fields": {
    "codename": "change_attachment",
    "name": "Can change attachment",
    "content_type": 17
  },
  "model": "auth.permission",
  "pk": 50
},
{
  "fields": {
    "codename": "delete_attachment",
    "name": "Can delete attachment",
    "content_type": 17
  },
  "model": "auth.permission",
  "pk": 51
},
{
  "fields": {
    "codename": "add_state",
    "name": "Can add state",
    "content_type": 18
  },
  "model": "auth.permission",
  "pk": 52
},
{
  "fields": {
    "codename": "change_state",
    "name": "Can change state",
    "content_type": 18
  },
  "model": "auth.permission",
  "pk": 53
},
{
  "fields": {
    "codename": "delete_state",
    "name": "Can delete state",
    "content_type": 18
  },
  "model": "auth.permission",
  "pk": 54
},
{
  "fields": {
    "codename": "add_country",
    "name": "Can add country",
    "content_type": 19
  },
  "model": "auth.permission",
  "pk": 55
},
{
  "fields": {
    "codename": "change_country",
    "name": "Can change country",
    "content_type": 19
  },
  "model": "auth.permission",
  "pk": 56
},
{
  "fields": {
    "codename": "delete_country",
    "name": "Can delete country",
    "content_type": 19
  },
  "model": "auth.permission",
  "pk": 57
},
{
  "fields": {
    "codename": "add_locationlevel",
    "name": "Can add location level",
    "content_type": 20
  },
  "model": "auth.permission",
  "pk": 58
},
{
  "fields": {
    "codename": "change_locationlevel",
    "name": "Can change location level",
    "content_type": 20
  },
  "model": "auth.permission",
  "pk": 59
},
{
  "fields": {
    "codename": "delete_locationlevel",
    "name": "Can delete location level",
    "content_type": 20
  },
  "model": "auth.permission",
  "pk": 60
},
{
  "fields": {
    "codename": "add_locationstatus",
    "name": "Can add location status",
    "content_type": 21
  },
  "model": "auth.permission",
  "pk": 61
},
{
  "fields": {
    "codename": "change_locationstatus",
    "name": "Can change location status",
    "content_type": 21
  },
  "model": "auth.permission",
  "pk": 62
},
{
  "fields": {
    "codename": "delete_locationstatus",
    "name": "Can delete location status",
    "content_type": 21
  },
  "model": "auth.permission",
  "pk": 63
},
{
  "fields": {
    "codename": "add_locationtype",
    "name": "Can add location type",
    "content_type": 22
  },
  "model": "auth.permission",
  "pk": 64
},
{
  "fields": {
    "codename": "change_locationtype",
    "name": "Can change location type",
    "content_type": 22
  },
  "model": "auth.permission",
  "pk": 65
},
{
  "fields": {
    "codename": "delete_locationtype",
    "name": "Can delete location type",
    "content_type": 22
  },
  "model": "auth.permission",
  "pk": 66
},
{
  "fields": {
    "codename": "add_location",
    "name": "Can add location",
    "content_type": 23
  },
  "model": "auth.permission",
  "pk": 67
},
{
  "fields": {
    "codename": "change_location",
    "name": "Can change location",
    "content_type": 23
  },
  "model": "auth.permission",
  "pk": 68
},
{
  "fields": {
    "codename": "delete_location",
    "name": "Can delete location",
    "content_type": 23
  },
  "model": "auth.permission",
  "pk": 69
},
{
  "fields": {
    "codename": "add_role",
    "name": "Can add role",
    "content_type": 24
  },
  "model": "auth.permission",
  "pk": 70
},
{
  "fields": {
    "codename": "change_role",
    "name": "Can change role",
    "content_type": 24
  },
  "model": "auth.permission",
  "pk": 71
},
{
  "fields": {
    "codename": "delete_role",
    "name": "Can delete role",
    "content_type": 24
  },
  "model": "auth.permission",
  "pk": 72
},
{
  "fields": {
    "codename": "add_proxyrole",
    "name": "Can add proxy role",
    "content_type": 25
  },
  "model": "auth.permission",
  "pk": 73
},
{
  "fields": {
    "codename": "change_proxyrole",
    "name": "Can change proxy role",
    "content_type": 25
  },
  "model": "auth.permission",
  "pk": 74
},
{
  "fields": {
    "codename": "delete_proxyrole",
    "name": "Can delete proxy role",
    "content_type": 25
  },
  "model": "auth.permission",
  "pk": 75
},
{
  "fields": {
    "codename": "add_personstatus",
    "name": "Can add person status",
    "content_type": 26
  },
  "model": "auth.permission",
  "pk": 76
},
{
  "fields": {
    "codename": "change_personstatus",
    "name": "Can change person status",
    "content_type": 26
  },
  "model": "auth.permission",
  "pk": 77
},
{
  "fields": {
    "codename": "delete_personstatus",
    "name": "Can delete person status",
    "content_type": 26
  },
  "model": "auth.permission",
  "pk": 78
},
{
  "fields": {
    "codename": "add_person",
    "name": "Can add person",
    "content_type": 27
  },
  "model": "auth.permission",
  "pk": 79
},
{
  "fields": {
    "codename": "change_person",
    "name": "Can change person",
    "content_type": 27
  },
  "model": "auth.permission",
  "pk": 80
},
{
  "fields": {
    "codename": "delete_person",
    "name": "Can delete person",
    "content_type": 27
  },
  "model": "auth.permission",
  "pk": 81
},
{
  "fields": {
    "codename": "add_locale",
    "name": "Can add locale",
    "content_type": 28
  },
  "model": "auth.permission",
  "pk": 82
},
{
  "fields": {
    "codename": "change_locale",
    "name": "Can change locale",
    "content_type": 28
  },
  "model": "auth.permission",
  "pk": 83
},
{
  "fields": {
    "codename": "delete_locale",
    "name": "Can delete locale",
    "content_type": 28
  },
  "model": "auth.permission",
  "pk": 84
},
{
  "fields": {
    "codename": "add_translation",
    "name": "Can add translation",
    "content_type": 29
  },
  "model": "auth.permission",
  "pk": 85
},
{
  "fields": {
    "codename": "change_translation",
    "name": "Can change translation",
    "content_type": 29
  },
  "model": "auth.permission",
  "pk": 86
},
{
  "fields": {
    "codename": "delete_translation",
    "name": "Can delete translation",
    "content_type": 29
  },
  "model": "auth.permission",
  "pk": 87
},
{
  "fields": {
    "codename": "add_tester",
    "name": "Can add tester",
    "content_type": 30
  },
  "model": "auth.permission",
  "pk": 88
},
{
  "fields": {
    "codename": "change_tester",
    "name": "Can change tester",
    "content_type": 30
  },
  "model": "auth.permission",
  "pk": 89
},
{
  "fields": {
    "codename": "delete_tester",
    "name": "Can delete tester",
    "content_type": 30
  },
  "model": "auth.permission",
  "pk": 90
},
{
  "fields": {
    "codename": "add_mainsetting",
    "name": "Can add main setting",
    "content_type": 31
  },
  "model": "auth.permission",
  "pk": 91
},
{
  "fields": {
    "codename": "change_mainsetting",
    "name": "Can change main setting",
    "content_type": 31
  },
  "model": "auth.permission",
  "pk": 92
},
{
  "fields": {
    "codename": "delete_mainsetting",
    "name": "Can delete main setting",
    "content_type": 31
  },
  "model": "auth.permission",
  "pk": 93
},
{
  "fields": {
    "codename": "add_customsetting",
    "name": "Can add custom setting",
    "content_type": 32
  },
  "model": "auth.permission",
  "pk": 94
},
{
  "fields": {
    "codename": "change_customsetting",
    "name": "Can change custom setting",
    "content_type": 32
  },
  "model": "auth.permission",
  "pk": 95
},
{
  "fields": {
    "codename": "delete_customsetting",
    "name": "Can delete custom setting",
    "content_type": 32
  },
  "model": "auth.permission",
  "pk": 96
},
{
  "fields": {
    "codename": "add_workorderstatus",
    "name": "Can add work order status",
    "content_type": 33
  },
  "model": "auth.permission",
  "pk": 97
},
{
  "fields": {
    "codename": "change_workorderstatus",
    "name": "Can change work order status",
    "content_type": 33
  },
  "model": "auth.permission",
  "pk": 98
},
{
  "fields": {
    "codename": "delete_workorderstatus",
    "name": "Can delete work order status",
    "content_type": 33
  },
  "model": "auth.permission",
  "pk": 99
},
{
  "fields": {
    "codename": "add_workorder",
    "name": "Can add work order",
    "content_type": 34
  },
  "model": "auth.permission",
  "pk": 100
},
{
  "fields": {
    "codename": "change_workorder",
    "name": "Can change work order",
    "content_type": 34
  },
  "model": "auth.permission",
  "pk": 101
},
{
  "fields": {
    "codename": "delete_workorder",
    "name": "Can delete work order",
    "content_type": 34
  },
  "model": "auth.permission",
  "pk": 102
},
{
  "fields": {
    "name": "region-role",
    "permissions": []
  },
  "model": "auth.group",
  "pk": 1
},
{
  "fields": {
    "name": "district-role",
    "permissions": []
  },
  "model": "auth.group",
  "pk": 2
},
{
  "fields": {
    "name": "district_lp-role",
    "permissions": []
  },
  "model": "auth.group",
  "pk": 3
},
{
  "fields": {
    "name": "store-role",
    "permissions": []
  },
  "model": "auth.group",
  "pk": 4
},
{
  "fields": {
    "name": "department-role",
    "permissions": []
  },
  "model": "auth.group",
  "pk": 5
},
{
  "fields": {
    "password_digit_required": false,
    "msg_stored_link": false,
    "msg_copy_default": false,
    "tabs": "",
    "msg_copy_email": false,
    "password_lower_char_required": false,
    "create_all": false,
    "allow_approval": false,
    "msg_viewall": false,
    "inv_select_assign": "all",
    "inv_autoapprove": false,
    "password_special_char_required": false,
    "dashboad_links": "",
    "proxy_set": false,
    "password_expire_alert": true,
    "password_min_length": 6,
    "group": 4,
    "default_accept_notify": true,
    "password_history_length": "[]",
    "inv_wo_status": null,
    "proxy_approval_bypass": false,
    "password_char_types": "ldOtYZgxRrITQIZTStuwuBdxZupvdkujrryGVwUUVGBSCwFGBoMMtmgyZmVUJqKijdYZtZNqHwJBqxDNJPXteMMmbxQKmKTzzlaI",
    "dashboad_text": "",
    "password_expire": 90,
    "inv_max_approval_currency": "usd",
    "wo_show_tkt_attach": false,
    "wo_show_inactive": false,
    "deleted": null,
    "msg_address": false,
    "wo_days_backdate": null,
    "password_expired_login_count": null,
    "inv_max_approval_amount": 0,
    "default_accept_assign": true,
    "location_level": "ebff904e-11bd-4223-8608-139306db2fba",
    "accept_notify": false,
    "password_can_change": true,
    "role_type": "Internal",
    "inv_close_wo": "Do not display",
    "name": "store-role",
    "created": "2015-09-15T19:33:59.516Z",
    "wo_edit_closeout": false,
    "password_upper_char_required": false,
    "modules": "",
    "modified": "2015-09-15T19:33:59.516Z",
    "inv_req_attach": true,
    "wo_allow_backdate": false,
    "default_auth_currency": "7995e732-8e58-4c48-97f8-22d7e1d5d01d",
    "default_auth_amount": "0.0000",
    "inv_wait": null,
    "wo_notes": false,
    "accept_assign": false,
    "inv_options": "new"
  },
  "model": "person.role",
  "pk": "799effa5-dfc6-46fc-ae43-12d0f3e9d3ce"
},
{
  "fields": {
    "password_digit_required": false,
    "msg_stored_link": false,
    "msg_copy_default": false,
    "tabs": "",
    "msg_copy_email": false,
    "password_lower_char_required": false,
    "create_all": false,
    "allow_approval": false,
    "msg_viewall": false,
    "inv_select_assign": "all",
    "inv_autoapprove": false,
    "password_special_char_required": false,
    "dashboad_links": "",
    "proxy_set": false,
    "password_expire_alert": true,
    "password_min_length": 6,
    "group": 1,
    "default_accept_notify": true,
    "password_history_length": "[]",
    "inv_wo_status": null,
    "proxy_approval_bypass": false,
    "password_char_types": "vgDQjUJXXNSASxpaOYTRmUgdViJazXSnIiRbnmjuKghKFyGVXPCGTBkpFtqmUNmLcIbhbsWHgpYUFTPuoSnuiQKkHCumZaUVDnPf",
    "dashboad_text": "",
    "password_expire": 90,
    "inv_max_approval_currency": "usd",
    "wo_show_tkt_attach": false,
    "wo_show_inactive": false,
    "deleted": null,
    "msg_address": false,
    "wo_days_backdate": null,
    "password_expired_login_count": null,
    "inv_max_approval_amount": 0,
    "default_accept_assign": true,
    "location_level": "ab1f5584-797d-4422-9fa6-562c2a74222e",
    "accept_notify": false,
    "password_can_change": true,
    "role_type": "Internal",
    "inv_close_wo": "Do not display",
    "name": "region-role",
    "created": "2015-09-15T19:33:59.497Z",
    "wo_edit_closeout": false,
    "password_upper_char_required": false,
    "modules": "",
    "modified": "2015-09-15T19:33:59.497Z",
    "inv_req_attach": true,
    "wo_allow_backdate": false,
    "default_auth_currency": "7995e732-8e58-4c48-97f8-22d7e1d5d01d",
    "default_auth_amount": "0.0000",
    "inv_wait": null,
    "wo_notes": false,
    "accept_assign": false,
    "inv_options": "new"
  },
  "model": "person.role",
  "pk": "94b10f89-e52d-414f-9bcc-c81deef5df89"
},
{
  "fields": {
    "password_digit_required": false,
    "msg_stored_link": false,
    "msg_copy_default": false,
    "tabs": "",
    "msg_copy_email": false,
    "password_lower_char_required": false,
    "create_all": false,
    "allow_approval": false,
    "msg_viewall": false,
    "inv_select_assign": "all",
    "inv_autoapprove": false,
    "password_special_char_required": false,
    "dashboad_links": "",
    "proxy_set": false,
    "password_expire_alert": true,
    "password_min_length": 6,
    "group": 5,
    "default_accept_notify": true,
    "password_history_length": "[]",
    "inv_wo_status": null,
    "proxy_approval_bypass": false,
    "password_char_types": "AclVVFmyguazyYrLoIssiebtKCJuQGKnmyrdUFAMLYISAfNApEGdDUYGNHxpcOeWFPJOygVloPvCWWacHABShRIIpvQYxYAPdrsF",
    "dashboad_text": "",
    "password_expire": 90,
    "inv_max_approval_currency": "usd",
    "wo_show_tkt_attach": false,
    "wo_show_inactive": false,
    "deleted": null,
    "msg_address": false,
    "wo_days_backdate": null,
    "password_expired_login_count": null,
    "inv_max_approval_amount": 0,
    "default_accept_assign": true,
    "location_level": "69de9dac-df6b-4563-87d6-07d6e7e75d3a",
    "accept_notify": false,
    "password_can_change": true,
    "role_type": "Internal",
    "inv_close_wo": "Do not display",
    "name": "department-role",
    "created": "2015-09-15T19:33:59.521Z",
    "wo_edit_closeout": false,
    "password_upper_char_required": false,
    "modules": "",
    "modified": "2015-09-15T19:33:59.521Z",
    "inv_req_attach": true,
    "wo_allow_backdate": false,
    "default_auth_currency": "7995e732-8e58-4c48-97f8-22d7e1d5d01d",
    "default_auth_amount": "0.0000",
    "inv_wait": null,
    "wo_notes": false,
    "accept_assign": false,
    "inv_options": "new"
  },
  "model": "person.role",
  "pk": "b238c949-afcd-426a-9395-1144eb923ebc"
},
{
  "fields": {
    "password_digit_required": false,
    "msg_stored_link": false,
    "msg_copy_default": false,
    "tabs": "",
    "msg_copy_email": false,
    "password_lower_char_required": false,
    "create_all": false,
    "allow_approval": false,
    "msg_viewall": false,
    "inv_select_assign": "all",
    "inv_autoapprove": false,
    "password_special_char_required": false,
    "dashboad_links": "",
    "proxy_set": false,
    "password_expire_alert": true,
    "password_min_length": 6,
    "group": 2,
    "default_accept_notify": true,
    "password_history_length": "[]",
    "inv_wo_status": null,
    "proxy_approval_bypass": false,
    "password_char_types": "PKNSOWwOpkRjCxLuMEwdJeBxkRiFqasEQxKDHjsMsxmMbeoDdRMttEwbcpVawXxOsGSdETpZIuLvbOiZAGsIIaGlmLsvCrhQTMBU",
    "dashboad_text": "",
    "password_expire": 90,
    "inv_max_approval_currency": "usd",
    "wo_show_tkt_attach": false,
    "wo_show_inactive": false,
    "deleted": null,
    "msg_address": false,
    "wo_days_backdate": null,
    "password_expired_login_count": null,
    "inv_max_approval_amount": 0,
    "default_accept_assign": true,
    "location_level": "41400927-78ce-49fb-8860-6219ec79deff",
    "accept_notify": false,
    "password_can_change": true,
    "role_type": "Internal",
    "inv_close_wo": "Do not display",
    "name": "district-role",
    "created": "2015-09-15T19:33:59.504Z",
    "wo_edit_closeout": false,
    "password_upper_char_required": false,
    "modules": "",
    "modified": "2015-09-15T19:33:59.504Z",
    "inv_req_attach": true,
    "wo_allow_backdate": false,
    "default_auth_currency": "7995e732-8e58-4c48-97f8-22d7e1d5d01d",
    "default_auth_amount": "0.0000",
    "inv_wait": null,
    "wo_notes": false,
    "accept_assign": false,
    "inv_options": "new"
  },
  "model": "person.role",
  "pk": "bd88f473-4bd2-4891-9da8-777515e1297b"
},
{
  "fields": {
    "password_digit_required": false,
    "msg_stored_link": false,
    "msg_copy_default": false,
    "tabs": "",
    "msg_copy_email": false,
    "password_lower_char_required": false,
    "create_all": false,
    "allow_approval": false,
    "msg_viewall": false,
    "inv_select_assign": "all",
    "inv_autoapprove": false,
    "password_special_char_required": false,
    "dashboad_links": "",
    "proxy_set": false,
    "password_expire_alert": true,
    "password_min_length": 6,
    "group": 3,
    "default_accept_notify": true,
    "password_history_length": "[]",
    "inv_wo_status": null,
    "proxy_approval_bypass": false,
    "password_char_types": "tPhuiBUMOgyVITYNnOAVWIjiggqUprjkZRdpSGAQbbMTuHfthPPvZxkRkwbnPDwtTGODnTyemozWjDTGWYoGVvGatkuAIIbaXufI",
    "dashboad_text": "",
    "password_expire": 90,
    "inv_max_approval_currency": "usd",
    "wo_show_tkt_attach": false,
    "wo_show_inactive": false,
    "deleted": null,
    "msg_address": false,
    "wo_days_backdate": null,
    "password_expired_login_count": null,
    "inv_max_approval_amount": 0,
    "default_accept_assign": true,
    "location_level": "b142d1ec-a0d7-43f4-801f-574b943a5693",
    "accept_notify": false,
    "password_can_change": true,
    "role_type": "Internal",
    "inv_close_wo": "Do not display",
    "name": "district_lp-role",
    "created": "2015-09-15T19:33:59.510Z",
    "wo_edit_closeout": false,
    "password_upper_char_required": false,
    "modules": "",
    "modified": "2015-09-15T19:33:59.510Z",
    "inv_req_attach": true,
    "wo_allow_backdate": false,
    "default_auth_currency": "7995e732-8e58-4c48-97f8-22d7e1d5d01d",
    "default_auth_amount": "0.0000",
    "inv_wait": null,
    "wo_notes": false,
    "accept_assign": false,
    "inv_options": "new"
  },
  "model": "person.role",
  "pk": "f0fa1f13-53f4-43dc-b393-b4b5a72d0ad9"
},
{
  "fields": {
    "status": "a8b3d478-656d-4481-95aa-dc41283af07e",
    "last_name": "L",
    "proxy_start_date": null,
    "locale": null,
    "next_approver": null,
    "locations": [],
    "is_staff": false,
    "user_permissions": [],
    "proxy_end_date": null,
    "date_joined": "2015-09-15T19:34:00.034Z",
    "middle_initial": null,
    "first_name": "D",
    "employee_id": null,
    "auth_amount": "0.0000",
    "title": null,
    "password_expire_date": "2015-12-14",
    "password_length": null,
    "is_superuser": false,
    "last_login": null,
    "role": "b238c949-afcd-426a-9395-1144eb923ebc",
    "auth_currency": "7995e732-8e58-4c48-97f8-22d7e1d5d01d",
    "username": "veniam,",
    "deleted": null,
    "password_one_time": null,
    "is_active": true,
    "groups": [
      5
    ],
    "accept_notify": true,
    "password": "pbkdf2_sha256$20000$SistDBGZfV1C$53Je266+3v7wDnKAhVlU0KtrdVwHBxLYB5iY90UuLms=",
    "proxy_status": null,
    "proxy_user": null,
    "created": "2015-09-15T19:34:00.038Z",
    "modified": "2015-09-15T19:34:00.122Z",
    "email": "",
    "accept_assign": true,
    "fullname": "D L",
    "password_change": "wvGaAXBeFpmgXDyAqAdnVHfjftwxqLsyHAlKnOeTfGlnEEqRrtDgtibbkHRvtvGxiWQqgGPJhJQsYNPCcYjMEOxxVFceUJIJsfuCvHSgRKWbkLSZFDiRDfYfaxcpqqMyuvTRYxaFueEjZgtCUtjMkURQtAbfTGyOWhqPJHhdaxfZwObvaInjgmzJXjcPujrjELbaaEODCsnchHVglXYPBFFlZcbjnlTdgbeiwJUganCImypeLPcPWgKBfAqGwHyiZnxZonErLNtteMdvvaJrUwKJKYDJliFCoCssWKRLPZUX"
  },
  "model": "person.person",
  "pk": "065ea3f4-1d77-403e-b143-6c451d27b1db"
},
{
  "fields": {
    "status": "a8b3d478-656d-4481-95aa-dc41283af07e",
    "last_name": "R",
    "proxy_start_date": null,
    "locale": null,
    "next_approver": null,
    "locations": [],
    "is_staff": false,
    "user_permissions": [],
    "proxy_end_date": null,
    "date_joined": "2015-09-15T19:34:01.153Z",
    "middle_initial": null,
    "first_name": "K",
    "employee_id": null,
    "auth_amount": "0.0000",
    "title": null,
    "password_expire_date": "2015-12-14",
    "password_length": null,
    "is_superuser": false,
    "last_login": null,
    "role": "b238c949-afcd-426a-9395-1144eb923ebc",
    "auth_currency": "7995e732-8e58-4c48-97f8-22d7e1d5d01d",
    "username": "Duis",
    "deleted": null,
    "password_one_time": null,
    "is_active": true,
    "groups": [
      5
    ],
    "accept_notify": true,
    "password": "pbkdf2_sha256$20000$HFMp9gCgUDoc$Onlbues2Ye6xxkI7gpADn9RDJ15wA8ZPsOFx5G53Ha8=",
    "proxy_status": null,
    "proxy_user": null,
    "created": "2015-09-15T19:34:01.157Z",
    "modified": "2015-09-15T19:34:01.238Z",
    "email": "",
    "accept_assign": true,
    "fullname": "K R",
    "password_change": "DZDbjPpknmjRJFbRADfEoyHeBwBBcLGgcMPMTdemIXfwYkQqqzHuUsBSgkTiRentfVROltlfXGALfOCSuueBpZDCIyLmsUMfNEDfhFqxJxVTFBDzFbLQgeilsvBSrgTMrcWIwebTCzCzmAWnCSzDQPppQDemIkDFCKzadeoeZSpsfNAjdpQebSFkQkBQsgVAeYKRfKDQTVwtOFElpgBlzRZXAnWYNlPlhxGrvhuKFuCaJHbMXFXYiKGCDIcDwrAmZBmIoTLveIdxJiLnFeFNAIFigNYVzihzytvDWoRZJCuE"
  },
  "model": "person.person",
  "pk": "27b43c6b-ad0f-4a73-be44-e9ce6a01db67"
},
{
  "fields": {
    "status": "a8b3d478-656d-4481-95aa-dc41283af07e",
    "last_name": "H",
    "proxy_start_date": null,
    "locale": null,
    "next_approver": null,
    "locations": [],
    "is_staff": false,
    "user_permissions": [],
    "proxy_end_date": null,
    "date_joined": "2015-09-15T19:33:59.629Z",
    "middle_initial": null,
    "first_name": "D",
    "employee_id": null,
    "auth_amount": "0.0000",
    "title": null,
    "password_expire_date": "2015-12-14",
    "password_length": null,
    "is_superuser": false,
    "last_login": null,
    "role": "b238c949-afcd-426a-9395-1144eb923ebc",
    "auth_currency": "7995e732-8e58-4c48-97f8-22d7e1d5d01d",
    "username": "sed",
    "deleted": null,
    "password_one_time": null,
    "is_active": true,
    "groups": [
      5
    ],
    "accept_notify": true,
    "password": "pbkdf2_sha256$20000$XhjvUmOaTYrk$BywgO7l+fj7D4pUf/ELA/IHscdAACHJkB/40LLG+yqg=",
    "proxy_status": null,
    "proxy_user": null,
    "created": "2015-09-15T19:33:59.633Z",
    "modified": "2015-09-15T19:33:59.718Z",
    "email": "",
    "accept_assign": true,
    "fullname": "D H",
    "password_change": "IRSmZKXanVFQHJNFtDxkbmCpFsnymIcOaIJjShRNBQchWaxNeTlsQbSPiGREZHIOsghlXoemzAkMjVZIiYObdIZwmBPcnheuIXJHkAtWONqQgfCIqTrkbOmCNnWTeFAqXqeHdtdtTEnRFOgWAIJCoEFyVcPlzlkSLNqqpsaLjSlblhRnRzVoMXfwkAJgziQsAHRIozTVBHTlMPaStuHJBdFtOYpykVZxdiWohrwvTsRkgetkfgOGBPWPyTivorbEMVOjMZqURVeJlzOgnsGBHqkEJQtIogHsqKCJjhAMyYkn"
  },
  "model": "person.person",
  "pk": "3636ce97-1bd5-4c2c-98b9-62431eebb52b"
},
{
  "fields": {
    "status": "a8b3d478-656d-4481-95aa-dc41283af07e",
    "last_name": "N",
    "proxy_start_date": null,
    "locale": null,
    "next_approver": null,
    "locations": [
      "a78d264f-d086-4828-be40-daa51557fefc"
    ],
    "is_staff": false,
    "user_permissions": [],
    "proxy_end_date": null,
    "date_joined": "2015-09-15T19:33:59.729Z",
    "middle_initial": null,
    "first_name": "G",
    "employee_id": null,
    "auth_amount": "0.0000",
    "title": null,
    "password_expire_date": "2015-12-14",
    "password_length": null,
    "is_superuser": false,
    "last_login": null,
    "role": "94b10f89-e52d-414f-9bcc-c81deef5df89",
    "auth_currency": "7995e732-8e58-4c48-97f8-22d7e1d5d01d",
    "username": "anim",
    "deleted": null,
    "password_one_time": null,
    "is_active": true,
    "groups": [
      1
    ],
    "accept_notify": true,
    "password": "pbkdf2_sha256$20000$RlgXUgjVsN0H$Yh5LRgiNEjmM5rw+gT6iMPCHAnXu9AdeWuzcxgfZa1k=",
    "proxy_status": null,
    "proxy_user": null,
    "created": "2015-09-15T19:33:59.734Z",
    "modified": "2015-09-15T19:33:59.819Z",
    "email": "",
    "accept_assign": true,
    "fullname": "G N",
    "password_change": "GpjSxqCtrNbavVcpAvpzuCTVOwZrogLCGEoNHRdDZZdDbddweTzqpDageNFaUEQlPIlapFVGGPcjhsMftFmveRsLDvrbCeHrVvzRbLUlHVZYUGzfDumQlHGFTBHubqZlhvgyigJOclSWVamrnRhtPHkIgheqfpcunUajNhpsigTLcZFVeBrqECBOBqLOpIVBYdccRAJLoOlqTwWkWllcYVfkKKeFjJFxCQJWLpoiSzPFMRIfBKeINCQMjTclVfmiwvzsgrMPLgzXXwbQUcyMeDxcgFCptJgyWRFgfShoRZVO"
  },
  "model": "person.person",
  "pk": "392e8ad7-9dc0-4f60-b1f1-d5d8afc7d16c"
},
{
  "fields": {
    "status": "a8b3d478-656d-4481-95aa-dc41283af07e",
    "last_name": "V",
    "proxy_start_date": null,
    "locale": null,
    "next_approver": null,
    "locations": [
      "e8027b1d-9600-44ee-bf62-3711101aeed8",
      "e5dd4d16-834b-4756-a5d0-32af74350a53"
    ],
    "is_staff": false,
    "user_permissions": [],
    "proxy_end_date": null,
    "date_joined": "2015-09-15T19:34:00.132Z",
    "middle_initial": null,
    "first_name": "J",
    "employee_id": null,
    "auth_amount": "0.0000",
    "title": null,
    "password_expire_date": "2015-12-14",
    "password_length": null,
    "is_superuser": false,
    "last_login": null,
    "role": "bd88f473-4bd2-4891-9da8-777515e1297b",
    "auth_currency": "7995e732-8e58-4c48-97f8-22d7e1d5d01d",
    "username": "non",
    "deleted": null,
    "password_one_time": null,
    "is_active": true,
    "groups": [
      2
    ],
    "accept_notify": true,
    "password": "pbkdf2_sha256$20000$6W8ytKRlwTxb$ZiGDpAMp4X9fK9fgCZ8R9fY/yV3ED8o6RxPHhrd2sRc=",
    "proxy_status": null,
    "proxy_user": null,
    "created": "2015-09-15T19:34:00.137Z",
    "modified": "2015-09-15T19:34:00.225Z",
    "email": "",
    "accept_assign": true,
    "fullname": "J V",
    "password_change": "ALNBFjicGyzRxpfBHFNjaCitayNWZwfBlyAPjHVNFRCfOCFlOiDZzFPxMqehuIrzjwRWCwaPjVJcglEWENXgraZHBuyEyQsOOrYORUOCgAkDpKiMvtxcTGhGIlmWnfIgXeaYqzfHovjDRiZdloipOKobJmHfaiOWymzJAjkZAuDYvpgzENVQNJXVxXaiTCeYeXkqtzFyheeBEYJsEBOASWcYFvcdUUIwtzFAbZuKdsaCQlEmtwiYijApOAnyYjYpiKYLROCgwHUyJDXlJnPokOaXNPRzkpfzJIPMzrVjilsN"
  },
  "model": "person.person",
  "pk": "482e6ea6-f76c-4a8f-afe3-30f96912c3c0"
},
{
  "fields": {
    "status": "a8b3d478-656d-4481-95aa-dc41283af07e",
    "last_name": "I",
    "proxy_start_date": null,
    "locale": null,
    "next_approver": null,
    "locations": [],
    "is_staff": false,
    "user_permissions": [],
    "proxy_end_date": null,
    "date_joined": "2015-09-15T19:34:00.643Z",
    "middle_initial": null,
    "first_name": "G",
    "employee_id": null,
    "auth_amount": "0.0000",
    "title": null,
    "password_expire_date": "2015-12-14",
    "password_length": null,
    "is_superuser": false,
    "last_login": null,
    "role": "b238c949-afcd-426a-9395-1144eb923ebc",
    "auth_currency": "7995e732-8e58-4c48-97f8-22d7e1d5d01d",
    "username": "aliquip",
    "deleted": null,
    "password_one_time": null,
    "is_active": true,
    "groups": [
      5
    ],
    "accept_notify": true,
    "password": "pbkdf2_sha256$20000$uXjZ2Tf8kCY4$XliagNiMlx76dgL+T1hWqmcOdsGyqlg6fNZdOTPAaVE=",
    "proxy_status": null,
    "proxy_user": null,
    "created": "2015-09-15T19:34:00.647Z",
    "modified": "2015-09-15T19:34:00.728Z",
    "email": "",
    "accept_assign": true,
    "fullname": "G I",
    "password_change": "HXeARIowiSIIpJwAfxQYegzXbZRfTcfMYnOSZoqQmDihhFXQBUmBLIGuiavfaPkaNtpanXUkWEaFEQTlvHzmSmcxFopdePVEFDjxVIZOLHQYKVGsFDhGJuOiEFMTYLQPQCxEDFDdyuakVoCyrHcxZglOfrabfthpjfTBgfLPiJIJGSSdkMYIlyApBdTMXhuuVDTlxEdHXEjwViOknIAwSqjybDcpjojTzwzOIKyjtIksGFaLOJIGkVNEQpKognAvliPPbhzjpElnCtdyJWJacBkgoPHoHkNvADTTkTpAJhyk"
  },
  "model": "person.person",
  "pk": "4b4a0f75-d68b-43b5-ad82-61b18b58c63d"
},
{
  "fields": {
    "status": "a8b3d478-656d-4481-95aa-dc41283af07e",
    "last_name": "Q",
    "proxy_start_date": null,
    "locale": null,
    "next_approver": null,
    "locations": [
      "a78d264f-d086-4828-be40-daa51557fefc"
    ],
    "is_staff": false,
    "user_permissions": [],
    "proxy_end_date": null,
    "date_joined": "2015-09-15T19:33:59.829Z",
    "middle_initial": null,
    "first_name": "R",
    "employee_id": null,
    "auth_amount": "0.0000",
    "title": null,
    "password_expire_date": "2015-12-14",
    "password_length": null,
    "is_superuser": false,
    "last_login": null,
    "role": "94b10f89-e52d-414f-9bcc-c81deef5df89",
    "auth_currency": "7995e732-8e58-4c48-97f8-22d7e1d5d01d",
    "username": "id",
    "deleted": null,
    "password_one_time": null,
    "is_active": true,
    "groups": [
      1
    ],
    "accept_notify": true,
    "password": "pbkdf2_sha256$20000$exF0M0Aw1LbP$syfZJ69RSd0ogeO/jy/AbKLg2mkpfvtozVu4p8W86JI=",
    "proxy_status": null,
    "proxy_user": null,
    "created": "2015-09-15T19:33:59.833Z",
    "modified": "2015-09-15T19:33:59.918Z",
    "email": "",
    "accept_assign": true,
    "fullname": "R Q",
    "password_change": "WRBrZaKGxHpfjyLYQskjXihzwZktgNAJnABqlNuwkapgbuhYPBVjrsqoUngGxdHbEyVakwOckLdhaywFCGiWIEpzGHubDIRRksnhVlmwbZsgzJtoahULtcYlxCjNhyKJRySuDGprtHRKWJYIbJIPUazyMHqsMSBkkxsPqSvcxJYLRArPvikpuhENEYAqFcbkwJIXWFxajfxqiuRZYMptDEOfsGCMLerVjiEWcTyRsqDKBUJpjdLndLlosYUNKbaMGuazFrLCpaLQAVQkSIgfPupzyazElWXaCqFuTJrpOcgf"
  },
  "model": "person.person",
  "pk": "4e74f5e9-eb26-41a6-b98f-75a440e70cca"
},
{
  "fields": {
    "status": "a8b3d478-656d-4481-95aa-dc41283af07e",
    "last_name": "O",
    "proxy_start_date": null,
    "locale": null,
    "next_approver": null,
    "locations": [
      "e8027b1d-9600-44ee-bf62-3711101aeed8",
      "e5dd4d16-834b-4756-a5d0-32af74350a53"
    ],
    "is_staff": false,
    "user_permissions": [],
    "proxy_end_date": null,
    "date_joined": "2015-09-15T19:34:01.357Z",
    "middle_initial": null,
    "first_name": "H",
    "employee_id": null,
    "auth_amount": "0.0000",
    "title": null,
    "password_expire_date": "2015-12-14",
    "password_length": null,
    "is_superuser": false,
    "last_login": null,
    "role": "bd88f473-4bd2-4891-9da8-777515e1297b",
    "auth_currency": "7995e732-8e58-4c48-97f8-22d7e1d5d01d",
    "username": "in",
    "deleted": null,
    "password_one_time": null,
    "is_active": true,
    "groups": [
      2
    ],
    "accept_notify": true,
    "password": "pbkdf2_sha256$20000$mLqoEWidFdHN$nbCxcuJtzoML0PurmbmUrkxJDtwmHup4vyknpPBRZLs=",
    "proxy_status": null,
    "proxy_user": null,
    "created": "2015-09-15T19:34:01.360Z",
    "modified": "2015-09-15T19:34:01.447Z",
    "email": "",
    "accept_assign": true,
    "fullname": "H O",
    "password_change": "xTQeVTpSjzgWNhTukJXrupeTDqqZUdBEYxUOuaRVDhAyRyddWdtEctKGALYWSlOPDhOaDeETNJeCCXWgqRJtlJKoaWyPBoVJpAReVrxzCBiJYKxkvlZxDSUCCTsSTeSmKFIrOBmavuHXmmXxQGjosJSboSuSTEqERFXDWOWCpWZPdBAOBdcPZDwvpQuVbjehPoEiEqZBhjIMWGABergxpzLwLZoNFXlQrrFEHUcZyzcsKIzVxTMsTQkoTysEzFlgVByHrsvMlQFzKdMOXiOdRdsRURbShQxrysVWvjnbymfB"
  },
  "model": "person.person",
  "pk": "6cb106e0-a77a-44ee-bc04-0776c96b268b"
},
{
  "fields": {
    "status": "a8b3d478-656d-4481-95aa-dc41283af07e",
    "last_name": "V",
    "proxy_start_date": null,
    "locale": null,
    "next_approver": null,
    "locations": [
      "d57e69b7-cac5-4a33-ba1b-d05c1dd4d577",
      "06b5ecf0-d2d7-43a4-bdb5-57d414d8fe0f"
    ],
    "is_staff": false,
    "user_permissions": [],
    "proxy_end_date": null,
    "date_joined": "2015-09-15T19:34:00.851Z",
    "middle_initial": null,
    "first_name": "B",
    "employee_id": null,
    "auth_amount": "0.0000",
    "title": null,
    "password_expire_date": "2015-12-14",
    "password_length": null,
    "is_superuser": false,
    "last_login": null,
    "role": "799effa5-dfc6-46fc-ae43-12d0f3e9d3ce",
    "auth_currency": "7995e732-8e58-4c48-97f8-22d7e1d5d01d",
    "username": "dolor",
    "deleted": null,
    "password_one_time": null,
    "is_active": true,
    "groups": [
      4
    ],
    "accept_notify": true,
    "password": "pbkdf2_sha256$20000$jOjY8cqv2sOA$xMlUr8giF24IW1twjlF/zwksOP53eYUOwI13L2khT9s=",
    "proxy_status": null,
    "proxy_user": null,
    "created": "2015-09-15T19:34:00.856Z",
    "modified": "2015-09-15T19:34:00.944Z",
    "email": "",
    "accept_assign": true,
    "fullname": "B V",
    "password_change": "kxLKdUOYfYcHSgEhMnOrkvQNzAKHhQcBtyfYQaKCGYlKJBJfrACOvoWszuplBXHOAwFnUrVdIbwsMosAHkhOSfKBawgiwjCMFVweXJaQIWXJmihErQabTsFQMIxVYxhkwnutQzXCWraYKaxIDRavqxfniQyFnOzEdSvUFoxylvPUchhRoBfSDDAwhIPlabwkHBjfVqjTnMMJjMjZdFFaRoaMFBaESFyXDccPygWgLKiklhXcouCTXzvGIHMZRKBQGwuXZrcSgHMwSQTdZQkJYdAttcNQDylqZAmuhmrljjMB"
  },
  "model": "person.person",
  "pk": "928dbe4b-32e9-4a79-9390-0af7194cd8e3"
},
{
  "fields": {
    "status": "a8b3d478-656d-4481-95aa-dc41283af07e",
    "last_name": "Z",
    "proxy_start_date": null,
    "locale": null,
    "next_approver": null,
    "locations": [
      "e8027b1d-9600-44ee-bf62-3711101aeed8",
      "e5dd4d16-834b-4756-a5d0-32af74350a53"
    ],
    "is_staff": false,
    "user_permissions": [],
    "proxy_end_date": null,
    "date_joined": "2015-09-15T19:33:59.930Z",
    "middle_initial": null,
    "first_name": "E",
    "employee_id": null,
    "auth_amount": "0.0000",
    "title": null,
    "password_expire_date": "2015-12-14",
    "password_length": null,
    "is_superuser": false,
    "last_login": null,
    "role": "bd88f473-4bd2-4891-9da8-777515e1297b",
    "auth_currency": "7995e732-8e58-4c48-97f8-22d7e1d5d01d",
    "username": "est",
    "deleted": null,
    "password_one_time": null,
    "is_active": true,
    "groups": [
      2
    ],
    "accept_notify": true,
    "password": "pbkdf2_sha256$20000$77GjxhVQwxWi$Giu07PQNuTK12yOZpwLM6SA70B2VgpnD2W8AdcDb0ag=",
    "proxy_status": null,
    "proxy_user": null,
    "created": "2015-09-15T19:33:59.935Z",
    "modified": "2015-09-15T19:34:00.024Z",
    "email": "",
    "accept_assign": true,
    "fullname": "E Z",
    "password_change": "VGwbOEYlhbYGXaDujZGyhtvJLqeoHfOoWsnjsJmUUjbJXFcprtYEcrrgLqnVURoeqxqSNCiyBYsMkVItyqABPechWomzUGaJEDwNWSbwrDEgbBwjhQmrTqfqNBYjsuAzNpijvGdxsqgdxmVkEyfblfvVDGMBckWxsCtaVNEfgDLUBNxvRhZEExVscKywXuRVhVUaHSDfkHpYsRFDRYLDmReZGvtCJnspjjGWzqjpARdWuzDzAYPhTtUgwUPpdJiRiQAhZGVhAIygGgqkitJwKJHdAgqQPRgjmfWPlumTzghh"
  },
  "model": "person.person",
  "pk": "95a47737-42e5-4386-87bf-f2ede942093c"
},
{
  "fields": {
    "status": "a8b3d478-656d-4481-95aa-dc41283af07e",
    "last_name": "M",
    "proxy_start_date": null,
    "locale": null,
    "next_approver": null,
    "locations": [],
    "is_staff": false,
    "user_permissions": [],
    "proxy_end_date": null,
    "date_joined": "2015-09-15T19:34:01.056Z",
    "middle_initial": null,
    "first_name": "U",
    "employee_id": null,
    "auth_amount": "0.0000",
    "title": null,
    "password_expire_date": "2015-12-14",
    "password_length": null,
    "is_superuser": false,
    "last_login": null,
    "role": "f0fa1f13-53f4-43dc-b393-b4b5a72d0ad9",
    "auth_currency": "7995e732-8e58-4c48-97f8-22d7e1d5d01d",
    "username": "et",
    "deleted": null,
    "password_one_time": null,
    "is_active": true,
    "groups": [
      3
    ],
    "accept_notify": true,
    "password": "pbkdf2_sha256$20000$CeU3lNyJLKVO$5zAWZB2wBW2bOp//BvJcAcgcDwNL1pS8putk610Qif8=",
    "proxy_status": null,
    "proxy_user": null,
    "created": "2015-09-15T19:34:01.060Z",
    "modified": "2015-09-15T19:34:01.143Z",
    "email": "",
    "accept_assign": true,
    "fullname": "U M",
    "password_change": "dghqbIbmvetZVBsxRMFwNQLsqOYrURmgrnCErKNjgpFZecVFvZDmTsjTnnfjuUkmfmYeUFHNRjrdJjdmFPUXLvXwiDuUCwckoLmEkKimJFeeabjyitFdXSwESclJjtOUrBSnZUDsQZBoamQyKNhCftdCbffMQZkLeDFXfAIawmmsSMojwRiXLPWztYoxfaxOdHtUEzveiqKlYTnfpszxsBbPDngPHgTyyAVtztQpsSGcrkZloqWFtwmzEDVVFKUUCITwTctwmnHCszGhmdLVphDcvJNLqDYHSPLdJhDOnVdT"
  },
  "model": "person.person",
  "pk": "988b0bf1-c23e-4180-8798-f10559796ce1"
},
{
  "fields": {
    "status": "a8b3d478-656d-4481-95aa-dc41283af07e",
    "last_name": "Y",
    "proxy_start_date": null,
    "locale": null,
    "next_approver": null,
    "locations": [
      "a78d264f-d086-4828-be40-daa51557fefc"
    ],
    "is_staff": false,
    "user_permissions": [],
    "proxy_end_date": null,
    "date_joined": "2015-09-15T19:34:00.432Z",
    "middle_initial": null,
    "first_name": "Z",
    "employee_id": null,
    "auth_amount": "0.0000",
    "title": null,
    "password_expire_date": "2015-12-14",
    "password_length": null,
    "is_superuser": false,
    "last_login": null,
    "role": "94b10f89-e52d-414f-9bcc-c81deef5df89",
    "auth_currency": "7995e732-8e58-4c48-97f8-22d7e1d5d01d",
    "username": "dolore",
    "deleted": null,
    "password_one_time": null,
    "is_active": true,
    "groups": [
      1
    ],
    "accept_notify": true,
    "password": "pbkdf2_sha256$20000$9r7iKNfF6MEV$PS8ictiWiG4oujGnn1m8kPYJaBZxauYZbV3+w/+a1/U=",
    "proxy_status": null,
    "proxy_user": null,
    "created": "2015-09-15T19:34:00.436Z",
    "modified": "2015-09-15T19:34:00.525Z",
    "email": "",
    "accept_assign": true,
    "fullname": "Z Y",
    "password_change": "lnqHuKzGQucGyysOOZpEFpprSRsCtiOBfmgYlHhWmLcHNGbKbaIlmhdfYupSHXstthrRgEGKzsTyzaCgFILqCisFWuqKACSdvXchsiuHXKhXmBYZQLERsAGcXTcbRkhTfFgUOFmgtJtlWmpYaVFoXMABVDkaXFYeLEaBIdRMXJAoTqWTpVNLYvAGbTseMlNKJBVPDwWldrkGsQzMTnRknObxCGnjpuHbpVCEzUiiwGFYcPwtosQPNrixDWveqBryCLpKsHgwtAVnGNKVrMOGmrtHeEjEEklwWmnwpHPdxNCs"
  },
  "model": "person.person",
  "pk": "a2939ed4-cbad-419d-8108-64079df30984"
},
{
  "fields": {
    "status": "a8b3d478-656d-4481-95aa-dc41283af07e",
    "last_name": "T",
    "proxy_start_date": null,
    "locale": null,
    "next_approver": null,
    "locations": [
      "e8027b1d-9600-44ee-bf62-3711101aeed8",
      "e5dd4d16-834b-4756-a5d0-32af74350a53"
    ],
    "is_staff": false,
    "user_permissions": [],
    "proxy_end_date": null,
    "date_joined": "2015-09-15T19:34:01.563Z",
    "middle_initial": null,
    "first_name": "M",
    "employee_id": null,
    "auth_amount": "0.0000",
    "title": null,
    "password_expire_date": "2015-12-14",
    "password_length": null,
    "is_superuser": false,
    "last_login": null,
    "role": "bd88f473-4bd2-4891-9da8-777515e1297b",
    "auth_currency": "7995e732-8e58-4c48-97f8-22d7e1d5d01d",
    "username": "exercitation",
    "deleted": null,
    "password_one_time": null,
    "is_active": true,
    "groups": [
      2
    ],
    "accept_notify": true,
    "password": "pbkdf2_sha256$20000$Gaj87fb7yeSc$2JGqVvSMA3ZzxKVEFNKdIcSIq+mA0vXSZljWrXOxPYk=",
    "proxy_status": null,
    "proxy_user": null,
    "created": "2015-09-15T19:34:01.566Z",
    "modified": "2015-09-15T19:34:01.653Z",
    "email": "",
    "accept_assign": true,
    "fullname": "M T",
    "password_change": "OCtHFrLwSwSTuhCHqtPuttCOWcfJotGGSKUnJSApFAVgBdvDIzasdZeuhNlDftusiJJfxxdIyvRqDZJXGVJvbdbkdZqOioWLfjXwVZJgJSwTuwSJdfoOYhBwcPLBCmBAmzWnmvVciDoaFPJIvDqHQpAUbAmyhINEHaOpxTGhuqyTDxpMKTrEaIaGEAsVuxxMkDIhikTfCpmykzHcXkccpZpUXYOlvzAmrHHfhZgOZlqHWsxzdKnuQhGfipsUXHwDcjrkzvxDBbSIeLmYcIEtnrVZQiWieYspKMDkqnAAFRms"
  },
  "model": "person.person",
  "pk": "a40fa15c-6d53-4d2e-9b4c-100004200f43"
},
{
  "fields": {
    "status": "a8b3d478-656d-4481-95aa-dc41283af07e",
    "last_name": "R",
    "proxy_start_date": null,
    "locale": null,
    "next_approver": null,
    "locations": [
      "a78d264f-d086-4828-be40-daa51557fefc"
    ],
    "is_staff": false,
    "user_permissions": [],
    "proxy_end_date": null,
    "date_joined": "2015-09-15T19:34:00.235Z",
    "middle_initial": null,
    "first_name": "G",
    "employee_id": null,
    "auth_amount": "0.0000",
    "title": null,
    "password_expire_date": "2015-12-14",
    "password_length": null,
    "is_superuser": false,
    "last_login": null,
    "role": "94b10f89-e52d-414f-9bcc-c81deef5df89",
    "auth_currency": "7995e732-8e58-4c48-97f8-22d7e1d5d01d",
    "username": "consectetur",
    "deleted": null,
    "password_one_time": null,
    "is_active": true,
    "groups": [
      1
    ],
    "accept_notify": true,
    "password": "pbkdf2_sha256$20000$SfEgcyRNrD4H$ZhcLjTendtcnz9PozqdlGSkKrWgDeF6L46t4M88QBbk=",
    "proxy_status": null,
    "proxy_user": null,
    "created": "2015-09-15T19:34:00.239Z",
    "modified": "2015-09-15T19:34:00.325Z",
    "email": "",
    "accept_assign": true,
    "fullname": "G R",
    "password_change": "zFzZJVlCGJkvESpxblNEEjuNniDrzNAtCRpmzBLYCDsHkObKAYBtARDLvMUKkTetPwVVrOfKRamGqlBNoMtzDkgxgMEsLQJvSByrcPlXpXuiqDsRoXsRCKnPydNqykCLYitjEVPcKqgvwuAxrWALZruqasMwJePQhpwXMMPQZccYBhFcxWjyzKFCqoOqNalGWRIplZeeAUtdqsfkltHefYEcFYcCIUODFkQkbLstMulAbYbXORtpjCHtLJEugBSlJWbKjKwyAifFsUBopvZtXCUiepAzXtIbBXWzGJjxqKRL"
  },
  "model": "person.person",
  "pk": "a5fe5f91-47e0-4b40-b666-7f7dd372d47c"
},
{
  "fields": {
    "status": "a8b3d478-656d-4481-95aa-dc41283af07e",
    "last_name": "I",
    "proxy_start_date": null,
    "locale": null,
    "next_approver": null,
    "locations": [
      "d57e69b7-cac5-4a33-ba1b-d05c1dd4d577",
      "06b5ecf0-d2d7-43a4-bdb5-57d414d8fe0f"
    ],
    "is_staff": false,
    "user_permissions": [],
    "proxy_end_date": null,
    "date_joined": "2015-09-15T19:34:00.954Z",
    "middle_initial": null,
    "first_name": "Y",
    "employee_id": null,
    "auth_amount": "0.0000",
    "title": null,
    "password_expire_date": "2015-12-14",
    "password_length": null,
    "is_superuser": false,
    "last_login": null,
    "role": "799effa5-dfc6-46fc-ae43-12d0f3e9d3ce",
    "auth_currency": "7995e732-8e58-4c48-97f8-22d7e1d5d01d",
    "username": "quis",
    "deleted": null,
    "password_one_time": null,
    "is_active": true,
    "groups": [
      4
    ],
    "accept_notify": true,
    "password": "pbkdf2_sha256$20000$MouO7ejY2dj0$KKhf4hRRyyxXZyQYg6XXFqD/cpQ+xpPRipxuJbf3/AE=",
    "proxy_status": null,
    "proxy_user": null,
    "created": "2015-09-15T19:34:00.957Z",
    "modified": "2015-09-15T19:34:01.045Z",
    "email": "",
    "accept_assign": true,
    "fullname": "Y I",
    "password_change": "dqeFTsDhNZXhYuwrmJSUbBLNgBWmZjYGSnmMrGQGVBAXxzdHCrBVNjqDhpOReHQNcgWuzDzZpmGRVCHHIoaXONAnQbDCegFAkIvNPDYdPEfIlqBEbaYpYCWqXhcNGMzFPdENNMrqAuzcrpCSHWxcoiQZbLnFBEHuIfFfbxrXQximmArkbYMuqNiYdYeqIlIauAROUXIDeCeNZmIWCkTHHspBUHYDrYBlDIrHTJEUHGcBJCyDhwkfPsciNFcqhChxxFprnNayuQErXTQBXnSDqNHsvcojKgYvIhIgcyAFvuTi"
  },
  "model": "person.person",
  "pk": "a6759ad7-6431-4bfe-8732-27b5c18828a2"
},
{
  "fields": {
    "status": "a8b3d478-656d-4481-95aa-dc41283af07e",
    "last_name": "S",
    "proxy_start_date": null,
    "locale": null,
    "next_approver": null,
    "locations": [],
    "is_staff": false,
    "user_permissions": [],
    "proxy_end_date": null,
    "date_joined": "2015-09-15T19:34:01.254Z",
    "middle_initial": null,
    "first_name": "C",
    "employee_id": null,
    "auth_amount": "0.0000",
    "title": null,
    "password_expire_date": "2015-12-14",
    "password_length": null,
    "is_superuser": false,
    "last_login": null,
    "role": "f0fa1f13-53f4-43dc-b393-b4b5a72d0ad9",
    "auth_currency": "7995e732-8e58-4c48-97f8-22d7e1d5d01d",
    "username": "nostrud",
    "deleted": null,
    "password_one_time": null,
    "is_active": true,
    "groups": [
      3
    ],
    "accept_notify": true,
    "password": "pbkdf2_sha256$20000$PlKcxpmXqTkq$8m2hKsKJwFvYlUEgLVl4CJCCrXSd48w+3dUGETxBnjs=",
    "proxy_status": null,
    "proxy_user": null,
    "created": "2015-09-15T19:34:01.258Z",
    "modified": "2015-09-15T19:34:01.341Z",
    "email": "",
    "accept_assign": true,
    "fullname": "C S",
    "password_change": "zaqRDCuIZzmPFBJpcVLCChMJLoyXlMwAzRoOPYXYTlJPevuMKtCfdaYotUPRBvycqBIyyvHlZvzYkxXPeTrchuPObbJxWJCnhTptyDkUzZdGCruYCwZqvqglVhRVdWXwYdUGMzsBUPDkOwJXssPzsUFBNnBBBwqrnRMhDfEnSfaXeTAFxeLfeJdTrHnEdLgcsdqPZTToheyVquiaAWaquAhPIRvGPkEKLboINgoMHzdCZBQdRCkFMuEXcUuHjztUeRySCGgSImaSssFOkImdrcUqwkYJZXskIduQQWUcnFns"
  },
  "model": "person.person",
  "pk": "c1f7c650-b4dd-427c-95c3-607cf891ba73"
},
{
  "fields": {
    "status": "a8b3d478-656d-4481-95aa-dc41283af07e",
    "last_name": "W",
    "proxy_start_date": null,
    "locale": null,
    "next_approver": null,
    "locations": [
      "e8027b1d-9600-44ee-bf62-3711101aeed8",
      "e5dd4d16-834b-4756-a5d0-32af74350a53"
    ],
    "is_staff": false,
    "user_permissions": [],
    "proxy_end_date": null,
    "date_joined": "2015-09-15T19:34:01.662Z",
    "middle_initial": null,
    "first_name": "V",
    "employee_id": null,
    "auth_amount": "0.0000",
    "title": null,
    "password_expire_date": "2015-12-14",
    "password_length": null,
    "is_superuser": false,
    "last_login": null,
    "role": "bd88f473-4bd2-4891-9da8-777515e1297b",
    "auth_currency": "7995e732-8e58-4c48-97f8-22d7e1d5d01d",
    "username": "adipisicing",
    "deleted": null,
    "password_one_time": null,
    "is_active": true,
    "groups": [
      2
    ],
    "accept_notify": true,
    "password": "pbkdf2_sha256$20000$w5P1w71L7Loc$IAe8VW0ot2zwYAjg1FRgy3wRpBtoUUUmoXGkVhB6k6U=",
    "proxy_status": null,
    "proxy_user": null,
    "created": "2015-09-15T19:34:01.666Z",
    "modified": "2015-09-15T19:34:01.752Z",
    "email": "",
    "accept_assign": true,
    "fullname": "V W",
    "password_change": "NOjbvhHXDJvAKlMxNyXaliCYEkdQCEyMwrGJVpIhoVXbwkwgaeoIRCCWOjweyYhZezvJPeHMQIHYJiFkkfmJVAzqHxiKnPpiBjhaYRakQIgjLUsePyrZyHkiTDQkYTEDAxPiBxkpGkBnGadWkZAtsaGOYhBFqEAZwhBFSYQgNPqghCFpzlccoMemwUzXBSEPtkbZzvUTXwEyyUyXWRWwhrtFfQQvpGMEaFvUzUqUZtYnPqrmDSwPpBwxAryOZFdYtgxbTxNDGBNLTQXLnIhIFTrSifSaKpTYYfUynSegGWpD"
  },
  "model": "person.person",
  "pk": "c6f072e4-c714-484a-96a0-4e9ab3e0c7e2"
},
{
  "fields": {
    "status": "a8b3d478-656d-4481-95aa-dc41283af07e",
    "last_name": "A",
    "proxy_start_date": null,
    "locale": null,
    "next_approver": null,
    "locations": [
      "d57e69b7-cac5-4a33-ba1b-d05c1dd4d577",
      "06b5ecf0-d2d7-43a4-bdb5-57d414d8fe0f"
    ],
    "is_staff": false,
    "user_permissions": [],
    "proxy_end_date": null,
    "date_joined": "2015-09-15T19:34:01.456Z",
    "middle_initial": null,
    "first_name": "N",
    "employee_id": null,
    "auth_amount": "0.0000",
    "title": null,
    "password_expire_date": "2015-12-14",
    "password_length": null,
    "is_superuser": false,
    "last_login": null,
    "role": "799effa5-dfc6-46fc-ae43-12d0f3e9d3ce",
    "auth_currency": "7995e732-8e58-4c48-97f8-22d7e1d5d01d",
    "username": "eu",
    "deleted": null,
    "password_one_time": null,
    "is_active": true,
    "groups": [
      4
    ],
    "accept_notify": true,
    "password": "pbkdf2_sha256$20000$3J9vOG8zVdw8$pY2Kb6IB5eXxxMxqufYZWWdJMopWOgjPGYGMjcdp1N4=",
    "proxy_status": null,
    "proxy_user": null,
    "created": "2015-09-15T19:34:01.460Z",
    "modified": "2015-09-15T19:34:01.547Z",
    "email": "",
    "accept_assign": true,
    "fullname": "N A",
    "password_change": "XRBcEyIKxykynxyeHuQGpyWqEnGOyWXcTwsOeXvjNeVIVkINjyCCdIIEscbgTOMjhEOmKgQAndwXWdXvLdnIUpTdMFluEzXpLMkZIQkgYywoREhGKTImeTxRBrODhQZhWsnawGdOFmLRNDTnLHnTYuAQaLEqKSDsLeJALMMHniAqXFohmzXMUBfYIhKYRPoRDyGWgOqSmjvXPraOTdPywlzrOuTDFEQEQsjWldxGLlEJqyNsMLebRUntRLtSgkyAuuoMMHOisjHiFarVsXZldSrrwrEMMoemCkQuDQLsKJrN"
  },
  "model": "person.person",
  "pk": "cd7c7b50-f87b-4486-894d-55974965893a"
},
{
  "fields": {
    "status": "a8b3d478-656d-4481-95aa-dc41283af07e",
    "last_name": "D",
    "proxy_start_date": null,
    "locale": null,
    "next_approver": null,
    "locations": [],
    "is_staff": false,
    "user_permissions": [],
    "proxy_end_date": null,
    "date_joined": "2015-09-15T19:34:00.335Z",
    "middle_initial": null,
    "first_name": "B",
    "employee_id": null,
    "auth_amount": "0.0000",
    "title": null,
    "password_expire_date": "2015-12-14",
    "password_length": null,
    "is_superuser": false,
    "last_login": null,
    "role": "b238c949-afcd-426a-9395-1144eb923ebc",
    "auth_currency": "7995e732-8e58-4c48-97f8-22d7e1d5d01d",
    "username": "minim",
    "deleted": null,
    "password_one_time": null,
    "is_active": true,
    "groups": [
      5
    ],
    "accept_notify": true,
    "password": "pbkdf2_sha256$20000$1yGwnT8PEPZ2$3ze8KePswJQf7nLWzBG5McjSZ8GwtYXmcaRnYnvtwrg=",
    "proxy_status": null,
    "proxy_user": null,
    "created": "2015-09-15T19:34:00.339Z",
    "modified": "2015-09-15T19:34:00.422Z",
    "email": "",
    "accept_assign": true,
    "fullname": "B D",
    "password_change": "rsNMEYzrrtrCjmggHBtGHfmvQDoaPhBxWSVOPWXmdrZJFYUftxyJxcsInvmkxUbztUOFpxvhpFBoJUAYEmCWPAEQnGmfrTIwBmNLpEQJGGjwwcEsmkCJxOtlyvOrUCypOwlYhBHoOEUlTPEgLYVoNukcdkgnqKuCmVbUsghDbqHSamziIryqwtEJVkpGUHYObMdDiDjmOqCEDOVttOUdrNekGzamUsgmDwCngvJorVGsDaeMyfmlNNEvYdeDiCISLORmZAAUheMWsgZAPClnLUKASRZlXkvQbubWDRttMfJH"
  },
  "model": "person.person",
  "pk": "e06c205f-62ae-47f8-93c1-786220186728"
},
{
  "fields": {
    "status": "a8b3d478-656d-4481-95aa-dc41283af07e",
    "last_name": "",
    "proxy_start_date": null,
    "locale": null,
    "next_approver": null,
    "locations": [],
    "is_staff": true,
    "user_permissions": [],
    "proxy_end_date": null,
    "date_joined": "2015-09-15T19:33:59.526Z",
    "middle_initial": null,
    "first_name": "",
    "employee_id": null,
    "auth_amount": "0.0000",
    "title": null,
    "password_expire_date": "2015-12-14",
    "password_length": null,
    "is_superuser": true,
    "last_login": null,
    "role": "799effa5-dfc6-46fc-ae43-12d0f3e9d3ce",
    "auth_currency": "7995e732-8e58-4c48-97f8-22d7e1d5d01d",
    "username": "aaron",
    "deleted": null,
    "password_one_time": null,
    "is_active": true,
    "groups": [
      4
    ],
    "accept_notify": true,
    "password": "pbkdf2_sha256$20000$DM5EArlNrQlm$yTiB3hFDhwkwci47o++zMzO/G/JDlkaCZEKnBuOlK1s=",
    "proxy_status": null,
    "proxy_user": null,
    "created": "2015-09-15T19:33:59.533Z",
    "modified": "2015-09-15T19:33:59.615Z",
    "email": "",
    "accept_assign": true,
    "fullname": " ",
    "password_change": "fJvSBOHvajhocLUxIRHIFowmRbEKVeRJlhcQYZkiLLYpKzHgMdXLsIQmzwiKcCyKvZBhxTmZvGKBgkStKYUJHDeOFumrUZBlZSFRvWeaVxPaGxAoPbQJysFGobiQXtDFqUxJEEykpAhCMtnCXTtPghLuFUMJRgSCykHdVjwaJzJOISpZjMXnFkIXvhZLVwVjJAfCwVffauYsqlaOoEZkKuznzLVHEwywcnAtlIGqZNpkiCNeBaNKPZMKYMLrnHTzsrPBtBOMwWEWzGYUsYyJNAOHWSijKEIIVcMstujUtFCY"
  },
  "model": "person.person",
  "pk": "e109fe84-a407-441e-aa6f-49811ffec48e"
},
{
  "fields": {
    "status": "a8b3d478-656d-4481-95aa-dc41283af07e",
    "last_name": "Q",
    "proxy_start_date": null,
    "locale": null,
    "next_approver": null,
    "locations": [
      "d57e69b7-cac5-4a33-ba1b-d05c1dd4d577",
      "06b5ecf0-d2d7-43a4-bdb5-57d414d8fe0f"
    ],
    "is_staff": false,
    "user_permissions": [],
    "proxy_end_date": null,
    "date_joined": "2015-09-15T19:34:01.762Z",
    "middle_initial": null,
    "first_name": "Y",
    "employee_id": null,
    "auth_amount": "0.0000",
    "title": null,
    "password_expire_date": "2015-12-14",
    "password_length": null,
    "is_superuser": false,
    "last_login": null,
    "role": "799effa5-dfc6-46fc-ae43-12d0f3e9d3ce",
    "auth_currency": "7995e732-8e58-4c48-97f8-22d7e1d5d01d",
    "username": "consequat.",
    "deleted": null,
    "password_one_time": null,
    "is_active": true,
    "groups": [
      4
    ],
    "accept_notify": true,
    "password": "pbkdf2_sha256$20000$YxgWDh1zMbHe$aJu2BVTVfyt2O3r1Ao9OCEIPGrWVe0xDhluiZz+bpyE=",
    "proxy_status": null,
    "proxy_user": null,
    "created": "2015-09-15T19:34:01.766Z",
    "modified": "2015-09-15T19:34:01.850Z",
    "email": "",
    "accept_assign": true,
    "fullname": "Y Q",
    "password_change": "peQUuArLyLRIlOKbGnJeJLMNAIxxOvXIwPkrVBtTaMKuuzvtryIraubXugGqQZrwXkuetUvuJledZJDeGlebEMXjUkOOulQUPmRkdpcbmLXATMSBkfjpueAOLRBwfRPEXdAnfLWbcpAkyAYHwllObbClCYdlIZiZcAcEhYzPSyKrGarPtqTqEFTPMuplFwGBQoLymHbeNioeKaRUzLuyszXRjDhcqkhLEqFtOWYUmfLgeyOTuHsajWtMumhGJYgPCiUOrLZeqbQtZThKhqddxWbHAOpWQnAYnvSiHtHyLEWC"
  },
  "model": "person.person",
  "pk": "eff5cb98-1a5c-457f-b935-88b9fce1bbb1"
},
{
  "fields": {
    "status": "a8b3d478-656d-4481-95aa-dc41283af07e",
    "last_name": "H",
    "proxy_start_date": null,
    "locale": null,
    "next_approver": null,
    "locations": [],
    "is_staff": false,
    "user_permissions": [],
    "proxy_end_date": null,
    "date_joined": "2015-09-15T19:34:00.536Z",
    "middle_initial": null,
    "first_name": "M",
    "employee_id": null,
    "auth_amount": "0.0000",
    "title": null,
    "password_expire_date": "2015-12-14",
    "password_length": null,
    "is_superuser": false,
    "last_login": null,
    "role": "f0fa1f13-53f4-43dc-b393-b4b5a72d0ad9",
    "auth_currency": "7995e732-8e58-4c48-97f8-22d7e1d5d01d",
    "username": "nulla",
    "deleted": null,
    "password_one_time": null,
    "is_active": true,
    "groups": [
      3
    ],
    "accept_notify": true,
    "password": "pbkdf2_sha256$20000$zwqS4238JbGY$cLSODOC5T3AT9F68CksQNpYu3wxIuZpFZfVZA7QtONI=",
    "proxy_status": null,
    "proxy_user": null,
    "created": "2015-09-15T19:34:00.540Z",
    "modified": "2015-09-15T19:34:00.626Z",
    "email": "",
    "accept_assign": true,
    "fullname": "M H",
    "password_change": "maeVZYXpMDYfqvsUDmOWyYBLtLoOoklDZSNVmukuHjyIiQMrQdVqPXvssrUJfmGAEUfctrRCKLMiIShIigTcAKINdngwXsciFTkssWFlwbTIsfGGklfAENjaynjGwtwKmQqUNXNDEfqKdZiquRpcMnsTmMHhitMuZqXkxTKacYeUZzZFMDqSHhzDCyuWANbxNjEdiKanKAdISgqMczsRHJyqySlzWufEUsIyWawhXnStrKkrmZwQVJhiUSKcvJbbJiaJApzcsRImblLPehqlhGIAgjeznkJXrOJUZJKCUnJu"
  },
  "model": "person.person",
  "pk": "f869d422-21a5-49c5-803c-683e16d168a8"
},
{
  "fields": {
    "status": "a8b3d478-656d-4481-95aa-dc41283af07e",
    "last_name": "D",
    "proxy_start_date": null,
    "locale": null,
    "next_approver": null,
    "locations": [
      "e8027b1d-9600-44ee-bf62-3711101aeed8",
      "e5dd4d16-834b-4756-a5d0-32af74350a53"
    ],
    "is_staff": false,
    "user_permissions": [],
    "proxy_end_date": null,
    "date_joined": "2015-09-15T19:34:00.750Z",
    "middle_initial": null,
    "first_name": "E",
    "employee_id": null,
    "auth_amount": "0.0000",
    "title": null,
    "password_expire_date": "2015-12-14",
    "password_length": null,
    "is_superuser": false,
    "last_login": null,
    "role": "bd88f473-4bd2-4891-9da8-777515e1297b",
    "auth_currency": "7995e732-8e58-4c48-97f8-22d7e1d5d01d",
    "username": "culpa",
    "deleted": null,
    "password_one_time": null,
    "is_active": true,
    "groups": [
      2
    ],
    "accept_notify": true,
    "password": "pbkdf2_sha256$20000$QGO3cVrT5rtc$J8dpfdOvbGY6cxleIRc1PBtNmeSuWeF+Du/ANgpgaHw=",
    "proxy_status": null,
    "proxy_user": null,
    "created": "2015-09-15T19:34:00.754Z",
    "modified": "2015-09-15T19:34:00.839Z",
    "email": "",
    "accept_assign": true,
    "fullname": "E D",
    "password_change": "JJlzBypbdZfaveBTHSRQlFWhAwPymXkIvIChOsxtEdOCWSZgEmINCmICGGfyBHCqxdfEqJLBIVEEeZYUSAskfrXQcfkVFlHGxRmAcJnemHjDgqCZRrSuRqkYXMkHhKDnnIUHuiXMJvmlTRUYPHzxZnrIbPFeDqDNSmMOPWiLIvdFWcVxbBaQWHWExRvGhASNaiMoAQNOJXysnsPWsWkuxuTPGHRIiOUXypOWSmvpKDVZKaBxPmEcGFULajiffjfhXAUhNsXKHivhYKaeIcGZRGVszsPFYWQZYTXFFewtVaHT"
  },
  "model": "person.person",
  "pk": "ff896803-6b2e-4c15-aa59-04a2c959ae19"
}
]
