[
{
  "fields": {
    "model": "logentry",
    "app_label": "admin"
  },
  "model": "contenttypes.contenttype",
  "pk": 1
},
{
  "fields": {
    "model": "permission",
    "app_label": "auth"
  },
  "model": "contenttypes.contenttype",
  "pk": 2
},
{
  "fields": {
    "model": "group",
    "app_label": "auth"
  },
  "model": "contenttypes.contenttype",
  "pk": 3
},
{
  "fields": {
    "model": "contenttype",
    "app_label": "contenttypes"
  },
  "model": "contenttypes.contenttype",
  "pk": 4
},
{
  "fields": {
    "model": "session",
    "app_label": "sessions"
  },
  "model": "contenttypes.contenttype",
  "pk": 5
},
{
  "fields": {
    "model": "site",
    "app_label": "sites"
  },
  "model": "contenttypes.contenttype",
  "pk": 6
},
{
  "fields": {
    "model": "flatpage",
    "app_label": "flatpages"
  },
  "model": "contenttypes.contenttype",
  "pk": 7
},
{
  "fields": {
    "model": "corsmodel",
    "app_label": "corsheaders"
  },
  "model": "contenttypes.contenttype",
  "pk": 8
},
{
  "fields": {
    "model": "currency",
    "app_label": "accounting"
  },
  "model": "contenttypes.contenttype",
  "pk": 9
},
{
  "fields": {
    "model": "category",
    "app_label": "category"
  },
  "model": "contenttypes.contenttype",
  "pk": 10
},
{
  "fields": {
    "model": "phonenumbertype",
    "app_label": "contact"
  },
  "model": "contenttypes.contenttype",
  "pk": 11
},
{
  "fields": {
    "model": "phonenumber",
    "app_label": "contact"
  },
  "model": "contenttypes.contenttype",
  "pk": 12
},
{
  "fields": {
    "model": "addresstype",
    "app_label": "contact"
  },
  "model": "contenttypes.contenttype",
  "pk": 13
},
{
  "fields": {
    "model": "address",
    "app_label": "contact"
  },
  "model": "contenttypes.contenttype",
  "pk": 14
},
{
  "fields": {
    "model": "emailtype",
    "app_label": "contact"
  },
  "model": "contenttypes.contenttype",
  "pk": 15
},
{
  "fields": {
    "model": "email",
    "app_label": "contact"
  },
  "model": "contenttypes.contenttype",
  "pk": 16
},
{
  "fields": {
    "model": "attachment",
    "app_label": "generic"
  },
  "model": "contenttypes.contenttype",
  "pk": 17
},
{
  "fields": {
    "model": "state",
    "app_label": "location"
  },
  "model": "contenttypes.contenttype",
  "pk": 18
},
{
  "fields": {
    "model": "country",
    "app_label": "location"
  },
  "model": "contenttypes.contenttype",
  "pk": 19
},
{
  "fields": {
    "model": "locationlevel",
    "app_label": "location"
  },
  "model": "contenttypes.contenttype",
  "pk": 20
},
{
  "fields": {
    "model": "locationstatus",
    "app_label": "location"
  },
  "model": "contenttypes.contenttype",
  "pk": 21
},
{
  "fields": {
    "model": "locationtype",
    "app_label": "location"
  },
  "model": "contenttypes.contenttype",
  "pk": 22
},
{
  "fields": {
    "model": "location",
    "app_label": "location"
  },
  "model": "contenttypes.contenttype",
  "pk": 23
},
{
  "fields": {
    "model": "role",
    "app_label": "person"
  },
  "model": "contenttypes.contenttype",
  "pk": 24
},
{
  "fields": {
    "model": "proxyrole",
    "app_label": "person"
  },
  "model": "contenttypes.contenttype",
  "pk": 25
},
{
  "fields": {
    "model": "personstatus",
    "app_label": "person"
  },
  "model": "contenttypes.contenttype",
  "pk": 26
},
{
  "fields": {
    "model": "person",
    "app_label": "person"
  },
  "model": "contenttypes.contenttype",
  "pk": 27
},
{
  "fields": {
    "model": "locale",
    "app_label": "translation"
  },
  "model": "contenttypes.contenttype",
  "pk": 28
},
{
  "fields": {
    "model": "translation",
    "app_label": "translation"
  },
  "model": "contenttypes.contenttype",
  "pk": 29
},
{
  "fields": {
    "model": "tester",
    "app_label": "util"
  },
  "model": "contenttypes.contenttype",
  "pk": 30
},
{
  "fields": {
    "model": "mainsetting",
    "app_label": "util"
  },
  "model": "contenttypes.contenttype",
  "pk": 31
},
{
  "fields": {
    "model": "customsetting",
    "app_label": "util"
  },
  "model": "contenttypes.contenttype",
  "pk": 32
},
{
  "fields": {
    "model": "workorderstatus",
    "app_label": "order"
  },
  "model": "contenttypes.contenttype",
  "pk": 33
},
{
  "fields": {
    "model": "workorder",
    "app_label": "order"
  },
  "model": "contenttypes.contenttype",
  "pk": 34
},
{
  "fields": {
    "domain": "example.com",
    "name": "example.com"
  },
  "model": "sites.site",
  "pk": 1
},
{
  "fields": {
    "code": "USD",
    "name": "US Dollar",
    "created": "2015-09-15T20:01:19.976Z",
    "deleted": null,
    "symbol": "$",
    "modified": "2015-09-15T20:01:19.976Z",
    "symbol_native": "$",
    "decimal_digits": 2,
    "rounding": 0,
    "name_plural": "US Dollars"
  },
  "model": "accounting.currency",
  "pk": "90befeca-66f6-4b51-a714-72c93d6c833a"
},
{
  "fields": {
    "deleted": null,
    "children": [],
    "modified": "2015-09-15T20:01:19.923Z",
    "name": "district_lp",
    "created": "2015-09-15T20:01:19.923Z"
  },
  "model": "location.locationlevel",
  "pk": "7b4374d9-95ba-4ecf-b817-893a2dd79c9d"
},
{
  "fields": {
    "deleted": null,
    "children": [
      "b4010a47-d3b1-4ed2-8db2-897ad7f77d5f"
    ],
    "modified": "2015-09-15T20:01:19.925Z",
    "name": "store",
    "created": "2015-09-15T20:01:19.925Z"
  },
  "model": "location.locationlevel",
  "pk": "8e5369d1-0b7a-43a2-8f05-c69da49832bd"
},
{
  "fields": {
    "deleted": null,
    "children": [],
    "modified": "2015-09-15T20:01:19.926Z",
    "name": "department",
    "created": "2015-09-15T20:01:19.926Z"
  },
  "model": "location.locationlevel",
  "pk": "b4010a47-d3b1-4ed2-8db2-897ad7f77d5f"
},
{
  "fields": {
    "deleted": null,
    "children": [
      "e690045c-b3a4-476f-bc56-217b71028ff6",
      "7b4374d9-95ba-4ecf-b817-893a2dd79c9d"
    ],
    "modified": "2015-09-15T20:01:19.920Z",
    "name": "region",
    "created": "2015-09-15T20:01:19.920Z"
  },
  "model": "location.locationlevel",
  "pk": "bacad881-19d8-4507-aed5-815e9d4b5fb2"
},
{
  "fields": {
    "deleted": null,
    "children": [
      "8e5369d1-0b7a-43a2-8f05-c69da49832bd"
    ],
    "modified": "2015-09-15T20:01:19.922Z",
    "name": "district",
    "created": "2015-09-15T20:01:19.922Z"
  },
  "model": "location.locationlevel",
  "pk": "e690045c-b3a4-476f-bc56-217b71028ff6"
},
{
  "fields": {
    "deleted": null,
    "modified": "2015-09-15T20:01:19.940Z",
    "name": "Open",
    "created": "2015-09-15T20:01:19.940Z"
  },
  "model": "location.locationstatus",
  "pk": "a901767b-1690-4ee9-b03b-0a7e8e90d4dc"
},
{
  "fields": {
    "deleted": null,
    "modified": "2015-09-15T20:01:19.942Z",
    "name": "big_store",
    "created": "2015-09-15T20:01:19.942Z"
  },
  "model": "location.locationtype",
  "pk": "2c80174c-35ab-4e8e-bd13-2377b6634010"
},
{
  "fields": {
    "status": "a901767b-1690-4ee9-b03b-0a7e8e90d4dc",
    "name": "san_diego",
    "created": "2015-09-15T20:01:19.957Z",
    "deleted": null,
    "modified": "2015-09-15T20:01:19.957Z",
    "number": "mEARsxYkBy",
    "location_level": "8e5369d1-0b7a-43a2-8f05-c69da49832bd",
    "type": "2c80174c-35ab-4e8e-bd13-2377b6634010",
    "children": []
  },
  "model": "location.location",
  "pk": "1322c235-2df3-4e2c-9eec-20eb3dcee22e"
},
{
  "fields": {
    "status": "a901767b-1690-4ee9-b03b-0a7e8e90d4dc",
    "name": "east",
    "created": "2015-09-15T20:01:19.944Z",
    "deleted": null,
    "modified": "2015-09-15T20:01:19.944Z",
    "number": "vqGezPhlYu",
    "location_level": "bacad881-19d8-4507-aed5-815e9d4b5fb2",
    "type": "2c80174c-35ab-4e8e-bd13-2377b6634010",
    "children": [
      "3f9a3a50-acc0-4d44-8b55-9d06522b94c3",
      "8b4846b1-3fcb-42a8-98bc-a926f75e1227"
    ]
  },
  "model": "location.location",
  "pk": "2607c00b-8f60-465d-bc4b-87af8cbc5f34"
},
{
  "fields": {
    "status": "a901767b-1690-4ee9-b03b-0a7e8e90d4dc",
    "name": "los_angeles",
    "created": "2015-09-15T20:01:19.960Z",
    "deleted": null,
    "modified": "2015-09-15T20:01:19.960Z",
    "number": "rRcajXwgXk",
    "location_level": "8e5369d1-0b7a-43a2-8f05-c69da49832bd",
    "type": "2c80174c-35ab-4e8e-bd13-2377b6634010",
    "children": []
  },
  "model": "location.location",
  "pk": "2d1ea290-2dda-4f2a-aaea-788f125e3391"
},
{
  "fields": {
    "status": "a901767b-1690-4ee9-b03b-0a7e8e90d4dc",
    "name": "ca",
    "created": "2015-09-15T20:01:19.949Z",
    "deleted": null,
    "modified": "2015-09-15T20:01:19.949Z",
    "number": "RQVrUBNuZD",
    "location_level": "e690045c-b3a4-476f-bc56-217b71028ff6",
    "type": "2c80174c-35ab-4e8e-bd13-2377b6634010",
    "children": [
      "1322c235-2df3-4e2c-9eec-20eb3dcee22e",
      "2d1ea290-2dda-4f2a-aaea-788f125e3391"
    ]
  },
  "model": "location.location",
  "pk": "3f9a3a50-acc0-4d44-8b55-9d06522b94c3"
},
{
  "fields": {
    "status": "a901767b-1690-4ee9-b03b-0a7e8e90d4dc",
    "name": "nv",
    "created": "2015-09-15T20:01:19.953Z",
    "deleted": null,
    "modified": "2015-09-15T20:01:19.953Z",
    "number": "XGHznIpsok",
    "location_level": "e690045c-b3a4-476f-bc56-217b71028ff6",
    "type": "2c80174c-35ab-4e8e-bd13-2377b6634010",
    "children": []
  },
  "model": "location.location",
  "pk": "8b4846b1-3fcb-42a8-98bc-a926f75e1227"
},
{
  "fields": {
    "deleted": null,
    "description": "active",
    "modified": "2015-09-15T20:01:20.010Z",
    "name": "",
    "created": "2015-09-15T20:01:20.010Z"
  },
  "model": "person.personstatus",
  "pk": "b1076317-c833-4e7f-a9fb-ebee01143b4d"
},
{
  "fields": {
    "codename": "add_logentry",
    "name": "Can add log entry",
    "content_type": 1
  },
  "model": "auth.permission",
  "pk": 1
},
{
  "fields": {
    "codename": "change_logentry",
    "name": "Can change log entry",
    "content_type": 1
  },
  "model": "auth.permission",
  "pk": 2
},
{
  "fields": {
    "codename": "delete_logentry",
    "name": "Can delete log entry",
    "content_type": 1
  },
  "model": "auth.permission",
  "pk": 3
},
{
  "fields": {
    "codename": "add_permission",
    "name": "Can add permission",
    "content_type": 2
  },
  "model": "auth.permission",
  "pk": 4
},
{
  "fields": {
    "codename": "change_permission",
    "name": "Can change permission",
    "content_type": 2
  },
  "model": "auth.permission",
  "pk": 5
},
{
  "fields": {
    "codename": "delete_permission",
    "name": "Can delete permission",
    "content_type": 2
  },
  "model": "auth.permission",
  "pk": 6
},
{
  "fields": {
    "codename": "add_group",
    "name": "Can add group",
    "content_type": 3
  },
  "model": "auth.permission",
  "pk": 7
},
{
  "fields": {
    "codename": "change_group",
    "name": "Can change group",
    "content_type": 3
  },
  "model": "auth.permission",
  "pk": 8
},
{
  "fields": {
    "codename": "delete_group",
    "name": "Can delete group",
    "content_type": 3
  },
  "model": "auth.permission",
  "pk": 9
},
{
  "fields": {
    "codename": "add_contenttype",
    "name": "Can add content type",
    "content_type": 4
  },
  "model": "auth.permission",
  "pk": 10
},
{
  "fields": {
    "codename": "change_contenttype",
    "name": "Can change content type",
    "content_type": 4
  },
  "model": "auth.permission",
  "pk": 11
},
{
  "fields": {
    "codename": "delete_contenttype",
    "name": "Can delete content type",
    "content_type": 4
  },
  "model": "auth.permission",
  "pk": 12
},
{
  "fields": {
    "codename": "add_session",
    "name": "Can add session",
    "content_type": 5
  },
  "model": "auth.permission",
  "pk": 13
},
{
  "fields": {
    "codename": "change_session",
    "name": "Can change session",
    "content_type": 5
  },
  "model": "auth.permission",
  "pk": 14
},
{
  "fields": {
    "codename": "delete_session",
    "name": "Can delete session",
    "content_type": 5
  },
  "model": "auth.permission",
  "pk": 15
},
{
  "fields": {
    "codename": "add_site",
    "name": "Can add site",
    "content_type": 6
  },
  "model": "auth.permission",
  "pk": 16
},
{
  "fields": {
    "codename": "change_site",
    "name": "Can change site",
    "content_type": 6
  },
  "model": "auth.permission",
  "pk": 17
},
{
  "fields": {
    "codename": "delete_site",
    "name": "Can delete site",
    "content_type": 6
  },
  "model": "auth.permission",
  "pk": 18
},
{
  "fields": {
    "codename": "add_flatpage",
    "name": "Can add flat page",
    "content_type": 7
  },
  "model": "auth.permission",
  "pk": 19
},
{
  "fields": {
    "codename": "change_flatpage",
    "name": "Can change flat page",
    "content_type": 7
  },
  "model": "auth.permission",
  "pk": 20
},
{
  "fields": {
    "codename": "delete_flatpage",
    "name": "Can delete flat page",
    "content_type": 7
  },
  "model": "auth.permission",
  "pk": 21
},
{
  "fields": {
    "codename": "add_corsmodel",
    "name": "Can add cors model",
    "content_type": 8
  },
  "model": "auth.permission",
  "pk": 22
},
{
  "fields": {
    "codename": "change_corsmodel",
    "name": "Can change cors model",
    "content_type": 8
  },
  "model": "auth.permission",
  "pk": 23
},
{
  "fields": {
    "codename": "delete_corsmodel",
    "name": "Can delete cors model",
    "content_type": 8
  },
  "model": "auth.permission",
  "pk": 24
},
{
  "fields": {
    "codename": "add_currency",
    "name": "Can add currency",
    "content_type": 9
  },
  "model": "auth.permission",
  "pk": 25
},
{
  "fields": {
    "codename": "change_currency",
    "name": "Can change currency",
    "content_type": 9
  },
  "model": "auth.permission",
  "pk": 26
},
{
  "fields": {
    "codename": "delete_currency",
    "name": "Can delete currency",
    "content_type": 9
  },
  "model": "auth.permission",
  "pk": 27
},
{
  "fields": {
    "codename": "add_category",
    "name": "Can add category",
    "content_type": 10
  },
  "model": "auth.permission",
  "pk": 28
},
{
  "fields": {
    "codename": "change_category",
    "name": "Can change category",
    "content_type": 10
  },
  "model": "auth.permission",
  "pk": 29
},
{
  "fields": {
    "codename": "delete_category",
    "name": "Can delete category",
    "content_type": 10
  },
  "model": "auth.permission",
  "pk": 30
},
{
  "fields": {
    "codename": "add_phonenumbertype",
    "name": "Can add phone number type",
    "content_type": 11
  },
  "model": "auth.permission",
  "pk": 31
},
{
  "fields": {
    "codename": "change_phonenumbertype",
    "name": "Can change phone number type",
    "content_type": 11
  },
  "model": "auth.permission",
  "pk": 32
},
{
  "fields": {
    "codename": "delete_phonenumbertype",
    "name": "Can delete phone number type",
    "content_type": 11
  },
  "model": "auth.permission",
  "pk": 33
},
{
  "fields": {
    "codename": "add_phonenumber",
    "name": "Can add phone number",
    "content_type": 12
  },
  "model": "auth.permission",
  "pk": 34
},
{
  "fields": {
    "codename": "change_phonenumber",
    "name": "Can change phone number",
    "content_type": 12
  },
  "model": "auth.permission",
  "pk": 35
},
{
  "fields": {
    "codename": "delete_phonenumber",
    "name": "Can delete phone number",
    "content_type": 12
  },
  "model": "auth.permission",
  "pk": 36
},
{
  "fields": {
    "codename": "add_addresstype",
    "name": "Can add address type",
    "content_type": 13
  },
  "model": "auth.permission",
  "pk": 37
},
{
  "fields": {
    "codename": "change_addresstype",
    "name": "Can change address type",
    "content_type": 13
  },
  "model": "auth.permission",
  "pk": 38
},
{
  "fields": {
    "codename": "delete_addresstype",
    "name": "Can delete address type",
    "content_type": 13
  },
  "model": "auth.permission",
  "pk": 39
},
{
  "fields": {
    "codename": "add_address",
    "name": "Can add address",
    "content_type": 14
  },
  "model": "auth.permission",
  "pk": 40
},
{
  "fields": {
    "codename": "change_address",
    "name": "Can change address",
    "content_type": 14
  },
  "model": "auth.permission",
  "pk": 41
},
{
  "fields": {
    "codename": "delete_address",
    "name": "Can delete address",
    "content_type": 14
  },
  "model": "auth.permission",
  "pk": 42
},
{
  "fields": {
    "codename": "add_emailtype",
    "name": "Can add email type",
    "content_type": 15
  },
  "model": "auth.permission",
  "pk": 43
},
{
  "fields": {
    "codename": "change_emailtype",
    "name": "Can change email type",
    "content_type": 15
  },
  "model": "auth.permission",
  "pk": 44
},
{
  "fields": {
    "codename": "delete_emailtype",
    "name": "Can delete email type",
    "content_type": 15
  },
  "model": "auth.permission",
  "pk": 45
},
{
  "fields": {
    "codename": "add_email",
    "name": "Can add email",
    "content_type": 16
  },
  "model": "auth.permission",
  "pk": 46
},
{
  "fields": {
    "codename": "change_email",
    "name": "Can change email",
    "content_type": 16
  },
  "model": "auth.permission",
  "pk": 47
},
{
  "fields": {
    "codename": "delete_email",
    "name": "Can delete email",
    "content_type": 16
  },
  "model": "auth.permission",
  "pk": 48
},
{
  "fields": {
    "codename": "add_attachment",
    "name": "Can add attachment",
    "content_type": 17
  },
  "model": "auth.permission",
  "pk": 49
},
{
  "fields": {
    "codename": "change_attachment",
    "name": "Can change attachment",
    "content_type": 17
  },
  "model": "auth.permission",
  "pk": 50
},
{
  "fields": {
    "codename": "delete_attachment",
    "name": "Can delete attachment",
    "content_type": 17
  },
  "model": "auth.permission",
  "pk": 51
},
{
  "fields": {
    "codename": "add_state",
    "name": "Can add state",
    "content_type": 18
  },
  "model": "auth.permission",
  "pk": 52
},
{
  "fields": {
    "codename": "change_state",
    "name": "Can change state",
    "content_type": 18
  },
  "model": "auth.permission",
  "pk": 53
},
{
  "fields": {
    "codename": "delete_state",
    "name": "Can delete state",
    "content_type": 18
  },
  "model": "auth.permission",
  "pk": 54
},
{
  "fields": {
    "codename": "add_country",
    "name": "Can add country",
    "content_type": 19
  },
  "model": "auth.permission",
  "pk": 55
},
{
  "fields": {
    "codename": "change_country",
    "name": "Can change country",
    "content_type": 19
  },
  "model": "auth.permission",
  "pk": 56
},
{
  "fields": {
    "codename": "delete_country",
    "name": "Can delete country",
    "content_type": 19
  },
  "model": "auth.permission",
  "pk": 57
},
{
  "fields": {
    "codename": "add_locationlevel",
    "name": "Can add location level",
    "content_type": 20
  },
  "model": "auth.permission",
  "pk": 58
},
{
  "fields": {
    "codename": "change_locationlevel",
    "name": "Can change location level",
    "content_type": 20
  },
  "model": "auth.permission",
  "pk": 59
},
{
  "fields": {
    "codename": "delete_locationlevel",
    "name": "Can delete location level",
    "content_type": 20
  },
  "model": "auth.permission",
  "pk": 60
},
{
  "fields": {
    "codename": "add_locationstatus",
    "name": "Can add location status",
    "content_type": 21
  },
  "model": "auth.permission",
  "pk": 61
},
{
  "fields": {
    "codename": "change_locationstatus",
    "name": "Can change location status",
    "content_type": 21
  },
  "model": "auth.permission",
  "pk": 62
},
{
  "fields": {
    "codename": "delete_locationstatus",
    "name": "Can delete location status",
    "content_type": 21
  },
  "model": "auth.permission",
  "pk": 63
},
{
  "fields": {
    "codename": "add_locationtype",
    "name": "Can add location type",
    "content_type": 22
  },
  "model": "auth.permission",
  "pk": 64
},
{
  "fields": {
    "codename": "change_locationtype",
    "name": "Can change location type",
    "content_type": 22
  },
  "model": "auth.permission",
  "pk": 65
},
{
  "fields": {
    "codename": "delete_locationtype",
    "name": "Can delete location type",
    "content_type": 22
  },
  "model": "auth.permission",
  "pk": 66
},
{
  "fields": {
    "codename": "add_location",
    "name": "Can add location",
    "content_type": 23
  },
  "model": "auth.permission",
  "pk": 67
},
{
  "fields": {
    "codename": "change_location",
    "name": "Can change location",
    "content_type": 23
  },
  "model": "auth.permission",
  "pk": 68
},
{
  "fields": {
    "codename": "delete_location",
    "name": "Can delete location",
    "content_type": 23
  },
  "model": "auth.permission",
  "pk": 69
},
{
  "fields": {
    "codename": "add_role",
    "name": "Can add role",
    "content_type": 24
  },
  "model": "auth.permission",
  "pk": 70
},
{
  "fields": {
    "codename": "change_role",
    "name": "Can change role",
    "content_type": 24
  },
  "model": "auth.permission",
  "pk": 71
},
{
  "fields": {
    "codename": "delete_role",
    "name": "Can delete role",
    "content_type": 24
  },
  "model": "auth.permission",
  "pk": 72
},
{
  "fields": {
    "codename": "add_proxyrole",
    "name": "Can add proxy role",
    "content_type": 25
  },
  "model": "auth.permission",
  "pk": 73
},
{
  "fields": {
    "codename": "change_proxyrole",
    "name": "Can change proxy role",
    "content_type": 25
  },
  "model": "auth.permission",
  "pk": 74
},
{
  "fields": {
    "codename": "delete_proxyrole",
    "name": "Can delete proxy role",
    "content_type": 25
  },
  "model": "auth.permission",
  "pk": 75
},
{
  "fields": {
    "codename": "add_personstatus",
    "name": "Can add person status",
    "content_type": 26
  },
  "model": "auth.permission",
  "pk": 76
},
{
  "fields": {
    "codename": "change_personstatus",
    "name": "Can change person status",
    "content_type": 26
  },
  "model": "auth.permission",
  "pk": 77
},
{
  "fields": {
    "codename": "delete_personstatus",
    "name": "Can delete person status",
    "content_type": 26
  },
  "model": "auth.permission",
  "pk": 78
},
{
  "fields": {
    "codename": "add_person",
    "name": "Can add person",
    "content_type": 27
  },
  "model": "auth.permission",
  "pk": 79
},
{
  "fields": {
    "codename": "change_person",
    "name": "Can change person",
    "content_type": 27
  },
  "model": "auth.permission",
  "pk": 80
},
{
  "fields": {
    "codename": "delete_person",
    "name": "Can delete person",
    "content_type": 27
  },
  "model": "auth.permission",
  "pk": 81
},
{
  "fields": {
    "codename": "add_locale",
    "name": "Can add locale",
    "content_type": 28
  },
  "model": "auth.permission",
  "pk": 82
},
{
  "fields": {
    "codename": "change_locale",
    "name": "Can change locale",
    "content_type": 28
  },
  "model": "auth.permission",
  "pk": 83
},
{
  "fields": {
    "codename": "delete_locale",
    "name": "Can delete locale",
    "content_type": 28
  },
  "model": "auth.permission",
  "pk": 84
},
{
  "fields": {
    "codename": "add_translation",
    "name": "Can add translation",
    "content_type": 29
  },
  "model": "auth.permission",
  "pk": 85
},
{
  "fields": {
    "codename": "change_translation",
    "name": "Can change translation",
    "content_type": 29
  },
  "model": "auth.permission",
  "pk": 86
},
{
  "fields": {
    "codename": "delete_translation",
    "name": "Can delete translation",
    "content_type": 29
  },
  "model": "auth.permission",
  "pk": 87
},
{
  "fields": {
    "codename": "add_tester",
    "name": "Can add tester",
    "content_type": 30
  },
  "model": "auth.permission",
  "pk": 88
},
{
  "fields": {
    "codename": "change_tester",
    "name": "Can change tester",
    "content_type": 30
  },
  "model": "auth.permission",
  "pk": 89
},
{
  "fields": {
    "codename": "delete_tester",
    "name": "Can delete tester",
    "content_type": 30
  },
  "model": "auth.permission",
  "pk": 90
},
{
  "fields": {
    "codename": "add_mainsetting",
    "name": "Can add main setting",
    "content_type": 31
  },
  "model": "auth.permission",
  "pk": 91
},
{
  "fields": {
    "codename": "change_mainsetting",
    "name": "Can change main setting",
    "content_type": 31
  },
  "model": "auth.permission",
  "pk": 92
},
{
  "fields": {
    "codename": "delete_mainsetting",
    "name": "Can delete main setting",
    "content_type": 31
  },
  "model": "auth.permission",
  "pk": 93
},
{
  "fields": {
    "codename": "add_customsetting",
    "name": "Can add custom setting",
    "content_type": 32
  },
  "model": "auth.permission",
  "pk": 94
},
{
  "fields": {
    "codename": "change_customsetting",
    "name": "Can change custom setting",
    "content_type": 32
  },
  "model": "auth.permission",
  "pk": 95
},
{
  "fields": {
    "codename": "delete_customsetting",
    "name": "Can delete custom setting",
    "content_type": 32
  },
  "model": "auth.permission",
  "pk": 96
},
{
  "fields": {
    "codename": "add_workorderstatus",
    "name": "Can add work order status",
    "content_type": 33
  },
  "model": "auth.permission",
  "pk": 97
},
{
  "fields": {
    "codename": "change_workorderstatus",
    "name": "Can change work order status",
    "content_type": 33
  },
  "model": "auth.permission",
  "pk": 98
},
{
  "fields": {
    "codename": "delete_workorderstatus",
    "name": "Can delete work order status",
    "content_type": 33
  },
  "model": "auth.permission",
  "pk": 99
},
{
  "fields": {
    "codename": "add_workorder",
    "name": "Can add work order",
    "content_type": 34
  },
  "model": "auth.permission",
  "pk": 100
},
{
  "fields": {
    "codename": "change_workorder",
    "name": "Can change work order",
    "content_type": 34
  },
  "model": "auth.permission",
  "pk": 101
},
{
  "fields": {
    "codename": "delete_workorder",
    "name": "Can delete work order",
    "content_type": 34
  },
  "model": "auth.permission",
  "pk": 102
},
{
  "fields": {
    "name": "region-role",
    "permissions": []
  },
  "model": "auth.group",
  "pk": 1
},
{
  "fields": {
    "name": "district-role",
    "permissions": []
  },
  "model": "auth.group",
  "pk": 2
},
{
  "fields": {
    "name": "district_lp-role",
    "permissions": []
  },
  "model": "auth.group",
  "pk": 3
},
{
  "fields": {
    "name": "store-role",
    "permissions": []
  },
  "model": "auth.group",
  "pk": 4
},
{
  "fields": {
    "name": "department-role",
    "permissions": []
  },
  "model": "auth.group",
  "pk": 5
},
{
  "fields": {
    "password_digit_required": false,
    "msg_stored_link": false,
    "msg_copy_default": false,
    "tabs": "",
    "msg_copy_email": false,
    "password_lower_char_required": false,
    "create_all": false,
    "allow_approval": false,
    "msg_viewall": false,
    "inv_select_assign": "all",
    "inv_autoapprove": false,
    "password_special_char_required": false,
    "dashboad_links": "",
    "proxy_set": false,
    "password_expire_alert": true,
    "password_min_length": 6,
    "group": 1,
    "default_accept_notify": true,
    "password_history_length": "[]",
    "inv_wo_status": null,
    "proxy_approval_bypass": false,
    "password_char_types": "kTrrtriEWIlgwLwRhEYhttXBgvzslweRBocotTuWkUDjJtPRVcdrWcLdxCaNlNjetqHdjwkuClLZIgNcXKgRzpZZVlyjBaUgCUjs",
    "dashboad_text": "",
    "password_expire": 90,
    "inv_max_approval_currency": "usd",
    "wo_show_tkt_attach": false,
    "wo_show_inactive": false,
    "deleted": null,
    "msg_address": false,
    "wo_days_backdate": null,
    "password_expired_login_count": null,
    "inv_max_approval_amount": 0,
    "default_accept_assign": true,
    "location_level": "bacad881-19d8-4507-aed5-815e9d4b5fb2",
    "accept_notify": false,
    "password_can_change": true,
    "role_type": "Internal",
    "inv_close_wo": "Do not display",
    "name": "region-role",
    "created": "2015-09-15T20:01:19.979Z",
    "wo_edit_closeout": false,
    "password_upper_char_required": false,
    "modules": "",
    "modified": "2015-09-15T20:01:19.979Z",
    "inv_req_attach": true,
    "wo_allow_backdate": false,
    "default_auth_currency": "90befeca-66f6-4b51-a714-72c93d6c833a",
    "default_auth_amount": "0.0000",
    "inv_wait": null,
    "wo_notes": false,
    "accept_assign": false,
    "inv_options": "new"
  },
  "model": "person.role",
  "pk": "b0485535-414a-42e8-a138-0501a1d487a3"
},
{
  "fields": {
    "password_digit_required": false,
    "msg_stored_link": false,
    "msg_copy_default": false,
    "tabs": "",
    "msg_copy_email": false,
    "password_lower_char_required": false,
    "create_all": false,
    "allow_approval": false,
    "msg_viewall": false,
    "inv_select_assign": "all",
    "inv_autoapprove": false,
    "password_special_char_required": false,
    "dashboad_links": "",
    "proxy_set": false,
    "password_expire_alert": true,
    "password_min_length": 6,
    "group": 2,
    "default_accept_notify": true,
    "password_history_length": "[]",
    "inv_wo_status": null,
    "proxy_approval_bypass": false,
    "password_char_types": "QONtEAMpIWmlHzYcxdjbzSMOYkNScPvAfkjFMCZurIcyOciTFVHVgGoRNzUiaevpKVeYGJzRHIgpSBiuOvuLLbJKiQmqYMyfMfGr",
    "dashboad_text": "",
    "password_expire": 90,
    "inv_max_approval_currency": "usd",
    "wo_show_tkt_attach": false,
    "wo_show_inactive": false,
    "deleted": null,
    "msg_address": false,
    "wo_days_backdate": null,
    "password_expired_login_count": null,
    "inv_max_approval_amount": 0,
    "default_accept_assign": true,
    "location_level": "e690045c-b3a4-476f-bc56-217b71028ff6",
    "accept_notify": false,
    "password_can_change": true,
    "role_type": "Internal",
    "inv_close_wo": "Do not display",
    "name": "district-role",
    "created": "2015-09-15T20:01:19.986Z",
    "wo_edit_closeout": false,
    "password_upper_char_required": false,
    "modules": "",
    "modified": "2015-09-15T20:01:19.986Z",
    "inv_req_attach": true,
    "wo_allow_backdate": false,
    "default_auth_currency": "90befeca-66f6-4b51-a714-72c93d6c833a",
    "default_auth_amount": "0.0000",
    "inv_wait": null,
    "wo_notes": false,
    "accept_assign": false,
    "inv_options": "new"
  },
  "model": "person.role",
  "pk": "b3b26f9b-3351-4406-ba45-50db8b76913c"
},
{
  "fields": {
    "password_digit_required": false,
    "msg_stored_link": false,
    "msg_copy_default": false,
    "tabs": "",
    "msg_copy_email": false,
    "password_lower_char_required": false,
    "create_all": false,
    "allow_approval": false,
    "msg_viewall": false,
    "inv_select_assign": "all",
    "inv_autoapprove": false,
    "password_special_char_required": false,
    "dashboad_links": "",
    "proxy_set": false,
    "password_expire_alert": true,
    "password_min_length": 6,
    "group": 3,
    "default_accept_notify": true,
    "password_history_length": "[]",
    "inv_wo_status": null,
    "proxy_approval_bypass": false,
    "password_char_types": "HpfugdXUBCkNcmuftPvLEJUulpmmXFcuSvEgIRXnxiNGQNnaFNFqtCmdoBbjQCMfyWnneNXQKURFeJVUuNPnFPJToEijvexgQgDD",
    "dashboad_text": "",
    "password_expire": 90,
    "inv_max_approval_currency": "usd",
    "wo_show_tkt_attach": false,
    "wo_show_inactive": false,
    "deleted": null,
    "msg_address": false,
    "wo_days_backdate": null,
    "password_expired_login_count": null,
    "inv_max_approval_amount": 0,
    "default_accept_assign": true,
    "location_level": "7b4374d9-95ba-4ecf-b817-893a2dd79c9d",
    "accept_notify": false,
    "password_can_change": true,
    "role_type": "Internal",
    "inv_close_wo": "Do not display",
    "name": "district_lp-role",
    "created": "2015-09-15T20:01:19.992Z",
    "wo_edit_closeout": false,
    "password_upper_char_required": false,
    "modules": "",
    "modified": "2015-09-15T20:01:19.992Z",
    "inv_req_attach": true,
    "wo_allow_backdate": false,
    "default_auth_currency": "90befeca-66f6-4b51-a714-72c93d6c833a",
    "default_auth_amount": "0.0000",
    "inv_wait": null,
    "wo_notes": false,
    "accept_assign": false,
    "inv_options": "new"
  },
  "model": "person.role",
  "pk": "e781d3d9-a7d3-4b8b-9bda-4aa7d6f6a62a"
},
{
  "fields": {
    "password_digit_required": false,
    "msg_stored_link": false,
    "msg_copy_default": false,
    "tabs": "",
    "msg_copy_email": false,
    "password_lower_char_required": false,
    "create_all": false,
    "allow_approval": false,
    "msg_viewall": false,
    "inv_select_assign": "all",
    "inv_autoapprove": false,
    "password_special_char_required": false,
    "dashboad_links": "",
    "proxy_set": false,
    "password_expire_alert": true,
    "password_min_length": 6,
    "group": 5,
    "default_accept_notify": true,
    "password_history_length": "[]",
    "inv_wo_status": null,
    "proxy_approval_bypass": false,
    "password_char_types": "oFgVrhXCAVoUNHdwIlFDXQbuEeaHcCihUZLsOLCBFKXELquVMNXkpRnuKhDtldXPWslGToynkVxndmOUDUfcxrFMMLoPzMnpfKwn",
    "dashboad_text": "",
    "password_expire": 90,
    "inv_max_approval_currency": "usd",
    "wo_show_tkt_attach": false,
    "wo_show_inactive": false,
    "deleted": null,
    "msg_address": false,
    "wo_days_backdate": null,
    "password_expired_login_count": null,
    "inv_max_approval_amount": 0,
    "default_accept_assign": true,
    "location_level": "b4010a47-d3b1-4ed2-8db2-897ad7f77d5f",
    "accept_notify": false,
    "password_can_change": true,
    "role_type": "Internal",
    "inv_close_wo": "Do not display",
    "name": "department-role",
    "created": "2015-09-15T20:01:20.004Z",
    "wo_edit_closeout": false,
    "password_upper_char_required": false,
    "modules": "",
    "modified": "2015-09-15T20:01:20.004Z",
    "inv_req_attach": true,
    "wo_allow_backdate": false,
    "default_auth_currency": "90befeca-66f6-4b51-a714-72c93d6c833a",
    "default_auth_amount": "0.0000",
    "inv_wait": null,
    "wo_notes": false,
    "accept_assign": false,
    "inv_options": "new"
  },
  "model": "person.role",
  "pk": "fcba588e-3402-4791-be9d-0c1939741e2b"
},
{
  "fields": {
    "password_digit_required": false,
    "msg_stored_link": false,
    "msg_copy_default": false,
    "tabs": "",
    "msg_copy_email": false,
    "password_lower_char_required": false,
    "create_all": false,
    "allow_approval": false,
    "msg_viewall": false,
    "inv_select_assign": "all",
    "inv_autoapprove": false,
    "password_special_char_required": false,
    "dashboad_links": "",
    "proxy_set": false,
    "password_expire_alert": true,
    "password_min_length": 6,
    "group": 4,
    "default_accept_notify": true,
    "password_history_length": "[]",
    "inv_wo_status": null,
    "proxy_approval_bypass": false,
    "password_char_types": "ZavlACUlVfVTGbIoNQYxWrCPNGwnWRvqfszcgfCeMKbdJcfcojRsFagpjtajMdAWeapUtisacLKnJbaQKdKcwUXOWdkJZhNnikMC",
    "dashboad_text": "",
    "password_expire": 90,
    "inv_max_approval_currency": "usd",
    "wo_show_tkt_attach": false,
    "wo_show_inactive": false,
    "deleted": null,
    "msg_address": false,
    "wo_days_backdate": null,
    "password_expired_login_count": null,
    "inv_max_approval_amount": 0,
    "default_accept_assign": true,
    "location_level": "8e5369d1-0b7a-43a2-8f05-c69da49832bd",
    "accept_notify": false,
    "password_can_change": true,
    "role_type": "Internal",
    "inv_close_wo": "Do not display",
    "name": "store-role",
    "created": "2015-09-15T20:01:19.998Z",
    "wo_edit_closeout": false,
    "password_upper_char_required": false,
    "modules": "",
    "modified": "2015-09-15T20:01:19.998Z",
    "inv_req_attach": true,
    "wo_allow_backdate": false,
    "default_auth_currency": "90befeca-66f6-4b51-a714-72c93d6c833a",
    "default_auth_amount": "0.0000",
    "inv_wait": null,
    "wo_notes": false,
    "accept_assign": false,
    "inv_options": "new"
  },
  "model": "person.role",
  "pk": "fddb4033-4747-42bb-ae53-7845fd79f5f4"
},
{
  "fields": {
    "status": "b1076317-c833-4e7f-a9fb-ebee01143b4d",
    "last_name": "dolore",
    "proxy_start_date": null,
    "locale": null,
    "next_approver": null,
    "locations": [
      "1322c235-2df3-4e2c-9eec-20eb3dcee22e",
      "2d1ea290-2dda-4f2a-aaea-788f125e3391"
    ],
    "is_staff": false,
    "user_permissions": [],
    "proxy_end_date": null,
    "date_joined": "2015-09-15T20:01:20.515Z",
    "middle_initial": null,
    "first_name": "in",
    "employee_id": null,
    "auth_amount": "0.0000",
    "title": null,
    "password_expire_date": "2015-12-14",
    "password_length": null,
    "is_superuser": false,
    "last_login": null,
    "role": "fddb4033-4747-42bb-ae53-7845fd79f5f4",
    "auth_currency": "90befeca-66f6-4b51-a714-72c93d6c833a",
    "username": "velit",
    "deleted": null,
    "password_one_time": null,
    "is_active": true,
    "groups": [
      4
    ],
    "accept_notify": true,
    "password": "pbkdf2_sha256$20000$s8WnYxU1ku6d$4t/jPmsYd+AQKGy/1awedzADN5C2VO0Z5cVXvxz3DoY=",
    "proxy_status": null,
    "proxy_user": null,
    "created": "2015-09-15T20:01:20.519Z",
    "modified": "2015-09-15T20:01:20.605Z",
    "email": "",
    "accept_assign": true,
    "fullname": "in dolore",
    "password_change": "pvYZQDDGvbUdjOvyzrjyrCVHgyLngBaBsLtAbLmTyLydtHWnQKPvgyGGktTDKkDgIJsCtTcvFuEjmKccNejduXlsItRYqhhbTFIQptsqIwrbxfDOqFyhFNWUYkUsdORbmaMZsqQpqsFBkVHLEnxvolOeCwsYqusXDEThfaNtmLpAkxNOIBUELTTyjivFqRwYZMJvrsbYVHizzOzwkGpykKJwiiVxpGIbYoqiPMsQVCafwmpmfjkRfUOFYgKCkjZaJzCvxIUUnApbxoBsvfLRuFSPbWqOIyOuYjNhUBJugVmP"
  },
  "model": "person.person",
  "pk": "0008c1f9-5334-4926-a913-7b8b04f645ad"
},
{
  "fields": {
    "status": "b1076317-c833-4e7f-a9fb-ebee01143b4d",
    "last_name": "labore",
    "proxy_start_date": null,
    "locale": null,
    "next_approver": null,
    "locations": [
      "3f9a3a50-acc0-4d44-8b55-9d06522b94c3",
      "8b4846b1-3fcb-42a8-98bc-a926f75e1227"
    ],
    "is_staff": false,
    "user_permissions": [],
    "proxy_end_date": null,
    "date_joined": "2015-09-15T20:01:20.817Z",
    "middle_initial": null,
    "first_name": "id",
    "employee_id": null,
    "auth_amount": "0.0000",
    "title": null,
    "password_expire_date": "2015-12-14",
    "password_length": null,
    "is_superuser": false,
    "last_login": null,
    "role": "b3b26f9b-3351-4406-ba45-50db8b76913c",
    "auth_currency": "90befeca-66f6-4b51-a714-72c93d6c833a",
    "username": "ullamco",
    "deleted": null,
    "password_one_time": null,
    "is_active": true,
    "groups": [
      2
    ],
    "accept_notify": true,
    "password": "pbkdf2_sha256$20000$zlaL5hZKpFBT$VddnsI+8x93m0vdax+P9y/aMLBSinC/cUSicPqe/yyM=",
    "proxy_status": null,
    "proxy_user": null,
    "created": "2015-09-15T20:01:20.822Z",
    "modified": "2015-09-15T20:01:20.907Z",
    "email": "",
    "accept_assign": true,
    "fullname": "id labore",
    "password_change": "IaMQZcMWiskhMIqSUzAjjkuBVyALIRmOnUeUTDFjDZsAayttlcOZEyfaDUbkSoUDEnLaRbCgqpJSwkDjbSjwODskYqXRuMIZBEyBXSiOAYogGVXItNHRpIuliphwoqyWieSgHZZZrUDFnmjpAsONsCaRiMbrflGfuxGRAeLFViHYWMZAlkvhZNbEiZTZgxpsJBpLLKNFSjlUFvEwONOFoCYmXMsxWyMXqYeCFPEEgWsQCiAdCGLmkrmCZefhUOzKlNquzdyLqRCVlmzmkDFBJxQYgjzubQIOjmlAwxMYBOac"
  },
  "model": "person.person",
  "pk": "0e0a5faf-470c-4f1e-888e-ee495fc7463a"
},
{
  "fields": {
    "status": "b1076317-c833-4e7f-a9fb-ebee01143b4d",
    "last_name": "Duis",
    "proxy_start_date": null,
    "locale": null,
    "next_approver": null,
    "locations": [],
    "is_staff": false,
    "user_permissions": [],
    "proxy_end_date": null,
    "date_joined": "2015-09-15T20:01:21.327Z",
    "middle_initial": null,
    "first_name": "nulla",
    "employee_id": null,
    "auth_amount": "0.0000",
    "title": null,
    "password_expire_date": "2015-12-14",
    "password_length": null,
    "is_superuser": false,
    "last_login": null,
    "role": "fcba588e-3402-4791-be9d-0c1939741e2b",
    "auth_currency": "90befeca-66f6-4b51-a714-72c93d6c833a",
    "username": "consequat.",
    "deleted": null,
    "password_one_time": null,
    "is_active": true,
    "groups": [
      5
    ],
    "accept_notify": true,
    "password": "pbkdf2_sha256$20000$Zy2IVIi9DD2T$hkxAZGtOVnPkgaKrpNmHYwDsrw2O8Qqtv31etJB5QTQ=",
    "proxy_status": null,
    "proxy_user": null,
    "created": "2015-09-15T20:01:21.331Z",
    "modified": "2015-09-15T20:01:21.419Z",
    "email": "",
    "accept_assign": true,
    "fullname": "nulla Duis",
    "password_change": "cLZOyQlGeDvNFtnNMfawKOTwdnSUmWHjlRSwcdycNgHJhVCmAjwPGhGoCSURCwrHBDnmhZLyJXyhcKitqvNVqhsqjqCuEnvYPMZzLUCmCRRMxEyzcvCoEHjpNIcMRhJNrZMwWNBOBpNEROhzatIyZryyorfQdVgsRzXktMFTGwbaEjJrkIBqAupCpzPeZtMdlcQIcVSYiEelZLDGBRKUHgLmusScwILoYXIzNvHrSQeCCponlKDxtiIlpeoqEUUFsCRdfsvFnmzNrxZFlyJEgXfPmxfRIagMRtZGcOwKLqRa"
  },
  "model": "person.person",
  "pk": "110fb2ae-c54c-41b9-a709-967e7c248976"
},
{
  "fields": {
    "status": "b1076317-c833-4e7f-a9fb-ebee01143b4d",
    "last_name": "proident,",
    "proxy_start_date": null,
    "locale": null,
    "next_approver": null,
    "locations": [
      "1322c235-2df3-4e2c-9eec-20eb3dcee22e",
      "2d1ea290-2dda-4f2a-aaea-788f125e3391"
    ],
    "is_staff": false,
    "user_permissions": [],
    "proxy_end_date": null,
    "date_joined": "2015-09-15T20:01:20.313Z",
    "middle_initial": null,
    "first_name": "consectetur",
    "employee_id": null,
    "auth_amount": "0.0000",
    "title": null,
    "password_expire_date": "2015-12-14",
    "password_length": null,
    "is_superuser": false,
    "last_login": null,
    "role": "fddb4033-4747-42bb-ae53-7845fd79f5f4",
    "auth_currency": "90befeca-66f6-4b51-a714-72c93d6c833a",
    "username": "dolore",
    "deleted": null,
    "password_one_time": null,
    "is_active": true,
    "groups": [
      4
    ],
    "accept_notify": true,
    "password": "pbkdf2_sha256$20000$0mE1YGanUplQ$r4T2DGDQtD/V4zqtr5mYHsZeXpIvGtkUV6qYKkCFvo0=",
    "proxy_status": null,
    "proxy_user": null,
    "created": "2015-09-15T20:01:20.317Z",
    "modified": "2015-09-15T20:01:20.405Z",
    "email": "",
    "accept_assign": true,
    "fullname": "consectetur proident,",
    "password_change": "IboswNCOvEbILiIxiKZbavhQUcRnBbPBkTcnIVrJFVNldLjLCrBfPnfmDwMLiztqfTNxJNjQsRcceOYarPpBPHvcRmWiWiYfTWvFJbHgNNCAxHGFZwzQeJbSpGqttzmHdsYjPsqNotNtvLSwrTzcCAongAsqzWOgmvEOVNQDXUpAYozoKQNUMgVpzwlEmWNUNchTJRaghhJTTmRXnOixSPLxiaaHFUsrWbpnLDhpmnjgZyYtutgjDrfbULswyjUEWqFLjoFvckzGupsDsDsgoilFSTDeUcKNEbnlRKacxyMP"
  },
  "model": "person.person",
  "pk": "1d4aabad-d18d-4b34-bac9-e2c469b4d039"
},
{
  "fields": {
    "status": "b1076317-c833-4e7f-a9fb-ebee01143b4d",
    "last_name": "elit,",
    "proxy_start_date": null,
    "locale": null,
    "next_approver": null,
    "locations": [
      "1322c235-2df3-4e2c-9eec-20eb3dcee22e",
      "2d1ea290-2dda-4f2a-aaea-788f125e3391"
    ],
    "is_staff": false,
    "user_permissions": [],
    "proxy_end_date": null,
    "date_joined": "2015-09-15T20:01:21.532Z",
    "middle_initial": null,
    "first_name": "occaecat",
    "employee_id": null,
    "auth_amount": "0.0000",
    "title": null,
    "password_expire_date": "2015-12-14",
    "password_length": null,
    "is_superuser": false,
    "last_login": null,
    "role": "fddb4033-4747-42bb-ae53-7845fd79f5f4",
    "auth_currency": "90befeca-66f6-4b51-a714-72c93d6c833a",
    "username": "in",
    "deleted": null,
    "password_one_time": null,
    "is_active": true,
    "groups": [
      4
    ],
    "accept_notify": true,
    "password": "pbkdf2_sha256$20000$QUHicHmniB5G$QMZzizCSD3iK9TnHeeMKC93gRTRh7gyDNJ5FwU2uRUI=",
    "proxy_status": null,
    "proxy_user": null,
    "created": "2015-09-15T20:01:21.535Z",
    "modified": "2015-09-15T20:01:21.622Z",
    "email": "",
    "accept_assign": true,
    "fullname": "occaecat elit,",
    "password_change": "jUOszuWXAGlUEYGxgRCsfVKFfKxRahgmARkwNLhEknUsWnlDPsyLQZEydmJcZbNlzLgmNJCUlvxWrAGLnsvITzGrXrdTMHlPnlfqLmMFwbDpukhncCYtMSkCfsLiWVgHyzVdzvcGkwnNrnMZoolGQaWONUdkkmddHLotCMsukgAJnYvWsExMubIZQNkvYJCAwUdWLqFCPXnFyeNbyDoMsPrFViokxLjrbvlGdvOPuLitnbDaHDBdjZBbVVasmhPSdPYGWKBwAZEqmYkweZBsFUfzPsFtiQPxaOiATlryubgs"
  },
  "model": "person.person",
  "pk": "1df75d78-5585-4f98-bd05-bbbdf6e79d32"
},
{
  "fields": {
    "status": "b1076317-c833-4e7f-a9fb-ebee01143b4d",
    "last_name": "laboris",
    "proxy_start_date": null,
    "locale": null,
    "next_approver": null,
    "locations": [],
    "is_staff": false,
    "user_permissions": [],
    "proxy_end_date": null,
    "date_joined": "2015-09-15T20:01:22.169Z",
    "middle_initial": null,
    "first_name": "irure",
    "employee_id": null,
    "auth_amount": "0.0000",
    "title": null,
    "password_expire_date": "2015-12-14",
    "password_length": null,
    "is_superuser": false,
    "last_login": null,
    "role": "e781d3d9-a7d3-4b8b-9bda-4aa7d6f6a62a",
    "auth_currency": "90befeca-66f6-4b51-a714-72c93d6c833a",
    "username": "culpa",
    "deleted": null,
    "password_one_time": null,
    "is_active": true,
    "groups": [
      3
    ],
    "accept_notify": true,
    "password": "pbkdf2_sha256$20000$GxRItX3ENSpw$d3EDyReT/SDlV/QhWPnG+F6rapipmOXRlVRxxLRbbaI=",
    "proxy_status": null,
    "proxy_user": null,
    "created": "2015-09-15T20:01:22.173Z",
    "modified": "2015-09-15T20:01:22.255Z",
    "email": "",
    "accept_assign": true,
    "fullname": "irure laboris",
    "password_change": "TBkfoZzicpcYOyLDdjkRWSLyllTFXToJpqYAkgCKVYTQGzKBrIFFYBdLjjtISaULJoTyocPGPYiKaNeWdZEfSkHfbsprTXXhsNqzBDtWmVnFzmuZYIzLaqvtFNjrcqAoQhVqxGGsxNJsyInxuRpxdbmIdTHPJDSReRUquQQacPKnWmcZpWRsPWiyfKcnbTspPmqgnnSzdObvtRecOZeFRiFErcxhKWREzxfnlXzTeMUwNOkDwqEAccKSDeCjwPgxvkKPIXzrsGJrhxPszpEbZgPnrbNxUcNzwRELODEUPdrQ"
  },
  "model": "person.person",
  "pk": "2571ac00-90dd-45bb-8a37-940c35c9e97c"
},
{
  "fields": {
    "status": "b1076317-c833-4e7f-a9fb-ebee01143b4d",
    "last_name": "veniam,",
    "proxy_start_date": null,
    "locale": null,
    "next_approver": null,
    "locations": [],
    "is_staff": false,
    "user_permissions": [],
    "proxy_end_date": null,
    "date_joined": "2015-09-15T20:01:21.851Z",
    "middle_initial": null,
    "first_name": "enim",
    "employee_id": null,
    "auth_amount": "0.0000",
    "title": null,
    "password_expire_date": "2015-12-14",
    "password_length": null,
    "is_superuser": false,
    "last_login": null,
    "role": "e781d3d9-a7d3-4b8b-9bda-4aa7d6f6a62a",
    "auth_currency": "90befeca-66f6-4b51-a714-72c93d6c833a",
    "username": "eu",
    "deleted": null,
    "password_one_time": null,
    "is_active": true,
    "groups": [
      3
    ],
    "accept_notify": true,
    "password": "pbkdf2_sha256$20000$caKOZ3D7waoP$HDqyMbIiU86u1zVeRQLFU2NDNR/NWVR5L/VoG9pwQB4=",
    "proxy_status": null,
    "proxy_user": null,
    "created": "2015-09-15T20:01:21.855Z",
    "modified": "2015-09-15T20:01:21.938Z",
    "email": "",
    "accept_assign": true,
    "fullname": "enim veniam,",
    "password_change": "oidmnYqcMciAQtHdZymsnlvnqUmAIQSVlMXJvOzBuEAGYCVnccMTnPfEgkDeHCfiqAdZKroxzCxPWsGbjEHryaTlWrodgtUbiTeMelFumeVUUBVgfTlvWqPZCkQDRioauqlZtakZKkxTtbynGwPXFDwapdBlBqprZxOpKYskneuNNBNVMVrQGLshRQIZUbgUpWWWtWwkXzfzMJioXXhufaMKuauElkstBNiRTmkyUOuofJBImRJMgqiXbCSuBPmNbQijFrKGuOBvZevQCpNeOBjqMxPgGWasiORfjjxTPfZN"
  },
  "model": "person.person",
  "pk": "25db3839-7875-4421-a3ce-979c6334ce51"
},
{
  "fields": {
    "status": "b1076317-c833-4e7f-a9fb-ebee01143b4d",
    "last_name": "enim",
    "proxy_start_date": null,
    "locale": null,
    "next_approver": null,
    "locations": [],
    "is_staff": false,
    "user_permissions": [],
    "proxy_end_date": null,
    "date_joined": "2015-09-15T20:01:20.112Z",
    "middle_initial": null,
    "first_name": "tempor",
    "employee_id": null,
    "auth_amount": "0.0000",
    "title": null,
    "password_expire_date": "2015-12-14",
    "password_length": null,
    "is_superuser": false,
    "last_login": null,
    "role": "e781d3d9-a7d3-4b8b-9bda-4aa7d6f6a62a",
    "auth_currency": "90befeca-66f6-4b51-a714-72c93d6c833a",
    "username": "ad",
    "deleted": null,
    "password_one_time": null,
    "is_active": true,
    "groups": [
      3
    ],
    "accept_notify": true,
    "password": "pbkdf2_sha256$20000$650YtM7SvOmk$5XWmUhNy1+/RgBnxJZEZoOAcNI8m2wdilOjnJC+Z9FM=",
    "proxy_status": null,
    "proxy_user": null,
    "created": "2015-09-15T20:01:20.116Z",
    "modified": "2015-09-15T20:01:20.199Z",
    "email": "",
    "accept_assign": true,
    "fullname": "tempor enim",
    "password_change": "udhJMwIGhnaYzUNTnfvEQizwngHkiVHcQwqNrjPZFUdhPragGCIzyjpwCCdboLfBwmcwZYYnmvbruZbyzwaLQSyxnFBJMzxOZGCECdQwkHuPljUhxXJlNiNyCvxUyHXsrEFiHDBWxNKtzGRRjzjErrDVNSeaKjjrzDfKTcdEARIjouZrCQNkxryUySHPldpioXinLMgLiJmqOCdlVFVrkURXLWAXSZtFXiCnHgUCFolZOQWADUXZbfjBxoLFYTXbPaNRlvxCtSnhOUmrVqIAUPULeJHzjrrcqeXQjOrRQcQH"
  },
  "model": "person.person",
  "pk": "2695dad7-3981-4812-90a7-a023acb9ad36"
},
{
  "fields": {
    "status": "b1076317-c833-4e7f-a9fb-ebee01143b4d",
    "last_name": "officia",
    "proxy_start_date": null,
    "locale": null,
    "next_approver": null,
    "locations": [
      "2607c00b-8f60-465d-bc4b-87af8cbc5f34"
    ],
    "is_staff": false,
    "user_permissions": [],
    "proxy_end_date": null,
    "date_joined": "2015-09-15T20:01:20.716Z",
    "middle_initial": null,
    "first_name": "laboris",
    "employee_id": null,
    "auth_amount": "0.0000",
    "title": null,
    "password_expire_date": "2015-12-14",
    "password_length": null,
    "is_superuser": false,
    "last_login": null,
    "role": "b0485535-414a-42e8-a138-0501a1d487a3",
    "auth_currency": "90befeca-66f6-4b51-a714-72c93d6c833a",
    "username": "id",
    "deleted": null,
    "password_one_time": null,
    "is_active": true,
    "groups": [
      1
    ],
    "accept_notify": true,
    "password": "pbkdf2_sha256$20000$7xSWozcDiVQO$AVqu8LaL5WTpTgJRmWzP8rbRizx1+gq4054z6w4ulrQ=",
    "proxy_status": null,
    "proxy_user": null,
    "created": "2015-09-15T20:01:20.720Z",
    "modified": "2015-09-15T20:01:20.805Z",
    "email": "",
    "accept_assign": true,
    "fullname": "laboris officia",
    "password_change": "wdIOcBofXbyblclERiLNKJEQsnhHamTvsyAiqyYgZnqaszmgLTOamAvMMKHpnwoppIIhSckmMbrxpkKgjfQxbXWlIYFYRxRJZWXjkhJWcCinzsTpmxBXemTPcGYEnIRArKTPFccUMMxIwROBNaYdloTSmaovsFAyFKQZBErVcVTnFYwULeRIwvBAIGPWwVKKRGFfqdQCMVZYPtvZIkCiKhAwKWroIaJwYUDzxMWAKdnJMttzvfUxQlfdjumIrUePQFTTsWGeqtkuNEFXFyczoVMcbCzZXfUCXpPZLiefWoRb"
  },
  "model": "person.person",
  "pk": "36a17ddd-6b1e-4049-bf24-e8104f67422f"
},
{
  "fields": {
    "status": "b1076317-c833-4e7f-a9fb-ebee01143b4d",
    "last_name": "nostrud",
    "proxy_start_date": null,
    "locale": null,
    "next_approver": null,
    "locations": [
      "3f9a3a50-acc0-4d44-8b55-9d06522b94c3",
      "8b4846b1-3fcb-42a8-98bc-a926f75e1227"
    ],
    "is_staff": false,
    "user_permissions": [],
    "proxy_end_date": null,
    "date_joined": "2015-09-15T20:01:22.265Z",
    "middle_initial": null,
    "first_name": "ut",
    "employee_id": null,
    "auth_amount": "0.0000",
    "title": null,
    "password_expire_date": "2015-12-14",
    "password_length": null,
    "is_superuser": false,
    "last_login": null,
    "role": "b3b26f9b-3351-4406-ba45-50db8b76913c",
    "auth_currency": "90befeca-66f6-4b51-a714-72c93d6c833a",
    "username": "aute",
    "deleted": null,
    "password_one_time": null,
    "is_active": true,
    "groups": [
      2
    ],
    "accept_notify": true,
    "password": "pbkdf2_sha256$20000$lAgWNU8ktnNt$yhlqbS2/6IJHpvEWrCOtA3A6qM6mMEa25BlwjsNlv90=",
    "proxy_status": null,
    "proxy_user": null,
    "created": "2015-09-15T20:01:22.269Z",
    "modified": "2015-09-15T20:01:22.354Z",
    "email": "",
    "accept_assign": true,
    "fullname": "ut nostrud",
    "password_change": "DtGRbAPkeTlDseeiZSdnZlstqumjSZultkMDGRjtUNtCqrGuglOlaPpklKnqhpKLiNdhnWNgrvDCzZuFXiiqbNCBuVWWZEDoYCZGOlXSxGZIGKsqQtSginaMKxdePoDCERigkTrfRyNkgMPPnTXFoqxNvyjOqBZJfEFABBkfQzMgqBKIYFdVTfJMopHibXUVkzIhHLFCWJBAcbggOIkzYQQsIvaNBHLYyaBmfpjRAJaMntNVRWqiRssWeSNLsxzQDlHmPAUiOZErbDYxIHmjEpdUwBcgMFxyKkrQKHLucLZs"
  },
  "model": "person.person",
  "pk": "45737b09-a6a6-4c3b-92e5-72c8657a9c70"
},
{
  "fields": {
    "status": "b1076317-c833-4e7f-a9fb-ebee01143b4d",
    "last_name": "dolore",
    "proxy_start_date": null,
    "locale": null,
    "next_approver": null,
    "locations": [],
    "is_staff": false,
    "user_permissions": [],
    "proxy_end_date": null,
    "date_joined": "2015-09-15T20:01:21.644Z",
    "middle_initial": null,
    "first_name": "ad",
    "employee_id": null,
    "auth_amount": "0.0000",
    "title": null,
    "password_expire_date": "2015-12-14",
    "password_length": null,
    "is_superuser": false,
    "last_login": null,
    "role": "fcba588e-3402-4791-be9d-0c1939741e2b",
    "auth_currency": "90befeca-66f6-4b51-a714-72c93d6c833a",
    "username": "voluptate",
    "deleted": null,
    "password_one_time": null,
    "is_active": true,
    "groups": [
      5
    ],
    "accept_notify": true,
    "password": "pbkdf2_sha256$20000$BgexcR5tgLs9$HlHU6+0G+G/dZ+00Plpq6EoqVZiol+h5vCZUnA/XFj0=",
    "proxy_status": null,
    "proxy_user": null,
    "created": "2015-09-15T20:01:21.648Z",
    "modified": "2015-09-15T20:01:21.730Z",
    "email": "",
    "accept_assign": true,
    "fullname": "ad dolore",
    "password_change": "RXblscNTocvKkCCtTtWcEdXWkGtcypGpWnUKECeJFnOHKDnRqkkINwutFxFNksuXGJuRSHxzTJYTOXMtmnJiQzCTnODDREgnGwbweTgtDwYbCyvEXoHHJliLSWQzIHsUuDfuWtRxjNpIFAfjpZrBuZeJInMVejjEdwSmbdOrrAnVIvwHPZDaKrImXHFpvsJrdyqvrODkyqFUHqfYSWkZQxOdXUMkrNgPShbuTnmkhOiCpKAZQvKFjrreqFXOJyIeufEAtrQcybypZDUGatXRexPbrqwUAoAotRJbpfMqaBwT"
  },
  "model": "person.person",
  "pk": "508d9f8f-4e58-4692-8bf5-a880051017a8"
},
{
  "fields": {
    "status": "b1076317-c833-4e7f-a9fb-ebee01143b4d",
    "last_name": "consectetur",
    "proxy_start_date": null,
    "locale": null,
    "next_approver": null,
    "locations": [
      "1322c235-2df3-4e2c-9eec-20eb3dcee22e",
      "2d1ea290-2dda-4f2a-aaea-788f125e3391"
    ],
    "is_staff": false,
    "user_permissions": [],
    "proxy_end_date": null,
    "date_joined": "2015-09-15T20:01:20.615Z",
    "middle_initial": null,
    "first_name": "proident,",
    "employee_id": null,
    "auth_amount": "0.0000",
    "title": null,
    "password_expire_date": "2015-12-14",
    "password_length": null,
    "is_superuser": false,
    "last_login": null,
    "role": "fddb4033-4747-42bb-ae53-7845fd79f5f4",
    "auth_currency": "90befeca-66f6-4b51-a714-72c93d6c833a",
    "username": "amet,",
    "deleted": null,
    "password_one_time": null,
    "is_active": true,
    "groups": [
      4
    ],
    "accept_notify": true,
    "password": "pbkdf2_sha256$20000$T0RjcXEB8XIL$Udki1hZbr6JtLbCQagkUts6Ewd5zxQvEvaVaLMGQS1c=",
    "proxy_status": null,
    "proxy_user": null,
    "created": "2015-09-15T20:01:20.619Z",
    "modified": "2015-09-15T20:01:20.705Z",
    "email": "",
    "accept_assign": true,
    "fullname": "proident, consectetur",
    "password_change": "CQdliHzKweEdeEBEVUrKTrGwrqkFlQalgpTNlFKtPSHxubULbKLfuFrMaSOCSpAXGbJeuUIXyMFvusEhXAEChNjYermyHueagionnbohbEalDBRABRAiKPqFbuObcmlfoJGEkQsRSGnExAZahSMZHAlmJZsiYkvVzYkWmbWewwbdqETLixZwUeCjvBbpMQHjJYcIYXIJHKywdGEnzMDZudeMozLvQqzCeJIZtaZOAzrNVIojVXOVGtfpHzttyfpkgPoblKyGaWPwxFuCsquImcfFCrEdQjNOxeTiuFOGeEEH"
  },
  "model": "person.person",
  "pk": "59ada91d-e113-4a41-9465-8b40239e89ea"
},
{
  "fields": {
    "status": "b1076317-c833-4e7f-a9fb-ebee01143b4d",
    "last_name": "sit",
    "proxy_start_date": null,
    "locale": null,
    "next_approver": null,
    "locations": [
      "3f9a3a50-acc0-4d44-8b55-9d06522b94c3",
      "8b4846b1-3fcb-42a8-98bc-a926f75e1227"
    ],
    "is_staff": false,
    "user_permissions": [],
    "proxy_end_date": null,
    "date_joined": "2015-09-15T20:01:21.740Z",
    "middle_initial": null,
    "first_name": "mollit",
    "employee_id": null,
    "auth_amount": "0.0000",
    "title": null,
    "password_expire_date": "2015-12-14",
    "password_length": null,
    "is_superuser": false,
    "last_login": null,
    "role": "b3b26f9b-3351-4406-ba45-50db8b76913c",
    "auth_currency": "90befeca-66f6-4b51-a714-72c93d6c833a",
    "username": "labore",
    "deleted": null,
    "password_one_time": null,
    "is_active": true,
    "groups": [
      2
    ],
    "accept_notify": true,
    "password": "pbkdf2_sha256$20000$8uVKeLHTt5Zh$/U3O/FrHVEtk7dkhw5RflR9tHzwYBrEi1bfvEO4/Cro=",
    "proxy_status": null,
    "proxy_user": null,
    "created": "2015-09-15T20:01:21.743Z",
    "modified": "2015-09-15T20:01:21.829Z",
    "email": "",
    "accept_assign": true,
    "fullname": "mollit sit",
    "password_change": "mRVYgTMqFIZfEelLzhNjZwYVznWAsCxRUGWxsVgxgkScejfyfPfXVBTTTEGETOcGRBKqYNDZxZKxjAVgLxNNqOVbfcTMvrWvXxmAaKonGVJHNxqeSVeeMLRMgYPqWpPMZgUSymcJyVjNLbpeFsnzXfXNriZBecqqmlGTdDroQuKonIYgBkdmTYVfmeWuJmAWasrEfyRUUBFBKzIsSRbiILmPzwYSEntuCVFAkxHyvOvFqcrfawUmSgnvmLGEjMmmonhVtuTfFhUIXAOjaOxjODBdBlIAOieGBrttFTBvNMkE"
  },
  "model": "person.person",
  "pk": "5eade27d-bf10-4730-9a45-8cd213dd46a3"
},
{
  "fields": {
    "status": "b1076317-c833-4e7f-a9fb-ebee01143b4d",
    "last_name": "culpa",
    "proxy_start_date": null,
    "locale": null,
    "next_approver": null,
    "locations": [
      "3f9a3a50-acc0-4d44-8b55-9d06522b94c3",
      "8b4846b1-3fcb-42a8-98bc-a926f75e1227"
    ],
    "is_staff": false,
    "user_permissions": [],
    "proxy_end_date": null,
    "date_joined": "2015-09-15T20:01:22.054Z",
    "middle_initial": null,
    "first_name": "dolor",
    "employee_id": null,
    "auth_amount": "0.0000",
    "title": null,
    "password_expire_date": "2015-12-14",
    "password_length": null,
    "is_superuser": false,
    "last_login": null,
    "role": "b3b26f9b-3351-4406-ba45-50db8b76913c",
    "auth_currency": "90befeca-66f6-4b51-a714-72c93d6c833a",
    "username": "deserunt",
    "deleted": null,
    "password_one_time": null,
    "is_active": true,
    "groups": [
      2
    ],
    "accept_notify": true,
    "password": "pbkdf2_sha256$20000$EGO4d0c2J1eE$zlPFAzm1rBuEqH6uUQKPDwOYk40NrEDh1+BPpfWjDSo=",
    "proxy_status": null,
    "proxy_user": null,
    "created": "2015-09-15T20:01:22.058Z",
    "modified": "2015-09-15T20:01:22.146Z",
    "email": "",
    "accept_assign": true,
    "fullname": "dolor culpa",
    "password_change": "XrEkJyDGcILNwmIXrjORyojbGfOitDUzrZldcGrODTxAnOQyNWBAEjHQAbCraDNQiODZlTXOMSvEhnFgFViMgaVHuUFOEpCtCxHNrvPNOyubnzlSZuTmmNklbtvSrPlLRYCOLInxymLORkZrWtTQfOLatFBpvWEhFcIdPuxskrmwOSOAtfTTtcQoRzwCilMDMhKktLaUuuffcjqGFoFzVGsgOmkQaeBfdMUuBATpwtxHdCbOSNHUorLRZdTZYYTugjNpNEugoRXyZZiQDeEnIDVSHCZDUaqnCqShnSstVuNu"
  },
  "model": "person.person",
  "pk": "6cd13233-14f5-4bcd-a99a-bee46ac0dd1f"
},
{
  "fields": {
    "status": "b1076317-c833-4e7f-a9fb-ebee01143b4d",
    "last_name": "qui",
    "proxy_start_date": null,
    "locale": null,
    "next_approver": null,
    "locations": [],
    "is_staff": false,
    "user_permissions": [],
    "proxy_end_date": null,
    "date_joined": "2015-09-15T20:01:20.210Z",
    "middle_initial": null,
    "first_name": "ipsum",
    "employee_id": null,
    "auth_amount": "0.0000",
    "title": null,
    "password_expire_date": "2015-12-14",
    "password_length": null,
    "is_superuser": false,
    "last_login": null,
    "role": "fcba588e-3402-4791-be9d-0c1939741e2b",
    "auth_currency": "90befeca-66f6-4b51-a714-72c93d6c833a",
    "username": "pariatur.",
    "deleted": null,
    "password_one_time": null,
    "is_active": true,
    "groups": [
      5
    ],
    "accept_notify": true,
    "password": "pbkdf2_sha256$20000$hHT2OPgNnK9A$5uQSzthANWnR48H5CdNukhOl6oQXcfBe1jamvfmbEF0=",
    "proxy_status": null,
    "proxy_user": null,
    "created": "2015-09-15T20:01:20.215Z",
    "modified": "2015-09-15T20:01:20.302Z",
    "email": "",
    "accept_assign": true,
    "fullname": "ipsum qui",
    "password_change": "oWWMrFyDPFSGlmotGOHphmvnunjqTGFgURTVuMLjqgVuzNEbwLjXcBznzMlkMcCBBCdlwqZaCJHoYZouIawLMTScoSZuyyTyjMiJMDRdiqRCJmNmGkobWDNocEIZVRauttNVCMMdfItqgAqymiirFpKuIWLcdkqZBvAeJZKQdPFalYTqakJanlDZYeVjVDWKjcPZttFgxJKigsNrVKdPpGeHTxnLaNOOVLezLPpzuwwgfjMhSFTYAMzYqHMMrVFHhpHmZzzAuEjZjHzKjsrbujVLtEzHfXivvvAQDKoVedFj"
  },
  "model": "person.person",
  "pk": "7fa58332-7cda-4d1e-aed7-a833e82f2688"
},
{
  "fields": {
    "status": "b1076317-c833-4e7f-a9fb-ebee01143b4d",
    "last_name": "fugiat",
    "proxy_start_date": null,
    "locale": null,
    "next_approver": null,
    "locations": [
      "1322c235-2df3-4e2c-9eec-20eb3dcee22e",
      "2d1ea290-2dda-4f2a-aaea-788f125e3391"
    ],
    "is_staff": false,
    "user_permissions": [],
    "proxy_end_date": null,
    "date_joined": "2015-09-15T20:01:20.415Z",
    "middle_initial": null,
    "first_name": "ipsum",
    "employee_id": null,
    "auth_amount": "0.0000",
    "title": null,
    "password_expire_date": "2015-12-14",
    "password_length": null,
    "is_superuser": false,
    "last_login": null,
    "role": "fddb4033-4747-42bb-ae53-7845fd79f5f4",
    "auth_currency": "90befeca-66f6-4b51-a714-72c93d6c833a",
    "username": "nostrud",
    "deleted": null,
    "password_one_time": null,
    "is_active": true,
    "groups": [
      4
    ],
    "accept_notify": true,
    "password": "pbkdf2_sha256$20000$GxsOxpWekfQj$3Q78NxDzkTi/cMo20t53RdsV0qky8JOoj77SiZ7ofQE=",
    "proxy_status": null,
    "proxy_user": null,
    "created": "2015-09-15T20:01:20.419Z",
    "modified": "2015-09-15T20:01:20.504Z",
    "email": "",
    "accept_assign": true,
    "fullname": "ipsum fugiat",
    "password_change": "QUFxjRSNGETsZrjlVBgPtdNPjXmDNEqSeERbuejlVirktgtFPYCvaSBTfneItPOuoNFOLsuYtZaHyveRUkRUWBlfuGdkluMzqbFRjSmMSbfHVONXKhDvoWOZmLRvxnVyvuCopqGHtcsURwRGSYumYWoILSkwmljCoVkMZkRhdLYxrIkGDcpZskocuUNNXGEgqOIpzNHWMcEvKtDqzsVgIzStjgNFgerHlYrieZjqYItFfPDdGmVOUmtOAdUqKMeFeOnhRdSZYCimMOLflqzuLzgvNcsizjFvvxsYIYOeoPUb"
  },
  "model": "person.person",
  "pk": "8097d7de-4cab-45fe-8f1a-5c0a8b4c2bb5"
},
{
  "fields": {
    "status": "b1076317-c833-4e7f-a9fb-ebee01143b4d",
    "last_name": "deserunt",
    "proxy_start_date": null,
    "locale": null,
    "next_approver": null,
    "locations": [],
    "is_staff": false,
    "user_permissions": [],
    "proxy_end_date": null,
    "date_joined": "2015-09-15T20:01:21.125Z",
    "middle_initial": null,
    "first_name": "fugiat",
    "employee_id": null,
    "auth_amount": "0.0000",
    "title": null,
    "password_expire_date": "2015-12-14",
    "password_length": null,
    "is_superuser": false,
    "last_login": null,
    "role": "fcba588e-3402-4791-be9d-0c1939741e2b",
    "auth_currency": "90befeca-66f6-4b51-a714-72c93d6c833a",
    "username": "magna",
    "deleted": null,
    "password_one_time": null,
    "is_active": true,
    "groups": [
      5
    ],
    "accept_notify": true,
    "password": "pbkdf2_sha256$20000$iEBVxDO1NQaF$5dNX+pO0KI5CMNGj/rBycNu0HJF3BLc3M7lbB635cgQ=",
    "proxy_status": null,
    "proxy_user": null,
    "created": "2015-09-15T20:01:21.128Z",
    "modified": "2015-09-15T20:01:21.214Z",
    "email": "",
    "accept_assign": true,
    "fullname": "fugiat deserunt",
    "password_change": "rRGiKSjPFZAJtMTOSUTvoiztYpIJQDmIGKxENiBFjANzwHBTusljFAlhwfPAxUbdUOmrdhmbZlImMZNQDVCtvAobHazkesbnOScKMbjBZSZWgXAIMqfHqXxgqOoBEDScUOHOKmxOpCqUHsttZONtMjwRWQcIGXuiDHTcVMtxnjdmYwmLeFrtCpwAVznYFXlGpWoLFrkHAmHUUeWnBmQjkophtfmBfuhbFiezkVGOZwdckpzFrXTJhdqIYJXwmERaevXLjTcogWlXLrSNuAKFRxCHmzYkibOzDfhfyUSBxhkN"
  },
  "model": "person.person",
  "pk": "829273e9-47d1-453a-9cf7-edf68688776f"
},
{
  "fields": {
    "status": "b1076317-c833-4e7f-a9fb-ebee01143b4d",
    "last_name": "exercitation",
    "proxy_start_date": null,
    "locale": null,
    "next_approver": null,
    "locations": [
      "1322c235-2df3-4e2c-9eec-20eb3dcee22e",
      "2d1ea290-2dda-4f2a-aaea-788f125e3391"
    ],
    "is_staff": false,
    "user_permissions": [],
    "proxy_end_date": null,
    "date_joined": "2015-09-15T20:01:20.918Z",
    "middle_initial": null,
    "first_name": "dolor",
    "employee_id": null,
    "auth_amount": "0.0000",
    "title": null,
    "password_expire_date": "2015-12-14",
    "password_length": null,
    "is_superuser": false,
    "last_login": null,
    "role": "fddb4033-4747-42bb-ae53-7845fd79f5f4",
    "auth_currency": "90befeca-66f6-4b51-a714-72c93d6c833a",
    "username": "adipisicing",
    "deleted": null,
    "password_one_time": null,
    "is_active": true,
    "groups": [
      4
    ],
    "accept_notify": true,
    "password": "pbkdf2_sha256$20000$Mne6s1kSRIqe$M8Gr6XfuWi11j/fn9C8EwwuxNhqWJLSibH7ioz2vHnM=",
    "proxy_status": null,
    "proxy_user": null,
    "created": "2015-09-15T20:01:20.922Z",
    "modified": "2015-09-15T20:01:21.008Z",
    "email": "",
    "accept_assign": true,
    "fullname": "dolor exercitation",
    "password_change": "dhUtMJmWYKwnruMJjWURFzWshPXDYvHvlLaRFfRcrtMOwzKNMALynDonKAjfmzavKQVhrWMMBuitfyRylDqFWYwZEPqSStKxxssQBTzPcoPtESYrCXaTDUYalLgbbeGAEVcrmJfipZzIpoHzUfPKAjgnnvaxcwswPoGslosRZUgOOubBiiFqaLyXoDTLwuVuPGtohFFtKGVXfsnneWsUGaiKlYwmJeGWbnyqTEMAjIOAcTQrOkflbhmvKlnrqIPdLJGVJKKtCrFQjZzxTMlBmMrNFgKPVrTGFZTGGFXRODna"
  },
  "model": "person.person",
  "pk": "8c75bbcc-3d15-424f-8d15-00ea8fee65c8"
},
{
  "fields": {
    "status": "b1076317-c833-4e7f-a9fb-ebee01143b4d",
    "last_name": "magna",
    "proxy_start_date": null,
    "locale": null,
    "next_approver": null,
    "locations": [],
    "is_staff": false,
    "user_permissions": [],
    "proxy_end_date": null,
    "date_joined": "2015-09-15T20:01:21.223Z",
    "middle_initial": null,
    "first_name": "commodo",
    "employee_id": null,
    "auth_amount": "0.0000",
    "title": null,
    "password_expire_date": "2015-12-14",
    "password_length": null,
    "is_superuser": false,
    "last_login": null,
    "role": "e781d3d9-a7d3-4b8b-9bda-4aa7d6f6a62a",
    "auth_currency": "90befeca-66f6-4b51-a714-72c93d6c833a",
    "username": "sit",
    "deleted": null,
    "password_one_time": null,
    "is_active": true,
    "groups": [
      3
    ],
    "accept_notify": true,
    "password": "pbkdf2_sha256$20000$rsHozoFkBh54$hh+NpjIyoSPFpnUWclv0JiSau5SgQGll7jsYG97Unok=",
    "proxy_status": null,
    "proxy_user": null,
    "created": "2015-09-15T20:01:21.227Z",
    "modified": "2015-09-15T20:01:21.310Z",
    "email": "",
    "accept_assign": true,
    "fullname": "commodo magna",
    "password_change": "lrTAvvGSbYsHqaZOSpnThcwLUSoMGIdZjjBxaVUGKsVFWFJwxBeOhOjwLxIqIzDdagodghxNmKaGOMasnKIaQcgfBSdutLYHoDasuYjQMcIQJWdCEfglKzimNBkhGVjmqwvGfCgItLsIsugNXBAnkaAMziAOxrNEyEOVziFJqkfSYzqfcmojYQXMwAIjUCGeCmrlwomxoFPPVBRrSRgGompgikgddZwxPOyotAyZOlMNJAZzFQmGltaCGDpwNIIZaVhrjhGzVDJqawnMqUoGnKcDCoeXCXrlqnPfXxYrGfQn"
  },
  "model": "person.person",
  "pk": "a5f8fd76-b9bc-415f-90f5-e615ca9dcfa2"
},
{
  "fields": {
    "status": "b1076317-c833-4e7f-a9fb-ebee01143b4d",
    "last_name": "sint",
    "proxy_start_date": null,
    "locale": null,
    "next_approver": null,
    "locations": [
      "3f9a3a50-acc0-4d44-8b55-9d06522b94c3",
      "8b4846b1-3fcb-42a8-98bc-a926f75e1227"
    ],
    "is_staff": false,
    "user_permissions": [],
    "proxy_end_date": null,
    "date_joined": "2015-09-15T20:01:21.024Z",
    "middle_initial": null,
    "first_name": "dolor",
    "employee_id": null,
    "auth_amount": "0.0000",
    "title": null,
    "password_expire_date": "2015-12-14",
    "password_length": null,
    "is_superuser": false,
    "last_login": null,
    "role": "b3b26f9b-3351-4406-ba45-50db8b76913c",
    "auth_currency": "90befeca-66f6-4b51-a714-72c93d6c833a",
    "username": "dolor",
    "deleted": null,
    "password_one_time": null,
    "is_active": true,
    "groups": [
      2
    ],
    "accept_notify": true,
    "password": "pbkdf2_sha256$20000$tuLUpC3KzuJp$bu8nBOqZB5Pkc1vk/WFWOfOPToJILCkvKwfQSOkZw8U=",
    "proxy_status": null,
    "proxy_user": null,
    "created": "2015-09-15T20:01:21.027Z",
    "modified": "2015-09-15T20:01:21.114Z",
    "email": "",
    "accept_assign": true,
    "fullname": "dolor sint",
    "password_change": "VgnUGBjmAjZqAKVBYBdVuyxhegHsCWFiIOxOjwalOmSDoGhTSHeISAFqLEfySaSqxauMnVblQcsRnmdVpkbjIggWpJgBkgbzRlkRDAbuvESxtynPtMRcacdCVtlFrZFZnxoStCMynVdJjxZGusXnSpGOSLojUtYbYgYQEppZXdoirpUluSHYLmAiNKjNfaqjjtnekKwWooXfoowtuqJtRXTWFFrpxvpFjiNTfFaZjShgfMoNopbIWCXkekLdpVhzsniHnkzHsOFcaZbpqFvieJKicskwMKiVcOBlrTPbdxUd"
  },
  "model": "person.person",
  "pk": "a6c0aeaf-5448-49a2-b043-77ab31b274bb"
},
{
  "fields": {
    "status": "b1076317-c833-4e7f-a9fb-ebee01143b4d",
    "last_name": "",
    "proxy_start_date": null,
    "locale": null,
    "next_approver": null,
    "locations": [],
    "is_staff": true,
    "user_permissions": [],
    "proxy_end_date": null,
    "date_joined": "2015-09-15T20:01:20.008Z",
    "middle_initial": null,
    "first_name": "",
    "employee_id": null,
    "auth_amount": "0.0000",
    "title": null,
    "password_expire_date": "2015-12-14",
    "password_length": null,
    "is_superuser": true,
    "last_login": null,
    "role": "b0485535-414a-42e8-a138-0501a1d487a3",
    "auth_currency": "90befeca-66f6-4b51-a714-72c93d6c833a",
    "username": "aaron",
    "deleted": null,
    "password_one_time": null,
    "is_active": true,
    "groups": [
      1
    ],
    "accept_notify": true,
    "password": "pbkdf2_sha256$20000$iOYXImJECN7x$ejdf0c2y4B8Wh4cSukx0sB8NrKcPlrBe7tk/Es6Iy+8=",
    "proxy_status": null,
    "proxy_user": null,
    "created": "2015-09-15T20:01:20.015Z",
    "modified": "2015-09-15T20:01:20.098Z",
    "email": "",
    "accept_assign": true,
    "fullname": " ",
    "password_change": "URUAwEjDuyXnLCMjmsoSdbiZLLXhBZQQnLvyalgCCvkoAlUDhNmmhLoXTpvfUEDbBIhxrftHHsNGDVKyvBUcYOygEcIRgYyWYbkwRQGCqRXdfUkwSZIPsSgHYczDYTCFKaQdGbUhgsJHbBRLLUOadnhlCRidlCaXHyNqwAtVPidNpZYVrFvVeUAxCzZTnnwDYxxlxcIZjcjIolscPleQlltBjoUYUAAmgvuknJJQWyWerQBfqrlWUBtFqzWMlTsIqBCCulxHiaHYWxfWvjbjQNSkFtojvXgnKenyECRouyIa"
  },
  "model": "person.person",
  "pk": "aa4732c6-e7f0-43f1-9c3a-03445d114ec0"
},
{
  "fields": {
    "status": "b1076317-c833-4e7f-a9fb-ebee01143b4d",
    "last_name": "ullamco",
    "proxy_start_date": null,
    "locale": null,
    "next_approver": null,
    "locations": [],
    "is_staff": false,
    "user_permissions": [],
    "proxy_end_date": null,
    "date_joined": "2015-09-15T20:01:21.429Z",
    "middle_initial": null,
    "first_name": "in",
    "employee_id": null,
    "auth_amount": "0.0000",
    "title": null,
    "password_expire_date": "2015-12-14",
    "password_length": null,
    "is_superuser": false,
    "last_login": null,
    "role": "fcba588e-3402-4791-be9d-0c1939741e2b",
    "auth_currency": "90befeca-66f6-4b51-a714-72c93d6c833a",
    "username": "laborum.",
    "deleted": null,
    "password_one_time": null,
    "is_active": true,
    "groups": [
      5
    ],
    "accept_notify": true,
    "password": "pbkdf2_sha256$20000$wGmxcutfVUp7$//jR1+9n4Mb8SA9TxzFrVhAvcnIXNL6sOGr9/F976Mw=",
    "proxy_status": null,
    "proxy_user": null,
    "created": "2015-09-15T20:01:21.433Z",
    "modified": "2015-09-15T20:01:21.516Z",
    "email": "",
    "accept_assign": true,
    "fullname": "in ullamco",
    "password_change": "jWWRJZlfwyPScRIPRDIzPvYrsMVytoGgMLOpQyyaizkiBMNvnlsFJOYEQcXifZbPGkTklwaNwCzoYRxKSMsNfzMJYryajHZCSnsctBCobjcEFjVztPJQBNLAkSzIHYlIHuuIXjujlgWXtPlAsOYfJXomEUZVQnUkKvlMRinhXTVTboyfREvwIbTWEuHutxwKukjprmyDYjRbfrCSinChkLdtWCHblFAKaTjNUQFuxumpdkLyqwnGqvqdqzxMLLEAxODZeSVZjKOowRqXOLWIUMhrPzAaqUsUAaoXwsfjVHFp"
  },
  "model": "person.person",
  "pk": "c6cf709e-49d4-46e2-b90e-3c4db030a508"
},
{
  "fields": {
    "status": "b1076317-c833-4e7f-a9fb-ebee01143b4d",
    "last_name": "nostrud",
    "proxy_start_date": null,
    "locale": null,
    "next_approver": null,
    "locations": [
      "1322c235-2df3-4e2c-9eec-20eb3dcee22e",
      "2d1ea290-2dda-4f2a-aaea-788f125e3391"
    ],
    "is_staff": false,
    "user_permissions": [],
    "proxy_end_date": null,
    "date_joined": "2015-09-15T20:01:21.949Z",
    "middle_initial": null,
    "first_name": "dolor",
    "employee_id": null,
    "auth_amount": "0.0000",
    "title": null,
    "password_expire_date": "2015-12-14",
    "password_length": null,
    "is_superuser": false,
    "last_login": null,
    "role": "fddb4033-4747-42bb-ae53-7845fd79f5f4",
    "auth_currency": "90befeca-66f6-4b51-a714-72c93d6c833a",
    "username": "sed",
    "deleted": null,
    "password_one_time": null,
    "is_active": true,
    "groups": [
      4
    ],
    "accept_notify": true,
    "password": "pbkdf2_sha256$20000$apvKW98rEBwY$+Ozbhprp26nynM9aeId0lIAPTkgfrd9Ifnh2ZrkNGXQ=",
    "proxy_status": null,
    "proxy_user": null,
    "created": "2015-09-15T20:01:21.952Z",
    "modified": "2015-09-15T20:01:22.039Z",
    "email": "",
    "accept_assign": true,
    "fullname": "dolor nostrud",
    "password_change": "cJLjyaUFKHKsbLPebNLeDjpancsrHjxGMnvOgEXNXaErRdMLetsCINUarmUmdWkJaPPgUFoXjhqkboKUjbZiowtyexioyfuvcGBcdTNyMhYSZFwRwUVmyHszRRsxcgWZSnWosQbNFRoIKmdoOWVUgeJQghHrmoaGiOtuqkBYPBoMneteblzBfpxoJEFHkYoGOiJpaSGBLhAjaIfHcJMFOTbisJZnUzbApnODErcwGgSEBtYDHyiLrrzHINcJNBrjIUavAwCDFBtRJADsfnmSCFpdIOsBWTtmmhzWzSJWLVJh"
  },
  "model": "person.person",
  "pk": "dcd2a611-4a09-454e-bbb2-34ed2d6dec56"
}
]
