[
{
  "fields": {
    "model": "logentry",
    "app_label": "admin"
  },
  "model": "contenttypes.contenttype",
  "pk": 1
},
{
  "fields": {
    "model": "permission",
    "app_label": "auth"
  },
  "model": "contenttypes.contenttype",
  "pk": 2
},
{
  "fields": {
    "model": "group",
    "app_label": "auth"
  },
  "model": "contenttypes.contenttype",
  "pk": 3
},
{
  "fields": {
    "model": "contenttype",
    "app_label": "contenttypes"
  },
  "model": "contenttypes.contenttype",
  "pk": 4
},
{
  "fields": {
    "model": "session",
    "app_label": "sessions"
  },
  "model": "contenttypes.contenttype",
  "pk": 5
},
{
  "fields": {
    "model": "site",
    "app_label": "sites"
  },
  "model": "contenttypes.contenttype",
  "pk": 6
},
{
  "fields": {
    "model": "flatpage",
    "app_label": "flatpages"
  },
  "model": "contenttypes.contenttype",
  "pk": 7
},
{
  "fields": {
    "model": "corsmodel",
    "app_label": "corsheaders"
  },
  "model": "contenttypes.contenttype",
  "pk": 8
},
{
  "fields": {
    "model": "currency",
    "app_label": "accounting"
  },
  "model": "contenttypes.contenttype",
  "pk": 9
},
{
  "fields": {
    "model": "category",
    "app_label": "category"
  },
  "model": "contenttypes.contenttype",
  "pk": 10
},
{
  "fields": {
    "model": "phonenumbertype",
    "app_label": "contact"
  },
  "model": "contenttypes.contenttype",
  "pk": 11
},
{
  "fields": {
    "model": "phonenumber",
    "app_label": "contact"
  },
  "model": "contenttypes.contenttype",
  "pk": 12
},
{
  "fields": {
    "model": "addresstype",
    "app_label": "contact"
  },
  "model": "contenttypes.contenttype",
  "pk": 13
},
{
  "fields": {
    "model": "address",
    "app_label": "contact"
  },
  "model": "contenttypes.contenttype",
  "pk": 14
},
{
  "fields": {
    "model": "emailtype",
    "app_label": "contact"
  },
  "model": "contenttypes.contenttype",
  "pk": 15
},
{
  "fields": {
    "model": "email",
    "app_label": "contact"
  },
  "model": "contenttypes.contenttype",
  "pk": 16
},
{
  "fields": {
    "model": "locationlevel",
    "app_label": "location"
  },
  "model": "contenttypes.contenttype",
  "pk": 17
},
{
  "fields": {
    "model": "locationstatus",
    "app_label": "location"
  },
  "model": "contenttypes.contenttype",
  "pk": 18
},
{
  "fields": {
    "model": "locationtype",
    "app_label": "location"
  },
  "model": "contenttypes.contenttype",
  "pk": 19
},
{
  "fields": {
    "model": "location",
    "app_label": "location"
  },
  "model": "contenttypes.contenttype",
  "pk": 20
},
{
  "fields": {
    "model": "role",
    "app_label": "person"
  },
  "model": "contenttypes.contenttype",
  "pk": 21
},
{
  "fields": {
    "model": "proxyrole",
    "app_label": "person"
  },
  "model": "contenttypes.contenttype",
  "pk": 22
},
{
  "fields": {
    "model": "personstatus",
    "app_label": "person"
  },
  "model": "contenttypes.contenttype",
  "pk": 23
},
{
  "fields": {
    "model": "person",
    "app_label": "person"
  },
  "model": "contenttypes.contenttype",
  "pk": 24
},
{
  "fields": {
    "model": "locale",
    "app_label": "translation"
  },
  "model": "contenttypes.contenttype",
  "pk": 25
},
{
  "fields": {
    "model": "translation",
    "app_label": "translation"
  },
  "model": "contenttypes.contenttype",
  "pk": 26
},
{
  "fields": {
    "model": "tester",
    "app_label": "util"
  },
  "model": "contenttypes.contenttype",
  "pk": 27
},
{
  "fields": {
    "model": "mainsetting",
    "app_label": "util"
  },
  "model": "contenttypes.contenttype",
  "pk": 28
},
{
  "fields": {
    "model": "customsetting",
    "app_label": "util"
  },
  "model": "contenttypes.contenttype",
  "pk": 29
},
{
  "fields": {
    "model": "state",
    "app_label": "util"
  },
  "model": "contenttypes.contenttype",
  "pk": 30
},
{
  "fields": {
    "model": "workorderstatus",
    "app_label": "order"
  },
  "model": "contenttypes.contenttype",
  "pk": 31
},
{
  "fields": {
    "model": "workorder",
    "app_label": "order"
  },
  "model": "contenttypes.contenttype",
  "pk": 32
},
{
  "fields": {
    "domain": "example.com",
    "name": "example.com"
  },
  "model": "sites.site",
  "pk": 1
},
{
  "fields": {
    "code": "usd",
    "name": "US Dollar",
    "created": "2015-08-26T17:14:14.159Z",
    "deleted": null,
    "symbol": "$",
    "format": "$00.00",
    "modified": "2015-08-26T17:14:14.159Z"
  },
  "model": "accounting.currency",
  "pk": "2fd4ffbf-4d74-4128-b0f5-8bbd96d579d4"
},
{
  "fields": {
    "deleted": null,
    "children": [],
    "modified": "2015-08-26T17:14:25.589Z",
    "name": "department",
    "created": "2015-08-26T17:14:25.589Z"
  },
  "model": "location.locationlevel",
  "pk": "2059393a-f41f-43c8-9fcc-e2608ed4af32"
},
{
  "fields": {
    "deleted": null,
    "children": [
      "2059393a-f41f-43c8-9fcc-e2608ed4af32"
    ],
    "modified": "2015-08-26T17:14:25.587Z",
    "name": "store",
    "created": "2015-08-26T17:14:25.587Z"
  },
  "model": "location.locationlevel",
  "pk": "2c76e124-cbd7-450d-90a3-46057811e7be"
},
{
  "fields": {
    "deleted": null,
    "children": [
      "2c76e124-cbd7-450d-90a3-46057811e7be"
    ],
    "modified": "2015-08-26T17:14:25.584Z",
    "name": "district",
    "created": "2015-08-26T17:14:25.584Z"
  },
  "model": "location.locationlevel",
  "pk": "3c62fdaa-9565-4b2a-be5c-8c7c80842bab"
},
{
  "fields": {
    "deleted": null,
    "children": [],
    "modified": "2015-08-26T17:14:14.161Z",
    "name": "xGAZfIeufeTzBCPeqolBGIhJBJFvVxVXGmgjgwbYQvcMnysKqkUHFmxEeYPZGPifDJSKbJOdbydXUWnIkyoafBtkWeJFNdIQFWQL",
    "created": "2015-08-26T17:14:14.161Z"
  },
  "model": "location.locationlevel",
  "pk": "4e5982cd-4576-4db6-9c2d-67fc7a557dcf"
},
{
  "fields": {
    "deleted": null,
    "children": [],
    "modified": "2015-08-26T17:14:25.586Z",
    "name": "district_lp",
    "created": "2015-08-26T17:14:25.586Z"
  },
  "model": "location.locationlevel",
  "pk": "88364430-fd08-4d3c-86f3-e26ef68ec9ae"
},
{
  "fields": {
    "deleted": null,
    "children": [
      "3c62fdaa-9565-4b2a-be5c-8c7c80842bab",
      "88364430-fd08-4d3c-86f3-e26ef68ec9ae"
    ],
    "modified": "2015-08-26T17:14:25.581Z",
    "name": "region",
    "created": "2015-08-26T17:14:25.581Z"
  },
  "model": "location.locationlevel",
  "pk": "a06ad4fa-86cd-4862-b44e-cf0f34ad96db"
},
{
  "fields": {
    "deleted": null,
    "modified": "2015-08-26T17:14:25.602Z",
    "name": "Open",
    "created": "2015-08-26T17:14:25.602Z"
  },
  "model": "location.locationstatus",
  "pk": "2743873d-ccc0-45f6-95c4-1328b677ca10"
},
{
  "fields": {
    "deleted": null,
    "modified": "2015-08-26T17:14:25.605Z",
    "name": "big_store",
    "created": "2015-08-26T17:14:25.605Z"
  },
  "model": "location.locationtype",
  "pk": "95cce9b2-0b62-47e0-aaee-be3ab78d39a0"
},
{
  "fields": {
    "status": "2743873d-ccc0-45f6-95c4-1328b677ca10",
    "name": "ca",
    "created": "2015-08-26T17:14:25.613Z",
    "deleted": null,
    "modified": "2015-08-26T17:14:25.613Z",
    "number": "fSFsHskBTToOEpNuwJSpVRmaCsNnHRuVtVUsZpKOoXDhOzdKRu",
    "location_level": "3c62fdaa-9565-4b2a-be5c-8c7c80842bab",
    "type": "95cce9b2-0b62-47e0-aaee-be3ab78d39a0",
    "children": [
      "36795b2b-daec-439a-b9c4-53532e35198e",
      "64370290-1728-41e0-b9d1-18a49309d573"
    ]
  },
  "model": "location.location",
  "pk": "0c022894-a604-4503-a2ff-88ae1b693305"
},
{
  "fields": {
    "status": "2743873d-ccc0-45f6-95c4-1328b677ca10",
    "name": "san_diego",
    "created": "2015-08-26T17:14:25.621Z",
    "deleted": null,
    "modified": "2015-08-26T17:14:25.621Z",
    "number": "KnNrZmCrhTMSWhDmUxYzLwSSjPafocxleGYytDFXFwnuqQgmvR",
    "location_level": "2c76e124-cbd7-450d-90a3-46057811e7be",
    "type": "95cce9b2-0b62-47e0-aaee-be3ab78d39a0",
    "children": []
  },
  "model": "location.location",
  "pk": "36795b2b-daec-439a-b9c4-53532e35198e"
},
{
  "fields": {
    "status": "2743873d-ccc0-45f6-95c4-1328b677ca10",
    "name": "los_angeles",
    "created": "2015-08-26T17:14:25.625Z",
    "deleted": null,
    "modified": "2015-08-26T17:14:25.625Z",
    "number": "WQpvvGQpFYxKYzZAzMXbREZWHocnhMhajgBtQIweLqmpvihxst",
    "location_level": "2c76e124-cbd7-450d-90a3-46057811e7be",
    "type": "95cce9b2-0b62-47e0-aaee-be3ab78d39a0",
    "children": []
  },
  "model": "location.location",
  "pk": "64370290-1728-41e0-b9d1-18a49309d573"
},
{
  "fields": {
    "status": "2743873d-ccc0-45f6-95c4-1328b677ca10",
    "name": "east",
    "created": "2015-08-26T17:14:25.607Z",
    "deleted": null,
    "modified": "2015-08-26T17:14:25.607Z",
    "number": "RDGAHBKuTVSBWbkvmmlrGjlLxFGOOoyNGKKlPMvggDDTrmiXNB",
    "location_level": "a06ad4fa-86cd-4862-b44e-cf0f34ad96db",
    "type": "95cce9b2-0b62-47e0-aaee-be3ab78d39a0",
    "children": [
      "0c022894-a604-4503-a2ff-88ae1b693305",
      "b4be1f9d-3b51-42cb-a431-83a796734145"
    ]
  },
  "model": "location.location",
  "pk": "a2b855a4-1939-4227-b82f-526bcc0dad1d"
},
{
  "fields": {
    "status": "2743873d-ccc0-45f6-95c4-1328b677ca10",
    "name": "nv",
    "created": "2015-08-26T17:14:25.617Z",
    "deleted": null,
    "modified": "2015-08-26T17:14:25.617Z",
    "number": "YvutmohIXeoPuvHFLoXVlQtdGQDIGfzqYavvnfGOGavCPxgkjY",
    "location_level": "3c62fdaa-9565-4b2a-be5c-8c7c80842bab",
    "type": "95cce9b2-0b62-47e0-aaee-be3ab78d39a0",
    "children": []
  },
  "model": "location.location",
  "pk": "b4be1f9d-3b51-42cb-a431-83a796734145"
},
{
  "fields": {
    "deleted": null,
    "description": "active",
    "modified": "2015-08-26T17:14:14.176Z",
    "name": "",
    "created": "2015-08-26T17:14:14.176Z"
  },
  "model": "person.personstatus",
  "pk": "57f24bca-9573-486c-b571-ef642896aadd"
},
{
  "fields": {
    "codename": "add_logentry",
    "name": "Can add log entry",
    "content_type": 1
  },
  "model": "auth.permission",
  "pk": 1
},
{
  "fields": {
    "codename": "change_logentry",
    "name": "Can change log entry",
    "content_type": 1
  },
  "model": "auth.permission",
  "pk": 2
},
{
  "fields": {
    "codename": "delete_logentry",
    "name": "Can delete log entry",
    "content_type": 1
  },
  "model": "auth.permission",
  "pk": 3
},
{
  "fields": {
    "codename": "add_permission",
    "name": "Can add permission",
    "content_type": 2
  },
  "model": "auth.permission",
  "pk": 4
},
{
  "fields": {
    "codename": "change_permission",
    "name": "Can change permission",
    "content_type": 2
  },
  "model": "auth.permission",
  "pk": 5
},
{
  "fields": {
    "codename": "delete_permission",
    "name": "Can delete permission",
    "content_type": 2
  },
  "model": "auth.permission",
  "pk": 6
},
{
  "fields": {
    "codename": "add_group",
    "name": "Can add group",
    "content_type": 3
  },
  "model": "auth.permission",
  "pk": 7
},
{
  "fields": {
    "codename": "change_group",
    "name": "Can change group",
    "content_type": 3
  },
  "model": "auth.permission",
  "pk": 8
},
{
  "fields": {
    "codename": "delete_group",
    "name": "Can delete group",
    "content_type": 3
  },
  "model": "auth.permission",
  "pk": 9
},
{
  "fields": {
    "codename": "add_contenttype",
    "name": "Can add content type",
    "content_type": 4
  },
  "model": "auth.permission",
  "pk": 10
},
{
  "fields": {
    "codename": "change_contenttype",
    "name": "Can change content type",
    "content_type": 4
  },
  "model": "auth.permission",
  "pk": 11
},
{
  "fields": {
    "codename": "delete_contenttype",
    "name": "Can delete content type",
    "content_type": 4
  },
  "model": "auth.permission",
  "pk": 12
},
{
  "fields": {
    "codename": "add_session",
    "name": "Can add session",
    "content_type": 5
  },
  "model": "auth.permission",
  "pk": 13
},
{
  "fields": {
    "codename": "change_session",
    "name": "Can change session",
    "content_type": 5
  },
  "model": "auth.permission",
  "pk": 14
},
{
  "fields": {
    "codename": "delete_session",
    "name": "Can delete session",
    "content_type": 5
  },
  "model": "auth.permission",
  "pk": 15
},
{
  "fields": {
    "codename": "add_site",
    "name": "Can add site",
    "content_type": 6
  },
  "model": "auth.permission",
  "pk": 16
},
{
  "fields": {
    "codename": "change_site",
    "name": "Can change site",
    "content_type": 6
  },
  "model": "auth.permission",
  "pk": 17
},
{
  "fields": {
    "codename": "delete_site",
    "name": "Can delete site",
    "content_type": 6
  },
  "model": "auth.permission",
  "pk": 18
},
{
  "fields": {
    "codename": "add_flatpage",
    "name": "Can add flat page",
    "content_type": 7
  },
  "model": "auth.permission",
  "pk": 19
},
{
  "fields": {
    "codename": "change_flatpage",
    "name": "Can change flat page",
    "content_type": 7
  },
  "model": "auth.permission",
  "pk": 20
},
{
  "fields": {
    "codename": "delete_flatpage",
    "name": "Can delete flat page",
    "content_type": 7
  },
  "model": "auth.permission",
  "pk": 21
},
{
  "fields": {
    "codename": "add_corsmodel",
    "name": "Can add cors model",
    "content_type": 8
  },
  "model": "auth.permission",
  "pk": 22
},
{
  "fields": {
    "codename": "change_corsmodel",
    "name": "Can change cors model",
    "content_type": 8
  },
  "model": "auth.permission",
  "pk": 23
},
{
  "fields": {
    "codename": "delete_corsmodel",
    "name": "Can delete cors model",
    "content_type": 8
  },
  "model": "auth.permission",
  "pk": 24
},
{
  "fields": {
    "codename": "add_currency",
    "name": "Can add currency",
    "content_type": 9
  },
  "model": "auth.permission",
  "pk": 25
},
{
  "fields": {
    "codename": "change_currency",
    "name": "Can change currency",
    "content_type": 9
  },
  "model": "auth.permission",
  "pk": 26
},
{
  "fields": {
    "codename": "delete_currency",
    "name": "Can delete currency",
    "content_type": 9
  },
  "model": "auth.permission",
  "pk": 27
},
{
  "fields": {
    "codename": "add_category",
    "name": "Can add category",
    "content_type": 10
  },
  "model": "auth.permission",
  "pk": 28
},
{
  "fields": {
    "codename": "change_category",
    "name": "Can change category",
    "content_type": 10
  },
  "model": "auth.permission",
  "pk": 29
},
{
  "fields": {
    "codename": "delete_category",
    "name": "Can delete category",
    "content_type": 10
  },
  "model": "auth.permission",
  "pk": 30
},
{
  "fields": {
    "codename": "add_phonenumbertype",
    "name": "Can add phone number type",
    "content_type": 11
  },
  "model": "auth.permission",
  "pk": 31
},
{
  "fields": {
    "codename": "change_phonenumbertype",
    "name": "Can change phone number type",
    "content_type": 11
  },
  "model": "auth.permission",
  "pk": 32
},
{
  "fields": {
    "codename": "delete_phonenumbertype",
    "name": "Can delete phone number type",
    "content_type": 11
  },
  "model": "auth.permission",
  "pk": 33
},
{
  "fields": {
    "codename": "add_phonenumber",
    "name": "Can add phone number",
    "content_type": 12
  },
  "model": "auth.permission",
  "pk": 34
},
{
  "fields": {
    "codename": "change_phonenumber",
    "name": "Can change phone number",
    "content_type": 12
  },
  "model": "auth.permission",
  "pk": 35
},
{
  "fields": {
    "codename": "delete_phonenumber",
    "name": "Can delete phone number",
    "content_type": 12
  },
  "model": "auth.permission",
  "pk": 36
},
{
  "fields": {
    "codename": "add_addresstype",
    "name": "Can add address type",
    "content_type": 13
  },
  "model": "auth.permission",
  "pk": 37
},
{
  "fields": {
    "codename": "change_addresstype",
    "name": "Can change address type",
    "content_type": 13
  },
  "model": "auth.permission",
  "pk": 38
},
{
  "fields": {
    "codename": "delete_addresstype",
    "name": "Can delete address type",
    "content_type": 13
  },
  "model": "auth.permission",
  "pk": 39
},
{
  "fields": {
    "codename": "add_address",
    "name": "Can add address",
    "content_type": 14
  },
  "model": "auth.permission",
  "pk": 40
},
{
  "fields": {
    "codename": "change_address",
    "name": "Can change address",
    "content_type": 14
  },
  "model": "auth.permission",
  "pk": 41
},
{
  "fields": {
    "codename": "delete_address",
    "name": "Can delete address",
    "content_type": 14
  },
  "model": "auth.permission",
  "pk": 42
},
{
  "fields": {
    "codename": "add_emailtype",
    "name": "Can add email type",
    "content_type": 15
  },
  "model": "auth.permission",
  "pk": 43
},
{
  "fields": {
    "codename": "change_emailtype",
    "name": "Can change email type",
    "content_type": 15
  },
  "model": "auth.permission",
  "pk": 44
},
{
  "fields": {
    "codename": "delete_emailtype",
    "name": "Can delete email type",
    "content_type": 15
  },
  "model": "auth.permission",
  "pk": 45
},
{
  "fields": {
    "codename": "add_email",
    "name": "Can add email",
    "content_type": 16
  },
  "model": "auth.permission",
  "pk": 46
},
{
  "fields": {
    "codename": "change_email",
    "name": "Can change email",
    "content_type": 16
  },
  "model": "auth.permission",
  "pk": 47
},
{
  "fields": {
    "codename": "delete_email",
    "name": "Can delete email",
    "content_type": 16
  },
  "model": "auth.permission",
  "pk": 48
},
{
  "fields": {
    "codename": "add_locationlevel",
    "name": "Can add location level",
    "content_type": 17
  },
  "model": "auth.permission",
  "pk": 49
},
{
  "fields": {
    "codename": "change_locationlevel",
    "name": "Can change location level",
    "content_type": 17
  },
  "model": "auth.permission",
  "pk": 50
},
{
  "fields": {
    "codename": "delete_locationlevel",
    "name": "Can delete location level",
    "content_type": 17
  },
  "model": "auth.permission",
  "pk": 51
},
{
  "fields": {
    "codename": "add_locationstatus",
    "name": "Can add location status",
    "content_type": 18
  },
  "model": "auth.permission",
  "pk": 52
},
{
  "fields": {
    "codename": "change_locationstatus",
    "name": "Can change location status",
    "content_type": 18
  },
  "model": "auth.permission",
  "pk": 53
},
{
  "fields": {
    "codename": "delete_locationstatus",
    "name": "Can delete location status",
    "content_type": 18
  },
  "model": "auth.permission",
  "pk": 54
},
{
  "fields": {
    "codename": "add_locationtype",
    "name": "Can add location type",
    "content_type": 19
  },
  "model": "auth.permission",
  "pk": 55
},
{
  "fields": {
    "codename": "change_locationtype",
    "name": "Can change location type",
    "content_type": 19
  },
  "model": "auth.permission",
  "pk": 56
},
{
  "fields": {
    "codename": "delete_locationtype",
    "name": "Can delete location type",
    "content_type": 19
  },
  "model": "auth.permission",
  "pk": 57
},
{
  "fields": {
    "codename": "add_location",
    "name": "Can add location",
    "content_type": 20
  },
  "model": "auth.permission",
  "pk": 58
},
{
  "fields": {
    "codename": "change_location",
    "name": "Can change location",
    "content_type": 20
  },
  "model": "auth.permission",
  "pk": 59
},
{
  "fields": {
    "codename": "delete_location",
    "name": "Can delete location",
    "content_type": 20
  },
  "model": "auth.permission",
  "pk": 60
},
{
  "fields": {
    "codename": "add_role",
    "name": "Can add role",
    "content_type": 21
  },
  "model": "auth.permission",
  "pk": 61
},
{
  "fields": {
    "codename": "change_role",
    "name": "Can change role",
    "content_type": 21
  },
  "model": "auth.permission",
  "pk": 62
},
{
  "fields": {
    "codename": "delete_role",
    "name": "Can delete role",
    "content_type": 21
  },
  "model": "auth.permission",
  "pk": 63
},
{
  "fields": {
    "codename": "add_proxyrole",
    "name": "Can add proxy role",
    "content_type": 22
  },
  "model": "auth.permission",
  "pk": 64
},
{
  "fields": {
    "codename": "change_proxyrole",
    "name": "Can change proxy role",
    "content_type": 22
  },
  "model": "auth.permission",
  "pk": 65
},
{
  "fields": {
    "codename": "delete_proxyrole",
    "name": "Can delete proxy role",
    "content_type": 22
  },
  "model": "auth.permission",
  "pk": 66
},
{
  "fields": {
    "codename": "add_personstatus",
    "name": "Can add person status",
    "content_type": 23
  },
  "model": "auth.permission",
  "pk": 67
},
{
  "fields": {
    "codename": "change_personstatus",
    "name": "Can change person status",
    "content_type": 23
  },
  "model": "auth.permission",
  "pk": 68
},
{
  "fields": {
    "codename": "delete_personstatus",
    "name": "Can delete person status",
    "content_type": 23
  },
  "model": "auth.permission",
  "pk": 69
},
{
  "fields": {
    "codename": "add_person",
    "name": "Can add person",
    "content_type": 24
  },
  "model": "auth.permission",
  "pk": 70
},
{
  "fields": {
    "codename": "change_person",
    "name": "Can change person",
    "content_type": 24
  },
  "model": "auth.permission",
  "pk": 71
},
{
  "fields": {
    "codename": "delete_person",
    "name": "Can delete person",
    "content_type": 24
  },
  "model": "auth.permission",
  "pk": 72
},
{
  "fields": {
    "codename": "add_locale",
    "name": "Can add locale",
    "content_type": 25
  },
  "model": "auth.permission",
  "pk": 73
},
{
  "fields": {
    "codename": "change_locale",
    "name": "Can change locale",
    "content_type": 25
  },
  "model": "auth.permission",
  "pk": 74
},
{
  "fields": {
    "codename": "delete_locale",
    "name": "Can delete locale",
    "content_type": 25
  },
  "model": "auth.permission",
  "pk": 75
},
{
  "fields": {
    "codename": "add_translation",
    "name": "Can add translation",
    "content_type": 26
  },
  "model": "auth.permission",
  "pk": 76
},
{
  "fields": {
    "codename": "change_translation",
    "name": "Can change translation",
    "content_type": 26
  },
  "model": "auth.permission",
  "pk": 77
},
{
  "fields": {
    "codename": "delete_translation",
    "name": "Can delete translation",
    "content_type": 26
  },
  "model": "auth.permission",
  "pk": 78
},
{
  "fields": {
    "codename": "add_tester",
    "name": "Can add tester",
    "content_type": 27
  },
  "model": "auth.permission",
  "pk": 79
},
{
  "fields": {
    "codename": "change_tester",
    "name": "Can change tester",
    "content_type": 27
  },
  "model": "auth.permission",
  "pk": 80
},
{
  "fields": {
    "codename": "delete_tester",
    "name": "Can delete tester",
    "content_type": 27
  },
  "model": "auth.permission",
  "pk": 81
},
{
  "fields": {
    "codename": "add_mainsetting",
    "name": "Can add main setting",
    "content_type": 28
  },
  "model": "auth.permission",
  "pk": 82
},
{
  "fields": {
    "codename": "change_mainsetting",
    "name": "Can change main setting",
    "content_type": 28
  },
  "model": "auth.permission",
  "pk": 83
},
{
  "fields": {
    "codename": "delete_mainsetting",
    "name": "Can delete main setting",
    "content_type": 28
  },
  "model": "auth.permission",
  "pk": 84
},
{
  "fields": {
    "codename": "add_customsetting",
    "name": "Can add custom setting",
    "content_type": 29
  },
  "model": "auth.permission",
  "pk": 85
},
{
  "fields": {
    "codename": "change_customsetting",
    "name": "Can change custom setting",
    "content_type": 29
  },
  "model": "auth.permission",
  "pk": 86
},
{
  "fields": {
    "codename": "delete_customsetting",
    "name": "Can delete custom setting",
    "content_type": 29
  },
  "model": "auth.permission",
  "pk": 87
},
{
  "fields": {
    "codename": "add_state",
    "name": "Can add state",
    "content_type": 30
  },
  "model": "auth.permission",
  "pk": 88
},
{
  "fields": {
    "codename": "change_state",
    "name": "Can change state",
    "content_type": 30
  },
  "model": "auth.permission",
  "pk": 89
},
{
  "fields": {
    "codename": "delete_state",
    "name": "Can delete state",
    "content_type": 30
  },
  "model": "auth.permission",
  "pk": 90
},
{
  "fields": {
    "codename": "add_workorderstatus",
    "name": "Can add work order status",
    "content_type": 31
  },
  "model": "auth.permission",
  "pk": 91
},
{
  "fields": {
    "codename": "change_workorderstatus",
    "name": "Can change work order status",
    "content_type": 31
  },
  "model": "auth.permission",
  "pk": 92
},
{
  "fields": {
    "codename": "delete_workorderstatus",
    "name": "Can delete work order status",
    "content_type": 31
  },
  "model": "auth.permission",
  "pk": 93
},
{
  "fields": {
    "codename": "add_workorder",
    "name": "Can add work order",
    "content_type": 32
  },
  "model": "auth.permission",
  "pk": 94
},
{
  "fields": {
    "codename": "change_workorder",
    "name": "Can change work order",
    "content_type": 32
  },
  "model": "auth.permission",
  "pk": 95
},
{
  "fields": {
    "codename": "delete_workorder",
    "name": "Can delete work order",
    "content_type": 32
  },
  "model": "auth.permission",
  "pk": 96
},
{
  "fields": {
    "name": "BzqQDnREmC",
    "permissions": []
  },
  "model": "auth.group",
  "pk": 1
},
{
  "fields": {
    "name": "region-role",
    "permissions": []
  },
  "model": "auth.group",
  "pk": 2
},
{
  "fields": {
    "msg_stored_link": false,
    "msg_copy_default": false,
    "tabs": "",
    "msg_copy_email": false,
    "create_all": false,
    "allow_approval": false,
    "msg_viewall": false,
    "inv_select_assign": "all",
    "inv_autoapprove": false,
    "dashboad_links": "",
    "proxy_set": false,
    "password_expire_alert": true,
    "password_min_length": 6,
    "group": 1,
    "default_accept_notify": true,
    "password_history_length": null,
    "inv_wo_status": null,
    "proxy_approval_bypass": false,
    "password_char_types": "FJxmSyCJCIbYltnFQovYycZpjaRIMfhcIvAcMFGrLQCCHmxFcAZpkNoLegWoYrQsbadnPQqMkcJFnBISjbxsHIeVpqgtAFrDsCKU",
    "dashboad_text": "",
    "password_expire": null,
    "inv_max_approval_currency": "usd",
    "wo_show_tkt_attach": false,
    "wo_show_inactive": false,
    "deleted": null,
    "msg_address": false,
    "wo_days_backdate": null,
    "inv_max_approval_amount": 0,
    "default_accept_assign": true,
    "location_level": "4e5982cd-4576-4db6-9c2d-67fc7a557dcf",
    "accept_notify": false,
    "role_type": "Internal",
    "inv_close_wo": "Do not display",
    "name": "BzqQDnREmC",
    "created": "2015-08-26T17:14:14.170Z",
    "wo_edit_closeout": false,
    "modules": "",
    "modified": "2015-08-26T17:14:14.170Z",
    "inv_req_attach": true,
    "wo_allow_backdate": false,
    "default_auth_currency": "2fd4ffbf-4d74-4128-b0f5-8bbd96d579d4",
    "default_auth_amount": "0.0000",
    "inv_wait": null,
    "wo_notes": false,
    "accept_assign": false,
    "inv_options": "new"
  },
  "model": "person.role",
  "pk": "4042ceb6-f5af-4e1c-b692-305d59e9d31d"
},
{
  "fields": {
    "msg_stored_link": false,
    "msg_copy_default": false,
    "tabs": "",
    "msg_copy_email": false,
    "create_all": false,
    "allow_approval": false,
    "msg_viewall": false,
    "inv_select_assign": "all",
    "inv_autoapprove": false,
    "dashboad_links": "",
    "proxy_set": false,
    "password_expire_alert": true,
    "password_min_length": 6,
    "group": 2,
    "default_accept_notify": true,
    "password_history_length": null,
    "inv_wo_status": null,
    "proxy_approval_bypass": false,
    "password_char_types": "JzxEyXGALjWNerssQmNKuMppgpUgLOmDQsoXUfXbhxTFyRfcHiujRMlLvBWMgAwdepoyZiRqWAudpiYkZWWKRLdTAWWEhTctDPGF",
    "dashboad_text": "",
    "password_expire": null,
    "inv_max_approval_currency": "usd",
    "wo_show_tkt_attach": false,
    "wo_show_inactive": false,
    "deleted": null,
    "msg_address": false,
    "wo_days_backdate": null,
    "inv_max_approval_amount": 0,
    "default_accept_assign": true,
    "location_level": "a06ad4fa-86cd-4862-b44e-cf0f34ad96db",
    "accept_notify": false,
    "role_type": "Internal",
    "inv_close_wo": "Do not display",
    "name": "region-role",
    "created": "2015-08-26T17:24:08.889Z",
    "wo_edit_closeout": false,
    "modules": "",
    "modified": "2015-08-26T17:24:08.889Z",
    "inv_req_attach": true,
    "wo_allow_backdate": false,
    "default_auth_currency": "2fd4ffbf-4d74-4128-b0f5-8bbd96d579d4",
    "default_auth_amount": "0.0000",
    "inv_wait": null,
    "wo_notes": false,
    "accept_assign": false,
    "inv_options": "new"
  },
  "model": "person.role",
  "pk": "dea54096-81b4-41c3-a402-3155fb4dcbd2"
},
{
  "fields": {
    "status": "57f24bca-9573-486c-b571-ef642896aadd",
    "last_name": "",
    "proxy_start_date": null,
    "next_approver": null,
    "locations": [
      "a2b855a4-1939-4227-b82f-526bcc0dad1d"
    ],
    "is_staff": false,
    "user_permissions": [],
    "proxy_end_date": null,
    "date_joined": "2015-08-26T17:14:14.396Z",
    "middle_initial": null,
    "first_name": "do",
    "employee_id": null,
    "auth_amount": "0.0000",
    "title": null,
    "is_superuser": false,
    "last_login": null,
    "password_expire": null,
    "role": "dea54096-81b4-41c3-a402-3155fb4dcbd2",
    "auth_currency": "2fd4ffbf-4d74-4128-b0f5-8bbd96d579d4",
    "username": "do",
    "deleted": null,
    "password_one_time": null,
    "is_active": true,
    "groups": [
      2
    ],
    "accept_notify": true,
    "password": "YunrbmYXHkyZapVXqaXelNggPoAExULKvBLejVQRSOycegTEzngotgVhfzAmyvTNqFurxVmsaPGzAwRnUNKCORALXgCKPpUWgBBYNhlyOmqiMyOYtNuOcxVRhCSeaGIU",
    "proxy_status": null,
    "proxy_user": null,
    "created": "2015-08-26T17:14:14.399Z",
    "modified": "2015-08-26T17:25:26.768Z",
    "email": "",
    "accept_assign": true,
    "password_change": "PgQsVroqKWTwRMKqZlITOkQcsmIOswqVShtrGscyofWtzRJxBJGtdSjXReStVOYwxybycUUZhIDDjpZiEofGQejtpcLjAfoDLTugRLzWehxmRsUbouGqvzSIRnJTpXywEIcTrUpmqDvqeyymShfOaNjDUtVsMzzRHXSvNPZtIumzgCLiKPcxZTMSVIynTEvoxYBUAHkImcBtPvsjQbFKmdFaZUFJZeWOuGwnLrChTOJWhftiZgWczRktZiErtUbHeWAocBCICcVWIVMtOwbOxXVUBMZzYSOyvwRugjWrpnHZ"
  },
  "model": "person.person",
  "pk": "0c236f46-aed4-4302-9280-faeef6f1d4f6"
},
{
  "fields": {
    "status": "57f24bca-9573-486c-b571-ef642896aadd",
    "last_name": "",
    "proxy_start_date": null,
    "next_approver": null,
    "locations": [
      "a2b855a4-1939-4227-b82f-526bcc0dad1d"
    ],
    "is_staff": false,
    "user_permissions": [],
    "proxy_end_date": null,
    "date_joined": "2015-08-26T17:14:14.453Z",
    "middle_initial": null,
    "first_name": "deserunt",
    "employee_id": null,
    "auth_amount": "0.0000",
    "title": null,
    "is_superuser": false,
    "last_login": null,
    "password_expire": null,
    "role": "dea54096-81b4-41c3-a402-3155fb4dcbd2",
    "auth_currency": "2fd4ffbf-4d74-4128-b0f5-8bbd96d579d4",
    "username": "deserunt",
    "deleted": null,
    "password_one_time": null,
    "is_active": true,
    "groups": [
      2
    ],
    "accept_notify": true,
    "password": "mCegNwCxOmcjKKteBfIpEKdVIOgjXfJrUrydQyDpJQKQmdMNmEfjdFTElmgHoULYNmFvJeGywDFlusEokQZECinrmBqytlIodjMtGwizhTdaIMokVRkYJzJqFtsRnhDM",
    "proxy_status": null,
    "proxy_user": null,
    "created": "2015-08-26T17:14:14.456Z",
    "modified": "2015-08-26T17:25:26.779Z",
    "email": "",
    "accept_assign": true,
    "password_change": "ruTDIHiCmKTADIkTcpevfSHACREAjIrRthmlgIMsQctXEMFggtDVcOMaFYHuiAjdFFNMTOIOyLCMwshcDKUELFBZMDtOJSYZFditWvhgiUjxQjJrySlvTyyMtoIzukZBrHoKrOpgSquNaCZzCmyBnjrRBykxjSpWFOWLwAqRlFRDJCKskgANKkqhsQWciiZRltFQnaOjJpetsiuBLbLYYSDUlsJshRUnHORfSpxhSldZgJLVmWnKcmOfLXKnxiIvpldelRFgzbWtrLbiZUbyisAJxPtsCwGisEijKwfMyGoY"
  },
  "model": "person.person",
  "pk": "1800792e-0d97-4341-8381-a8ad153620bd"
},
{
  "fields": {
    "status": "57f24bca-9573-486c-b571-ef642896aadd",
    "last_name": "",
    "proxy_start_date": null,
    "next_approver": null,
    "locations": [
      "a2b855a4-1939-4227-b82f-526bcc0dad1d"
    ],
    "is_staff": false,
    "user_permissions": [],
    "proxy_end_date": null,
    "date_joined": "2015-08-26T17:14:14.364Z",
    "middle_initial": null,
    "first_name": "ex",
    "employee_id": null,
    "auth_amount": "0.0000",
    "title": null,
    "is_superuser": false,
    "last_login": null,
    "password_expire": null,
    "role": "dea54096-81b4-41c3-a402-3155fb4dcbd2",
    "auth_currency": "2fd4ffbf-4d74-4128-b0f5-8bbd96d579d4",
    "username": "ex",
    "deleted": null,
    "password_one_time": null,
    "is_active": true,
    "groups": [
      2
    ],
    "accept_notify": true,
    "password": "nIrhQkBlGvvJQzPmCZxxnXJOroYJoqXpbCPJIcaQtMcUjIIgGFKRfWuiohkBFKOgbILriSzlRwcmYotIDIBFpdJwqkmTnvxORYYXasLcBfbbhzbsBLoVrqXgdHOATcJQ",
    "proxy_status": null,
    "proxy_user": null,
    "created": "2015-08-26T17:14:14.368Z",
    "modified": "2015-08-26T17:25:26.789Z",
    "email": "",
    "accept_assign": true,
    "password_change": "GfpMYTmroqRXOfZCZRJRHbWjjPzePjkIbDoPkZJNTtuKMRcFgbcrwMsakmfFoGoidYECLaOLdTtzJhMAVHZOAwhmXWNVgRQYJXKMlRGuFHshSZaesIDYdAjfflawXYVKyBEAQQXsesdWbWxgjgkuNplAFzociHUopJZUZFxCAggUekdXLgSUDfDrITifxOmKRXmIbYuZLHVtHptnKGENsXXnWZsfXCfFVLTQzVIqptNLIlSfxAgMGfPYjrvffDCdTbhBczflNiEANLQSUrQyGlBOdBDqwlKLOhHHmzWkvFKa"
  },
  "model": "person.person",
  "pk": "26464108-c97a-43e4-a275-14fc27f50853"
},
{
  "fields": {
    "status": "57f24bca-9573-486c-b571-ef642896aadd",
    "last_name": "",
    "proxy_start_date": null,
    "next_approver": null,
    "locations": [
      "a2b855a4-1939-4227-b82f-526bcc0dad1d"
    ],
    "is_staff": false,
    "user_permissions": [],
    "proxy_end_date": null,
    "date_joined": "2015-08-26T17:14:14.479Z",
    "middle_initial": null,
    "first_name": "consectetur",
    "employee_id": null,
    "auth_amount": "0.0000",
    "title": null,
    "is_superuser": false,
    "last_login": null,
    "password_expire": null,
    "role": "dea54096-81b4-41c3-a402-3155fb4dcbd2",
    "auth_currency": "2fd4ffbf-4d74-4128-b0f5-8bbd96d579d4",
    "username": "consectetur",
    "deleted": null,
    "password_one_time": null,
    "is_active": true,
    "groups": [
      2
    ],
    "accept_notify": true,
    "password": "NvHKvYjXTBrerKXNfCslkthGklFULxKXKAlvQWdMiUZZgOmZINPPJvjPjYyxFkjXOFrYAXbAAYAJsdbcJMSsgvKmNZdifgMfSXYMzQfwbEHqFhSPJwMQyzYEzSNfwIZR",
    "proxy_status": null,
    "proxy_user": null,
    "created": "2015-08-26T17:14:14.482Z",
    "modified": "2015-08-26T17:25:26.801Z",
    "email": "",
    "accept_assign": true,
    "password_change": "oPaiicexpSRthccvtNraExeOlwUXNrVRMcFlJoVeIxRpaQFouTnRoHzOfQPDZfemViAxodxasiomCpTZEqIsZhgXImiXUyHgHqsCgFFVKULQsStwDOgXLYRfGhdLUuqDFsHRnOjgKqbkFGCRMidsIyoVligwdNthVrQmlmfIwlNUOWiDoOuTkepyMaaRGzJjzZKxNcYpUOgraiFwTCOPmouvmFSzPziskFvZnzeUSrIaViKoFvDCoCSPjdPaWBWuXKkFUTnruMNSzVsGfqoXPucHDpOlgPNBZZQxicRZMGUx"
  },
  "model": "person.person",
  "pk": "28b3d544-7952-4d5f-8cf4-d39ac4367d9e"
},
{
  "fields": {
    "status": "57f24bca-9573-486c-b571-ef642896aadd",
    "last_name": "",
    "proxy_start_date": null,
    "next_approver": null,
    "locations": [
      "a2b855a4-1939-4227-b82f-526bcc0dad1d"
    ],
    "is_staff": false,
    "user_permissions": [],
    "proxy_end_date": null,
    "date_joined": "2015-08-26T17:14:14.461Z",
    "middle_initial": null,
    "first_name": "amet,",
    "employee_id": null,
    "auth_amount": "0.0000",
    "title": null,
    "is_superuser": false,
    "last_login": null,
    "password_expire": null,
    "role": "dea54096-81b4-41c3-a402-3155fb4dcbd2",
    "auth_currency": "2fd4ffbf-4d74-4128-b0f5-8bbd96d579d4",
    "username": "amet,",
    "deleted": null,
    "password_one_time": null,
    "is_active": true,
    "groups": [
      2
    ],
    "accept_notify": true,
    "password": "FJxHrXGtWIpmmaVFlFNaJpLDFtGyXZyOFAyrLxdGOscueaDSAxGSUzgEvDGTaUuJcbUVMNrMBlpDiEKBqIurcPfWQoVzhkbjSdlHxsJYRaeOuDpUcLgIZqTbnEMIaWrR",
    "proxy_status": null,
    "proxy_user": null,
    "created": "2015-08-26T17:14:14.464Z",
    "modified": "2015-08-26T17:25:26.810Z",
    "email": "",
    "accept_assign": true,
    "password_change": "EAUPCrNPYNgfodcJKzXojnQlSDxxMuLbXnxJoZikhHjNuVEZHCzsVWMxTCUBvPkiOflzdgnTUJwvKpEobOymqPRQggeurTuazZxUGXOoclHmhwgbKXwiKoFIUlhUaQAIWKDoRcUgQtrebZgEMJUofRfWiTlywXgqimnsGjaHOvFqHFijKIgDUHvMmAHKDkrNPrRgxuGChnJUDGKqPSVGeDtdbGqxbBqjjlFxZRhbReMeEXunhKzkYILCfHFsqYxFIOyvyGFZYVsRXpYPAJbqaxCloklcbMXZeQTIKUFPpDme"
  },
  "model": "person.person",
  "pk": "3378eb52-f159-45af-859b-e9d00fb3fbf3"
},
{
  "fields": {
    "status": "57f24bca-9573-486c-b571-ef642896aadd",
    "last_name": "",
    "proxy_start_date": null,
    "next_approver": null,
    "locations": [
      "a2b855a4-1939-4227-b82f-526bcc0dad1d"
    ],
    "is_staff": false,
    "user_permissions": [],
    "proxy_end_date": null,
    "date_joined": "2015-08-26T17:14:14.355Z",
    "middle_initial": null,
    "first_name": "non",
    "employee_id": null,
    "auth_amount": "0.0000",
    "title": null,
    "is_superuser": false,
    "last_login": null,
    "password_expire": null,
    "role": "dea54096-81b4-41c3-a402-3155fb4dcbd2",
    "auth_currency": "2fd4ffbf-4d74-4128-b0f5-8bbd96d579d4",
    "username": "non",
    "deleted": null,
    "password_one_time": null,
    "is_active": true,
    "groups": [
      2
    ],
    "accept_notify": true,
    "password": "WCJTFSKKwuygqCPZcHUaNkYXHfiFomKvfCpqqJZLYNvoMKtDAfvHPUDQexlgKWCWCTcefNMUgrOgBRJEaSrzqNzqoiiloGgqCVTbFbVDPMTbwYcExZUIAKZstVFemwju",
    "proxy_status": null,
    "proxy_user": null,
    "created": "2015-08-26T17:14:14.359Z",
    "modified": "2015-08-26T17:25:26.818Z",
    "email": "",
    "accept_assign": true,
    "password_change": "sjnIBxSGuBujZjLnFbvCMBpcshlLfEzmRXuVAtunnisUaQHlNVySXPFticmlFwUvWVzULPOpkrAtUKBoTIujZlROIvVgsmSJTEJAAbtSltuHaocnIvqejjUozVEopqzrWNxcOZKYouUOmSsEyPjgyJKaAfjorvUFxYwzoyqGMDZxYYZJWLWuySYCqnZUPsxVeDkpmjjDBqDZGSuPKaLcSAQFkvhUngXhREFjAnUnpOLIcplJOtwIerkjLQmuvlvRTBATnxsjdLaLDBZlfCbZxmdzbOAIvIYOEiwGsVRXrtBH"
  },
  "model": "person.person",
  "pk": "3412e5ca-e5ed-43b1-aed5-d2c5850c5721"
},
{
  "fields": {
    "status": "57f24bca-9573-486c-b571-ef642896aadd",
    "last_name": "",
    "proxy_start_date": null,
    "next_approver": null,
    "locations": [
      "a2b855a4-1939-4227-b82f-526bcc0dad1d"
    ],
    "is_staff": false,
    "user_permissions": [],
    "proxy_end_date": null,
    "date_joined": "2015-08-26T17:14:14.305Z",
    "middle_initial": null,
    "first_name": "sunt",
    "employee_id": null,
    "auth_amount": "0.0000",
    "title": null,
    "is_superuser": false,
    "last_login": null,
    "password_expire": null,
    "role": "dea54096-81b4-41c3-a402-3155fb4dcbd2",
    "auth_currency": "2fd4ffbf-4d74-4128-b0f5-8bbd96d579d4",
    "username": "sunt",
    "deleted": null,
    "password_one_time": null,
    "is_active": true,
    "groups": [
      2
    ],
    "accept_notify": true,
    "password": "pdhjvcGfUwISwhbVTmmXJRoSsaNxJoNrwSJQrkcaAtrHIXmTAipzcktgutUBSgksLSsRGsqEkgxRJQkycINHxjTsQmnGmPXrrkJlYYdgAEhWdEsNilNRBypYqWXhrYTG",
    "proxy_status": null,
    "proxy_user": null,
    "created": "2015-08-26T17:14:14.309Z",
    "modified": "2015-08-26T17:25:26.827Z",
    "email": "",
    "accept_assign": true,
    "password_change": "ncLYtPxrFKpQVQaOkevrKaJfUxdBEhLmrigXbMsWFiJFTHblhycVCLZIhqRsQnurbqOCKOvcvGcUTIzpjTsCFbjVyEDXNGqEbxZpRaeiOssjqBglREmFJSFXHAYevECcBIbmgqyxGBcoebGZIsdazVkZkpRWwqSLTZAOxUPmFhDJEwLZWRGESwObIPzthkmKDcluReaSYucLjuyUVMQykqWhrbOhlChnBesKomHNdWEGsixfVjMkWDFlpHDQOkrWbeeDtTejBDROrtQvemrFdxnojLyuaQgFbqTSjySooZZY"
  },
  "model": "person.person",
  "pk": "38b35f63-103d-4e65-bac7-b85c2cc036aa"
},
{
  "fields": {
    "status": "57f24bca-9573-486c-b571-ef642896aadd",
    "last_name": "",
    "proxy_start_date": null,
    "next_approver": null,
    "locations": [
      "a2b855a4-1939-4227-b82f-526bcc0dad1d"
    ],
    "is_staff": false,
    "user_permissions": [],
    "proxy_end_date": null,
    "date_joined": "2015-08-26T17:14:14.470Z",
    "middle_initial": null,
    "first_name": "anim",
    "employee_id": null,
    "auth_amount": "0.0000",
    "title": null,
    "is_superuser": false,
    "last_login": null,
    "password_expire": null,
    "role": "dea54096-81b4-41c3-a402-3155fb4dcbd2",
    "auth_currency": "2fd4ffbf-4d74-4128-b0f5-8bbd96d579d4",
    "username": "anim",
    "deleted": null,
    "password_one_time": null,
    "is_active": true,
    "groups": [
      2
    ],
    "accept_notify": true,
    "password": "gIedRxAzPuftJkZOggAQgcVQQrIBEHnDQDJqQlZZPGwyYCBQOgjFJYtFifZIpSXiSjuVVunxNLnyKQdDfOjBQvOvAtSPNfvcrMFjpbXpRpxGeHkzaRyVZESOSOEcvPsI",
    "proxy_status": null,
    "proxy_user": null,
    "created": "2015-08-26T17:14:14.474Z",
    "modified": "2015-08-26T17:25:26.835Z",
    "email": "",
    "accept_assign": true,
    "password_change": "jhiKHwLplLojXFDfQgChDQyKnhLpyQAKRSiXzFdGRfKKIEZiaPxevRCCssOstjSZyDqPRLnXawsWOHeirPNuhMpTBMlsuRXbONtxThytJpBORCeUFevMpyzzpYgIYfvsGqBsmpOMFFjfYDjrrFvjoVsrGzdILSCDUTtDSrEMivXqYNfNkXVBMCyWesVZxSxgRKWWpnyaSzIIBGPXSQyOLNGlcDyiIAxFUiQNGDybGefCWNfaVjJySvBDrjXpTCeECIpmqGREWhGsukFewIwawEjOkjpVTueYQeArEsAoYjrJ"
  },
  "model": "person.person",
  "pk": "448fde68-fb00-4274-ab81-11dc69e08ec7"
},
{
  "fields": {
    "status": "57f24bca-9573-486c-b571-ef642896aadd",
    "last_name": "",
    "proxy_start_date": null,
    "next_approver": null,
    "locations": [
      "a2b855a4-1939-4227-b82f-526bcc0dad1d"
    ],
    "is_staff": false,
    "user_permissions": [],
    "proxy_end_date": null,
    "date_joined": "2015-08-26T17:14:14.438Z",
    "middle_initial": null,
    "first_name": "sed",
    "employee_id": null,
    "auth_amount": "0.0000",
    "title": null,
    "is_superuser": false,
    "last_login": null,
    "password_expire": null,
    "role": "dea54096-81b4-41c3-a402-3155fb4dcbd2",
    "auth_currency": "2fd4ffbf-4d74-4128-b0f5-8bbd96d579d4",
    "username": "sed",
    "deleted": null,
    "password_one_time": null,
    "is_active": true,
    "groups": [
      2
    ],
    "accept_notify": true,
    "password": "PsTWyAjOBfvClUAiqwTkKjyDJsjfLjKFoMYVyJtPClWTOMGjnVprqSumKGCKZGccEeAybLfPjXGVvVwmJkaGgswBiGdfnXXTEmuxjOWInNnOFzqrnaVHPZJvJnwKtiHk",
    "proxy_status": null,
    "proxy_user": null,
    "created": "2015-08-26T17:14:14.442Z",
    "modified": "2015-08-26T17:25:26.844Z",
    "email": "",
    "accept_assign": true,
    "password_change": "xdqSoqrDyQRRukHZDCeeFTUpwpRSboeXtslRUAuQBoUrTfazKgmPeqTwRADPEBbtEbCzYgEmBsSVYPEdPnyLtVFlMjNnKhWQrGHVdvUQCqeQGLSMQOmcltwBEtbYaQZSlyrexIxFRetHMXfcYtqJTCLXBNQLkYlIYsWPlTQKsQyOfWKrEbLCfzeelGPfImSuWWySyPSiJOzoAupkAmuQyjIbcNcVFWfKohnPSyWOdsiFUJenqqNjiMHyiHjlDZSeVHLOsVzWJJBDQRNxxWnVuPcywZEVYjqbIXsUTZhIiQAy"
  },
  "model": "person.person",
  "pk": "48a5d27f-2003-4544-84d2-53aaaf977151"
},
{
  "fields": {
    "status": "57f24bca-9573-486c-b571-ef642896aadd",
    "last_name": "",
    "proxy_start_date": null,
    "next_approver": null,
    "locations": [
      "a2b855a4-1939-4227-b82f-526bcc0dad1d"
    ],
    "is_staff": false,
    "user_permissions": [],
    "proxy_end_date": null,
    "date_joined": "2015-08-26T17:14:14.337Z",
    "middle_initial": null,
    "first_name": "velit",
    "employee_id": null,
    "auth_amount": "0.0000",
    "title": null,
    "is_superuser": false,
    "last_login": null,
    "password_expire": null,
    "role": "dea54096-81b4-41c3-a402-3155fb4dcbd2",
    "auth_currency": "2fd4ffbf-4d74-4128-b0f5-8bbd96d579d4",
    "username": "velit",
    "deleted": null,
    "password_one_time": null,
    "is_active": true,
    "groups": [
      2
    ],
    "accept_notify": true,
    "password": "gkRVMEcBxWrNCEEAlfyLlFlQRIpliikhhUMiIHkOTvPUHYlvEaIPPFCJrZumdsoRBPoWuDixjMvHzdLCrOahjxmVHVkRbpIHQVTZdkePqhQtCAPaEMDAiWHEGvJjoCUe",
    "proxy_status": null,
    "proxy_user": null,
    "created": "2015-08-26T17:14:14.341Z",
    "modified": "2015-08-26T17:25:26.852Z",
    "email": "",
    "accept_assign": true,
    "password_change": "SMZJETDjRIsGwhfVvmJduJjkgNlADxtOdWrkdNogoIgLnrOGPkHVTaIBHZoFQSXZxpCfInjYOMdRWTIdITtJfwyxEAVqRDcEIHreYzBzJLxjOMUTlmLpcTroXSJUmWnxkTWlQIUqjkeqDbEVAelBVcUxFKGbDnzOaGZxyBHLNACysNGRtBtTwTCWTVkDUbLqKSTKYbLzpfNHhqhdXzjYfdsEXyXNseSVHZaqNEFkMjwdvpltedEEspHXXYNcAairrwQYctPMxIjCSvEIAnRqEwRpYXuFVAbDUQsMaBDGNhtA"
  },
  "model": "person.person",
  "pk": "58dd8380-1904-4d8b-90df-92249b5a0550"
},
{
  "fields": {
    "status": "57f24bca-9573-486c-b571-ef642896aadd",
    "last_name": "",
    "proxy_start_date": null,
    "next_approver": null,
    "locations": [],
    "is_staff": false,
    "user_permissions": [],
    "proxy_end_date": null,
    "date_joined": "2015-08-26T17:14:14.314Z",
    "middle_initial": null,
    "first_name": "incididunt",
    "employee_id": null,
    "auth_amount": "0.0000",
    "title": null,
    "is_superuser": false,
    "last_login": null,
    "password_expire": null,
    "role": "4042ceb6-f5af-4e1c-b692-305d59e9d31d",
    "auth_currency": "2fd4ffbf-4d74-4128-b0f5-8bbd96d579d4",
    "username": "incididunt",
    "deleted": null,
    "password_one_time": null,
    "is_active": true,
    "groups": [
      1
    ],
    "accept_notify": true,
    "password": "xVXXEmkiwaNSuJyGErCXEGkxqLHKPTDOrDuAQmvYcomXlWfeJJmPBgFsZmFQXzsCPYliWwYfWhPVeexYPJVYJFunOrbRhVAFGRMuTUuFAknElbIwfbMSRnMfQHJsFltM",
    "proxy_status": null,
    "proxy_user": null,
    "created": "2015-08-26T17:14:14.317Z",
    "modified": "2015-08-26T17:14:14.317Z",
    "email": "",
    "accept_assign": true,
    "password_change": "DQGcadFzDQzcdDaBFWzoTiQVTYRejpJlMnSvOoiFJUrjmIDuowWZnRIvfeUWxlDACFsKPLsiwAIfKagRaHsGbbEiNVClQRToVwgGgIFKKkgLWuvVdLJKDmhgorBRZufzJMfMxNLMzaslXrvtgopKdCvgeTIDaOJHpqEtxUmJovdUJAXNoFPvSGFISnGhNNnqLZAsmesfffaFHFxCLWKAuFVfgzFobzwJEmsLeBupkXpOusMyYdUNTWXvTZJmltkGKxzQsTPHskUcsWkBaHqrHsGMLpzdySDadwkzSVRqCMfp"
  },
  "model": "person.person",
  "pk": "61e263c1-4bc0-4140-85e8-0f108c10b436"
},
{
  "fields": {
    "status": "57f24bca-9573-486c-b571-ef642896aadd",
    "last_name": "",
    "proxy_start_date": null,
    "next_approver": null,
    "locations": [],
    "is_staff": false,
    "user_permissions": [],
    "proxy_end_date": null,
    "date_joined": "2015-08-26T17:14:14.504Z",
    "middle_initial": null,
    "first_name": "dolore",
    "employee_id": null,
    "auth_amount": "0.0000",
    "title": null,
    "is_superuser": false,
    "last_login": null,
    "password_expire": null,
    "role": "4042ceb6-f5af-4e1c-b692-305d59e9d31d",
    "auth_currency": "2fd4ffbf-4d74-4128-b0f5-8bbd96d579d4",
    "username": "dolore",
    "deleted": null,
    "password_one_time": null,
    "is_active": true,
    "groups": [
      1
    ],
    "accept_notify": true,
    "password": "PMjWcLMwTaNmHRzNfQkuBNTzYtrDlrdqYlQIrQvotjwCbxVMsOdlDAzGhNqTxSGAnlxXTEHMRSbXgTpZcPrSSRNZxeKjiFzkNdfgjIpizVXBYUmPhdxzNyEGiTmmtOBj",
    "proxy_status": null,
    "proxy_user": null,
    "created": "2015-08-26T17:14:14.507Z",
    "modified": "2015-08-26T17:14:14.507Z",
    "email": "",
    "accept_assign": true,
    "password_change": "BEjJJHqiaHZgQSApiqPxoLZzBSjrAqtHMReJStWzFpZMcshfPMptfGUUyUSmzoRdzKDDJCKFeoFsQmnQpqggpxzxHlYAPXKpHMrAgDKyjlDqRQkzaxDRBsNCAKGBPXyYDvumxogCfeQRpbksjhVbrfCHRohsRyPLrgdHZkuzmEeVfOOybttVmJmeFaUBhXBpknIBmFkAZwgKvPIoctwKGwkICOQwbINqxxhBFELQUivhRnuQUwbqKFvnnwZvpgWtJycJBWTfEZQUBlQhNCOMADJVsGRxGNXlnUKaOrVBJjQk"
  },
  "model": "person.person",
  "pk": "771b1aa1-a5c0-406f-b987-af37dbcbf872"
},
{
  "fields": {
    "status": "57f24bca-9573-486c-b571-ef642896aadd",
    "last_name": "",
    "proxy_start_date": null,
    "next_approver": null,
    "locations": [],
    "is_staff": false,
    "user_permissions": [],
    "proxy_end_date": null,
    "date_joined": "2015-08-26T17:14:14.421Z",
    "middle_initial": null,
    "first_name": "adipisicing",
    "employee_id": null,
    "auth_amount": "0.0000",
    "title": null,
    "is_superuser": false,
    "last_login": null,
    "password_expire": null,
    "role": "4042ceb6-f5af-4e1c-b692-305d59e9d31d",
    "auth_currency": "2fd4ffbf-4d74-4128-b0f5-8bbd96d579d4",
    "username": "adipisicing",
    "deleted": null,
    "password_one_time": null,
    "is_active": true,
    "groups": [
      1
    ],
    "accept_notify": true,
    "password": "YlerwZjEcSkKFSNKaQPMSGnAqlQSOjtEUUJPxwVlgXfoEDuvoyQEIabjuANzNwehuuoofwycltlUjNahGxJedlTZnMTKWXJeyJJWBEXDFSSlDzcIQpYCJpuhHBSGDijb",
    "proxy_status": null,
    "proxy_user": null,
    "created": "2015-08-26T17:14:14.425Z",
    "modified": "2015-08-26T17:14:14.425Z",
    "email": "",
    "accept_assign": true,
    "password_change": "jfhhXbumhUGROelrUBpzvzjxWpIPferwNFRBckygpxEAcjYnucRqBVMQAePoNXnCarACVOACjcUlpikWQOtLafWKrzxyKCyYPENNUeqEREKWgjGdnjVIslzDtpCYSoWhgRPIHLJAUEXTZNEnYVRxaqhBjUsmGYnTFdbbicVmKGkAPVLCpRoXdbvKWzuWsYAfOmLscxArtSnXhPUJIFKGLihietwXRlKgtsFmUVVLRnnnBZTgLArJIbAJYgvTgEiXPvfMFXJVBcATxpDoRLlhAhkzPLmNTlSxOPBRxLrQOzQc"
  },
  "model": "person.person",
  "pk": "7774ed51-00ef-4868-bb19-9ffd7cba6abc"
},
{
  "fields": {
    "status": "57f24bca-9573-486c-b571-ef642896aadd",
    "last_name": "",
    "proxy_start_date": null,
    "next_approver": null,
    "locations": [],
    "is_staff": false,
    "user_permissions": [],
    "proxy_end_date": null,
    "date_joined": "2015-08-26T17:14:14.388Z",
    "middle_initial": null,
    "first_name": "nisi",
    "employee_id": null,
    "auth_amount": "0.0000",
    "title": null,
    "is_superuser": false,
    "last_login": null,
    "password_expire": null,
    "role": "4042ceb6-f5af-4e1c-b692-305d59e9d31d",
    "auth_currency": "2fd4ffbf-4d74-4128-b0f5-8bbd96d579d4",
    "username": "nisi",
    "deleted": null,
    "password_one_time": null,
    "is_active": true,
    "groups": [
      1
    ],
    "accept_notify": true,
    "password": "BGrkDuGTogAfktBskAuhMoTxtuAPIgvxyXKRzvTxDgbuPHsvpNICosfDerGIAdiiNETuUHLFGOpkpLktvHOthGcmscczOpcLHDfNpotGlKewUlILMINNCoQeOQXyNORT",
    "proxy_status": null,
    "proxy_user": null,
    "created": "2015-08-26T17:14:14.391Z",
    "modified": "2015-08-26T17:14:14.391Z",
    "email": "",
    "accept_assign": true,
    "password_change": "JDRqTVmUdoXhfqNOdWhtckkEIxpADLmscmvBQZKZucKdMEFJzsCRlpOlIGwrkzAgkJcwenqTAOUWwyqHGPPWXXYNmreQtwmbLspzdNPiDiVLrRtKvVNQDLIoVMkkLOOqjkLIlHSLXRnJGEJoFmuyZQaAmcaFBcQOGGYIWuLecgOCoTrfaCGcdkbYgCmnoOyxiDAzMwxKvBggiuFodxAwZddjesIMZUUvGrtgqRtBzDwcOzToigWobXderqIFdvWoOxtwyTkkiAulpGdpCCMGvyWwazRmMecmJODkoiTMhISk"
  },
  "model": "person.person",
  "pk": "791ef0b0-eeb3-4fc7-abad-197b68346ae4"
},
{
  "fields": {
    "status": "57f24bca-9573-486c-b571-ef642896aadd",
    "last_name": "",
    "proxy_start_date": null,
    "next_approver": null,
    "locations": [],
    "is_staff": false,
    "user_permissions": [],
    "proxy_end_date": null,
    "date_joined": "2015-08-26T17:14:14.413Z",
    "middle_initial": null,
    "first_name": "enim",
    "employee_id": null,
    "auth_amount": "0.0000",
    "title": null,
    "is_superuser": false,
    "last_login": null,
    "password_expire": null,
    "role": "4042ceb6-f5af-4e1c-b692-305d59e9d31d",
    "auth_currency": "2fd4ffbf-4d74-4128-b0f5-8bbd96d579d4",
    "username": "enim",
    "deleted": null,
    "password_one_time": null,
    "is_active": true,
    "groups": [
      1
    ],
    "accept_notify": true,
    "password": "ncvmXSntaWmemwnWbsskUdTJicbcgDuLDAlKMxRCVBNsfkorZffKnIgYmNlNXIAYwGrEeYebFQqCFqsfqbVSzwNsDBfJucreHzVBKjUlogObeXyWeUPlLzHTRlArQsGL",
    "proxy_status": null,
    "proxy_user": null,
    "created": "2015-08-26T17:14:14.416Z",
    "modified": "2015-08-26T17:14:14.416Z",
    "email": "",
    "accept_assign": true,
    "password_change": "GjKMTPTuqSlNorSPFpvBnTqfHZOgsHwVdGvJzDAEUbeNKhSsuhznbnwTjYcsaGBQNiHYOcdaclAmValtEpRJPxrXVBaXyRauvsvoOQHzqGZAzLcBpViGAICjbXPVndQYmwIuUoBnlDOnWzdpQpbVbaUCoIvDQYJeACKIFLDTjQNnTRKHbziUpUWNcRVgctHQioMPwsjhOJJQjoyFTaomVkWRJOtggIQxMctoGhGymuMSKUFtiwvkeaXasROaYMcJdPUEyRJIxWxTYlprEFcICHDxmXdqSdnUWPbizPOcsCHx"
  },
  "model": "person.person",
  "pk": "7e863771-199d-4794-b8ba-662267c7450a"
},
{
  "fields": {
    "status": "57f24bca-9573-486c-b571-ef642896aadd",
    "last_name": "",
    "proxy_start_date": null,
    "next_approver": null,
    "locations": [],
    "is_staff": false,
    "user_permissions": [],
    "proxy_end_date": null,
    "date_joined": "2015-08-26T17:14:14.373Z",
    "middle_initial": null,
    "first_name": "eu",
    "employee_id": null,
    "auth_amount": "0.0000",
    "title": null,
    "is_superuser": false,
    "last_login": null,
    "password_expire": null,
    "role": "4042ceb6-f5af-4e1c-b692-305d59e9d31d",
    "auth_currency": "2fd4ffbf-4d74-4128-b0f5-8bbd96d579d4",
    "username": "eu",
    "deleted": null,
    "password_one_time": null,
    "is_active": true,
    "groups": [
      1
    ],
    "accept_notify": true,
    "password": "zFsacrMBMLkHaHqraSWAOKlqMSZcvdmMWmklLtAcUOVAhdKRrKjtrNoJxKTtKmcxGfOFOPQtoFYZPfgELRrhndnEVgyYRjCUbXwMldSAgnUrHZfzRVsuEahWsXMHtkkq",
    "proxy_status": null,
    "proxy_user": null,
    "created": "2015-08-26T17:14:14.377Z",
    "modified": "2015-08-26T17:14:14.377Z",
    "email": "",
    "accept_assign": true,
    "password_change": "chkkVnIBxTUMTIZyijqxgEelcgCvPDmqZzEjxkxxpVnciLwgsLpmqSTMjBYqKkQihlvaFpvrMKSSiVwTwXykLHXMZBJouKJHpdFCkmzoVMPQcDPLQSfVUJftFEPpwNOAEFkVAktHgzHdftfVVmArTbizeixEqcLyxgKWZYJeOyGhXIEWwfiRnhAmgPQaSDXjyZJEaJQZeFpBalZjGPHyYaVwgGSmMLRTtFoRsRDiafzBDqlUvmqWsnAWpGrWoWQcwRYDJjGHyPaWCcpkxODVWMvQwClChMXVNFCymLCcQWpw"
  },
  "model": "person.person",
  "pk": "82d6febe-c11d-4ce1-a00c-c8a93dd571ad"
},
{
  "fields": {
    "status": "57f24bca-9573-486c-b571-ef642896aadd",
    "last_name": "",
    "proxy_start_date": null,
    "next_approver": null,
    "locations": [],
    "is_staff": false,
    "user_permissions": [],
    "proxy_end_date": null,
    "date_joined": "2015-08-26T17:14:14.295Z",
    "middle_initial": null,
    "first_name": "cillum",
    "employee_id": null,
    "auth_amount": "0.0000",
    "title": null,
    "is_superuser": false,
    "last_login": null,
    "password_expire": null,
    "role": "4042ceb6-f5af-4e1c-b692-305d59e9d31d",
    "auth_currency": "2fd4ffbf-4d74-4128-b0f5-8bbd96d579d4",
    "username": "cillum",
    "deleted": null,
    "password_one_time": null,
    "is_active": true,
    "groups": [
      1
    ],
    "accept_notify": true,
    "password": "xhXRWNAvwWonjYKbiMogfYhyVeDGTgjPyfkYhYtKBIwoCWxjIBEtxbyOQANXcMuWDFVNqlCwJvbzDzPOQpRRYgVjYjmRUJKcjGnNiGOsnviuKSLIVRVabcejVAmPntRf",
    "proxy_status": null,
    "proxy_user": null,
    "created": "2015-08-26T17:14:14.300Z",
    "modified": "2015-08-26T17:14:14.300Z",
    "email": "",
    "accept_assign": true,
    "password_change": "lmfQxlAuhbirKjZlyaOAbXTIzTWkBuECntvumfPOakdcHLXiNdxVBwCouzjhCcZEtOWFbwVeSZlojytGotWLWdIJwKFXoROnNKuqmYRGkbhNnanuPuxyGtJkFEAHvROzUvxLnxbsXxuYAZTgMEkxSEYssrDaqrPiMstyIOGPrAmSdKBEsyAkSvkeobRrQmEIuqBEYJcrAWitqKMpKPvuqTSBpxkDxtsDnYdSAAjkuqILVxlDJsxGLgsxqolTFWAyISQzZTjkaSVrnYXTBnDAWzohdpkkAfUfInnTunMMyrWe"
  },
  "model": "person.person",
  "pk": "9d4cb904-e61b-44e6-b953-7f7f8257533e"
},
{
  "fields": {
    "status": "57f24bca-9573-486c-b571-ef642896aadd",
    "last_name": "",
    "proxy_start_date": null,
    "next_approver": null,
    "locations": [],
    "is_staff": false,
    "user_permissions": [],
    "proxy_end_date": null,
    "date_joined": "2015-08-26T17:14:14.286Z",
    "middle_initial": null,
    "first_name": "in",
    "employee_id": null,
    "auth_amount": "0.0000",
    "title": null,
    "is_superuser": false,
    "last_login": null,
    "password_expire": null,
    "role": "4042ceb6-f5af-4e1c-b692-305d59e9d31d",
    "auth_currency": "2fd4ffbf-4d74-4128-b0f5-8bbd96d579d4",
    "username": "in",
    "deleted": null,
    "password_one_time": null,
    "is_active": true,
    "groups": [
      1
    ],
    "accept_notify": true,
    "password": "xEAnnZelKRkYKaNxvdBWqSVPJxbzvfYwnXmYrhNHsDmZCjyHxNmHsqJtRMFfBtOjgTilfoieUmOhnshnIZvigWCKVmhjWvidGvtDRfRIsIAAdqKFNfwIkZCfHVTqnmoH",
    "proxy_status": null,
    "proxy_user": null,
    "created": "2015-08-26T17:14:14.290Z",
    "modified": "2015-08-26T17:14:14.290Z",
    "email": "",
    "accept_assign": true,
    "password_change": "XoFIwmzIHGCOMyXablzqRmIlVdETtUQCAqIeDflIYMoQIYUvkguTpbqppUWuEjOGlsRkHFIaHNFBizLpiFXlXXhDSWXtYFsNeAQkHUUnsHmeOuCbsYPKYlHNUriOfpKvGkJCwcaSiFsEAuxpkBuSdBYDMlNjDRPIoFCVmCytGcxsimkSMhzcdlbxCosdNMOqCnTgDrRycvNFfyALQQUXYUZBhNIUFWbemvrVwTNyqAFpQrvMWQbtNMvjaKAQxiANyRNzbKxPSNFcQROYbHIIihjkfwXoVCFjsMrLidKYAjmG"
  },
  "model": "person.person",
  "pk": "bb0b7d45-dee2-48bc-a398-42c0369ece9a"
},
{
  "fields": {
    "status": "57f24bca-9573-486c-b571-ef642896aadd",
    "last_name": "",
    "proxy_start_date": null,
    "next_approver": null,
    "locations": [],
    "is_staff": false,
    "user_permissions": [],
    "proxy_end_date": null,
    "date_joined": "2015-08-26T17:14:14.174Z",
    "middle_initial": null,
    "first_name": "",
    "employee_id": null,
    "auth_amount": "0.0000",
    "title": null,
    "is_superuser": false,
    "last_login": null,
    "password_expire": null,
    "role": "4042ceb6-f5af-4e1c-b692-305d59e9d31d",
    "auth_currency": "2fd4ffbf-4d74-4128-b0f5-8bbd96d579d4",
    "username": "aaron",
    "deleted": null,
    "password_one_time": null,
    "is_active": true,
    "groups": [
      1
    ],
    "accept_notify": true,
    "password": "pbkdf2_sha256$20000$m2SvDTkIiCAe$vSzYdUt0eif5tcEP1N23Hl/oHPtqToprIefS+OZoWL8=",
    "proxy_status": null,
    "proxy_user": null,
    "created": "2015-08-26T17:14:14.182Z",
    "modified": "2015-08-26T17:14:14.276Z",
    "email": "",
    "accept_assign": true,
    "password_change": "NYVdqjluyELTnwTWSxSHBHtWdzOzAfFvjNYZvtcixpvmcnkKizYjbLATqxIUGMYwnkJFgxAuiCFPjRfymRUIAJNQBbiFrmuXLykUJrusAPnUyMXmLZXpJLZxFYtqQBefPDjBOZDAdXjgIBnjjOAPFXUYAWEbCDxeIQBKpBiVyBxkzSEIvhjkvHkLXDGssuFZzglWtLdcAoPuPgiLdhRAjQwHzNmlYQuyUYioORgbHNSBPLRshkQzojgzhIzXijiLUHvsYpezTqHLjcfqEBOLztpQtdWXavhhAHQbqgQWIiCg"
  },
  "model": "person.person",
  "pk": "c84d7521-43a3-4ce1-92ae-e5a40302046f"
},
{
  "fields": {
    "status": "57f24bca-9573-486c-b571-ef642896aadd",
    "last_name": "",
    "proxy_start_date": null,
    "next_approver": null,
    "locations": [],
    "is_staff": false,
    "user_permissions": [],
    "proxy_end_date": null,
    "date_joined": "2015-08-26T17:14:14.323Z",
    "middle_initial": null,
    "first_name": "et",
    "employee_id": null,
    "auth_amount": "0.0000",
    "title": null,
    "is_superuser": false,
    "last_login": null,
    "password_expire": null,
    "role": "4042ceb6-f5af-4e1c-b692-305d59e9d31d",
    "auth_currency": "2fd4ffbf-4d74-4128-b0f5-8bbd96d579d4",
    "username": "et",
    "deleted": null,
    "password_one_time": null,
    "is_active": true,
    "groups": [
      1
    ],
    "accept_notify": true,
    "password": "oHnbGfCBdjaTvKNbPhQLlFkAVxUtfZTXEqLoadnRNUWvIXwMWwCDYnhlCdAvjloMuGcgdiiwuvrcYsGBeiVakWcsxEhwXgLTXQfvYrqTLuovEBrgCcMkXETKTqeAbogf",
    "proxy_status": null,
    "proxy_user": null,
    "created": "2015-08-26T17:14:14.326Z",
    "modified": "2015-08-26T17:14:14.326Z",
    "email": "",
    "accept_assign": true,
    "password_change": "pXgYscOLsaokqqDLqmnYeMWtOfZcxibNhfQOZmtEcUkhiBdGSsTzscTUPhZKwaKFclGrSGaEswOyeCkxBveAhPrwesPEVYxszDmPaIZiMCrwqGRaVgeetCOHjWOjEFOFBVpEFeAyeLfegfJlYJQmCSbRazLfPbMjbmPiiinasaqrHiHKhnCxvnoTNiKTGggJjcXCyQpWsbVCyolsdFiVBYsAiOYkhdMmLmQtZZnxyojUIauFHKyCMdBhZtTSIuCQlvVXIVxvrlZFFQUYuRuHhTPLwkntUFauSrCcpiAwIRhB"
  },
  "model": "person.person",
  "pk": "e1edc672-4980-4bc6-a224-eafc2a08c409"
},
{
  "fields": {
    "status": "57f24bca-9573-486c-b571-ef642896aadd",
    "last_name": "",
    "proxy_start_date": null,
    "next_approver": null,
    "locations": [],
    "is_staff": false,
    "user_permissions": [],
    "proxy_end_date": null,
    "date_joined": "2015-08-26T17:14:14.429Z",
    "middle_initial": null,
    "first_name": "id",
    "employee_id": null,
    "auth_amount": "0.0000",
    "title": null,
    "is_superuser": false,
    "last_login": null,
    "password_expire": null,
    "role": "4042ceb6-f5af-4e1c-b692-305d59e9d31d",
    "auth_currency": "2fd4ffbf-4d74-4128-b0f5-8bbd96d579d4",
    "username": "id",
    "deleted": null,
    "password_one_time": null,
    "is_active": true,
    "groups": [
      1
    ],
    "accept_notify": true,
    "password": "MblBAAnsGBkDtJtBdesKUBVFNxUapkNXHxueLWDrkhrmivjZBKMdnhIUmAHPNPMQbrxKDwonbgQMRcAmursKfmbBWLlZhKXuIarMXXXCsvJVksirUgXBUWzOzArSgFsv",
    "proxy_status": null,
    "proxy_user": null,
    "created": "2015-08-26T17:14:14.433Z",
    "modified": "2015-08-26T17:14:14.433Z",
    "email": "",
    "accept_assign": true,
    "password_change": "wkGRIzLhgNvSvczornIsZdLacCLcaVvEaREQMZSkzWoZKLWuvoruphGOCGBnZHdPkzsfmNjmfjOTyxoOhkhWyvGHFWiMvRJZqpALlCuFTJShMxzpTNvoRKWWcYiMKsqbtKUPyNKqVpIasODeebFwzTgAoTMjcUKLAbvxMqszeFsTgmBegnPzSYkZByjvMLAsfFrIWyUxOyURIwVHDIDLIFkeQpSNHRVxjTkKnMonIaXlYksRjUlSqEwhDLyrwEptnaqITltCwYAWCbasllBBljvKuUdAyJeiKrlPsQjWgEXT"
  },
  "model": "person.person",
  "pk": "e557a532-1ac2-4827-a427-65a595730dc1"
},
{
  "fields": {
    "status": "57f24bca-9573-486c-b571-ef642896aadd",
    "last_name": "",
    "proxy_start_date": null,
    "next_approver": null,
    "locations": [],
    "is_staff": false,
    "user_permissions": [],
    "proxy_end_date": null,
    "date_joined": "2015-08-26T17:14:14.404Z",
    "middle_initial": null,
    "first_name": "laborum.",
    "employee_id": null,
    "auth_amount": "0.0000",
    "title": null,
    "is_superuser": false,
    "last_login": null,
    "password_expire": null,
    "role": "4042ceb6-f5af-4e1c-b692-305d59e9d31d",
    "auth_currency": "2fd4ffbf-4d74-4128-b0f5-8bbd96d579d4",
    "username": "laborum.",
    "deleted": null,
    "password_one_time": null,
    "is_active": true,
    "groups": [
      1
    ],
    "accept_notify": true,
    "password": "IKjyVrAoJLXXzmqJjRhQaBZAzjRQHDzhxpBZCzdhiLxmfBgfBxcvmFVRVzDtidXGHMjTKPTJuQkmJtVaHbhjpunFqRzeEjWFhUVAAqQttssWVvwznRIWsxqgnNsGiZbU",
    "proxy_status": null,
    "proxy_user": null,
    "created": "2015-08-26T17:14:14.408Z",
    "modified": "2015-08-26T17:14:14.408Z",
    "email": "",
    "accept_assign": true,
    "password_change": "pZqvbMtrQWWZyhuWVSyGYwGSAkhxCzvtjtKusRwQhtOhoYNepLHWRspURrCfPeKuQbYjFEgVXWPbEVRmizDWaoTihPVanlQDWLNqdrYwGCZNIzFNbhRWPQwwGlJtxhjZHdcCRxEjSxUYqlAsqgoWCjSBfhlBxasVsZTYLmtgvLEikASAMiRQjbcyXxnLifAnrqzscOXQwTBniEuTezhTiTYwgqgnWrynDeiOBHUbOoijOEIdDvKMLzfofFSqswwXVLZWNGTvvZZVjRfXMCtFqjVllYtLPZyExqXSzPugtQJx"
  },
  "model": "person.person",
  "pk": "e680f0e2-d3f4-47cf-9d60-0ef01eed3595"
},
{
  "fields": {
    "status": "57f24bca-9573-486c-b571-ef642896aadd",
    "last_name": "",
    "proxy_start_date": null,
    "next_approver": null,
    "locations": [],
    "is_staff": false,
    "user_permissions": [],
    "proxy_end_date": null,
    "date_joined": "2015-08-26T17:14:14.346Z",
    "middle_initial": null,
    "first_name": "Excepteur",
    "employee_id": null,
    "auth_amount": "0.0000",
    "title": null,
    "is_superuser": false,
    "last_login": null,
    "password_expire": null,
    "role": "4042ceb6-f5af-4e1c-b692-305d59e9d31d",
    "auth_currency": "2fd4ffbf-4d74-4128-b0f5-8bbd96d579d4",
    "username": "Excepteur",
    "deleted": null,
    "password_one_time": null,
    "is_active": true,
    "groups": [
      1
    ],
    "accept_notify": true,
    "password": "vIweCnRkPaDNSBbFeDZoyYfvKVxYXsPCSLKxPXIqOiFCIuAByFOwNVaosatLbTbBAhdUOLWxpVmUPhtufNKhzXXjGhFmZUDSQtPZbxXqaVAwCLLsZNkDTjGXGlqxtQzz",
    "proxy_status": null,
    "proxy_user": null,
    "created": "2015-08-26T17:14:14.350Z",
    "modified": "2015-08-26T17:14:14.350Z",
    "email": "",
    "accept_assign": true,
    "password_change": "OfxjQbnRByPgGAKMkapnAWILtjUANRtFRvFkheNocECXkTpURETDFRFAIjcUbSoOHfWnFQBVZTwIOvlnwcKADiSqtXGKwFklYcqJaZvdyroqDEEHWlvFVuCKBljRivkLjzSnUFgSyqFrzWBqrlPbnPkdqcaEmvfDRovxeosHNzHuIfkeYCHCdeizlOUaxUokcQyeIjXTDzGwJnICbMpXxFYTPuHEfYlCyRmlWOuGQpaEJEFOGJecTmZhqKlrSRLEQfXCCmTyEPYtmzOftYVnperPnzEVkxSvcujBFSNIzjVu"
  },
  "model": "person.person",
  "pk": "f0676afb-05d6-40dd-a397-61ea6f38a22f"
}
]
