[
{
  "fields": {
    "model": "logentry",
    "app_label": "admin"
  },
  "model": "contenttypes.contenttype",
  "pk": 1
},
{
  "fields": {
    "model": "permission",
    "app_label": "auth"
  },
  "model": "contenttypes.contenttype",
  "pk": 2
},
{
  "fields": {
    "model": "group",
    "app_label": "auth"
  },
  "model": "contenttypes.contenttype",
  "pk": 3
},
{
  "fields": {
    "model": "contenttype",
    "app_label": "contenttypes"
  },
  "model": "contenttypes.contenttype",
  "pk": 4
},
{
  "fields": {
    "model": "session",
    "app_label": "sessions"
  },
  "model": "contenttypes.contenttype",
  "pk": 5
},
{
  "fields": {
    "model": "site",
    "app_label": "sites"
  },
  "model": "contenttypes.contenttype",
  "pk": 6
},
{
  "fields": {
    "model": "flatpage",
    "app_label": "flatpages"
  },
  "model": "contenttypes.contenttype",
  "pk": 7
},
{
  "fields": {
    "model": "corsmodel",
    "app_label": "corsheaders"
  },
  "model": "contenttypes.contenttype",
  "pk": 8
},
{
  "fields": {
    "model": "currency",
    "app_label": "accounting"
  },
  "model": "contenttypes.contenttype",
  "pk": 9
},
{
  "fields": {
    "model": "category",
    "app_label": "category"
  },
  "model": "contenttypes.contenttype",
  "pk": 10
},
{
  "fields": {
    "model": "phonenumbertype",
    "app_label": "contact"
  },
  "model": "contenttypes.contenttype",
  "pk": 11
},
{
  "fields": {
    "model": "phonenumber",
    "app_label": "contact"
  },
  "model": "contenttypes.contenttype",
  "pk": 12
},
{
  "fields": {
    "model": "addresstype",
    "app_label": "contact"
  },
  "model": "contenttypes.contenttype",
  "pk": 13
},
{
  "fields": {
    "model": "address",
    "app_label": "contact"
  },
  "model": "contenttypes.contenttype",
  "pk": 14
},
{
  "fields": {
    "model": "emailtype",
    "app_label": "contact"
  },
  "model": "contenttypes.contenttype",
  "pk": 15
},
{
  "fields": {
    "model": "email",
    "app_label": "contact"
  },
  "model": "contenttypes.contenttype",
  "pk": 16
},
{
  "fields": {
    "model": "state",
    "app_label": "location"
  },
  "model": "contenttypes.contenttype",
  "pk": 17
},
{
  "fields": {
    "model": "country",
    "app_label": "location"
  },
  "model": "contenttypes.contenttype",
  "pk": 18
},
{
  "fields": {
    "model": "locationlevel",
    "app_label": "location"
  },
  "model": "contenttypes.contenttype",
  "pk": 19
},
{
  "fields": {
    "model": "locationstatus",
    "app_label": "location"
  },
  "model": "contenttypes.contenttype",
  "pk": 20
},
{
  "fields": {
    "model": "locationtype",
    "app_label": "location"
  },
  "model": "contenttypes.contenttype",
  "pk": 21
},
{
  "fields": {
    "model": "location",
    "app_label": "location"
  },
  "model": "contenttypes.contenttype",
  "pk": 22
},
{
  "fields": {
    "model": "role",
    "app_label": "person"
  },
  "model": "contenttypes.contenttype",
  "pk": 23
},
{
  "fields": {
    "model": "proxyrole",
    "app_label": "person"
  },
  "model": "contenttypes.contenttype",
  "pk": 24
},
{
  "fields": {
    "model": "personstatus",
    "app_label": "person"
  },
  "model": "contenttypes.contenttype",
  "pk": 25
},
{
  "fields": {
    "model": "person",
    "app_label": "person"
  },
  "model": "contenttypes.contenttype",
  "pk": 26
},
{
  "fields": {
    "model": "locale",
    "app_label": "translation"
  },
  "model": "contenttypes.contenttype",
  "pk": 27
},
{
  "fields": {
    "model": "translation",
    "app_label": "translation"
  },
  "model": "contenttypes.contenttype",
  "pk": 28
},
{
  "fields": {
    "model": "tester",
    "app_label": "util"
  },
  "model": "contenttypes.contenttype",
  "pk": 29
},
{
  "fields": {
    "model": "mainsetting",
    "app_label": "util"
  },
  "model": "contenttypes.contenttype",
  "pk": 30
},
{
  "fields": {
    "model": "customsetting",
    "app_label": "util"
  },
  "model": "contenttypes.contenttype",
  "pk": 31
},
{
  "fields": {
    "model": "workorderstatus",
    "app_label": "order"
  },
  "model": "contenttypes.contenttype",
  "pk": 32
},
{
  "fields": {
    "model": "workorder",
    "app_label": "order"
  },
  "model": "contenttypes.contenttype",
  "pk": 33
},
{
  "fields": {
    "domain": "example.com",
    "name": "example.com"
  },
  "model": "sites.site",
  "pk": 1
},
{
  "fields": {
    "code": "USD",
    "name": "US Dollar",
    "created": "2015-09-04T20:18:20.850Z",
    "deleted": null,
    "symbol": "$",
    "modified": "2015-09-04T20:18:20.850Z",
    "symbol_native": "$",
    "decimal_digits": 2,
    "rounding": 0,
    "name_plural": "US Dollars"
  },
  "model": "accounting.currency",
  "pk": "23a574e9-4684-4a8e-8a9b-66faf6400f02"
},
{
  "fields": {
    "deleted": null,
    "children": [
      "8030b3a6-1339-4c3a-ac07-462a68d52584",
      "3f9cb71e-ee0d-455e-bbae-6e83baa8617a"
    ],
    "modified": "2015-09-04T20:18:20.794Z",
    "name": "region",
    "created": "2015-09-04T20:18:20.794Z"
  },
  "model": "location.locationlevel",
  "pk": "3ac74d2a-3f19-4ecf-93ed-0bfb6a7d5045"
},
{
  "fields": {
    "deleted": null,
    "children": [],
    "modified": "2015-09-04T20:18:20.798Z",
    "name": "district_lp",
    "created": "2015-09-04T20:18:20.798Z"
  },
  "model": "location.locationlevel",
  "pk": "3f9cb71e-ee0d-455e-bbae-6e83baa8617a"
},
{
  "fields": {
    "deleted": null,
    "children": [],
    "modified": "2015-09-04T20:18:20.801Z",
    "name": "department",
    "created": "2015-09-04T20:18:20.801Z"
  },
  "model": "location.locationlevel",
  "pk": "5cdefbc3-5442-4bf5-98f4-eced4d396649"
},
{
  "fields": {
    "deleted": null,
    "children": [
      "8a8afbc8-e4f4-40d2-af8d-ead7ce7555b4"
    ],
    "modified": "2015-09-04T20:18:20.796Z",
    "name": "district",
    "created": "2015-09-04T20:18:20.796Z"
  },
  "model": "location.locationlevel",
  "pk": "8030b3a6-1339-4c3a-ac07-462a68d52584"
},
{
  "fields": {
    "deleted": null,
    "children": [
      "5cdefbc3-5442-4bf5-98f4-eced4d396649"
    ],
    "modified": "2015-09-04T20:18:20.799Z",
    "name": "store",
    "created": "2015-09-04T20:18:20.799Z"
  },
  "model": "location.locationlevel",
  "pk": "8a8afbc8-e4f4-40d2-af8d-ead7ce7555b4"
},
{
  "fields": {
    "deleted": null,
    "modified": "2015-09-04T20:18:20.814Z",
    "name": "Open",
    "created": "2015-09-04T20:18:20.814Z"
  },
  "model": "location.locationstatus",
  "pk": "2ab63266-f4c8-451b-8cf2-dd07a4c0d8f2"
},
{
  "fields": {
    "deleted": null,
    "modified": "2015-09-04T20:18:20.816Z",
    "name": "big_store",
    "created": "2015-09-04T20:18:20.816Z"
  },
  "model": "location.locationtype",
  "pk": "01c5e9c4-3a28-4c9c-b5f9-1b3bc65ca127"
},
{
  "fields": {
    "status": "2ab63266-f4c8-451b-8cf2-dd07a4c0d8f2",
    "name": "ca",
    "created": "2015-09-04T20:18:20.823Z",
    "deleted": null,
    "modified": "2015-09-04T20:18:20.823Z",
    "number": "CyGInhlTQr",
    "location_level": "8030b3a6-1339-4c3a-ac07-462a68d52584",
    "type": "01c5e9c4-3a28-4c9c-b5f9-1b3bc65ca127",
    "children": [
      "bb53245c-955f-490f-8233-4e0b3e3e83f4",
      "205e98f2-fb0d-4f89-a46c-9f37e3b7706a"
    ]
  },
  "model": "location.location",
  "pk": "11eeac3d-1948-4ecf-aece-494bfb3b343c"
},
{
  "fields": {
    "status": "2ab63266-f4c8-451b-8cf2-dd07a4c0d8f2",
    "name": "los_angeles",
    "created": "2015-09-04T20:18:20.834Z",
    "deleted": null,
    "modified": "2015-09-04T20:18:20.834Z",
    "number": "QrfnOEAAYH",
    "location_level": "8a8afbc8-e4f4-40d2-af8d-ead7ce7555b4",
    "type": "01c5e9c4-3a28-4c9c-b5f9-1b3bc65ca127",
    "children": []
  },
  "model": "location.location",
  "pk": "205e98f2-fb0d-4f89-a46c-9f37e3b7706a"
},
{
  "fields": {
    "status": "2ab63266-f4c8-451b-8cf2-dd07a4c0d8f2",
    "name": "east",
    "created": "2015-09-04T20:18:20.818Z",
    "deleted": null,
    "modified": "2015-09-04T20:18:20.818Z",
    "number": "WEztrklHgX",
    "location_level": "3ac74d2a-3f19-4ecf-93ed-0bfb6a7d5045",
    "type": "01c5e9c4-3a28-4c9c-b5f9-1b3bc65ca127",
    "children": [
      "11eeac3d-1948-4ecf-aece-494bfb3b343c",
      "c4c86e53-f0bf-4bad-b477-84500a1a0763"
    ]
  },
  "model": "location.location",
  "pk": "3719e621-8e52-4af2-8a6e-e33f22046af1"
},
{
  "fields": {
    "status": "2ab63266-f4c8-451b-8cf2-dd07a4c0d8f2",
    "name": "san_diego",
    "created": "2015-09-04T20:18:20.831Z",
    "deleted": null,
    "modified": "2015-09-04T20:18:20.831Z",
    "number": "bHyytttxHd",
    "location_level": "8a8afbc8-e4f4-40d2-af8d-ead7ce7555b4",
    "type": "01c5e9c4-3a28-4c9c-b5f9-1b3bc65ca127",
    "children": []
  },
  "model": "location.location",
  "pk": "bb53245c-955f-490f-8233-4e0b3e3e83f4"
},
{
  "fields": {
    "status": "2ab63266-f4c8-451b-8cf2-dd07a4c0d8f2",
    "name": "nv",
    "created": "2015-09-04T20:18:20.827Z",
    "deleted": null,
    "modified": "2015-09-04T20:18:20.827Z",
    "number": "XdqTINSVDy",
    "location_level": "8030b3a6-1339-4c3a-ac07-462a68d52584",
    "type": "01c5e9c4-3a28-4c9c-b5f9-1b3bc65ca127",
    "children": []
  },
  "model": "location.location",
  "pk": "c4c86e53-f0bf-4bad-b477-84500a1a0763"
},
{
  "fields": {
    "deleted": null,
    "description": "active",
    "modified": "2015-09-04T20:18:20.884Z",
    "name": "",
    "created": "2015-09-04T20:18:20.884Z"
  },
  "model": "person.personstatus",
  "pk": "5aad294b-534d-4cca-95fc-0f81084acffd"
},
{
  "fields": {
    "codename": "add_logentry",
    "name": "Can add log entry",
    "content_type": 1
  },
  "model": "auth.permission",
  "pk": 1
},
{
  "fields": {
    "codename": "change_logentry",
    "name": "Can change log entry",
    "content_type": 1
  },
  "model": "auth.permission",
  "pk": 2
},
{
  "fields": {
    "codename": "delete_logentry",
    "name": "Can delete log entry",
    "content_type": 1
  },
  "model": "auth.permission",
  "pk": 3
},
{
  "fields": {
    "codename": "add_permission",
    "name": "Can add permission",
    "content_type": 2
  },
  "model": "auth.permission",
  "pk": 4
},
{
  "fields": {
    "codename": "change_permission",
    "name": "Can change permission",
    "content_type": 2
  },
  "model": "auth.permission",
  "pk": 5
},
{
  "fields": {
    "codename": "delete_permission",
    "name": "Can delete permission",
    "content_type": 2
  },
  "model": "auth.permission",
  "pk": 6
},
{
  "fields": {
    "codename": "add_group",
    "name": "Can add group",
    "content_type": 3
  },
  "model": "auth.permission",
  "pk": 7
},
{
  "fields": {
    "codename": "change_group",
    "name": "Can change group",
    "content_type": 3
  },
  "model": "auth.permission",
  "pk": 8
},
{
  "fields": {
    "codename": "delete_group",
    "name": "Can delete group",
    "content_type": 3
  },
  "model": "auth.permission",
  "pk": 9
},
{
  "fields": {
    "codename": "add_contenttype",
    "name": "Can add content type",
    "content_type": 4
  },
  "model": "auth.permission",
  "pk": 10
},
{
  "fields": {
    "codename": "change_contenttype",
    "name": "Can change content type",
    "content_type": 4
  },
  "model": "auth.permission",
  "pk": 11
},
{
  "fields": {
    "codename": "delete_contenttype",
    "name": "Can delete content type",
    "content_type": 4
  },
  "model": "auth.permission",
  "pk": 12
},
{
  "fields": {
    "codename": "add_session",
    "name": "Can add session",
    "content_type": 5
  },
  "model": "auth.permission",
  "pk": 13
},
{
  "fields": {
    "codename": "change_session",
    "name": "Can change session",
    "content_type": 5
  },
  "model": "auth.permission",
  "pk": 14
},
{
  "fields": {
    "codename": "delete_session",
    "name": "Can delete session",
    "content_type": 5
  },
  "model": "auth.permission",
  "pk": 15
},
{
  "fields": {
    "codename": "add_site",
    "name": "Can add site",
    "content_type": 6
  },
  "model": "auth.permission",
  "pk": 16
},
{
  "fields": {
    "codename": "change_site",
    "name": "Can change site",
    "content_type": 6
  },
  "model": "auth.permission",
  "pk": 17
},
{
  "fields": {
    "codename": "delete_site",
    "name": "Can delete site",
    "content_type": 6
  },
  "model": "auth.permission",
  "pk": 18
},
{
  "fields": {
    "codename": "add_flatpage",
    "name": "Can add flat page",
    "content_type": 7
  },
  "model": "auth.permission",
  "pk": 19
},
{
  "fields": {
    "codename": "change_flatpage",
    "name": "Can change flat page",
    "content_type": 7
  },
  "model": "auth.permission",
  "pk": 20
},
{
  "fields": {
    "codename": "delete_flatpage",
    "name": "Can delete flat page",
    "content_type": 7
  },
  "model": "auth.permission",
  "pk": 21
},
{
  "fields": {
    "codename": "add_corsmodel",
    "name": "Can add cors model",
    "content_type": 8
  },
  "model": "auth.permission",
  "pk": 22
},
{
  "fields": {
    "codename": "change_corsmodel",
    "name": "Can change cors model",
    "content_type": 8
  },
  "model": "auth.permission",
  "pk": 23
},
{
  "fields": {
    "codename": "delete_corsmodel",
    "name": "Can delete cors model",
    "content_type": 8
  },
  "model": "auth.permission",
  "pk": 24
},
{
  "fields": {
    "codename": "add_currency",
    "name": "Can add currency",
    "content_type": 9
  },
  "model": "auth.permission",
  "pk": 25
},
{
  "fields": {
    "codename": "change_currency",
    "name": "Can change currency",
    "content_type": 9
  },
  "model": "auth.permission",
  "pk": 26
},
{
  "fields": {
    "codename": "delete_currency",
    "name": "Can delete currency",
    "content_type": 9
  },
  "model": "auth.permission",
  "pk": 27
},
{
  "fields": {
    "codename": "add_category",
    "name": "Can add category",
    "content_type": 10
  },
  "model": "auth.permission",
  "pk": 28
},
{
  "fields": {
    "codename": "change_category",
    "name": "Can change category",
    "content_type": 10
  },
  "model": "auth.permission",
  "pk": 29
},
{
  "fields": {
    "codename": "delete_category",
    "name": "Can delete category",
    "content_type": 10
  },
  "model": "auth.permission",
  "pk": 30
},
{
  "fields": {
    "codename": "add_phonenumbertype",
    "name": "Can add phone number type",
    "content_type": 11
  },
  "model": "auth.permission",
  "pk": 31
},
{
  "fields": {
    "codename": "change_phonenumbertype",
    "name": "Can change phone number type",
    "content_type": 11
  },
  "model": "auth.permission",
  "pk": 32
},
{
  "fields": {
    "codename": "delete_phonenumbertype",
    "name": "Can delete phone number type",
    "content_type": 11
  },
  "model": "auth.permission",
  "pk": 33
},
{
  "fields": {
    "codename": "add_phonenumber",
    "name": "Can add phone number",
    "content_type": 12
  },
  "model": "auth.permission",
  "pk": 34
},
{
  "fields": {
    "codename": "change_phonenumber",
    "name": "Can change phone number",
    "content_type": 12
  },
  "model": "auth.permission",
  "pk": 35
},
{
  "fields": {
    "codename": "delete_phonenumber",
    "name": "Can delete phone number",
    "content_type": 12
  },
  "model": "auth.permission",
  "pk": 36
},
{
  "fields": {
    "codename": "add_addresstype",
    "name": "Can add address type",
    "content_type": 13
  },
  "model": "auth.permission",
  "pk": 37
},
{
  "fields": {
    "codename": "change_addresstype",
    "name": "Can change address type",
    "content_type": 13
  },
  "model": "auth.permission",
  "pk": 38
},
{
  "fields": {
    "codename": "delete_addresstype",
    "name": "Can delete address type",
    "content_type": 13
  },
  "model": "auth.permission",
  "pk": 39
},
{
  "fields": {
    "codename": "add_address",
    "name": "Can add address",
    "content_type": 14
  },
  "model": "auth.permission",
  "pk": 40
},
{
  "fields": {
    "codename": "change_address",
    "name": "Can change address",
    "content_type": 14
  },
  "model": "auth.permission",
  "pk": 41
},
{
  "fields": {
    "codename": "delete_address",
    "name": "Can delete address",
    "content_type": 14
  },
  "model": "auth.permission",
  "pk": 42
},
{
  "fields": {
    "codename": "add_emailtype",
    "name": "Can add email type",
    "content_type": 15
  },
  "model": "auth.permission",
  "pk": 43
},
{
  "fields": {
    "codename": "change_emailtype",
    "name": "Can change email type",
    "content_type": 15
  },
  "model": "auth.permission",
  "pk": 44
},
{
  "fields": {
    "codename": "delete_emailtype",
    "name": "Can delete email type",
    "content_type": 15
  },
  "model": "auth.permission",
  "pk": 45
},
{
  "fields": {
    "codename": "add_email",
    "name": "Can add email",
    "content_type": 16
  },
  "model": "auth.permission",
  "pk": 46
},
{
  "fields": {
    "codename": "change_email",
    "name": "Can change email",
    "content_type": 16
  },
  "model": "auth.permission",
  "pk": 47
},
{
  "fields": {
    "codename": "delete_email",
    "name": "Can delete email",
    "content_type": 16
  },
  "model": "auth.permission",
  "pk": 48
},
{
  "fields": {
    "codename": "add_state",
    "name": "Can add state",
    "content_type": 17
  },
  "model": "auth.permission",
  "pk": 49
},
{
  "fields": {
    "codename": "change_state",
    "name": "Can change state",
    "content_type": 17
  },
  "model": "auth.permission",
  "pk": 50
},
{
  "fields": {
    "codename": "delete_state",
    "name": "Can delete state",
    "content_type": 17
  },
  "model": "auth.permission",
  "pk": 51
},
{
  "fields": {
    "codename": "add_country",
    "name": "Can add country",
    "content_type": 18
  },
  "model": "auth.permission",
  "pk": 52
},
{
  "fields": {
    "codename": "change_country",
    "name": "Can change country",
    "content_type": 18
  },
  "model": "auth.permission",
  "pk": 53
},
{
  "fields": {
    "codename": "delete_country",
    "name": "Can delete country",
    "content_type": 18
  },
  "model": "auth.permission",
  "pk": 54
},
{
  "fields": {
    "codename": "add_locationlevel",
    "name": "Can add location level",
    "content_type": 19
  },
  "model": "auth.permission",
  "pk": 55
},
{
  "fields": {
    "codename": "change_locationlevel",
    "name": "Can change location level",
    "content_type": 19
  },
  "model": "auth.permission",
  "pk": 56
},
{
  "fields": {
    "codename": "delete_locationlevel",
    "name": "Can delete location level",
    "content_type": 19
  },
  "model": "auth.permission",
  "pk": 57
},
{
  "fields": {
    "codename": "add_locationstatus",
    "name": "Can add location status",
    "content_type": 20
  },
  "model": "auth.permission",
  "pk": 58
},
{
  "fields": {
    "codename": "change_locationstatus",
    "name": "Can change location status",
    "content_type": 20
  },
  "model": "auth.permission",
  "pk": 59
},
{
  "fields": {
    "codename": "delete_locationstatus",
    "name": "Can delete location status",
    "content_type": 20
  },
  "model": "auth.permission",
  "pk": 60
},
{
  "fields": {
    "codename": "add_locationtype",
    "name": "Can add location type",
    "content_type": 21
  },
  "model": "auth.permission",
  "pk": 61
},
{
  "fields": {
    "codename": "change_locationtype",
    "name": "Can change location type",
    "content_type": 21
  },
  "model": "auth.permission",
  "pk": 62
},
{
  "fields": {
    "codename": "delete_locationtype",
    "name": "Can delete location type",
    "content_type": 21
  },
  "model": "auth.permission",
  "pk": 63
},
{
  "fields": {
    "codename": "add_location",
    "name": "Can add location",
    "content_type": 22
  },
  "model": "auth.permission",
  "pk": 64
},
{
  "fields": {
    "codename": "change_location",
    "name": "Can change location",
    "content_type": 22
  },
  "model": "auth.permission",
  "pk": 65
},
{
  "fields": {
    "codename": "delete_location",
    "name": "Can delete location",
    "content_type": 22
  },
  "model": "auth.permission",
  "pk": 66
},
{
  "fields": {
    "codename": "add_role",
    "name": "Can add role",
    "content_type": 23
  },
  "model": "auth.permission",
  "pk": 67
},
{
  "fields": {
    "codename": "change_role",
    "name": "Can change role",
    "content_type": 23
  },
  "model": "auth.permission",
  "pk": 68
},
{
  "fields": {
    "codename": "delete_role",
    "name": "Can delete role",
    "content_type": 23
  },
  "model": "auth.permission",
  "pk": 69
},
{
  "fields": {
    "codename": "add_proxyrole",
    "name": "Can add proxy role",
    "content_type": 24
  },
  "model": "auth.permission",
  "pk": 70
},
{
  "fields": {
    "codename": "change_proxyrole",
    "name": "Can change proxy role",
    "content_type": 24
  },
  "model": "auth.permission",
  "pk": 71
},
{
  "fields": {
    "codename": "delete_proxyrole",
    "name": "Can delete proxy role",
    "content_type": 24
  },
  "model": "auth.permission",
  "pk": 72
},
{
  "fields": {
    "codename": "add_personstatus",
    "name": "Can add person status",
    "content_type": 25
  },
  "model": "auth.permission",
  "pk": 73
},
{
  "fields": {
    "codename": "change_personstatus",
    "name": "Can change person status",
    "content_type": 25
  },
  "model": "auth.permission",
  "pk": 74
},
{
  "fields": {
    "codename": "delete_personstatus",
    "name": "Can delete person status",
    "content_type": 25
  },
  "model": "auth.permission",
  "pk": 75
},
{
  "fields": {
    "codename": "add_person",
    "name": "Can add person",
    "content_type": 26
  },
  "model": "auth.permission",
  "pk": 76
},
{
  "fields": {
    "codename": "change_person",
    "name": "Can change person",
    "content_type": 26
  },
  "model": "auth.permission",
  "pk": 77
},
{
  "fields": {
    "codename": "delete_person",
    "name": "Can delete person",
    "content_type": 26
  },
  "model": "auth.permission",
  "pk": 78
},
{
  "fields": {
    "codename": "add_locale",
    "name": "Can add locale",
    "content_type": 27
  },
  "model": "auth.permission",
  "pk": 79
},
{
  "fields": {
    "codename": "change_locale",
    "name": "Can change locale",
    "content_type": 27
  },
  "model": "auth.permission",
  "pk": 80
},
{
  "fields": {
    "codename": "delete_locale",
    "name": "Can delete locale",
    "content_type": 27
  },
  "model": "auth.permission",
  "pk": 81
},
{
  "fields": {
    "codename": "add_translation",
    "name": "Can add translation",
    "content_type": 28
  },
  "model": "auth.permission",
  "pk": 82
},
{
  "fields": {
    "codename": "change_translation",
    "name": "Can change translation",
    "content_type": 28
  },
  "model": "auth.permission",
  "pk": 83
},
{
  "fields": {
    "codename": "delete_translation",
    "name": "Can delete translation",
    "content_type": 28
  },
  "model": "auth.permission",
  "pk": 84
},
{
  "fields": {
    "codename": "add_tester",
    "name": "Can add tester",
    "content_type": 29
  },
  "model": "auth.permission",
  "pk": 85
},
{
  "fields": {
    "codename": "change_tester",
    "name": "Can change tester",
    "content_type": 29
  },
  "model": "auth.permission",
  "pk": 86
},
{
  "fields": {
    "codename": "delete_tester",
    "name": "Can delete tester",
    "content_type": 29
  },
  "model": "auth.permission",
  "pk": 87
},
{
  "fields": {
    "codename": "add_mainsetting",
    "name": "Can add main setting",
    "content_type": 30
  },
  "model": "auth.permission",
  "pk": 88
},
{
  "fields": {
    "codename": "change_mainsetting",
    "name": "Can change main setting",
    "content_type": 30
  },
  "model": "auth.permission",
  "pk": 89
},
{
  "fields": {
    "codename": "delete_mainsetting",
    "name": "Can delete main setting",
    "content_type": 30
  },
  "model": "auth.permission",
  "pk": 90
},
{
  "fields": {
    "codename": "add_customsetting",
    "name": "Can add custom setting",
    "content_type": 31
  },
  "model": "auth.permission",
  "pk": 91
},
{
  "fields": {
    "codename": "change_customsetting",
    "name": "Can change custom setting",
    "content_type": 31
  },
  "model": "auth.permission",
  "pk": 92
},
{
  "fields": {
    "codename": "delete_customsetting",
    "name": "Can delete custom setting",
    "content_type": 31
  },
  "model": "auth.permission",
  "pk": 93
},
{
  "fields": {
    "codename": "add_workorderstatus",
    "name": "Can add work order status",
    "content_type": 32
  },
  "model": "auth.permission",
  "pk": 94
},
{
  "fields": {
    "codename": "change_workorderstatus",
    "name": "Can change work order status",
    "content_type": 32
  },
  "model": "auth.permission",
  "pk": 95
},
{
  "fields": {
    "codename": "delete_workorderstatus",
    "name": "Can delete work order status",
    "content_type": 32
  },
  "model": "auth.permission",
  "pk": 96
},
{
  "fields": {
    "codename": "add_workorder",
    "name": "Can add work order",
    "content_type": 33
  },
  "model": "auth.permission",
  "pk": 97
},
{
  "fields": {
    "codename": "change_workorder",
    "name": "Can change work order",
    "content_type": 33
  },
  "model": "auth.permission",
  "pk": 98
},
{
  "fields": {
    "codename": "delete_workorder",
    "name": "Can delete work order",
    "content_type": 33
  },
  "model": "auth.permission",
  "pk": 99
},
{
  "fields": {
    "name": "region-role",
    "permissions": []
  },
  "model": "auth.group",
  "pk": 1
},
{
  "fields": {
    "name": "district-role",
    "permissions": []
  },
  "model": "auth.group",
  "pk": 2
},
{
  "fields": {
    "name": "district_lp-role",
    "permissions": []
  },
  "model": "auth.group",
  "pk": 3
},
{
  "fields": {
    "name": "store-role",
    "permissions": []
  },
  "model": "auth.group",
  "pk": 4
},
{
  "fields": {
    "name": "department-role",
    "permissions": []
  },
  "model": "auth.group",
  "pk": 5
},
{
  "fields": {
    "password_digit_required": false,
    "msg_stored_link": false,
    "msg_copy_default": false,
    "tabs": "",
    "msg_copy_email": false,
    "password_lower_char_required": false,
    "create_all": false,
    "allow_approval": false,
    "msg_viewall": false,
    "inv_select_assign": "all",
    "inv_autoapprove": false,
    "password_special_char_required": false,
    "dashboad_links": "",
    "proxy_set": false,
    "password_expire_alert": true,
    "password_min_length": 6,
    "group": 1,
    "default_accept_notify": true,
    "password_history_length": "[]",
    "inv_wo_status": null,
    "proxy_approval_bypass": false,
    "password_char_types": "nBbYeeFMupVqKvgALxUpTHywpOnyjyzzFgGNBpbyxIAZXqCKkwoMohyRjcbCIyCxvTOXYfUEDptNnXZRJGDdEvoQbjFpiqtCQskJ",
    "dashboad_text": "",
    "password_expire": 90,
    "inv_max_approval_currency": "usd",
    "wo_show_tkt_attach": false,
    "wo_show_inactive": false,
    "deleted": null,
    "msg_address": false,
    "wo_days_backdate": null,
    "password_expired_login_count": null,
    "inv_max_approval_amount": 0,
    "default_accept_assign": true,
    "location_level": "3ac74d2a-3f19-4ecf-93ed-0bfb6a7d5045",
    "accept_notify": false,
    "password_can_change": true,
    "role_type": "Internal",
    "inv_close_wo": "Do not display",
    "name": "region-role",
    "created": "2015-09-04T20:18:20.854Z",
    "wo_edit_closeout": false,
    "password_upper_char_required": false,
    "modules": "",
    "modified": "2015-09-04T20:18:20.854Z",
    "inv_req_attach": true,
    "wo_allow_backdate": false,
    "default_auth_currency": "23a574e9-4684-4a8e-8a9b-66faf6400f02",
    "default_auth_amount": "0.0000",
    "inv_wait": null,
    "wo_notes": false,
    "accept_assign": false,
    "inv_options": "new"
  },
  "model": "person.role",
  "pk": "160a4482-afc2-40c2-9c9b-75f79f4da024"
},
{
  "fields": {
    "password_digit_required": false,
    "msg_stored_link": false,
    "msg_copy_default": false,
    "tabs": "",
    "msg_copy_email": false,
    "password_lower_char_required": false,
    "create_all": false,
    "allow_approval": false,
    "msg_viewall": false,
    "inv_select_assign": "all",
    "inv_autoapprove": false,
    "password_special_char_required": false,
    "dashboad_links": "",
    "proxy_set": false,
    "password_expire_alert": true,
    "password_min_length": 6,
    "group": 5,
    "default_accept_notify": true,
    "password_history_length": "[]",
    "inv_wo_status": null,
    "proxy_approval_bypass": false,
    "password_char_types": "yvrMRVekjuoMuWdvHLHZxCQxKIIfDzPzvZwjceQpkZCFqlzNllfXtOaNCGeZbdAGVckwwmkHkBEjYeoKgzhKjaUHKCETqdqNKdfZ",
    "dashboad_text": "",
    "password_expire": 90,
    "inv_max_approval_currency": "usd",
    "wo_show_tkt_attach": false,
    "wo_show_inactive": false,
    "deleted": null,
    "msg_address": false,
    "wo_days_backdate": null,
    "password_expired_login_count": null,
    "inv_max_approval_amount": 0,
    "default_accept_assign": true,
    "location_level": "5cdefbc3-5442-4bf5-98f4-eced4d396649",
    "accept_notify": false,
    "password_can_change": true,
    "role_type": "Internal",
    "inv_close_wo": "Do not display",
    "name": "department-role",
    "created": "2015-09-04T20:18:20.878Z",
    "wo_edit_closeout": false,
    "password_upper_char_required": false,
    "modules": "",
    "modified": "2015-09-04T20:18:20.878Z",
    "inv_req_attach": true,
    "wo_allow_backdate": false,
    "default_auth_currency": "23a574e9-4684-4a8e-8a9b-66faf6400f02",
    "default_auth_amount": "0.0000",
    "inv_wait": null,
    "wo_notes": false,
    "accept_assign": false,
    "inv_options": "new"
  },
  "model": "person.role",
  "pk": "6413930a-8d5d-45d1-997c-7124da873a65"
},
{
  "fields": {
    "password_digit_required": false,
    "msg_stored_link": false,
    "msg_copy_default": false,
    "tabs": "",
    "msg_copy_email": false,
    "password_lower_char_required": false,
    "create_all": false,
    "allow_approval": false,
    "msg_viewall": false,
    "inv_select_assign": "all",
    "inv_autoapprove": false,
    "password_special_char_required": false,
    "dashboad_links": "",
    "proxy_set": false,
    "password_expire_alert": true,
    "password_min_length": 6,
    "group": 2,
    "default_accept_notify": true,
    "password_history_length": "[]",
    "inv_wo_status": null,
    "proxy_approval_bypass": false,
    "password_char_types": "zWqoDzIKwBDHRhIzOpmUxyELlzJvFQMBndSsRHsYXYgebFUUTArboXpKwyBAPBySfiaeEMDQkKyZtymArmFqxcdpeNsqLTQfPRSl",
    "dashboad_text": "",
    "password_expire": 90,
    "inv_max_approval_currency": "usd",
    "wo_show_tkt_attach": false,
    "wo_show_inactive": false,
    "deleted": null,
    "msg_address": false,
    "wo_days_backdate": null,
    "password_expired_login_count": null,
    "inv_max_approval_amount": 0,
    "default_accept_assign": true,
    "location_level": "8030b3a6-1339-4c3a-ac07-462a68d52584",
    "accept_notify": false,
    "password_can_change": true,
    "role_type": "Internal",
    "inv_close_wo": "Do not display",
    "name": "district-role",
    "created": "2015-09-04T20:18:20.860Z",
    "wo_edit_closeout": false,
    "password_upper_char_required": false,
    "modules": "",
    "modified": "2015-09-04T20:18:20.860Z",
    "inv_req_attach": true,
    "wo_allow_backdate": false,
    "default_auth_currency": "23a574e9-4684-4a8e-8a9b-66faf6400f02",
    "default_auth_amount": "0.0000",
    "inv_wait": null,
    "wo_notes": false,
    "accept_assign": false,
    "inv_options": "new"
  },
  "model": "person.role",
  "pk": "76f7450f-a115-44f2-bdc2-8a1b8b6c8273"
},
{
  "fields": {
    "password_digit_required": false,
    "msg_stored_link": false,
    "msg_copy_default": false,
    "tabs": "",
    "msg_copy_email": false,
    "password_lower_char_required": false,
    "create_all": false,
    "allow_approval": false,
    "msg_viewall": false,
    "inv_select_assign": "all",
    "inv_autoapprove": false,
    "password_special_char_required": false,
    "dashboad_links": "",
    "proxy_set": false,
    "password_expire_alert": true,
    "password_min_length": 6,
    "group": 3,
    "default_accept_notify": true,
    "password_history_length": "[]",
    "inv_wo_status": null,
    "proxy_approval_bypass": false,
    "password_char_types": "wtyaxGNtlqAvYEFpeYECdYtOwYwDgjjfhwMtSjfuVGkpsmkkCNPDvOgkpAokpoDTQDdNCjRNwmSkPlwKAoyqASuAivnbeFPlkQOP",
    "dashboad_text": "",
    "password_expire": 90,
    "inv_max_approval_currency": "usd",
    "wo_show_tkt_attach": false,
    "wo_show_inactive": false,
    "deleted": null,
    "msg_address": false,
    "wo_days_backdate": null,
    "password_expired_login_count": null,
    "inv_max_approval_amount": 0,
    "default_accept_assign": true,
    "location_level": "3f9cb71e-ee0d-455e-bbae-6e83baa8617a",
    "accept_notify": false,
    "password_can_change": true,
    "role_type": "Internal",
    "inv_close_wo": "Do not display",
    "name": "district_lp-role",
    "created": "2015-09-04T20:18:20.866Z",
    "wo_edit_closeout": false,
    "password_upper_char_required": false,
    "modules": "",
    "modified": "2015-09-04T20:18:20.866Z",
    "inv_req_attach": true,
    "wo_allow_backdate": false,
    "default_auth_currency": "23a574e9-4684-4a8e-8a9b-66faf6400f02",
    "default_auth_amount": "0.0000",
    "inv_wait": null,
    "wo_notes": false,
    "accept_assign": false,
    "inv_options": "new"
  },
  "model": "person.role",
  "pk": "f29e004d-4831-4585-9eed-908d425e028a"
},
{
  "fields": {
    "password_digit_required": false,
    "msg_stored_link": false,
    "msg_copy_default": false,
    "tabs": "",
    "msg_copy_email": false,
    "password_lower_char_required": false,
    "create_all": false,
    "allow_approval": false,
    "msg_viewall": false,
    "inv_select_assign": "all",
    "inv_autoapprove": false,
    "password_special_char_required": false,
    "dashboad_links": "",
    "proxy_set": false,
    "password_expire_alert": true,
    "password_min_length": 6,
    "group": 4,
    "default_accept_notify": true,
    "password_history_length": "[]",
    "inv_wo_status": null,
    "proxy_approval_bypass": false,
    "password_char_types": "NiczgnIVYepGoQOKYguSXYzlpyRYABaPozUUhZlMaACuVeBuvJtNVEpvGENccuDAVJtGqOzjLIqoBnBCcsXhwxHNHtAgAuBnjHJv",
    "dashboad_text": "",
    "password_expire": 90,
    "inv_max_approval_currency": "usd",
    "wo_show_tkt_attach": false,
    "wo_show_inactive": false,
    "deleted": null,
    "msg_address": false,
    "wo_days_backdate": null,
    "password_expired_login_count": null,
    "inv_max_approval_amount": 0,
    "default_accept_assign": true,
    "location_level": "8a8afbc8-e4f4-40d2-af8d-ead7ce7555b4",
    "accept_notify": false,
    "password_can_change": true,
    "role_type": "Internal",
    "inv_close_wo": "Do not display",
    "name": "store-role",
    "created": "2015-09-04T20:18:20.872Z",
    "wo_edit_closeout": false,
    "password_upper_char_required": false,
    "modules": "",
    "modified": "2015-09-04T20:18:20.872Z",
    "inv_req_attach": true,
    "wo_allow_backdate": false,
    "default_auth_currency": "23a574e9-4684-4a8e-8a9b-66faf6400f02",
    "default_auth_amount": "0.0000",
    "inv_wait": null,
    "wo_notes": false,
    "accept_assign": false,
    "inv_options": "new"
  },
  "model": "person.role",
  "pk": "f37f1fc7-ca0f-4185-8a0c-dc702405ad4a"
},
{
  "fields": {
    "status": "5aad294b-534d-4cca-95fc-0f81084acffd",
    "last_name": "",
    "proxy_start_date": null,
    "locale": null,
    "next_approver": null,
    "locations": [
      "11eeac3d-1948-4ecf-aece-494bfb3b343c",
      "c4c86e53-f0bf-4bad-b477-84500a1a0763"
    ],
    "is_staff": false,
    "user_permissions": [],
    "proxy_end_date": null,
    "date_joined": "2015-09-04T20:18:21.126Z",
    "middle_initial": null,
    "first_name": "et",
    "employee_id": null,
    "auth_amount": "0.0000",
    "title": null,
    "password_expire_date": "2015-12-03",
    "password_length": null,
    "is_superuser": false,
    "last_login": null,
    "role": "76f7450f-a115-44f2-bdc2-8a1b8b6c8273",
    "auth_currency": "23a574e9-4684-4a8e-8a9b-66faf6400f02",
    "username": "et",
    "deleted": null,
    "password_one_time": null,
    "is_active": true,
    "groups": [
      2
    ],
    "accept_notify": true,
    "password": "qLSFfyBEzCZyGTkAMEmMceUneiMSTQazSOaXgNxBgVERQqkdBBulFJCXNukbrWFPOjJAMCYdgrkAAanxSRQHglGvbHWVcSmKKzCEHKGSHdUaPotvliMpHMjONCSybobU",
    "proxy_status": null,
    "proxy_user": null,
    "created": "2015-09-04T20:18:21.130Z",
    "modified": "2015-09-04T20:18:21.130Z",
    "email": "",
    "accept_assign": true,
    "password_change": "avFoFJUdhiJXyuejGPTodWnGSyXVofAvuUDpgYQDWCisTXOqgLApgHPPYlkLHqlrXtatWJqUHafTkbQDUJnxqztrbPNPhsxLtNlrrLgZzYtndPaCsCmfLrCRmlEiFkXRMYMLpwbWuOSqyBIgBIRxBZXToBQRSTgSGhCjfXWwmBocZbNrpYNaSgnSTesZXNlnwzikCFHSSYfmpxaFdHQeZSBzWDRJoblldaSPcHMROhWczaDYLZKrQjikxgJPNHCtHIsrmDSLpNUqsdfxQrqjEFvzyXSHeoaiRdJopuxGQjaS"
  },
  "model": "person.person",
  "pk": "191a116f-c4b5-4d6a-95fb-0ba82ca4d289"
},
{
  "fields": {
    "status": "5aad294b-534d-4cca-95fc-0f81084acffd",
    "last_name": "",
    "proxy_start_date": null,
    "locale": null,
    "next_approver": null,
    "locations": [
      "bb53245c-955f-490f-8233-4e0b3e3e83f4",
      "205e98f2-fb0d-4f89-a46c-9f37e3b7706a"
    ],
    "is_staff": false,
    "user_permissions": [],
    "proxy_end_date": null,
    "date_joined": "2015-09-04T20:18:21.240Z",
    "middle_initial": null,
    "first_name": "ullamco",
    "employee_id": null,
    "auth_amount": "0.0000",
    "title": null,
    "password_expire_date": "2015-12-03",
    "password_length": null,
    "is_superuser": false,
    "last_login": null,
    "role": "f37f1fc7-ca0f-4185-8a0c-dc702405ad4a",
    "auth_currency": "23a574e9-4684-4a8e-8a9b-66faf6400f02",
    "username": "ullamco",
    "deleted": null,
    "password_one_time": null,
    "is_active": true,
    "groups": [
      4
    ],
    "accept_notify": true,
    "password": "lWEVdsnYAHukNQALwHwiTNtuVotHOLENUyhAVdUaVOOQrtJIZDzqhlMwIaGjHAdjjJCXsaIjqctatVRADutZOgbRLLhLIfuwxouWLmbsKpdIyZyNMKHxItkrxaRSYmOe",
    "proxy_status": null,
    "proxy_user": null,
    "created": "2015-09-04T20:18:21.244Z",
    "modified": "2015-09-04T20:18:21.244Z",
    "email": "",
    "accept_assign": true,
    "password_change": "RKGPfAAzqFPFJrcPTvTMSjwxkJUkPqURGEzatiZrfwJeAKjcrHwkYvSMRABrMwJfmkQWNkENLOStkXAoVCVMdFBGMibvrLAEMMkubAhcaPmecfnhFKtHgTLrTfyxPuMyGPSYYOkTgPrPUkLSHQrGkXjorFfKZZWNjJoyCXqaRtwPcxlwHMYSnIvZOQrbjPlzarMSpxOAnjhadvrcjfZMgjPDefKsGNvFffzFWaywZZLuCnLicylebfyNSsTLInLQZkWuyFiMDoEHktadFiKjZSozkAaxlnulVOyrSlKyjHOb"
  },
  "model": "person.person",
  "pk": "1bf47d42-d51a-4476-ad0b-85441e5a1ef3"
},
{
  "fields": {
    "status": "5aad294b-534d-4cca-95fc-0f81084acffd",
    "last_name": "",
    "proxy_start_date": null,
    "locale": null,
    "next_approver": null,
    "locations": [
      "11eeac3d-1948-4ecf-aece-494bfb3b343c",
      "c4c86e53-f0bf-4bad-b477-84500a1a0763"
    ],
    "is_staff": false,
    "user_permissions": [],
    "proxy_end_date": null,
    "date_joined": "2015-09-04T20:18:21.182Z",
    "middle_initial": null,
    "first_name": "veniam,",
    "employee_id": null,
    "auth_amount": "0.0000",
    "title": null,
    "password_expire_date": "2015-12-03",
    "password_length": null,
    "is_superuser": false,
    "last_login": null,
    "role": "76f7450f-a115-44f2-bdc2-8a1b8b6c8273",
    "auth_currency": "23a574e9-4684-4a8e-8a9b-66faf6400f02",
    "username": "veniam,",
    "deleted": null,
    "password_one_time": null,
    "is_active": true,
    "groups": [
      2
    ],
    "accept_notify": true,
    "password": "UoKzYkDQYtxUrJhxAaiLCpBpFfSkgyLMTTwlYVQSqLjVgxEnlTqPkVxRpoBcVdfMFORoMzLnXAOpkpphKFUqnWTIDVhxUQOcwMXcTbQniZkAoWJeGTgMXKlWHQjeVmLx",
    "proxy_status": null,
    "proxy_user": null,
    "created": "2015-09-04T20:18:21.185Z",
    "modified": "2015-09-04T20:18:21.185Z",
    "email": "",
    "accept_assign": true,
    "password_change": "XCizmwfCbrqdArZbFQFVePEItMKwgcmywMKDAwwYnlbpAGzVULUKyOYBjmavFaDFxnZcjgaXDMEhAJRqxTdIqecKKKLghrwgTPytYsJbHLgJGvhyUIGtpWOnGXUVYBxdGjvSIwqlGnNgyWBHrOLMCfTvsLmoMXVubsaeFwvXtHFmlLQnAFfiqNhneHviwCbkOmVLRhBRqdqUcGsIYNAkRStEqIYnjVEKUecwTysjTXxbhBUFfpKQMhBjcArlWgnFKjiFRIoqfAlDGdtYTgXEAcdguBpgeFcBkUdCTxKglsVY"
  },
  "model": "person.person",
  "pk": "1c98e94b-bbdb-4fed-ae70-f489dbf51615"
},
{
  "fields": {
    "status": "5aad294b-534d-4cca-95fc-0f81084acffd",
    "last_name": "",
    "proxy_start_date": null,
    "locale": null,
    "next_approver": null,
    "locations": [],
    "is_staff": false,
    "user_permissions": [],
    "proxy_end_date": null,
    "date_joined": "2015-09-04T20:18:21.110Z",
    "middle_initial": null,
    "first_name": "mollit",
    "employee_id": null,
    "auth_amount": "0.0000",
    "title": null,
    "password_expire_date": "2015-12-03",
    "password_length": null,
    "is_superuser": false,
    "last_login": null,
    "role": "f29e004d-4831-4585-9eed-908d425e028a",
    "auth_currency": "23a574e9-4684-4a8e-8a9b-66faf6400f02",
    "username": "mollit",
    "deleted": null,
    "password_one_time": null,
    "is_active": true,
    "groups": [
      3
    ],
    "accept_notify": true,
    "password": "vIOMfDrlsiICNHHnHefyYrSMeksPsTWagdfomlnGrTjZvUMuXOFhGhWALKcTSqrFUiApOxNTUQGXSPCHtNuROtKYPoMNtQRtvhGSvhDslEkqAXgKuvsdLGbfzswCqJVa",
    "proxy_status": null,
    "proxy_user": null,
    "created": "2015-09-04T20:18:21.114Z",
    "modified": "2015-09-04T20:18:21.114Z",
    "email": "",
    "accept_assign": true,
    "password_change": "lViqlJRZYJFsaarTGthpeLJAygWbXgRMnzlPiDdrYkwxpQVwiUmcIFizBXvuoyQGffGgBhkqfJbzkeEdlYBDUpbBZiqvtZRvNeHGPUkyJKFmahCAZCzVSLXvqJGNTSNnuXLZsShMdejvNJyezctonGOAdNZZmVEkWzEQxVclBMmDPPjMBNdslYMHXKBJOXKTqmBRaBhvVsVBOdoeOWqwCVglEvisjVDPYTCmUyrMZFXLFZVUKglBznHoWomuNNtTYirGvNtGeTtjBNgHQXbEIwkGLojYGklorbRVwEwZADrH"
  },
  "model": "person.person",
  "pk": "259be115-3b00-4c66-9f68-ca6b293c045d"
},
{
  "fields": {
    "status": "5aad294b-534d-4cca-95fc-0f81084acffd",
    "last_name": "",
    "proxy_start_date": null,
    "locale": null,
    "next_approver": null,
    "locations": [],
    "is_staff": false,
    "user_permissions": [],
    "proxy_end_date": null,
    "date_joined": "2015-09-04T20:18:21.202Z",
    "middle_initial": null,
    "first_name": "labore",
    "employee_id": null,
    "auth_amount": "0.0000",
    "title": null,
    "password_expire_date": "2015-12-03",
    "password_length": null,
    "is_superuser": false,
    "last_login": null,
    "role": "6413930a-8d5d-45d1-997c-7124da873a65",
    "auth_currency": "23a574e9-4684-4a8e-8a9b-66faf6400f02",
    "username": "labore",
    "deleted": null,
    "password_one_time": null,
    "is_active": true,
    "groups": [
      5
    ],
    "accept_notify": true,
    "password": "WJgzrInioAHmLiSiEknyVymItrLswiSTFaVvDnGPrOXEDEGPlizFPRWjhjejDGJitfbvTXUEDxbaaFTWbtCzTsAkutiZveCBmrviwJQagDJuFVgpipHFrOGJgqyCKXfx",
    "proxy_status": null,
    "proxy_user": null,
    "created": "2015-09-04T20:18:21.206Z",
    "modified": "2015-09-04T20:18:21.206Z",
    "email": "",
    "accept_assign": true,
    "password_change": "jJKAHsKKtsRDdJbcYxrfOEzDFzGtUUCFTZiAnmsbLerAzlMeOJvfjexBsZrQvleVyPqBypYlXzHeMVFnFESbVjgatiEvJtecPGfPRBmxsAqWnsPyALAVSkRQNlQLQMaaAmTLYOOmwgGqAOcmhiGBMKtkdTGZGDtjgYZJgBLfxHfDTPXbxEBdQSvTNVcnIUzbdLOCyqgNiMjQDBtJDULDoNOddcVociskcXSucipTizSjvIOjxTDPmdqRHMSamNixBOYKNPWpeioihNLiizwwizchOGOBfONqvxQuGGCfQjll"
  },
  "model": "person.person",
  "pk": "3b923e77-6973-4e07-9ff4-785e8ffbac61"
},
{
  "fields": {
    "status": "5aad294b-534d-4cca-95fc-0f81084acffd",
    "last_name": "",
    "proxy_start_date": null,
    "locale": null,
    "next_approver": null,
    "locations": [],
    "is_staff": true,
    "user_permissions": [],
    "proxy_end_date": null,
    "date_joined": "2015-09-04T20:18:20.883Z",
    "middle_initial": null,
    "first_name": "",
    "employee_id": null,
    "auth_amount": "0.0000",
    "title": null,
    "password_expire_date": "2015-12-03",
    "password_length": null,
    "is_superuser": true,
    "last_login": null,
    "role": "160a4482-afc2-40c2-9c9b-75f79f4da024",
    "auth_currency": "23a574e9-4684-4a8e-8a9b-66faf6400f02",
    "username": "aaron",
    "deleted": null,
    "password_one_time": null,
    "is_active": true,
    "groups": [
      1
    ],
    "accept_notify": true,
    "password": "pbkdf2_sha256$20000$uoCDbQCnxHjd$Yw3iZOxCymgFWyf/ttNlEVL/uwk/271PyA21gga9u/M=",
    "proxy_status": null,
    "proxy_user": null,
    "created": "2015-09-04T20:18:20.890Z",
    "modified": "2015-09-04T20:18:20.975Z",
    "email": "",
    "accept_assign": true,
    "password_change": "bZWRxMRudGgafsomsLDhKxiuijspTGgocjDuVtfXOFwMAVthBTlveHBelLpRJRezSfOTZHzwNrVCavsLPDbXvibfLzMReOLErisFJAmelzZdKFLOJOCKJySGVWqAlTKwLejNHaEKRuyIZEkVWuGhSKVVgrcYYIrAfPsdbDXFADXkAvASLGEbZjYXxgonsnrslpNvisqWjdKrQvrXoxeZFrBefNANLnxvbhqTfynlswbopjRPcWpPCQXXVnuGkMbOGKmXxzunyvmsOTCamxiVrCTPaZGPYcNpySofYQdoCjKw"
  },
  "model": "person.person",
  "pk": "49720895-4144-48b8-bd82-1ef9db699712"
},
{
  "fields": {
    "status": "5aad294b-534d-4cca-95fc-0f81084acffd",
    "last_name": "",
    "proxy_start_date": null,
    "locale": null,
    "next_approver": null,
    "locations": [],
    "is_staff": false,
    "user_permissions": [],
    "proxy_end_date": null,
    "date_joined": "2015-09-04T20:18:21.193Z",
    "middle_initial": null,
    "first_name": "culpa",
    "employee_id": null,
    "auth_amount": "0.0000",
    "title": null,
    "password_expire_date": "2015-12-03",
    "password_length": null,
    "is_superuser": false,
    "last_login": null,
    "role": "6413930a-8d5d-45d1-997c-7124da873a65",
    "auth_currency": "23a574e9-4684-4a8e-8a9b-66faf6400f02",
    "username": "culpa",
    "deleted": null,
    "password_one_time": null,
    "is_active": true,
    "groups": [
      5
    ],
    "accept_notify": true,
    "password": "LtJBIgbddBcBFeoeiNvrPYUJDoIwKlGEtanbNQSwoBtolUNtQQcPhKLEzQxtvIouMeNeakDuJwzvBJDMgsolYNtdCxGgplKoETofwdPokXizWTKYETCaNekqBemTJFxG",
    "proxy_status": null,
    "proxy_user": null,
    "created": "2015-09-04T20:18:21.197Z",
    "modified": "2015-09-04T20:18:21.197Z",
    "email": "",
    "accept_assign": true,
    "password_change": "bNeiVxkfQeMTmHiWDuLDyvhnsAndRbdnCehhSChJwaxdFayZNSSuxKcZvTNahROfUhPbJtYyLGQlpeKWNbEOhpfLSMqneCcEYfRXLotaWKEKdCkvFJdLWJoVSTIGepXJFmnFCnkLWxWSFpekEpiPaivBXdVkslLltqfspNKcxUvxqiEmHtSaikohUVduPYIQyKXrIPzxglfZHZoxVellEBorMmbSDUzPAzgDEHTyJSvziqZZTNocoHUzcaMGAImcFcpBuuGLnJXnrjxcjLjXsfNdrHCMIyNTooHPZSjSUWcT"
  },
  "model": "person.person",
  "pk": "52adab05-d310-4c26-94a3-00520c52a666"
},
{
  "fields": {
    "status": "5aad294b-534d-4cca-95fc-0f81084acffd",
    "last_name": "",
    "proxy_start_date": null,
    "locale": null,
    "next_approver": null,
    "locations": [
      "11eeac3d-1948-4ecf-aece-494bfb3b343c",
      "c4c86e53-f0bf-4bad-b477-84500a1a0763"
    ],
    "is_staff": false,
    "user_permissions": [],
    "proxy_end_date": null,
    "date_joined": "2015-09-04T20:18:21.212Z",
    "middle_initial": null,
    "first_name": "sint",
    "employee_id": null,
    "auth_amount": "0.0000",
    "title": null,
    "password_expire_date": "2015-12-03",
    "password_length": null,
    "is_superuser": false,
    "last_login": null,
    "role": "76f7450f-a115-44f2-bdc2-8a1b8b6c8273",
    "auth_currency": "23a574e9-4684-4a8e-8a9b-66faf6400f02",
    "username": "sint",
    "deleted": null,
    "password_one_time": null,
    "is_active": true,
    "groups": [
      2
    ],
    "accept_notify": true,
    "password": "FhVoKGZLeIMFbLrwPasOpQwVkfzfdbhWHoJrtWGDbMVFvHtRALyigWOXRriLESqYzPTmUgyKdpVbUzgUVeURhBrtqJbVtQvROtqUWIlbChlodMeKbQzLOCvAQqcfncZX",
    "proxy_status": null,
    "proxy_user": null,
    "created": "2015-09-04T20:18:21.215Z",
    "modified": "2015-09-04T20:18:21.215Z",
    "email": "",
    "accept_assign": true,
    "password_change": "BUXtevBXJjnIaEhMBbsOrBALFmAEwEZRSGIxmuObzmJVdLzmvLuLPSXLcZTOMLJqViGwVKTEdFDcvCFkTVvDFxgdIPzTBiAOMZJtoHfoEgGrZzpkwAOVINvZjEtbkNWFiSzilygeDuhXCKDbPQcvFdErLfbDxjourIgxjVMxsFBEYLbCUoIvGTXJqzShDxDtoIuZegWSnnXBMKnXETPIDnJGldrPykfGwajwxeffFIVqVmyXITwGFXNgNkkaIBboyHciVJwTthIjWkqSdUAXZVjUJppJQrVRzRxjBmdvezpC"
  },
  "model": "person.person",
  "pk": "59016f8c-5d3c-48f8-a4c0-fbaf56cafe04"
},
{
  "fields": {
    "status": "5aad294b-534d-4cca-95fc-0f81084acffd",
    "last_name": "",
    "proxy_start_date": null,
    "locale": null,
    "next_approver": null,
    "locations": [],
    "is_staff": false,
    "user_permissions": [],
    "proxy_end_date": null,
    "date_joined": "2015-09-04T20:18:21.258Z",
    "middle_initial": null,
    "first_name": "cupidatat",
    "employee_id": null,
    "auth_amount": "0.0000",
    "title": null,
    "password_expire_date": "2015-12-03",
    "password_length": null,
    "is_superuser": false,
    "last_login": null,
    "role": "f29e004d-4831-4585-9eed-908d425e028a",
    "auth_currency": "23a574e9-4684-4a8e-8a9b-66faf6400f02",
    "username": "cupidatat",
    "deleted": null,
    "password_one_time": null,
    "is_active": true,
    "groups": [
      3
    ],
    "accept_notify": true,
    "password": "FjGGPKzBPRFYVeyYTctvdlEdOJqRipkqLhMZahhTSjIpymFZHgdITSAxvDOQeLjtVVvLwJmbStzTnUWCFFJOGYERyhSLniyzFaRfDTngzYhVOnRRcZaGiVBCnXJLZaTr",
    "proxy_status": null,
    "proxy_user": null,
    "created": "2015-09-04T20:18:21.261Z",
    "modified": "2015-09-04T20:18:21.261Z",
    "email": "",
    "accept_assign": true,
    "password_change": "bhEWLqyINtDQfpzEqOQlYSQeFowxGbZErltdhLqcVjqoJvYviTcTkdhWkRFhbACgHFpFkaDGdsyDFOVSnLqjcIdFeQABvBJnPuXdhRiUeoFJkatcjmktKAUswuKhYlqkSwTbnEjUILtQxzYSzDpkofkxdUUaQLzpQrGbEJweOrtKNcbFrtmWOPujAyQIDIpbfhwNSdyGQIBphUKdAfOMKIHmeegoiKwSZAJDFzYrhovhlTacDZBuMxLwEMuOxPDfoMDLHJBHqmqEyoNDAHlMpnEAbUcXaOmQCVksCwKvIyQk"
  },
  "model": "person.person",
  "pk": "72d11749-4b23-463a-8fe3-c08842692ac7"
},
{
  "fields": {
    "status": "5aad294b-534d-4cca-95fc-0f81084acffd",
    "last_name": "",
    "proxy_start_date": null,
    "locale": null,
    "next_approver": null,
    "locations": [
      "bb53245c-955f-490f-8233-4e0b3e3e83f4",
      "205e98f2-fb0d-4f89-a46c-9f37e3b7706a"
    ],
    "is_staff": false,
    "user_permissions": [],
    "proxy_end_date": null,
    "date_joined": "2015-09-04T20:18:21.164Z",
    "middle_initial": null,
    "first_name": "nostrud",
    "employee_id": null,
    "auth_amount": "0.0000",
    "title": null,
    "password_expire_date": "2015-12-03",
    "password_length": null,
    "is_superuser": false,
    "last_login": null,
    "role": "f37f1fc7-ca0f-4185-8a0c-dc702405ad4a",
    "auth_currency": "23a574e9-4684-4a8e-8a9b-66faf6400f02",
    "username": "nostrud",
    "deleted": null,
    "password_one_time": null,
    "is_active": true,
    "groups": [
      4
    ],
    "accept_notify": true,
    "password": "uIhXVxHvlYEiAeHIhHVkcHciEjHLQgieoSMmRXMoUxJCZQwxtzMJvNThWdaPWYCyqiISKotLpNVpWsDAAfFmrIvzkjfEQRSoDXWhihMRqUeGlgoleAYLOwUvNavRLjtA",
    "proxy_status": null,
    "proxy_user": null,
    "created": "2015-09-04T20:18:21.168Z",
    "modified": "2015-09-04T20:18:21.168Z",
    "email": "",
    "accept_assign": true,
    "password_change": "odYipZBfAeJlYCuRhygroVEHcUxdlFzKYMskrMNjFhMeGIiFriSwvUptFQklayXGvKczdtGcqANXxEFlgDIvxKtnAFlTbrEIhlihTBlhAJdeRTVNiQMKiLjhXpCQIMSseUjfzlxOgQXfgmoBAsfxYaSILKFKyMuSPxdwXkhwUOhtwnOdGGiqbvluqwCVUQboWnPVIIDRjohCuYGeEXatOxABRxeFtNDUTTQzswEwMPUmTTaxnfDDmkbfCTzMmpPcMDKFgqVLaFkHfpxzQDyYfzCQrCbwVjYIPKvxBPyZveaV"
  },
  "model": "person.person",
  "pk": "74e8fa98-4e2a-43a4-a885-ae38465b7e60"
},
{
  "fields": {
    "status": "5aad294b-534d-4cca-95fc-0f81084acffd",
    "last_name": "",
    "proxy_start_date": null,
    "locale": null,
    "next_approver": null,
    "locations": [
      "3719e621-8e52-4af2-8a6e-e33f22046af1"
    ],
    "is_staff": false,
    "user_permissions": [],
    "proxy_end_date": null,
    "date_joined": "2015-09-04T20:18:21.028Z",
    "middle_initial": null,
    "first_name": "nulla",
    "employee_id": null,
    "auth_amount": "0.0000",
    "title": null,
    "password_expire_date": "2015-12-03",
    "password_length": null,
    "is_superuser": false,
    "last_login": null,
    "role": "160a4482-afc2-40c2-9c9b-75f79f4da024",
    "auth_currency": "23a574e9-4684-4a8e-8a9b-66faf6400f02",
    "username": "nulla",
    "deleted": null,
    "password_one_time": null,
    "is_active": true,
    "groups": [
      1
    ],
    "accept_notify": true,
    "password": "BKaaCIYSxVozdicNrisOeXjenKigVJKfVNbOhBUAydSvSpovmeReHEoerfMVPymoicyFNfayUssvqGGLcdsOSbIlnTRlAGsNRTGEaQqULWzOvxNIAGAGNEQqBSzyYmGZ",
    "proxy_status": null,
    "proxy_user": null,
    "created": "2015-09-04T20:18:21.032Z",
    "modified": "2015-09-04T20:18:21.032Z",
    "email": "",
    "accept_assign": true,
    "password_change": "orTEZDXCutpYFEOeliuKOGsjGqebAYxlGhJuKbYnWbGirbdazqYugKllLToqVIPxqyaAhVhIEcPsVvGvRvfXKsluJFcgODRlhSARMcqDSBEOApoodvglWCCdugHpgypqrvDjdUgWuIeAFImAiwQRCvqjGlVKozaPnCkuUdvTmxUdAefssESdxPBnWIVquiDbBsfLBAfZTUyiWesQvuiQUBsNKVXHUkKbhPSEbsieFahkhtIQvXegjuoBxhOUxazBjpoScomflJJoKVfDMqoWrHJvMdwnxwucjOoTkDiaZQEP"
  },
  "model": "person.person",
  "pk": "824d8adb-390c-4588-b574-0cb6200a5c5e"
},
{
  "fields": {
    "status": "5aad294b-534d-4cca-95fc-0f81084acffd",
    "last_name": "",
    "proxy_start_date": null,
    "locale": null,
    "next_approver": null,
    "locations": [],
    "is_staff": false,
    "user_permissions": [],
    "proxy_end_date": null,
    "date_joined": "2015-09-04T20:18:21.087Z",
    "middle_initial": null,
    "first_name": "eiusmod",
    "employee_id": null,
    "auth_amount": "0.0000",
    "title": null,
    "password_expire_date": "2015-12-03",
    "password_length": null,
    "is_superuser": false,
    "last_login": null,
    "role": "f29e004d-4831-4585-9eed-908d425e028a",
    "auth_currency": "23a574e9-4684-4a8e-8a9b-66faf6400f02",
    "username": "eiusmod",
    "deleted": null,
    "password_one_time": null,
    "is_active": true,
    "groups": [
      3
    ],
    "accept_notify": true,
    "password": "JoplQRRZrFBbyjGdsRLiHqQHjOTsEBdPBoFwyZjghwcUTbZNpGRkQtcyWPlZYwZXjfFryZJcGIOHsLupPXIHQcRNdNCCPSmKBSszPIOMuFuZFjZXTpdBQDcPnKVNxiOG",
    "proxy_status": null,
    "proxy_user": null,
    "created": "2015-09-04T20:18:21.091Z",
    "modified": "2015-09-04T20:18:21.091Z",
    "email": "",
    "accept_assign": true,
    "password_change": "cbjRusITLyWvnyWqHaxklpmgqPUURcfeRQgegdaODfiXFvEopaVJFUZwUVXvklpFDROhsiqRIrGlaiBHglIAZwKpYnVeyHQcdiPeeqcQhLWSPNvbABJzKgWipuYRROpOtwgIkJXrXcpUBDSszBDoCIfEXoUFhJSYdrtbIwRaeYfiUudGkTNqEQJIQzYmBOWTvApoRTPMnEfArfdBhRMjQJJlpWTkrWgXCffWreczfnifFFJtfQyrrYbcIhoovtCCrOxUwiRGHjpTVoKqHjXvNDKlFAmdrVkyaulAXvriHrBw"
  },
  "model": "person.person",
  "pk": "8864c8f4-281e-469f-804d-1d6fdec055ce"
},
{
  "fields": {
    "status": "5aad294b-534d-4cca-95fc-0f81084acffd",
    "last_name": "",
    "proxy_start_date": null,
    "locale": null,
    "next_approver": null,
    "locations": [],
    "is_staff": false,
    "user_permissions": [],
    "proxy_end_date": null,
    "date_joined": "2015-09-04T20:18:21.056Z",
    "middle_initial": null,
    "first_name": "sunt",
    "employee_id": null,
    "auth_amount": "0.0000",
    "title": null,
    "password_expire_date": "2015-12-03",
    "password_length": null,
    "is_superuser": false,
    "last_login": null,
    "role": "f29e004d-4831-4585-9eed-908d425e028a",
    "auth_currency": "23a574e9-4684-4a8e-8a9b-66faf6400f02",
    "username": "sunt",
    "deleted": null,
    "password_one_time": null,
    "is_active": true,
    "groups": [
      3
    ],
    "accept_notify": true,
    "password": "qJHyZeWJFZkqbVjPmwcVERZonDasXxOObmYfauPrJeIXHpBrNRJrGurJigqdFVsqbSVUDtnazJqKKzORNqKrdxjqbcEdNgesTmztXJagSCzAkBYvCuKFELmyTemlKILN",
    "proxy_status": null,
    "proxy_user": null,
    "created": "2015-09-04T20:18:21.060Z",
    "modified": "2015-09-04T20:18:21.060Z",
    "email": "",
    "accept_assign": true,
    "password_change": "ufmjZpLjRPIzUobpLfvCSgYQGVvYiSPvoHeQkLJrUgQJWlZIHyIMlQRBnnyruWLWXiKdiZQoHTbGPOeORXVeRpwyFSQnRACDCVcsqPnqchGdhEwAtRaWAWpPuOzLvHdpSTmXVnRmPAmUawspmPooTeajNeUheOyukYaXKqcQXEoQrqzsTCCXhASZBsutddHtTeoEufrFohldMPCYoOlZTOnCAArCJCoDorLeIblITioNCiiXrXbhkVXbdMtgwBbtNxNoXRmtVzLmaAYLXKMjdqHPZHYjhNWNHLmoblRYNpJN"
  },
  "model": "person.person",
  "pk": "952a5443-29c0-4f6f-9e1d-87b2624409d5"
},
{
  "fields": {
    "status": "5aad294b-534d-4cca-95fc-0f81084acffd",
    "last_name": "",
    "proxy_start_date": null,
    "locale": null,
    "next_approver": null,
    "locations": [],
    "is_staff": false,
    "user_permissions": [],
    "proxy_end_date": null,
    "date_joined": "2015-09-04T20:18:21.155Z",
    "middle_initial": null,
    "first_name": "sed",
    "employee_id": null,
    "auth_amount": "0.0000",
    "title": null,
    "password_expire_date": "2015-12-03",
    "password_length": null,
    "is_superuser": false,
    "last_login": null,
    "role": "6413930a-8d5d-45d1-997c-7124da873a65",
    "auth_currency": "23a574e9-4684-4a8e-8a9b-66faf6400f02",
    "username": "sed",
    "deleted": null,
    "password_one_time": null,
    "is_active": true,
    "groups": [
      5
    ],
    "accept_notify": true,
    "password": "RJKvMEhxTlBUBAVHZaUPfgCTGLnJGWMKuoKLhozcKXLmWowCLQLCZPmTkRllUimhrQnhzhEklQtrbQrTpLTCHVLeSIcvQQZVmMyvsHUVQfJntmpgHHJbTSclQAFjybZd",
    "proxy_status": null,
    "proxy_user": null,
    "created": "2015-09-04T20:18:21.158Z",
    "modified": "2015-09-04T20:18:21.158Z",
    "email": "",
    "accept_assign": true,
    "password_change": "pwZVucOOMsfacgONNwdeXlbnSQdXmpdAflkEEeuPJJjQjRiVEjqjflwFYHcKessldxoIhjnnIGWHseEwVyuiNkBrYCdacfkQpaiPnFtxtmhxdKhDtPdMXYYWzHYVmhqFQWkUCIsnIjkYRooGondnGrQmqmTWZBizSjXvRcNawDDZUlEQnIsZdrtwGjSgYELDvqVNYkebhQaUDPKkstKLKkvDLPUGkjUDLYSiqAikebMXghmmwtlLoeIOjjsjUKTySGQVpceKIbJXbgASWSnKAYrZWBHleUiSCrGJkDNNgtkq"
  },
  "model": "person.person",
  "pk": "9d87a307-2d64-478d-b960-78f9f5436781"
},
{
  "fields": {
    "status": "5aad294b-534d-4cca-95fc-0f81084acffd",
    "last_name": "",
    "proxy_start_date": null,
    "locale": null,
    "next_approver": null,
    "locations": [
      "11eeac3d-1948-4ecf-aece-494bfb3b343c",
      "c4c86e53-f0bf-4bad-b477-84500a1a0763"
    ],
    "is_staff": false,
    "user_permissions": [],
    "proxy_end_date": null,
    "date_joined": "2015-09-04T20:18:20.988Z",
    "middle_initial": null,
    "first_name": "ut",
    "employee_id": null,
    "auth_amount": "0.0000",
    "title": null,
    "password_expire_date": "2015-12-03",
    "password_length": null,
    "is_superuser": false,
    "last_login": null,
    "role": "76f7450f-a115-44f2-bdc2-8a1b8b6c8273",
    "auth_currency": "23a574e9-4684-4a8e-8a9b-66faf6400f02",
    "username": "ut",
    "deleted": null,
    "password_one_time": null,
    "is_active": true,
    "groups": [
      2
    ],
    "accept_notify": true,
    "password": "CodccOuOCPQhUtjdODdPmeeIsotthxbBpfouqZwICtMUtbErkiYlpgOVuhJBoHNLFpqPNSsMDgyaCJoojzvQozIyBjLvPBmPpajFzXUzIHwpVtVPqmZhNveCLSLhpvAe",
    "proxy_status": null,
    "proxy_user": null,
    "created": "2015-09-04T20:18:20.993Z",
    "modified": "2015-09-04T20:18:20.993Z",
    "email": "",
    "accept_assign": true,
    "password_change": "EAEmDGguRwqNHTCCbVaUTSTideOKUbwdustVozdTndJhURIkMRzrpqJiXACVfrMdaNOjgzPOjvPDTNefFMGZmqNhVBXBNknMqsySNnZQAoyxEAjDJFCKOWrqGhkyFqoSwzvUsRoBHZEfRXcczVObQAhvSWTTHCxTUKEKFOxoRlxyeDDDPpjRBqSUPvUvHikGRNcGaIIlKdzXToFioOiTADZKIVHpNcHFJVPlQjSkynDkZASPOnYsFviMmRutzEoQHyYBCQurGwgznigxBHGwtmhMQlOVVFgYvxDKGLVdaDLD"
  },
  "model": "person.person",
  "pk": "b67eb122-2fe7-4fda-9699-e0f1ca3caf57"
},
{
  "fields": {
    "status": "5aad294b-534d-4cca-95fc-0f81084acffd",
    "last_name": "",
    "proxy_start_date": null,
    "locale": null,
    "next_approver": null,
    "locations": [
      "3719e621-8e52-4af2-8a6e-e33f22046af1"
    ],
    "is_staff": false,
    "user_permissions": [],
    "proxy_end_date": null,
    "date_joined": "2015-09-04T20:18:21.138Z",
    "middle_initial": null,
    "first_name": "eu",
    "employee_id": null,
    "auth_amount": "0.0000",
    "title": null,
    "password_expire_date": "2015-12-03",
    "password_length": null,
    "is_superuser": false,
    "last_login": null,
    "role": "160a4482-afc2-40c2-9c9b-75f79f4da024",
    "auth_currency": "23a574e9-4684-4a8e-8a9b-66faf6400f02",
    "username": "eu",
    "deleted": null,
    "password_one_time": null,
    "is_active": true,
    "groups": [
      1
    ],
    "accept_notify": true,
    "password": "nlGzitDFIdtLdgHHqHcGjhurdbfzdczEjJtaHQJFSHRsHLnaiezKMpwgpgjPFmebHDtJkBmjsfYrubrNkFONzvTNKzoCttqavRtlxPXCDBdEnyMIFsqSZhwAHivEfPIk",
    "proxy_status": null,
    "proxy_user": null,
    "created": "2015-09-04T20:18:21.141Z",
    "modified": "2015-09-04T20:18:21.141Z",
    "email": "",
    "accept_assign": true,
    "password_change": "DYvpysabMTojvJrjobEHPVseCCbuWVTVLkQjnHOGgcNGTFlOyAMCUpZSreUFGNGbYgwJOezihVZnTcTnPdqhGyqIpptaCvmpfPRZIqdXjqHDwfryYfjJzTBMGFogVwZkaZUbALolyXFjEJLUEfXNKJxoqEmkULiFMZrpjfUuMWDFREpRFWsnoxYLNZwtNSVKoTFOEbkIwENnsjsfcFlOrAWYOrzANNrNJxNuUWIZKAPTJGBtIsHxWscYeggzPzCpnYFFfTyfhNxevHzGkaTDQdWLljQcuqPdLTFarHfEJLSQ"
  },
  "model": "person.person",
  "pk": "c14bdfe5-00c1-4e56-b976-d517723c4ce0"
},
{
  "fields": {
    "status": "5aad294b-534d-4cca-95fc-0f81084acffd",
    "last_name": "",
    "proxy_start_date": null,
    "locale": null,
    "next_approver": null,
    "locations": [],
    "is_staff": false,
    "user_permissions": [],
    "proxy_end_date": null,
    "date_joined": "2015-09-04T20:18:21.067Z",
    "middle_initial": null,
    "first_name": "tempor",
    "employee_id": null,
    "auth_amount": "0.0000",
    "title": null,
    "password_expire_date": "2015-12-03",
    "password_length": null,
    "is_superuser": false,
    "last_login": null,
    "role": "6413930a-8d5d-45d1-997c-7124da873a65",
    "auth_currency": "23a574e9-4684-4a8e-8a9b-66faf6400f02",
    "username": "tempor",
    "deleted": null,
    "password_one_time": null,
    "is_active": true,
    "groups": [
      5
    ],
    "accept_notify": true,
    "password": "scnOfKCfnyjaWxUVYMPmtSMlQnlBlFoisejyzNGvyGqqMHmeDTRvmGinCyXGpSvsQLweEatIIMVpyEeevYThruFoerHCwQdzjKWeqIvQEKHnLqQIGPPMVbKtANcYdmxT",
    "proxy_status": null,
    "proxy_user": null,
    "created": "2015-09-04T20:18:21.070Z",
    "modified": "2015-09-04T20:18:21.070Z",
    "email": "",
    "accept_assign": true,
    "password_change": "xtzkyYNrrwrgGnbhztyoQbRQZJMdGoIsAjeTiJLiPDHoOlmzjrKXUIFVYNMXpzjFvHLDtPqhJPXfkUCVFhyObdZVGNcTjviNwocbYcQUpImIFcmyOkuczSNOxEXBXCSDpRYnDUycyawrAhzGoDmHsjKRNZMSDpvnCRgEToFkdSmFihfIPYaZomZOhUXaoFfLVLSREkRdDFqKmWBonPowxHiPqhqPQggdvCZtRTjJcKyhTTHASHZOPjbyssXqnbvDTpeuEfXckThAIEgqsugAscofWdhQWVtkRaGqgYpBOIHQ"
  },
  "model": "person.person",
  "pk": "c6e98e35-6e59-49b6-b682-667265caef17"
},
{
  "fields": {
    "status": "5aad294b-534d-4cca-95fc-0f81084acffd",
    "last_name": "",
    "proxy_start_date": null,
    "locale": null,
    "next_approver": null,
    "locations": [
      "11eeac3d-1948-4ecf-aece-494bfb3b343c",
      "c4c86e53-f0bf-4bad-b477-84500a1a0763"
    ],
    "is_staff": false,
    "user_permissions": [],
    "proxy_end_date": null,
    "date_joined": "2015-09-04T20:18:21.223Z",
    "middle_initial": null,
    "first_name": "incididunt",
    "employee_id": null,
    "auth_amount": "0.0000",
    "title": null,
    "password_expire_date": "2015-12-03",
    "password_length": null,
    "is_superuser": false,
    "last_login": null,
    "role": "76f7450f-a115-44f2-bdc2-8a1b8b6c8273",
    "auth_currency": "23a574e9-4684-4a8e-8a9b-66faf6400f02",
    "username": "incididunt",
    "deleted": null,
    "password_one_time": null,
    "is_active": true,
    "groups": [
      2
    ],
    "accept_notify": true,
    "password": "AGrowjoIqsPvdHFKnoLlphKpnwdYMwnlTCdhBhlvCLVYfnxheBlJUfILpHFiDlMKjyTBqrEuWrWkgSzzcAcZyqyhOjzQvSfkByUswyunnHONVWyoYYfmFcuIqkeCOFYJ",
    "proxy_status": null,
    "proxy_user": null,
    "created": "2015-09-04T20:18:21.227Z",
    "modified": "2015-09-04T20:18:21.227Z",
    "email": "",
    "accept_assign": true,
    "password_change": "bgLpbyjuTscpEoqbcQexDcnLTZSjhlUBXDBzgSnknCynJTeAfbJNyJkWXnSnMpqvHIehQcfxBBkPupFJYaOWAiLFjLKzVtpYEdrRCNznXuvayMGUbrWocCfDzAcSYDDpiewEOiRotyODykslNIbuPvxbQWuxUiqqIozncuHqlpgRugCxkTMhbqxNHxHFxOZpPWHjjdmJYXfUIGUQBbBqdiMsuVYukCnvITNzCNaGUAKhkQPvArtByhVPxWSFUTcnXadWxlXDuriprWzFtDzpqYzFfNZGYFHlNQfTldDwgllr"
  },
  "model": "person.person",
  "pk": "d42e82a4-e173-4e34-a4e8-888c82dc6c07"
},
{
  "fields": {
    "status": "5aad294b-534d-4cca-95fc-0f81084acffd",
    "last_name": "",
    "proxy_start_date": null,
    "locale": null,
    "next_approver": null,
    "locations": [
      "11eeac3d-1948-4ecf-aece-494bfb3b343c",
      "c4c86e53-f0bf-4bad-b477-84500a1a0763"
    ],
    "is_staff": false,
    "user_permissions": [],
    "proxy_end_date": null,
    "date_joined": "2015-09-04T20:18:21.041Z",
    "middle_initial": null,
    "first_name": "irure",
    "employee_id": null,
    "auth_amount": "0.0000",
    "title": null,
    "password_expire_date": "2015-12-03",
    "password_length": null,
    "is_superuser": false,
    "last_login": null,
    "role": "76f7450f-a115-44f2-bdc2-8a1b8b6c8273",
    "auth_currency": "23a574e9-4684-4a8e-8a9b-66faf6400f02",
    "username": "irure",
    "deleted": null,
    "password_one_time": null,
    "is_active": true,
    "groups": [
      2
    ],
    "accept_notify": true,
    "password": "kitwQTEfshIUbFgVXWrfpPGXWHbIodFoHKbArBWuGurunfROlBcCqnGgClzsbBtljaudPHziDycXUNRfyMzGFXtpkhCxLyMocFhrHBJYltcqFNdFQqAmNLfGDOHbFvQo",
    "proxy_status": null,
    "proxy_user": null,
    "created": "2015-09-04T20:18:21.045Z",
    "modified": "2015-09-04T20:18:21.045Z",
    "email": "",
    "accept_assign": true,
    "password_change": "UgYKwItHzmkyCmNTrSWbdlEwoVkwMgeTYaEAdijlOIlIosRMFxUctRTzYJeVkLauqmuHaWnDXkxzzbbrpdfIdYSZvMUExkTVwYKVuHYHfqHMrMSsOClzFdaXPwvTbbgxfVjOxvZaPrXsDenQwdqHnsocUTLFbdFLDYjDqqLvNXwzhFdsVBgExuSPtgufXubXpoHRryxPlFsmrEWjZutjlGfaZycxNPPgkFBNhmAkThDSiMSMmpIvGmcyTzFNuUSQOpHrkTuOsAKgATtjKjRYPylSBcKDmtCElFeTsqddTCHc"
  },
  "model": "person.person",
  "pk": "dc4f3d86-afe8-4bfb-bba7-7b3c831dc7f3"
},
{
  "fields": {
    "status": "5aad294b-534d-4cca-95fc-0f81084acffd",
    "last_name": "",
    "proxy_start_date": null,
    "locale": null,
    "next_approver": null,
    "locations": [
      "11eeac3d-1948-4ecf-aece-494bfb3b343c",
      "c4c86e53-f0bf-4bad-b477-84500a1a0763"
    ],
    "is_staff": false,
    "user_permissions": [],
    "proxy_end_date": null,
    "date_joined": "2015-09-04T20:18:21.076Z",
    "middle_initial": null,
    "first_name": "dolore",
    "employee_id": null,
    "auth_amount": "0.0000",
    "title": null,
    "password_expire_date": "2015-12-03",
    "password_length": null,
    "is_superuser": false,
    "last_login": null,
    "role": "76f7450f-a115-44f2-bdc2-8a1b8b6c8273",
    "auth_currency": "23a574e9-4684-4a8e-8a9b-66faf6400f02",
    "username": "dolore",
    "deleted": null,
    "password_one_time": null,
    "is_active": true,
    "groups": [
      2
    ],
    "accept_notify": true,
    "password": "lnNcrRIUCreWxuRPoHYibGSUqzvktEBrDhRpfrfKCDugmmOVgCIMdgdXJOLtiYCvAdxBIHCSMqdxuccqJJuAGRPdDlSVIknxYFkXpvBJANvYRkEMaqcEscMfoUgkQgRi",
    "proxy_status": null,
    "proxy_user": null,
    "created": "2015-09-04T20:18:21.080Z",
    "modified": "2015-09-04T20:18:21.080Z",
    "email": "",
    "accept_assign": true,
    "password_change": "zzAdOGEwFFpudBYeUwQoQgyFaEmWRRURfAozVLijFIfJEdhLKtDMhKyCFHiJQNcHLtuKWktQsbRdWLtPnKDEgbwSGwwrWTgKKbtyOereKJlrzEUJgsmgEjlSAlqXphKJCVfnuryqQQNWdyYIVPaRUVCPVimyvDbifsPbdhKvwGJCCzALhVfxjLrDJiatmJSRzNHkCbubpAtABIIFbejurwBUNfbxkcISEnHYZyEdFrhcpxrkGuDPJkprdJjRNCgjRwSgYqBmdEdBFhIrqdxijkjpKnhBbILmRHHBvnBIiyjI"
  },
  "model": "person.person",
  "pk": "ddcde843-9eec-40bd-8f0b-6faace648cad"
},
{
  "fields": {
    "status": "5aad294b-534d-4cca-95fc-0f81084acffd",
    "last_name": "",
    "proxy_start_date": null,
    "locale": null,
    "next_approver": null,
    "locations": [
      "bb53245c-955f-490f-8233-4e0b3e3e83f4",
      "205e98f2-fb0d-4f89-a46c-9f37e3b7706a"
    ],
    "is_staff": false,
    "user_permissions": [],
    "proxy_end_date": null,
    "date_joined": "2015-09-04T20:18:21.097Z",
    "middle_initial": null,
    "first_name": "dolor",
    "employee_id": null,
    "auth_amount": "0.0000",
    "title": null,
    "password_expire_date": "2015-12-03",
    "password_length": null,
    "is_superuser": false,
    "last_login": null,
    "role": "f37f1fc7-ca0f-4185-8a0c-dc702405ad4a",
    "auth_currency": "23a574e9-4684-4a8e-8a9b-66faf6400f02",
    "username": "dolor",
    "deleted": null,
    "password_one_time": null,
    "is_active": true,
    "groups": [
      4
    ],
    "accept_notify": true,
    "password": "rSjyckRvvXYHAGTbzAaRGGHrtpqXVSbMwMvorndsimruVwhCCHxUAzKYnmruEyDrkWEvtusUCSdUFUjSIXUnOMVnXOCZNBcbhOJWqcgFQNwoyJbSzighbxmYTYrUqqcQ",
    "proxy_status": null,
    "proxy_user": null,
    "created": "2015-09-04T20:18:21.102Z",
    "modified": "2015-09-04T20:18:21.102Z",
    "email": "",
    "accept_assign": true,
    "password_change": "seHGlxRdGGGkOOUPVTKAyJhLwyiLfogufWUnzjiVAtkJCTgAuXKuktlBunneNqRHCgyXnqLAZaETbYYqslbVISHPqqujsaBTorcUojycWsoFhYQIRbyKfqGEewuSweyzspLOnwdCuhqrFkbsnLmabRcwyPWGMAyNcahlbNxpQkFZSTCIjnUkMjysHNPpWHnhQFInrKJGuxqEBBrtdpUAHJbuXbsuxaMiqReSLNqsdzYCBqFdqFwdJpFEHjaEanLMJmvuevZbrkGjNIUEDdhYMlhddvkaEKSycWBSlnsDzJLI"
  },
  "model": "person.person",
  "pk": "ddf8aaf6-a025-4304-b86a-04f220f6eb42"
},
{
  "fields": {
    "status": "5aad294b-534d-4cca-95fc-0f81084acffd",
    "last_name": "",
    "proxy_start_date": null,
    "locale": null,
    "next_approver": null,
    "locations": [],
    "is_staff": false,
    "user_permissions": [],
    "proxy_end_date": null,
    "date_joined": "2015-09-04T20:18:21.016Z",
    "middle_initial": null,
    "first_name": "quis",
    "employee_id": null,
    "auth_amount": "0.0000",
    "title": null,
    "password_expire_date": "2015-12-03",
    "password_length": null,
    "is_superuser": false,
    "last_login": null,
    "role": "6413930a-8d5d-45d1-997c-7124da873a65",
    "auth_currency": "23a574e9-4684-4a8e-8a9b-66faf6400f02",
    "username": "quis",
    "deleted": null,
    "password_one_time": null,
    "is_active": true,
    "groups": [
      5
    ],
    "accept_notify": true,
    "password": "xDzZIjQTfhayssNwTYEnUVVKADurqoeoNyfeMBUHAhJiFSMXuZLOpZjvPDKRvFpIDchPqFGeclxMpYRMTyZxMbLfuJBuCtfzLuIKbqTodZvCRrndRCxDNvRATcASvQiD",
    "proxy_status": null,
    "proxy_user": null,
    "created": "2015-09-04T20:18:21.020Z",
    "modified": "2015-09-04T20:18:21.020Z",
    "email": "",
    "accept_assign": true,
    "password_change": "bXxBcFpPvHyvVhrOccKWsppeQDjWHNzWyjFztfgrWbHSLFErxJSnqVwVIdnSHmGkARPwMkxvHlzqsIiLhHFAZxeXtSHeMLLMxmvEBkGgPiDAXXFJdEiHsqxNfQIhwiIPArvhUkwDVGjKliWMsHMrMvRNENPUljfopzFtUUPblpRSZWYamTXrkeZwjaRMCYXmxaVSZiFKJVXGUnEkfmWRvPneGXWsReHgmAlhkHBWijUAsuBtbPTWscKzRLyprrQyekzoZrCYkaHnzsmRkcThpjYyUksGbWTaTiolXClLzQTr"
  },
  "model": "person.person",
  "pk": "e9b5aeac-63fc-4ab6-a2d9-7e893d002b32"
},
{
  "fields": {
    "status": "5aad294b-534d-4cca-95fc-0f81084acffd",
    "last_name": "",
    "proxy_start_date": null,
    "locale": null,
    "next_approver": null,
    "locations": [
      "11eeac3d-1948-4ecf-aece-494bfb3b343c",
      "c4c86e53-f0bf-4bad-b477-84500a1a0763"
    ],
    "is_staff": false,
    "user_permissions": [],
    "proxy_end_date": null,
    "date_joined": "2015-09-04T20:18:21.003Z",
    "middle_initial": null,
    "first_name": "amet,",
    "employee_id": null,
    "auth_amount": "0.0000",
    "title": null,
    "password_expire_date": "2015-12-03",
    "password_length": null,
    "is_superuser": false,
    "last_login": null,
    "role": "76f7450f-a115-44f2-bdc2-8a1b8b6c8273",
    "auth_currency": "23a574e9-4684-4a8e-8a9b-66faf6400f02",
    "username": "amet,",
    "deleted": null,
    "password_one_time": null,
    "is_active": true,
    "groups": [
      2
    ],
    "accept_notify": true,
    "password": "ZarcGEBcNSASMrXfiaFPVeBPWWueEKKEQMaPLkQqBWJVYrsfMKwOctYnMZAjqZLgrOnOTUjhdEeXvEvVaufEFYJPCPthlAjfIeTDLJSVjEFHFgJUbvZtIyEkFNsvjDGv",
    "proxy_status": null,
    "proxy_user": null,
    "created": "2015-09-04T20:18:21.006Z",
    "modified": "2015-09-04T20:18:21.006Z",
    "email": "",
    "accept_assign": true,
    "password_change": "uVsjOTHPsmoVDDxOUWgvOcUKulNnIBydHniZXSYmtlXkijsOSvNIXjZfdUDjwEMamTjFvoEMLRBqFyduUyjpGSGlbEolEGngFjiWEqGYcOiRAAXjQOcezKIfXjLIKoTqDKuLzvAPicRsfgYCfGoTrTFHSHedmXzVFfeRKnAsSZrgMdkFMmADiOZhPPfLqRCiYEwuSFpzUYVNuaxIWlAWSYokdSpRPlRazXspYJLiehFkbbvPJtxNglkXlDEJYVOxZdDIWXdDjRmgFPWDjHbDrrFEbWnliZAmCBRyfdCFUTjj"
  },
  "model": "person.person",
  "pk": "ee31459c-7489-4252-99d2-6600647f26aa"
}
]
