[
{
  "model": "person.personstatus",
  "pk": "cb17ccdc-7a2a-44a6-bf8b-da2315854ece",
  "fields": {
    "default": true,
    "name": "active",
    "deleted": null,
    "created": "2015-11-17T02:02:09.280Z",
    "modified": "2015-11-17T02:02:09.280Z"
  }
},
{
  "model": "sites.site",
  "pk": 1,
  "fields": {
    "name": "example.com",
    "domain": "example.com"
  }
},
{
  "model": "category.category",
  "pk": "6812bb07-5c8a-4a31-b72e-e47d1d6abaa3",
  "fields": {
    "subcategory_label": "trade",
    "cost_amount": "0.0000",
    "deleted": null,
    "modified": "2015-09-08T21:01:21.222Z",
    "cost_code": null,
    "cost_currency": "2c969193-0896-42cd-9531-f42717397248",
    "status": null,
    "label": "type",
    "parent": null,
    "name": "repair",
    "created": "2015-09-08T21:01:21.222Z",
    "description": null
  }
},
{
  "model": "third_party.thirdparty",
  "pk": "24bc2462-0b86-4bd4-bc82-ff16a9b6b009",
  "fields": {
    "deleted": null,
    "categories": [],
    "number": null,
    "currency": null,
    "name": "DEF_CONTRACTOR",
    "created": "2015-10-08T19:16:37.731Z",
    "status": null,
    "modified": "2015-10-08T19:16:37.731Z"
  }
},
{
  "model": "third_party.thirdparty",
  "pk": "3979216c-f531-488d-b486-b2ac854339db",
  "fields": {
    "deleted": null,
    "categories": [],
    "number": null,
    "currency": null,
    "name": "ABC_CONTRACTOR",
    "created": "2015-10-08T19:16:37.723Z",
    "status": null,
    "modified": "2015-10-08T19:16:37.723Z"
  }
},
{
  "model": "third_party.thirdparty",
  "pk": "ce5d61af-b460-4658-8e50-d2b57f73fe0c",
  "fields": {
    "deleted": null,
    "categories": [],
    "number": null,
    "currency": null,
    "name": "GHI_CONTRACTOR",
    "created": "2015-10-08T19:16:37.733Z",
    "status": null,
    "modified": "2015-10-08T19:16:37.733Z"
  }
},
{
  "model": "location.state",
  "pk": "030ce0b9-0c33-4d25-a2b9-182c72a7e8b7",
  "fields": {
    "abbr": "AZ",
    "name": "Arizona",
    "deleted": null,
    "created": "2015-08-31T17:25:06.928Z",
    "modified": "2015-08-31T17:25:06.928Z"
  }
},
{
  "model": "location.state",
  "pk": "07471daf-e8a6-4527-8523-67993898738c",
  "fields": {
    "abbr": "MO",
    "name": "Missouri",
    "deleted": null,
    "created": "2015-08-31T17:25:06.949Z",
    "modified": "2015-08-31T17:25:06.949Z"
  }
},
{
  "model": "location.state",
  "pk": "0bff8841-122b-4aef-9dcb-f6a5023d33c5",
  "fields": {
    "abbr": "WI",
    "name": "Wisconsin",
    "deleted": null,
    "created": "2015-08-31T17:25:06.971Z",
    "modified": "2015-08-31T17:25:06.971Z"
  }
},
{
  "model": "location.state",
  "pk": "0c38f065-fc5b-483a-925a-b506e51aa7ce",
  "fields": {
    "abbr": "VT",
    "name": "Vermont",
    "deleted": null,
    "created": "2015-08-31T17:25:06.967Z",
    "modified": "2015-08-31T17:25:06.967Z"
  }
},
{
  "model": "location.state",
  "pk": "0d22e639-ff0e-47c4-bdbc-f14f15b8b658",
  "fields": {
    "abbr": "KS",
    "name": "Kansa",
    "deleted": null,
    "created": "2015-08-31T17:25:06.940Z",
    "modified": "2015-08-31T17:25:06.940Z"
  }
},
{
  "model": "location.state",
  "pk": "11730749-66c8-4e8f-bc55-9802a3d640cb",
  "fields": {
    "abbr": "OH",
    "name": "Ohio",
    "deleted": null,
    "created": "2015-08-31T17:25:06.960Z",
    "modified": "2015-08-31T17:25:06.960Z"
  }
},
{
  "model": "location.state",
  "pk": "1ba08f2c-b507-43ac-8ae6-a24948152fb7",
  "fields": {
    "abbr": "GA",
    "name": "Georgia",
    "deleted": null,
    "created": "2015-08-31T17:25:06.935Z",
    "modified": "2015-08-31T17:25:06.935Z"
  }
},
{
  "model": "location.state",
  "pk": "20445377-f40e-4f55-93e8-724f2817bc4a",
  "fields": {
    "abbr": "IA",
    "name": "Iowa",
    "deleted": null,
    "created": "2015-08-31T17:25:06.939Z",
    "modified": "2015-08-31T17:25:06.939Z"
  }
},
{
  "model": "location.state",
  "pk": "22fd4e6e-9689-4004-b137-28cbcb0f1871",
  "fields": {
    "abbr": "NM",
    "name": "New Mexico",
    "deleted": null,
    "created": "2015-08-31T17:25:06.956Z",
    "modified": "2015-08-31T17:25:06.956Z"
  }
},
{
  "model": "location.state",
  "pk": "24b2c0c9-f4b3-46e0-80b2-ba3fbc4131ee",
  "fields": {
    "abbr": "VA",
    "name": "Virginia",
    "deleted": null,
    "created": "2015-08-31T17:25:06.968Z",
    "modified": "2015-08-31T17:25:06.968Z"
  }
},
{
  "model": "location.state",
  "pk": "27b47a4e-f75e-4850-a420-f39584df8de6",
  "fields": {
    "abbr": "AK",
    "name": "Alaska",
    "deleted": null,
    "created": "2015-08-31T17:25:06.927Z",
    "modified": "2015-08-31T17:25:06.927Z"
  }
},
{
  "model": "location.state",
  "pk": "3967114f-8461-4e62-a47c-10f9f08db150",
  "fields": {
    "abbr": "WY",
    "name": "Wyoming",
    "deleted": null,
    "created": "2015-08-31T17:25:06.972Z",
    "modified": "2015-08-31T17:25:06.972Z"
  }
},
{
  "model": "location.state",
  "pk": "39e20ec8-b54a-4da1-ac7a-20840a6c088c",
  "fields": {
    "abbr": "IN",
    "name": "Indiana",
    "deleted": null,
    "created": "2015-08-31T17:25:06.938Z",
    "modified": "2015-08-31T17:25:06.938Z"
  }
},
{
  "model": "location.state",
  "pk": "3ca47d69-a9b7-4595-ad50-36eae3ae3d5d",
  "fields": {
    "abbr": "SC",
    "name": "South Carolina",
    "deleted": null,
    "created": "2015-08-31T17:25:06.963Z",
    "modified": "2015-08-31T17:25:06.963Z"
  }
},
{
  "model": "location.state",
  "pk": "3d75fb42-0a86-4b0b-bc74-9b4d5bd63aa7",
  "fields": {
    "abbr": "MI",
    "name": "Michigan",
    "deleted": null,
    "created": "2015-08-31T17:25:06.946Z",
    "modified": "2015-08-31T17:25:06.946Z"
  }
},
{
  "model": "location.state",
  "pk": "3e4b2abc-8002-4c4c-a89f-5a298c7e38da",
  "fields": {
    "abbr": "OR",
    "name": "Oregon",
    "deleted": null,
    "created": "2015-08-31T17:25:06.961Z",
    "modified": "2015-08-31T17:25:06.961Z"
  }
},
{
  "model": "location.state",
  "pk": "4175cfef-53db-45bc-8d3a-568c1ec0156c",
  "fields": {
    "abbr": "TN",
    "name": "Tennessee",
    "deleted": null,
    "created": "2015-08-31T17:25:06.965Z",
    "modified": "2015-08-31T17:25:06.965Z"
  }
},
{
  "model": "location.state",
  "pk": "42103846-e9e4-4942-80b4-ccbd76d83398",
  "fields": {
    "abbr": "PA",
    "name": "Pennsylvania",
    "deleted": null,
    "created": "2015-08-31T17:25:06.962Z",
    "modified": "2015-08-31T17:25:06.962Z"
  }
},
{
  "model": "location.state",
  "pk": "44256c87-c1fc-4577-b98c-4547072d7d88",
  "fields": {
    "abbr": "AL",
    "name": "Alabama",
    "deleted": null,
    "created": "2015-08-31T17:25:06.925Z",
    "modified": "2015-08-31T17:25:06.925Z"
  }
},
{
  "model": "location.state",
  "pk": "44e49c2e-c6ec-41c7-8452-1aff10e4f7be",
  "fields": {
    "abbr": "UT",
    "name": "Utah",
    "deleted": null,
    "created": "2015-08-31T17:25:06.966Z",
    "modified": "2015-08-31T17:25:06.966Z"
  }
},
{
  "model": "location.state",
  "pk": "47607a29-69f9-42c8-9a74-18328f913cb4",
  "fields": {
    "abbr": "MA",
    "name": "Massachusetts",
    "deleted": null,
    "created": "2015-08-31T17:25:06.945Z",
    "modified": "2015-08-31T17:25:06.945Z"
  }
},
{
  "model": "location.state",
  "pk": "5430cbf8-1668-4197-b688-cfd5a3461a3f",
  "fields": {
    "abbr": "MD",
    "name": "Maryland",
    "deleted": null,
    "created": "2015-08-31T17:25:06.944Z",
    "modified": "2015-08-31T17:25:06.944Z"
  }
},
{
  "model": "location.state",
  "pk": "56f44534-8cf0-465b-b374-120303d76507",
  "fields": {
    "abbr": "AR",
    "name": "Arkansas",
    "deleted": null,
    "created": "2015-08-31T17:25:06.929Z",
    "modified": "2015-08-31T17:25:06.929Z"
  }
},
{
  "model": "location.state",
  "pk": "5ab2d8ab-ad00-4404-9091-b1071949d3e4",
  "fields": {
    "abbr": "NJ",
    "name": "New Jersey",
    "deleted": null,
    "created": "2015-08-31T17:25:06.955Z",
    "modified": "2015-08-31T17:25:06.955Z"
  }
},
{
  "model": "location.state",
  "pk": "6a3bd982-6726-4a42-b994-a1ff6949637e",
  "fields": {
    "abbr": "CA",
    "name": "California",
    "deleted": null,
    "created": "2015-08-31T17:25:06.930Z",
    "modified": "2015-08-31T17:25:06.930Z"
  }
},
{
  "model": "location.state",
  "pk": "6d333663-ef6f-49d8-a596-f5b0fae2068f",
  "fields": {
    "abbr": "WV",
    "name": "West Virginia",
    "deleted": null,
    "created": "2015-08-31T17:25:06.970Z",
    "modified": "2015-08-31T17:25:06.970Z"
  }
},
{
  "model": "location.state",
  "pk": "71591982-329d-43bb-b6c9-cdc803560b04",
  "fields": {
    "abbr": "NY",
    "name": "New York",
    "deleted": null,
    "created": "2015-08-31T17:25:06.957Z",
    "modified": "2015-08-31T17:25:06.957Z"
  }
},
{
  "model": "location.state",
  "pk": "779b3640-6304-4058-9312-5433495b8d81",
  "fields": {
    "abbr": "NH",
    "name": "New Hampshire",
    "deleted": null,
    "created": "2015-08-31T17:25:06.954Z",
    "modified": "2015-08-31T17:25:06.954Z"
  }
},
{
  "model": "location.state",
  "pk": "8399871a-88a9-4119-a56b-6e4f8d8bcb70",
  "fields": {
    "abbr": "IL",
    "name": "Illinois",
    "deleted": null,
    "created": "2015-08-31T17:25:06.937Z",
    "modified": "2015-08-31T17:25:06.937Z"
  }
},
{
  "model": "location.state",
  "pk": "8c072bc1-8dbf-4402-87f6-1679f46d5978",
  "fields": {
    "abbr": "LA",
    "name": "Lousiana",
    "deleted": null,
    "created": "2015-08-31T17:25:06.941Z",
    "modified": "2015-08-31T17:25:06.941Z"
  }
},
{
  "model": "location.state",
  "pk": "8d375fc2-21a6-4046-9fb7-78bf7e19509f",
  "fields": {
    "abbr": "FL",
    "name": "Florida",
    "deleted": null,
    "created": "2015-08-31T17:25:06.934Z",
    "modified": "2015-08-31T17:25:06.934Z"
  }
},
{
  "model": "location.state",
  "pk": "94c03ea0-ddf6-4ebb-af52-7f75d3842697",
  "fields": {
    "abbr": "MN",
    "name": "Minnesota",
    "deleted": null,
    "created": "2015-08-31T17:25:06.947Z",
    "modified": "2015-08-31T17:25:06.947Z"
  }
},
{
  "model": "location.state",
  "pk": "959b06c3-293b-40c8-984e-6d0775420848",
  "fields": {
    "abbr": "MS",
    "name": "Mississippi",
    "deleted": null,
    "created": "2015-08-31T17:25:06.948Z",
    "modified": "2015-08-31T17:25:06.948Z"
  }
},
{
  "model": "location.state",
  "pk": "997fcce5-2c14-4499-aa95-bd553d3f9bbd",
  "fields": {
    "abbr": "DC",
    "name": "District of Columbia",
    "deleted": null,
    "created": "2015-08-31T17:25:06.933Z",
    "modified": "2015-08-31T17:25:06.933Z"
  }
},
{
  "model": "location.state",
  "pk": "9a85843b-bec4-456b-bc03-9b7c4ffb1aff",
  "fields": {
    "abbr": "SD",
    "name": "South Dakota",
    "deleted": null,
    "created": "2015-08-31T17:25:06.964Z",
    "modified": "2015-08-31T17:25:06.964Z"
  }
},
{
  "model": "location.state",
  "pk": "9ad69030-cb37-4782-b540-a6639189cf88",
  "fields": {
    "abbr": "CO",
    "name": "Colorado",
    "deleted": null,
    "created": "2015-08-31T17:25:06.931Z",
    "modified": "2015-08-31T17:25:06.931Z"
  }
},
{
  "model": "location.state",
  "pk": "a928b0bc-16aa-486c-b736-b480942f9359",
  "fields": {
    "abbr": "TX",
    "name": "Texas",
    "deleted": null,
    "created": "2015-08-31T17:25:06.966Z",
    "modified": "2015-08-31T17:25:06.966Z"
  }
},
{
  "model": "location.state",
  "pk": "b1fcc9ce-f40a-41fa-b8b6-e85f9ba5303e",
  "fields": {
    "abbr": "MT",
    "name": "Montana",
    "deleted": null,
    "created": "2015-08-31T17:25:06.950Z",
    "modified": "2015-08-31T17:25:06.950Z"
  }
},
{
  "model": "location.state",
  "pk": "c1aa6e61-f80a-4706-a64f-b41609dcbb99",
  "fields": {
    "abbr": "HI",
    "name": "Hawaii",
    "deleted": null,
    "created": "2015-08-31T17:25:06.936Z",
    "modified": "2015-08-31T17:25:06.936Z"
  }
},
{
  "model": "location.state",
  "pk": "c8231041-8d85-4ba7-b48c-43a7e9360d08",
  "fields": {
    "abbr": "CT",
    "name": "Connecticut",
    "deleted": null,
    "created": "2015-08-31T17:25:06.932Z",
    "modified": "2015-08-31T17:25:06.932Z"
  }
},
{
  "model": "location.state",
  "pk": "c870604b-735c-4b8a-adf3-b2ff6ed9ede2",
  "fields": {
    "abbr": "NV",
    "name": "Nevada",
    "deleted": null,
    "created": "2015-08-31T17:25:06.953Z",
    "modified": "2015-08-31T17:25:06.953Z"
  }
},
{
  "model": "location.state",
  "pk": "c8c60b23-46d6-4a01-98bd-c80215d783b2",
  "fields": {
    "abbr": "ME",
    "name": "Maine",
    "deleted": null,
    "created": "2015-08-31T17:25:06.942Z",
    "modified": "2015-08-31T17:25:06.942Z"
  }
},
{
  "model": "location.state",
  "pk": "ca4ca3aa-bb43-4a98-a460-75305c961dae",
  "fields": {
    "abbr": "NC",
    "name": "North Carolina",
    "deleted": null,
    "created": "2015-08-31T17:25:06.958Z",
    "modified": "2015-08-31T17:25:06.958Z"
  }
},
{
  "model": "location.state",
  "pk": "cb49b530-4ef0-482b-ade0-e41801cee82c",
  "fields": {
    "abbr": "KY",
    "name": "Kentucky",
    "deleted": null,
    "created": "2015-08-31T17:25:06.940Z",
    "modified": "2015-08-31T17:25:06.940Z"
  }
},
{
  "model": "location.state",
  "pk": "dadf53e5-7d04-4918-bff4-d1a4d8e1798b",
  "fields": {
    "abbr": "WA",
    "name": "Washington",
    "deleted": null,
    "created": "2015-08-31T17:25:06.969Z",
    "modified": "2015-08-31T17:25:06.969Z"
  }
},
{
  "model": "location.state",
  "pk": "def07e9a-216c-4b80-b22c-3a64274c0105",
  "fields": {
    "abbr": "DE",
    "name": "Delaware",
    "deleted": null,
    "created": "2015-08-31T17:25:06.932Z",
    "modified": "2015-08-31T17:25:06.932Z"
  }
},
{
  "model": "location.state",
  "pk": "e39b86fc-d479-43c7-adc0-7f556c120856",
  "fields": {
    "abbr": "ID",
    "name": "Idaho",
    "deleted": null,
    "created": "2015-08-31T17:25:06.936Z",
    "modified": "2015-08-31T17:25:06.936Z"
  }
},
{
  "model": "location.state",
  "pk": "efe3cffe-3d7c-447d-8b73-d7f2fc61f061",
  "fields": {
    "abbr": "RI",
    "name": "Rhode Island",
    "deleted": null,
    "created": "2015-08-31T17:25:06.963Z",
    "modified": "2015-08-31T17:25:06.963Z"
  }
},
{
  "model": "location.state",
  "pk": "f1491c47-4d88-4657-b999-1c1f4dfa61a2",
  "fields": {
    "abbr": "ND",
    "name": "North Dakota",
    "deleted": null,
    "created": "2015-08-31T17:25:06.959Z",
    "modified": "2015-08-31T17:25:06.959Z"
  }
},
{
  "model": "location.state",
  "pk": "f490811b-eeb2-44e9-a42e-45875efea29c",
  "fields": {
    "abbr": "NE",
    "name": "Nebraska",
    "deleted": null,
    "created": "2015-08-31T17:25:06.952Z",
    "modified": "2015-08-31T17:25:06.952Z"
  }
},
{
  "model": "location.state",
  "pk": "f653a752-543f-4de5-a453-daf666df6575",
  "fields": {
    "abbr": "OK",
    "name": "Oklahoma",
    "deleted": null,
    "created": "2015-08-31T17:25:06.960Z",
    "modified": "2015-08-31T17:25:06.960Z"
  }
},
{
  "model": "location.country",
  "pk": "49986e62-1276-4107-bb44-6516102b6d04",
  "fields": {
    "name": "Merica",
    "deleted": null,
    "created": "2015-08-31T17:25:27.634Z",
    "modified": "2015-08-31T17:25:27.634Z"
  }
},
{
  "model": "location.country",
  "pk": "fcafef01-f608-4b83-aec9-7e8d4ab21d4d",
  "fields": {
    "name": "Canada",
    "deleted": null,
    "created": "2015-08-31T17:25:27.637Z",
    "modified": "2015-08-31T17:25:27.637Z"
  }
},
{
  "model": "location.locationlevel",
  "pk": "596085a4-041f-4bd0-a0ef-eaf4395cf26b",
  "fields": {
    "name": "region",
    "deleted": null,
    "created": "2015-11-17T02:02:09.037Z",
    "children": [
      "cef848b3-41e1-4faa-add5-03337e4f7135",
      "86d9d9a6-05ea-4983-9588-baac4a15f03d"
    ],
    "modified": "2015-11-17T02:02:09.037Z"
  }
},
{
  "model": "location.locationlevel",
  "pk": "86d9d9a6-05ea-4983-9588-baac4a15f03d",
  "fields": {
    "name": "district_lp",
    "deleted": null,
    "created": "2015-11-17T02:02:09.044Z",
    "children": [],
    "modified": "2015-11-17T02:02:09.044Z"
  }
},
{
  "model": "location.locationlevel",
  "pk": "a4acb731-1d60-4c5d-be7f-f5f008beb54d",
  "fields": {
    "name": "store",
    "deleted": null,
    "created": "2015-11-17T02:02:09.045Z",
    "children": [
      "c938154d-7ce4-4b36-a787-bdeda4b4aa67"
    ],
    "modified": "2015-11-17T02:02:09.045Z"
  }
},
{
  "model": "location.locationlevel",
  "pk": "c938154d-7ce4-4b36-a787-bdeda4b4aa67",
  "fields": {
    "name": "department",
    "deleted": null,
    "created": "2015-11-17T02:02:09.047Z",
    "children": [],
    "modified": "2015-11-17T02:02:09.047Z"
  }
},
{
  "model": "location.locationlevel",
  "pk": "cef848b3-41e1-4faa-add5-03337e4f7135",
  "fields": {
    "name": "district",
    "deleted": null,
    "created": "2015-11-17T02:02:09.042Z",
    "children": [
      "a4acb731-1d60-4c5d-be7f-f5f008beb54d"
    ],
    "modified": "2015-11-17T02:02:09.042Z"
  }
},
{
  "model": "location.locationstatus",
  "pk": "76321234-7cc3-42fa-9cfe-fdf74529fded",
  "fields": {
    "name": "Open",
    "deleted": null,
    "created": "2015-11-17T02:02:09.059Z",
    "modified": "2015-11-17T02:02:09.059Z"
  }
},
{
  "model": "location.locationtype",
  "pk": "b53dd269-fd2e-4aee-927c-1d6c12a62adb",
  "fields": {
    "name": "big_store",
    "deleted": null,
    "created": "2015-11-17T02:02:09.062Z",
    "modified": "2015-11-17T02:02:09.062Z"
  }
},
{
  "model": "location.location",
  "pk": "1673e4aa-7892-484d-9921-7ecfb4f6f2f7",
  "fields": {
    "type": "b53dd269-fd2e-4aee-927c-1d6c12a62adb",
    "deleted": null,
    "location_level": "a4acb731-1d60-4c5d-be7f-f5f008beb54d",
    "children": [],
    "number": "EvYqsxkmAC",
    "name": "san_diego",
    "created": "2015-11-17T02:02:09.117Z",
    "status": "76321234-7cc3-42fa-9cfe-fdf74529fded",
    "modified": "2015-11-17T02:02:09.117Z"
  }
},
{
  "model": "location.location",
  "pk": "325290eb-106c-4676-a6cf-6a6692b622bf",
  "fields": {
    "type": "b53dd269-fd2e-4aee-927c-1d6c12a62adb",
    "deleted": null,
    "location_level": "596085a4-041f-4bd0-a0ef-eaf4395cf26b",
    "children": [
      "b3e6def7-a2e2-423e-a2ac-01428de880ce",
      "bbd7faa8-e943-4bee-bac2-2f524dce47c4"
    ],
    "number": "HblkMcOaZa",
    "name": "east",
    "created": "2015-11-17T02:02:09.064Z",
    "status": "76321234-7cc3-42fa-9cfe-fdf74529fded",
    "modified": "2015-11-17T02:02:09.064Z"
  }
},
{
  "model": "location.location",
  "pk": "543660bd-cb86-47b8-9f21-77b9a71e7e37",
  "fields": {
    "type": "b53dd269-fd2e-4aee-927c-1d6c12a62adb",
    "deleted": null,
    "location_level": "cef848b3-41e1-4faa-add5-03337e4f7135",
    "children": [],
    "number": "UNFHzObtOf",
    "name": "nv",
    "created": "2015-11-17T02:02:09.113Z",
    "status": "76321234-7cc3-42fa-9cfe-fdf74529fded",
    "modified": "2015-11-17T02:02:09.113Z"
  }
},
{
  "model": "location.location",
  "pk": "7ea4a317-58c4-46b4-8c4e-b436aa5ece37",
  "fields": {
    "type": "b53dd269-fd2e-4aee-927c-1d6c12a62adb",
    "deleted": null,
    "location_level": "a4acb731-1d60-4c5d-be7f-f5f008beb54d",
    "children": [],
    "number": "QtbUEkTSrW",
    "name": "los_angeles",
    "created": "2015-11-17T02:02:09.080Z",
    "status": "76321234-7cc3-42fa-9cfe-fdf74529fded",
    "modified": "2015-11-17T02:02:09.080Z"
  }
},
{
  "model": "location.location",
  "pk": "a3a0e48a-d9dd-445d-8fbf-c60c1d5b2c76",
  "fields": {
    "type": "b53dd269-fd2e-4aee-927c-1d6c12a62adb",
    "deleted": null,
    "location_level": "a4acb731-1d60-4c5d-be7f-f5f008beb54d",
    "children": [],
    "number": "LhUhlQOrWX",
    "name": "san_diego",
    "created": "2015-11-17T02:02:09.077Z",
    "status": "76321234-7cc3-42fa-9cfe-fdf74529fded",
    "modified": "2015-11-17T02:02:09.077Z"
  }
},
{
  "model": "location.location",
  "pk": "b3e6def7-a2e2-423e-a2ac-01428de880ce",
  "fields": {
    "type": "b53dd269-fd2e-4aee-927c-1d6c12a62adb",
    "deleted": null,
    "location_level": "cef848b3-41e1-4faa-add5-03337e4f7135",
    "children": [
      "7ea4a317-58c4-46b4-8c4e-b436aa5ece37",
      "a3a0e48a-d9dd-445d-8fbf-c60c1d5b2c76"
    ],
    "number": "bRtqCrgKgN",
    "name": "ca",
    "created": "2015-11-17T02:02:09.069Z",
    "status": "76321234-7cc3-42fa-9cfe-fdf74529fded",
    "modified": "2015-11-17T02:02:09.069Z"
  }
},
{
  "model": "location.location",
  "pk": "bbd7faa8-e943-4bee-bac2-2f524dce47c4",
  "fields": {
    "type": "b53dd269-fd2e-4aee-927c-1d6c12a62adb",
    "deleted": null,
    "location_level": "cef848b3-41e1-4faa-add5-03337e4f7135",
    "children": [],
    "number": "TLICZFuFAq",
    "name": "nv",
    "created": "2015-11-17T02:02:09.072Z",
    "status": "76321234-7cc3-42fa-9cfe-fdf74529fded",
    "modified": "2015-11-17T02:02:09.072Z"
  }
},
{
  "model": "location.location",
  "pk": "c0ae2dc8-59c1-4103-8625-f2a3c1d318ae",
  "fields": {
    "type": "b53dd269-fd2e-4aee-927c-1d6c12a62adb",
    "deleted": null,
    "location_level": "a4acb731-1d60-4c5d-be7f-f5f008beb54d",
    "children": [],
    "number": "tXhawXzgJs",
    "name": "los_angeles",
    "created": "2015-11-17T02:02:09.120Z",
    "status": "76321234-7cc3-42fa-9cfe-fdf74529fded",
    "modified": "2015-11-17T02:02:09.120Z"
  }
},
{
  "model": "location.location",
  "pk": "c9a01be4-30b5-4a11-a8f2-f22a79344ec4",
  "fields": {
    "type": "b53dd269-fd2e-4aee-927c-1d6c12a62adb",
    "deleted": null,
    "location_level": "596085a4-041f-4bd0-a0ef-eaf4395cf26b",
    "children": [
      "e50c05af-ecaf-4f47-8c96-fb2ae73c772d",
      "543660bd-cb86-47b8-9f21-77b9a71e7e37"
    ],
    "number": "mYiwEVLkuN",
    "name": "east",
    "created": "2015-11-17T02:02:09.105Z",
    "status": "76321234-7cc3-42fa-9cfe-fdf74529fded",
    "modified": "2015-11-17T02:02:09.105Z"
  }
},
{
  "model": "location.location",
  "pk": "e50c05af-ecaf-4f47-8c96-fb2ae73c772d",
  "fields": {
    "type": "b53dd269-fd2e-4aee-927c-1d6c12a62adb",
    "deleted": null,
    "location_level": "cef848b3-41e1-4faa-add5-03337e4f7135",
    "children": [
      "c0ae2dc8-59c1-4103-8625-f2a3c1d318ae",
      "1673e4aa-7892-484d-9921-7ecfb4f6f2f7"
    ],
    "number": "rbclwyzjPA",
    "name": "ca",
    "created": "2015-11-17T02:02:09.109Z",
    "status": "76321234-7cc3-42fa-9cfe-fdf74529fded",
    "modified": "2015-11-17T02:02:09.109Z"
  }
},
{
  "model": "accounting.currency",
  "pk": "2c969193-0896-42cd-9531-f42717397248",
  "fields": {
    "symbol_native": "$",
    "decimal_digits": 2,
    "deleted": null,
    "code": "USD",
    "modified": "2015-10-01T22:00:23.524Z",
    "rounding": 0,
    "symbol": "$",
    "name": "US Dollar",
    "name_plural": "US Dollars",
    "created": "2015-10-01T22:00:23.524Z"
  }
},
{
  "model": "translation.locale",
  "pk": "27f530c4-ce6c-4724-9cfd-37a16e787884",
  "fields": {
    "locale": "en",
    "native_name": "en",
    "default": false,
    "deleted": null,
    "modified": "2015-11-15T20:50:56.473Z",
    "presentation_name": "en",
    "rtl": false,
    "name": "en",
    "created": "2015-11-15T20:50:56.473Z"
  }
},
{
  "model": "translation.translation",
  "pk": "801e786d-9b71-4e2f-936d-a297bbcc3ee9",
  "fields": {
    "locale": "27f530c4-ce6c-4724-9cfd-37a16e787884",
    "csv": "",
    "deleted": null,
    "modified": "2015-11-15T20:50:56.484Z",
    "values": "{\"admin.locationlevel.one\": \"Location Level\", \"validation.invalid\": \"Invalid\", \"crud.save.error\": \"Error saving {{model}}.\", \"admin.category.label.label\": \"Label\", \"admin.person.search\": \"Search People\", \"admin.phone.add\": \"Add Phone Number\", \"admin.address.country.other\": \"Countries\", \"admin.person.label.phone_number.one\": \"Phone Number\", \"admin.person.label.credentials\": \"Credentials\", \"crud.titles.new\": \"New {{model}}\", \"admin.role.label.name\": \"Role Name\", \"admin.person.label.auth_amount\": \"Auth. Amount\", \"crud.titles.edit\": \"Edit {{model}}\", \"crud.create.success\": \"{{model}} created successfully.\", \"admin.person.label.username\": \"Username\", \"admin.role.label.number_users\": \"# of People\", \"admin.location.label.status\": \"Status\", \"menu.home\": \"Home\", \"admin.person.label.change_password\": \"Change\", \"admin.person.label.employee_id\": \"Employee No.\", \"admin.address.postal_code\": \"Zip\", \"admin.category.name.loss_prevention\": \"Loss Prevention\", \"admin.categoryType.one\": \"Category Type\", \"admin.person.label.first_name\": \"First Name\", \"admin.category.labelCat.type\": \"Type\", \"admin.locationlevel.store\": \"Store\", \"admin.location.label.general\": \"General\", \"admin.address.label\": \"Type\", \"admin.approval.other\": \"Approvals\", \"admin.title\": \"Admin\", \"admin.notification.one\": \"Notification Profile\", \"admin.locationlevel.region\": \"Region\", \"admin.contractor.other\": \"Contractors\", \"admin.address_type.office\": \"Office\", \"admin.locationlevel.other\": \"Location Levels\", \"admin.locationlevel.department\": \"Department\", \"button.add\": \"Add new {{model}}\", \"admin.role.guest\": \"Guest\", \"admin.person.status.expired\": \"Expired\", \"admin.category.labelCat.issue\": \"Issue\", \"admin.locationlevel.label.general\": \"General\", \"admin.location.label.location_level\": \"Organization\", \"admin.person.label.role\": \"Role\", \"crud.create.error\": \"Error creating {{model}}.\", \"activity.ticket.cc_remove\": \"removed ${{removed}} $from CC ${{timestamp}}\", \"admin.locationlevel.label.childOrg\": \"Child Organization(s)\", \"admin.location.one\": \"Location\", \"admin.amount\": \"Amount\", \"admin.location.label.name\": \"Name\", \"admin.phone.number\": \"Phone Number\", \"admin.template.one\": \"Template\", \"admin.phonenumbertype.mobile\": \"Cell\", \"admin.category.label.subcategory_label\": \"Sub Category Label\", \"admin.company.other\": \"Companies\", \"admin.phonenumbertype.office\": \"Office\", \"admin.person.label.middle_initial\": \"Middle\", \"crud.delete.confirm\": \"Are you sure you want to delete {{model}} \\\\'{{record}}\\\\'?\", \"admin.address.state.one\": \"State\", \"admin.person.label.last_name\": \"Last Name\", \"admin.person.label.name\": \"Name\", \"activity.ticket.assignee\": \"changed the {{type}} from ${{from}} $to ${{to}} ${{timestamp}}\", \"modules.workOrders.titleShort\": \"Work Orders\", \"admin.phone.numbers\": \"Phone Numbers\", \"admin.address.state.other\": \"States\", \"crud.restore.button\": \"Restore\", \"admin.person.label.email\": \"Email\", \"admin.address.address\": \"Street Address\", \"admin.addresstype.office\": \"Office\", \"crud.delete.error\": \"Error deleting {{model}}.\", \"admin.role.label.category\": \"Category\", \"admin.category.label.name\": \"Name\", \"admin.address.country.select\": \"Select a Country\", \"admin.address_type.shipping\": \"Shipping\", \"validation.valid\": \"Valid\", \"admin.person.label.password\": \"Password\", \"admin.locationlevel.label.name\": \"Name\", \"modules.projects.titleShort\": \"Projects\", \"admin.category.status.active\": \"Active\", \"admin.setting.one\": \"Setting\", \"admin.category.name.maintenance\": \"Maintenance\", \"admin.location.label.number\": \"Number\", \"admin.role.other\": \"Roles\", \"admin.address.add\": \"Add Address\", \"admin.company.one\": \"Company\", \"crud.create.button\": \"Create\", \"admin.person.label.phone_number.other\": \"Phone Numbers\", \"admin.person.status.active\": \"Active\", \"admin.approval.one\": \"Approval\", \"modules.purchaseOrders.titleShort\": \"Purchase Orders\", \"admin.location.status.closed\": \"Closed\", \"crud.save.button\": \"Save\", \"admin.person.label.title\": \"Title\", \"admin.category.one\": \"Category\", \"admin.location.other\": \"Locations\", \"admin.role.label.location_level\": \"Location Organization\", \"admin.setting.other\": \"Settings\", \"admin.location.status.open\": \"Open\", \"admin.location.status.future\": \"Future\", \"admin.assignment.one\": \"Assignment Profile\", \"modules.invoices.titleShort\": \"Invoices\", \"admin.category.label.general\": \"General\", \"activity.ticket.cc_add\": \"added ${{added}} $to CC ${{timestamp}}\", \"admin.template.other\": \"Templates\", \"admin.person.status.inactive\": \"Inactive\", \"admin.category.label.description\": \"Description\", \"welcome\": \"Hello\", \"admin.general.other\": \"General Settings\", \"admin.addresstype.shipping\": \"Shipping\", \"crud.save.success\": \"{{model}} saved successfully.\", \"admin.category.label.cost_amount\": \"Cost Amount\", \"admin.role.label.role_type\": \"Role Type\", \"admin.role.one\": \"Role\", \"admin.address.city\": \"City\", \"admin.locationlevel.district\": \"District\", \"admin.category.label.cost_currency\": \"Cost Currency\", \"admin.contractor.one\": \"Contractor\", \"admin.locationlevel.fmu\": \"Facility Management Region\", \"modules.pms.titleShort\": \"PM\", \"admin.categoryType.other\": \"Category Types\", \"admin.contractorAssignment.other\": \"Contractor Assignments\", \"admin.person.label.address\": \"Address\", \"admin.locationlevel.fmd\": \"Facility Management District\", \"admin.notification.other\": \"Notification Profiles\", \"admin.role.label.general\": \"General\", \"admin.role.system_administrator\": \"Administrator\", \"modules.tickets.titleShort\": \"Tickets\", \"crud.cancel.button\": \"Cancel\", \"admin.person.label.general\": \"General\", \"modules.rfqs.titleShort\": \"RFQs\", \"admin.category.labelCat.trade\": \"Trade\", \"admin.category.label.cost_code\": \"Cost Code\", \"admin.person.label.contact\": \"Contact\", \"modules.assets.titleShort\": \"Assets\", \"admin.general.one\": \"General Setting\", \"admin.address.state.select\": \"Select a State\", \"admin.category.other\": \"Categories\", \"admin.person.other\": \"People\", \"admin.person.one\": \"Person\", \"admin.assignment.other\": \"Assignment Profiles\", \"admin.contractorAssignment.one\": \"Contractor Assignment\", \"admin.person.label.status\": \"Status\", \"activity.ticket.create\": \"created this ticket ${{timestamp}}\", \"admin.locationlevel.company\": \"Company\", \"crud.restore.success\": \"{{model}} restored successfully.\", \"crud.delete.button\": \"Delete\", \"admin.category.name.repair\": \"Repair\", \"modules.tasks.titleShort\": \"Tasks\", \"admin.address.country.one\": \"Country\", \"crud.restore.error\": \"Error restoring {{model}}\"}",
    "created": "2015-11-15T20:50:56.483Z",
    "context": "{\"crud.titles.edit\": \"Edit Role\", \"crud.create.success\": \"Person created successfully.\", \"crud.restore.success\": \"Work Order restored successfully.\", \"crud.delete.confirm\": \"Are you sure you want to delete Work Order 150306-448?\", \"crud.titles.new\": \"New Role\"}"
  }
},
{
  "model": "contenttypes.contenttype",
  "pk": 1,
  "fields": {
    "model": "workorderstatus",
    "app_label": "order"
  }
},
{
  "model": "contenttypes.contenttype",
  "pk": 2,
  "fields": {
    "model": "workorder",
    "app_label": "order"
  }
},
{
  "model": "contenttypes.contenttype",
  "pk": 3,
  "fields": {
    "model": "flatpage",
    "app_label": "flatpages"
  }
},
{
  "model": "contenttypes.contenttype",
  "pk": 4,
  "fields": {
    "model": "corsmodel",
    "app_label": "corsheaders"
  }
},
{
  "model": "contenttypes.contenttype",
  "pk": 5,
  "fields": {
    "model": "savedsearch",
    "app_label": "generic"
  }
},
{
  "model": "contenttypes.contenttype",
  "pk": 6,
  "fields": {
    "model": "mainsetting",
    "app_label": "generic"
  }
},
{
  "model": "contenttypes.contenttype",
  "pk": 7,
  "fields": {
    "model": "customsetting",
    "app_label": "generic"
  }
},
{
  "model": "contenttypes.contenttype",
  "pk": 8,
  "fields": {
    "model": "attachment",
    "app_label": "generic"
  }
},
{
  "model": "contenttypes.contenttype",
  "pk": 9,
  "fields": {
    "model": "logentry",
    "app_label": "admin"
  }
},
{
  "model": "contenttypes.contenttype",
  "pk": 10,
  "fields": {
    "model": "currency",
    "app_label": "accounting"
  }
},
{
  "model": "contenttypes.contenttype",
  "pk": 11,
  "fields": {
    "model": "phonenumbertype",
    "app_label": "contact"
  }
},
{
  "model": "contenttypes.contenttype",
  "pk": 12,
  "fields": {
    "model": "phonenumber",
    "app_label": "contact"
  }
},
{
  "model": "contenttypes.contenttype",
  "pk": 13,
  "fields": {
    "model": "addresstype",
    "app_label": "contact"
  }
},
{
  "model": "contenttypes.contenttype",
  "pk": 14,
  "fields": {
    "model": "address",
    "app_label": "contact"
  }
},
{
  "model": "contenttypes.contenttype",
  "pk": 15,
  "fields": {
    "model": "emailtype",
    "app_label": "contact"
  }
},
{
  "model": "contenttypes.contenttype",
  "pk": 16,
  "fields": {
    "model": "email",
    "app_label": "contact"
  }
},
{
  "model": "contenttypes.contenttype",
  "pk": 17,
  "fields": {
    "model": "role",
    "app_label": "person"
  }
},
{
  "model": "contenttypes.contenttype",
  "pk": 18,
  "fields": {
    "model": "proxyrole",
    "app_label": "person"
  }
},
{
  "model": "contenttypes.contenttype",
  "pk": 19,
  "fields": {
    "model": "personstatus",
    "app_label": "person"
  }
},
{
  "model": "contenttypes.contenttype",
  "pk": 20,
  "fields": {
    "model": "person",
    "app_label": "person"
  }
},
{
  "model": "contenttypes.contenttype",
  "pk": 21,
  "fields": {
    "model": "categorystatus",
    "app_label": "category"
  }
},
{
  "model": "contenttypes.contenttype",
  "pk": 22,
  "fields": {
    "model": "category",
    "app_label": "category"
  }
},
{
  "model": "contenttypes.contenttype",
  "pk": 23,
  "fields": {
    "model": "permission",
    "app_label": "auth"
  }
},
{
  "model": "contenttypes.contenttype",
  "pk": 24,
  "fields": {
    "model": "group",
    "app_label": "auth"
  }
},
{
  "model": "contenttypes.contenttype",
  "pk": 25,
  "fields": {
    "model": "contenttype",
    "app_label": "contenttypes"
  }
},
{
  "model": "contenttypes.contenttype",
  "pk": 26,
  "fields": {
    "model": "tester",
    "app_label": "utils"
  }
},
{
  "model": "contenttypes.contenttype",
  "pk": 27,
  "fields": {
    "model": "locale",
    "app_label": "translation"
  }
},
{
  "model": "contenttypes.contenttype",
  "pk": 28,
  "fields": {
    "model": "translation",
    "app_label": "translation"
  }
},
{
  "model": "contenttypes.contenttype",
  "pk": 29,
  "fields": {
    "model": "ticketstatus",
    "app_label": "ticket"
  }
},
{
  "model": "contenttypes.contenttype",
  "pk": 30,
  "fields": {
    "model": "ticketpriority",
    "app_label": "ticket"
  }
},
{
  "model": "contenttypes.contenttype",
  "pk": 31,
  "fields": {
    "model": "ticket",
    "app_label": "ticket"
  }
},
{
  "model": "contenttypes.contenttype",
  "pk": 32,
  "fields": {
    "model": "ticketactivitytype",
    "app_label": "ticket"
  }
},
{
  "model": "contenttypes.contenttype",
  "pk": 33,
  "fields": {
    "model": "ticketactivity",
    "app_label": "ticket"
  }
},
{
  "model": "contenttypes.contenttype",
  "pk": 34,
  "fields": {
    "model": "session",
    "app_label": "sessions"
  }
},
{
  "model": "contenttypes.contenttype",
  "pk": 35,
  "fields": {
    "model": "state",
    "app_label": "location"
  }
},
{
  "model": "contenttypes.contenttype",
  "pk": 36,
  "fields": {
    "model": "country",
    "app_label": "location"
  }
},
{
  "model": "contenttypes.contenttype",
  "pk": 37,
  "fields": {
    "model": "locationlevel",
    "app_label": "location"
  }
},
{
  "model": "contenttypes.contenttype",
  "pk": 38,
  "fields": {
    "model": "locationstatus",
    "app_label": "location"
  }
},
{
  "model": "contenttypes.contenttype",
  "pk": 39,
  "fields": {
    "model": "locationtype",
    "app_label": "location"
  }
},
{
  "model": "contenttypes.contenttype",
  "pk": 40,
  "fields": {
    "model": "location",
    "app_label": "location"
  }
},
{
  "model": "contenttypes.contenttype",
  "pk": 41,
  "fields": {
    "model": "thirdpartystatus",
    "app_label": "third_party"
  }
},
{
  "model": "contenttypes.contenttype",
  "pk": 42,
  "fields": {
    "model": "thirdparty",
    "app_label": "third_party"
  }
},
{
  "model": "contenttypes.contenttype",
  "pk": 43,
  "fields": {
    "model": "site",
    "app_label": "sites"
  }
},
{
  "model": "auth.permission",
  "pk": 1,
  "fields": {
    "name": "Can add work order status",
    "codename": "add_workorderstatus",
    "content_type": 1
  }
},
{
  "model": "auth.permission",
  "pk": 2,
  "fields": {
    "name": "Can change work order status",
    "codename": "change_workorderstatus",
    "content_type": 1
  }
},
{
  "model": "auth.permission",
  "pk": 3,
  "fields": {
    "name": "Can delete work order status",
    "codename": "delete_workorderstatus",
    "content_type": 1
  }
},
{
  "model": "auth.permission",
  "pk": 4,
  "fields": {
    "name": "Can add work order",
    "codename": "add_workorder",
    "content_type": 2
  }
},
{
  "model": "auth.permission",
  "pk": 5,
  "fields": {
    "name": "Can change work order",
    "codename": "change_workorder",
    "content_type": 2
  }
},
{
  "model": "auth.permission",
  "pk": 6,
  "fields": {
    "name": "Can delete work order",
    "codename": "delete_workorder",
    "content_type": 2
  }
},
{
  "model": "auth.permission",
  "pk": 7,
  "fields": {
    "name": "Can add flat page",
    "codename": "add_flatpage",
    "content_type": 3
  }
},
{
  "model": "auth.permission",
  "pk": 8,
  "fields": {
    "name": "Can change flat page",
    "codename": "change_flatpage",
    "content_type": 3
  }
},
{
  "model": "auth.permission",
  "pk": 9,
  "fields": {
    "name": "Can delete flat page",
    "codename": "delete_flatpage",
    "content_type": 3
  }
},
{
  "model": "auth.permission",
  "pk": 10,
  "fields": {
    "name": "Can add cors model",
    "codename": "add_corsmodel",
    "content_type": 4
  }
},
{
  "model": "auth.permission",
  "pk": 11,
  "fields": {
    "name": "Can change cors model",
    "codename": "change_corsmodel",
    "content_type": 4
  }
},
{
  "model": "auth.permission",
  "pk": 12,
  "fields": {
    "name": "Can delete cors model",
    "codename": "delete_corsmodel",
    "content_type": 4
  }
},
{
  "model": "auth.permission",
  "pk": 13,
  "fields": {
    "name": "Can add saved search",
    "codename": "add_savedsearch",
    "content_type": 5
  }
},
{
  "model": "auth.permission",
  "pk": 14,
  "fields": {
    "name": "Can change saved search",
    "codename": "change_savedsearch",
    "content_type": 5
  }
},
{
  "model": "auth.permission",
  "pk": 15,
  "fields": {
    "name": "Can delete saved search",
    "codename": "delete_savedsearch",
    "content_type": 5
  }
},
{
  "model": "auth.permission",
  "pk": 16,
  "fields": {
    "name": "Can add main setting",
    "codename": "add_mainsetting",
    "content_type": 6
  }
},
{
  "model": "auth.permission",
  "pk": 17,
  "fields": {
    "name": "Can change main setting",
    "codename": "change_mainsetting",
    "content_type": 6
  }
},
{
  "model": "auth.permission",
  "pk": 18,
  "fields": {
    "name": "Can delete main setting",
    "codename": "delete_mainsetting",
    "content_type": 6
  }
},
{
  "model": "auth.permission",
  "pk": 19,
  "fields": {
    "name": "Can add custom setting",
    "codename": "add_customsetting",
    "content_type": 7
  }
},
{
  "model": "auth.permission",
  "pk": 20,
  "fields": {
    "name": "Can change custom setting",
    "codename": "change_customsetting",
    "content_type": 7
  }
},
{
  "model": "auth.permission",
  "pk": 21,
  "fields": {
    "name": "Can delete custom setting",
    "codename": "delete_customsetting",
    "content_type": 7
  }
},
{
  "model": "auth.permission",
  "pk": 22,
  "fields": {
    "name": "Can add attachment",
    "codename": "add_attachment",
    "content_type": 8
  }
},
{
  "model": "auth.permission",
  "pk": 23,
  "fields": {
    "name": "Can change attachment",
    "codename": "change_attachment",
    "content_type": 8
  }
},
{
  "model": "auth.permission",
  "pk": 24,
  "fields": {
    "name": "Can delete attachment",
    "codename": "delete_attachment",
    "content_type": 8
  }
},
{
  "model": "auth.permission",
  "pk": 25,
  "fields": {
    "name": "Can add log entry",
    "codename": "add_logentry",
    "content_type": 9
  }
},
{
  "model": "auth.permission",
  "pk": 26,
  "fields": {
    "name": "Can change log entry",
    "codename": "change_logentry",
    "content_type": 9
  }
},
{
  "model": "auth.permission",
  "pk": 27,
  "fields": {
    "name": "Can delete log entry",
    "codename": "delete_logentry",
    "content_type": 9
  }
},
{
  "model": "auth.permission",
  "pk": 28,
  "fields": {
    "name": "Can add currency",
    "codename": "add_currency",
    "content_type": 10
  }
},
{
  "model": "auth.permission",
  "pk": 29,
  "fields": {
    "name": "Can change currency",
    "codename": "change_currency",
    "content_type": 10
  }
},
{
  "model": "auth.permission",
  "pk": 30,
  "fields": {
    "name": "Can delete currency",
    "codename": "delete_currency",
    "content_type": 10
  }
},
{
  "model": "auth.permission",
  "pk": 31,
  "fields": {
    "name": "Can add phone number type",
    "codename": "add_phonenumbertype",
    "content_type": 11
  }
},
{
  "model": "auth.permission",
  "pk": 32,
  "fields": {
    "name": "Can change phone number type",
    "codename": "change_phonenumbertype",
    "content_type": 11
  }
},
{
  "model": "auth.permission",
  "pk": 33,
  "fields": {
    "name": "Can delete phone number type",
    "codename": "delete_phonenumbertype",
    "content_type": 11
  }
},
{
  "model": "auth.permission",
  "pk": 34,
  "fields": {
    "name": "Can add phone number",
    "codename": "add_phonenumber",
    "content_type": 12
  }
},
{
  "model": "auth.permission",
  "pk": 35,
  "fields": {
    "name": "Can change phone number",
    "codename": "change_phonenumber",
    "content_type": 12
  }
},
{
  "model": "auth.permission",
  "pk": 36,
  "fields": {
    "name": "Can delete phone number",
    "codename": "delete_phonenumber",
    "content_type": 12
  }
},
{
  "model": "auth.permission",
  "pk": 37,
  "fields": {
    "name": "Can add address type",
    "codename": "add_addresstype",
    "content_type": 13
  }
},
{
  "model": "auth.permission",
  "pk": 38,
  "fields": {
    "name": "Can change address type",
    "codename": "change_addresstype",
    "content_type": 13
  }
},
{
  "model": "auth.permission",
  "pk": 39,
  "fields": {
    "name": "Can delete address type",
    "codename": "delete_addresstype",
    "content_type": 13
  }
},
{
  "model": "auth.permission",
  "pk": 40,
  "fields": {
    "name": "Can add address",
    "codename": "add_address",
    "content_type": 14
  }
},
{
  "model": "auth.permission",
  "pk": 41,
  "fields": {
    "name": "Can change address",
    "codename": "change_address",
    "content_type": 14
  }
},
{
  "model": "auth.permission",
  "pk": 42,
  "fields": {
    "name": "Can delete address",
    "codename": "delete_address",
    "content_type": 14
  }
},
{
  "model": "auth.permission",
  "pk": 43,
  "fields": {
    "name": "Can add email type",
    "codename": "add_emailtype",
    "content_type": 15
  }
},
{
  "model": "auth.permission",
  "pk": 44,
  "fields": {
    "name": "Can change email type",
    "codename": "change_emailtype",
    "content_type": 15
  }
},
{
  "model": "auth.permission",
  "pk": 45,
  "fields": {
    "name": "Can delete email type",
    "codename": "delete_emailtype",
    "content_type": 15
  }
},
{
  "model": "auth.permission",
  "pk": 46,
  "fields": {
    "name": "Can add email",
    "codename": "add_email",
    "content_type": 16
  }
},
{
  "model": "auth.permission",
  "pk": 47,
  "fields": {
    "name": "Can change email",
    "codename": "change_email",
    "content_type": 16
  }
},
{
  "model": "auth.permission",
  "pk": 48,
  "fields": {
    "name": "Can delete email",
    "codename": "delete_email",
    "content_type": 16
  }
},
{
  "model": "auth.permission",
  "pk": 49,
  "fields": {
    "name": "Can add role",
    "codename": "add_role",
    "content_type": 17
  }
},
{
  "model": "auth.permission",
  "pk": 50,
  "fields": {
    "name": "Can change role",
    "codename": "change_role",
    "content_type": 17
  }
},
{
  "model": "auth.permission",
  "pk": 51,
  "fields": {
    "name": "Can delete role",
    "codename": "delete_role",
    "content_type": 17
  }
},
{
  "model": "auth.permission",
  "pk": 52,
  "fields": {
    "name": "Can add proxy role",
    "codename": "add_proxyrole",
    "content_type": 18
  }
},
{
  "model": "auth.permission",
  "pk": 53,
  "fields": {
    "name": "Can change proxy role",
    "codename": "change_proxyrole",
    "content_type": 18
  }
},
{
  "model": "auth.permission",
  "pk": 54,
  "fields": {
    "name": "Can delete proxy role",
    "codename": "delete_proxyrole",
    "content_type": 18
  }
},
{
  "model": "auth.permission",
  "pk": 55,
  "fields": {
    "name": "Can add person status",
    "codename": "add_personstatus",
    "content_type": 19
  }
},
{
  "model": "auth.permission",
  "pk": 56,
  "fields": {
    "name": "Can change person status",
    "codename": "change_personstatus",
    "content_type": 19
  }
},
{
  "model": "auth.permission",
  "pk": 57,
  "fields": {
    "name": "Can delete person status",
    "codename": "delete_personstatus",
    "content_type": 19
  }
},
{
  "model": "auth.permission",
  "pk": 58,
  "fields": {
    "name": "Can add person",
    "codename": "add_person",
    "content_type": 20
  }
},
{
  "model": "auth.permission",
  "pk": 59,
  "fields": {
    "name": "Can change person",
    "codename": "change_person",
    "content_type": 20
  }
},
{
  "model": "auth.permission",
  "pk": 60,
  "fields": {
    "name": "Can delete person",
    "codename": "delete_person",
    "content_type": 20
  }
},
{
  "model": "auth.permission",
  "pk": 61,
  "fields": {
    "name": "Can add category status",
    "codename": "add_categorystatus",
    "content_type": 21
  }
},
{
  "model": "auth.permission",
  "pk": 62,
  "fields": {
    "name": "Can change category status",
    "codename": "change_categorystatus",
    "content_type": 21
  }
},
{
  "model": "auth.permission",
  "pk": 63,
  "fields": {
    "name": "Can delete category status",
    "codename": "delete_categorystatus",
    "content_type": 21
  }
},
{
  "model": "auth.permission",
  "pk": 64,
  "fields": {
    "name": "Can add category",
    "codename": "add_category",
    "content_type": 22
  }
},
{
  "model": "auth.permission",
  "pk": 65,
  "fields": {
    "name": "Can change category",
    "codename": "change_category",
    "content_type": 22
  }
},
{
  "model": "auth.permission",
  "pk": 66,
  "fields": {
    "name": "Can delete category",
    "codename": "delete_category",
    "content_type": 22
  }
},
{
  "model": "auth.permission",
  "pk": 67,
  "fields": {
    "name": "Can add permission",
    "codename": "add_permission",
    "content_type": 23
  }
},
{
  "model": "auth.permission",
  "pk": 68,
  "fields": {
    "name": "Can change permission",
    "codename": "change_permission",
    "content_type": 23
  }
},
{
  "model": "auth.permission",
  "pk": 69,
  "fields": {
    "name": "Can delete permission",
    "codename": "delete_permission",
    "content_type": 23
  }
},
{
  "model": "auth.permission",
  "pk": 70,
  "fields": {
    "name": "Can add group",
    "codename": "add_group",
    "content_type": 24
  }
},
{
  "model": "auth.permission",
  "pk": 71,
  "fields": {
    "name": "Can change group",
    "codename": "change_group",
    "content_type": 24
  }
},
{
  "model": "auth.permission",
  "pk": 72,
  "fields": {
    "name": "Can delete group",
    "codename": "delete_group",
    "content_type": 24
  }
},
{
  "model": "auth.permission",
  "pk": 73,
  "fields": {
    "name": "Can add content type",
    "codename": "add_contenttype",
    "content_type": 25
  }
},
{
  "model": "auth.permission",
  "pk": 74,
  "fields": {
    "name": "Can change content type",
    "codename": "change_contenttype",
    "content_type": 25
  }
},
{
  "model": "auth.permission",
  "pk": 75,
  "fields": {
    "name": "Can delete content type",
    "codename": "delete_contenttype",
    "content_type": 25
  }
},
{
  "model": "auth.permission",
  "pk": 76,
  "fields": {
    "name": "Can add tester",
    "codename": "add_tester",
    "content_type": 26
  }
},
{
  "model": "auth.permission",
  "pk": 77,
  "fields": {
    "name": "Can change tester",
    "codename": "change_tester",
    "content_type": 26
  }
},
{
  "model": "auth.permission",
  "pk": 78,
  "fields": {
    "name": "Can delete tester",
    "codename": "delete_tester",
    "content_type": 26
  }
},
{
  "model": "auth.permission",
  "pk": 79,
  "fields": {
    "name": "Can add locale",
    "codename": "add_locale",
    "content_type": 27
  }
},
{
  "model": "auth.permission",
  "pk": 80,
  "fields": {
    "name": "Can change locale",
    "codename": "change_locale",
    "content_type": 27
  }
},
{
  "model": "auth.permission",
  "pk": 81,
  "fields": {
    "name": "Can delete locale",
    "codename": "delete_locale",
    "content_type": 27
  }
},
{
  "model": "auth.permission",
  "pk": 82,
  "fields": {
    "name": "Can add translation",
    "codename": "add_translation",
    "content_type": 28
  }
},
{
  "model": "auth.permission",
  "pk": 83,
  "fields": {
    "name": "Can change translation",
    "codename": "change_translation",
    "content_type": 28
  }
},
{
  "model": "auth.permission",
  "pk": 84,
  "fields": {
    "name": "Can delete translation",
    "codename": "delete_translation",
    "content_type": 28
  }
},
{
  "model": "auth.permission",
  "pk": 85,
  "fields": {
    "name": "Can add ticket status",
    "codename": "add_ticketstatus",
    "content_type": 29
  }
},
{
  "model": "auth.permission",
  "pk": 86,
  "fields": {
    "name": "Can change ticket status",
    "codename": "change_ticketstatus",
    "content_type": 29
  }
},
{
  "model": "auth.permission",
  "pk": 87,
  "fields": {
    "name": "Can delete ticket status",
    "codename": "delete_ticketstatus",
    "content_type": 29
  }
},
{
  "model": "auth.permission",
  "pk": 88,
  "fields": {
    "name": "Can add ticket priority",
    "codename": "add_ticketpriority",
    "content_type": 30
  }
},
{
  "model": "auth.permission",
  "pk": 89,
  "fields": {
    "name": "Can change ticket priority",
    "codename": "change_ticketpriority",
    "content_type": 30
  }
},
{
  "model": "auth.permission",
  "pk": 90,
  "fields": {
    "name": "Can delete ticket priority",
    "codename": "delete_ticketpriority",
    "content_type": 30
  }
},
{
  "model": "auth.permission",
  "pk": 91,
  "fields": {
    "name": "Can add ticket",
    "codename": "add_ticket",
    "content_type": 31
  }
},
{
  "model": "auth.permission",
  "pk": 92,
  "fields": {
    "name": "Can change ticket",
    "codename": "change_ticket",
    "content_type": 31
  }
},
{
  "model": "auth.permission",
  "pk": 93,
  "fields": {
    "name": "Can delete ticket",
    "codename": "delete_ticket",
    "content_type": 31
  }
},
{
  "model": "auth.permission",
  "pk": 94,
  "fields": {
    "name": "Can add ticket activity type",
    "codename": "add_ticketactivitytype",
    "content_type": 32
  }
},
{
  "model": "auth.permission",
  "pk": 95,
  "fields": {
    "name": "Can change ticket activity type",
    "codename": "change_ticketactivitytype",
    "content_type": 32
  }
},
{
  "model": "auth.permission",
  "pk": 96,
  "fields": {
    "name": "Can delete ticket activity type",
    "codename": "delete_ticketactivitytype",
    "content_type": 32
  }
},
{
  "model": "auth.permission",
  "pk": 97,
  "fields": {
    "name": "Can add ticket activity",
    "codename": "add_ticketactivity",
    "content_type": 33
  }
},
{
  "model": "auth.permission",
  "pk": 98,
  "fields": {
    "name": "Can change ticket activity",
    "codename": "change_ticketactivity",
    "content_type": 33
  }
},
{
  "model": "auth.permission",
  "pk": 99,
  "fields": {
    "name": "Can delete ticket activity",
    "codename": "delete_ticketactivity",
    "content_type": 33
  }
},
{
  "model": "auth.permission",
  "pk": 100,
  "fields": {
    "name": "Can add session",
    "codename": "add_session",
    "content_type": 34
  }
},
{
  "model": "auth.permission",
  "pk": 101,
  "fields": {
    "name": "Can change session",
    "codename": "change_session",
    "content_type": 34
  }
},
{
  "model": "auth.permission",
  "pk": 102,
  "fields": {
    "name": "Can delete session",
    "codename": "delete_session",
    "content_type": 34
  }
},
{
  "model": "auth.permission",
  "pk": 103,
  "fields": {
    "name": "Can add state",
    "codename": "add_state",
    "content_type": 35
  }
},
{
  "model": "auth.permission",
  "pk": 104,
  "fields": {
    "name": "Can change state",
    "codename": "change_state",
    "content_type": 35
  }
},
{
  "model": "auth.permission",
  "pk": 105,
  "fields": {
    "name": "Can delete state",
    "codename": "delete_state",
    "content_type": 35
  }
},
{
  "model": "auth.permission",
  "pk": 106,
  "fields": {
    "name": "Can add country",
    "codename": "add_country",
    "content_type": 36
  }
},
{
  "model": "auth.permission",
  "pk": 107,
  "fields": {
    "name": "Can change country",
    "codename": "change_country",
    "content_type": 36
  }
},
{
  "model": "auth.permission",
  "pk": 108,
  "fields": {
    "name": "Can delete country",
    "codename": "delete_country",
    "content_type": 36
  }
},
{
  "model": "auth.permission",
  "pk": 109,
  "fields": {
    "name": "Can add location level",
    "codename": "add_locationlevel",
    "content_type": 37
  }
},
{
  "model": "auth.permission",
  "pk": 110,
  "fields": {
    "name": "Can change location level",
    "codename": "change_locationlevel",
    "content_type": 37
  }
},
{
  "model": "auth.permission",
  "pk": 111,
  "fields": {
    "name": "Can delete location level",
    "codename": "delete_locationlevel",
    "content_type": 37
  }
},
{
  "model": "auth.permission",
  "pk": 112,
  "fields": {
    "name": "Can add location status",
    "codename": "add_locationstatus",
    "content_type": 38
  }
},
{
  "model": "auth.permission",
  "pk": 113,
  "fields": {
    "name": "Can change location status",
    "codename": "change_locationstatus",
    "content_type": 38
  }
},
{
  "model": "auth.permission",
  "pk": 114,
  "fields": {
    "name": "Can delete location status",
    "codename": "delete_locationstatus",
    "content_type": 38
  }
},
{
  "model": "auth.permission",
  "pk": 115,
  "fields": {
    "name": "Can add location type",
    "codename": "add_locationtype",
    "content_type": 39
  }
},
{
  "model": "auth.permission",
  "pk": 116,
  "fields": {
    "name": "Can change location type",
    "codename": "change_locationtype",
    "content_type": 39
  }
},
{
  "model": "auth.permission",
  "pk": 117,
  "fields": {
    "name": "Can delete location type",
    "codename": "delete_locationtype",
    "content_type": 39
  }
},
{
  "model": "auth.permission",
  "pk": 118,
  "fields": {
    "name": "Can add location",
    "codename": "add_location",
    "content_type": 40
  }
},
{
  "model": "auth.permission",
  "pk": 119,
  "fields": {
    "name": "Can change location",
    "codename": "change_location",
    "content_type": 40
  }
},
{
  "model": "auth.permission",
  "pk": 120,
  "fields": {
    "name": "Can delete location",
    "codename": "delete_location",
    "content_type": 40
  }
},
{
  "model": "auth.permission",
  "pk": 121,
  "fields": {
    "name": "Can add third party status",
    "codename": "add_thirdpartystatus",
    "content_type": 41
  }
},
{
  "model": "auth.permission",
  "pk": 122,
  "fields": {
    "name": "Can change third party status",
    "codename": "change_thirdpartystatus",
    "content_type": 41
  }
},
{
  "model": "auth.permission",
  "pk": 123,
  "fields": {
    "name": "Can delete third party status",
    "codename": "delete_thirdpartystatus",
    "content_type": 41
  }
},
{
  "model": "auth.permission",
  "pk": 124,
  "fields": {
    "name": "Can add third party",
    "codename": "add_thirdparty",
    "content_type": 42
  }
},
{
  "model": "auth.permission",
  "pk": 125,
  "fields": {
    "name": "Can change third party",
    "codename": "change_thirdparty",
    "content_type": 42
  }
},
{
  "model": "auth.permission",
  "pk": 126,
  "fields": {
    "name": "Can delete third party",
    "codename": "delete_thirdparty",
    "content_type": 42
  }
},
{
  "model": "auth.permission",
  "pk": 127,
  "fields": {
    "name": "Can add site",
    "codename": "add_site",
    "content_type": 43
  }
},
{
  "model": "auth.permission",
  "pk": 128,
  "fields": {
    "name": "Can change site",
    "codename": "change_site",
    "content_type": 43
  }
},
{
  "model": "auth.permission",
  "pk": 129,
  "fields": {
    "name": "Can delete site",
    "codename": "delete_site",
    "content_type": 43
  }
},
{
  "model": "auth.group",
  "pk": 1,
  "fields": {
    "name": "region-role",
    "permissions": []
  }
},
{
  "model": "auth.group",
  "pk": 2,
  "fields": {
    "name": "district-role",
    "permissions": []
  }
},
{
  "model": "auth.group",
  "pk": 3,
  "fields": {
    "name": "district_lp-role",
    "permissions": []
  }
},
{
  "model": "auth.group",
  "pk": 4,
  "fields": {
    "name": "store-role",
    "permissions": []
  }
},
{
  "model": "auth.group",
  "pk": 5,
  "fields": {
    "name": "department-role",
    "permissions": []
  }
},
{
  "model": "person.person",
  "pk": "30f530c4-ce6c-4724-9cfd-37a16e787001",
  "fields": {
    "locale": null,
    "is_staff": false,
    "modified": "2015-11-17T02:02:09.299Z",
    "password_history": "[\"pbkdf2_sha256$20000$ZNCdSNnQx1v9$9KCS+hiVfEEApca4NeXL2vLnbWRbhu/wjk0NOd2wRWc=\"]",
    "groups": [
      3
    ],
    "date_joined": "2015-11-17T02:02:09.179Z",
    "is_active": true,
    "proxy_user": null,
    "auth_currency": "2c969193-0896-42cd-9531-f42717397248",
    "proxy_start_date": null,
    "is_superuser": false,
    "accept_notify": true,
    "locations": [],
    "created": "2015-11-17T02:02:09.289Z",
    "middle_initial": null,
    "password": "pbkdf2_sha256$20000$h3OgX8TUYUIA$qC5Rjfek0u2oRfrcOSf1UghnhooWaqKL8nXuK0pChrY=",
    "password_one_time": null,
    "user_permissions": [],
    "deleted": null,
    "title": "a",
    "password_expire_date": "2016-02-15",
    "username": "a",
    "proxy_status": null,
    "password_length": null,
    "role": "c0fa81df-4ec8-411b-976c-16214c2d0c18",
    "accept_assign": true,
    "auth_amount": "0.0000",
    "proxy_end_date": null,
    "email": "myemail@mail.com",
    "next_approver": null,
    "last_login": null,
    "last_name": "a",
    "first_name": "a",
    "employee_id": null,
    "fullname": "a a",
    "status": "cb17ccdc-7a2a-44a6-bf8b-da2315854ece",
    "password_change": "2015-11-17T02:02:09.278Z"
  }
},
{
  "model": "person.person",
  "pk": "30f530c4-ce6c-4724-9cfd-37a16e787002",
  "fields": {
    "locale": null,
    "is_staff": true,
    "modified": "2015-11-17T02:02:32.489Z",
    "password_history": "[\"pbkdf2_sha256$20000$uwbxnYX5xEgG$eYdspzT3jcLFQl1eOO4gfpU4A3tUP67HZKi8S/4czBQ=\"]",
    "groups": [
      5
    ],
    "date_joined": "2015-11-17T02:02:09.308Z",
    "is_active": true,
    "proxy_user": null,
    "auth_currency": "2c969193-0896-42cd-9531-f42717397248",
    "proxy_start_date": null,
    "is_superuser": true,
    "accept_notify": true,
    "locations": [],
    "created": "2015-11-17T02:02:09.415Z",
    "middle_initial": null,
    "password": "pbkdf2_sha256$20000$pzRG9Mxkp6KW$Lm3ZZChOJ3gFwiHmDCo7dKwX37M+X1GN09l68xGrBJI=",
    "password_one_time": null,
    "user_permissions": [],
    "deleted": null,
    "title": "aaron",
    "password_expire_date": "2016-02-15",
    "username": "aaron",
    "proxy_status": null,
    "password_length": null,
    "role": "37f2a324-a915-4fbb-ac76-8ca7417583be",
    "accept_assign": true,
    "auth_amount": "0.0000",
    "proxy_end_date": null,
    "email": "myemail@mail.com",
    "next_approver": null,
    "last_login": null,
    "last_name": "aaron",
    "first_name": "aaron",
    "employee_id": null,
    "fullname": "aaron aaron",
    "status": "cb17ccdc-7a2a-44a6-bf8b-da2315854ece",
    "password_change": "2015-11-17T02:02:09.410Z"
  }
},
{
  "model": "person.person",
  "pk": "30f530c4-ce6c-4724-9cfd-37a16e787003",
  "fields": {
    "locale": null,
    "is_staff": false,
    "modified": "2015-11-17T02:02:09.557Z",
    "password_history": "[\"pbkdf2_sha256$20000$h19YD3D5CfIc$wzm2PohEPGC5m4FfP64Y9cpcJX0IyjhE8f6Nm91zGjQ=\"]",
    "groups": [
      4
    ],
    "date_joined": "2015-11-17T02:02:09.435Z",
    "is_active": true,
    "proxy_user": null,
    "auth_currency": "2c969193-0896-42cd-9531-f42717397248",
    "proxy_start_date": null,
    "is_superuser": false,
    "accept_notify": true,
    "locations": [
      "7ea4a317-58c4-46b4-8c4e-b436aa5ece37",
      "c0ae2dc8-59c1-4103-8625-f2a3c1d318ae",
      "1673e4aa-7892-484d-9921-7ecfb4f6f2f7",
      "a3a0e48a-d9dd-445d-8fbf-c60c1d5b2c76"
    ],
    "created": "2015-11-17T02:02:09.538Z",
    "middle_initial": null,
    "password": "pbkdf2_sha256$20000$EMnUJcMo4ZrR$dbICCbtN3YGAxQXmdSm6ff4bq6/ppqfbwYNQgi687ug=",
    "password_one_time": null,
    "user_permissions": [],
    "deleted": null,
    "title": "ac",
    "password_expire_date": "2016-02-15",
    "username": "ac",
    "proxy_status": null,
    "password_length": null,
    "role": "c3de8bbb-313c-4804-bc6d-348e571e89cf",
    "accept_assign": true,
    "auth_amount": "0.0000",
    "proxy_end_date": null,
    "email": "myemail@mail.com",
    "next_approver": null,
    "last_login": null,
    "last_name": "ac",
    "first_name": "ac",
    "employee_id": null,
    "fullname": "ac ac",
    "status": "cb17ccdc-7a2a-44a6-bf8b-da2315854ece",
    "password_change": "2015-11-17T02:02:09.532Z"
  }
},
{
  "model": "person.person",
  "pk": "30f530c4-ce6c-4724-9cfd-37a16e787004",
  "fields": {
    "locale": null,
    "is_staff": false,
    "modified": "2015-11-17T02:02:09.685Z",
    "password_history": "[\"pbkdf2_sha256$20000$2DA7Hvyy9Scv$J9qv59p2CRUHcKX4rP1bguSyqvCW0DoN3FKjwHYVAHg=\"]",
    "groups": [
      3
    ],
    "date_joined": "2015-11-17T02:02:09.567Z",
    "is_active": true,
    "proxy_user": null,
    "auth_currency": "2c969193-0896-42cd-9531-f42717397248",
    "proxy_start_date": null,
    "is_superuser": false,
    "accept_notify": true,
    "locations": [],
    "created": "2015-11-17T02:02:09.676Z",
    "middle_initial": null,
    "password": "pbkdf2_sha256$20000$5Tt9RLqnbdX8$Y2WQEj0gZtAG45FdvzXW1x8vhHhyPdSnL3U2XA3pZbk=",
    "password_one_time": null,
    "user_permissions": [],
    "deleted": null,
    "title": "accumsan",
    "password_expire_date": "2016-02-15",
    "username": "accumsan",
    "proxy_status": null,
    "password_length": null,
    "role": "c0fa81df-4ec8-411b-976c-16214c2d0c18",
    "accept_assign": true,
    "auth_amount": "0.0000",
    "proxy_end_date": null,
    "email": "myemail@mail.com",
    "next_approver": null,
    "last_login": null,
    "last_name": "accumsan",
    "first_name": "accumsan",
    "employee_id": null,
    "fullname": "accumsan accumsan",
    "status": "cb17ccdc-7a2a-44a6-bf8b-da2315854ece",
    "password_change": "2015-11-17T02:02:09.671Z"
  }
},
{
  "model": "person.person",
  "pk": "30f530c4-ce6c-4724-9cfd-37a16e787005",
  "fields": {
    "locale": null,
    "is_staff": false,
    "modified": "2015-11-17T02:02:09.813Z",
    "password_history": "[\"pbkdf2_sha256$20000$pYc1zh6Bmxdq$4H3MukbaWfnuRjlfCQTnBJzh02iPbXcJ9M2IYnVRIZc=\"]",
    "groups": [
      2
    ],
    "date_joined": "2015-11-17T02:02:09.694Z",
    "is_active": true,
    "proxy_user": null,
    "auth_currency": "2c969193-0896-42cd-9531-f42717397248",
    "proxy_start_date": null,
    "is_superuser": false,
    "accept_notify": true,
    "locations": [
      "b3e6def7-a2e2-423e-a2ac-01428de880ce",
      "e50c05af-ecaf-4f47-8c96-fb2ae73c772d",
      "bbd7faa8-e943-4bee-bac2-2f524dce47c4",
      "543660bd-cb86-47b8-9f21-77b9a71e7e37"
    ],
    "created": "2015-11-17T02:02:09.797Z",
    "middle_initial": null,
    "password": "pbkdf2_sha256$20000$7PvZZlAMCMtA$9bjlMMECSMnxfucwNY7Tgr5jDlZKK7uhNJni71DZ8vs=",
    "password_one_time": null,
    "user_permissions": [],
    "deleted": null,
    "title": "ad",
    "password_expire_date": "2016-02-15",
    "username": "ad",
    "proxy_status": null,
    "password_length": null,
    "role": "3d5185b0-71ce-4e78-a12e-4ab909d739c6",
    "accept_assign": true,
    "auth_amount": "0.0000",
    "proxy_end_date": null,
    "email": "myemail@mail.com",
    "next_approver": null,
    "last_login": null,
    "last_name": "ad",
    "first_name": "ad",
    "employee_id": null,
    "fullname": "ad ad",
    "status": "cb17ccdc-7a2a-44a6-bf8b-da2315854ece",
    "password_change": "2015-11-17T02:02:09.791Z"
  }
},
{
  "model": "person.person",
  "pk": "30f530c4-ce6c-4724-9cfd-37a16e787006",
  "fields": {
    "locale": null,
    "is_staff": false,
    "modified": "2015-11-17T02:02:09.942Z",
    "password_history": "[\"pbkdf2_sha256$20000$tP8xTCib0hQG$5C0oDNj88LGIgB3KUasWavqA7mFW81dYeMVb2jbC3sc=\"]",
    "groups": [
      1
    ],
    "date_joined": "2015-11-17T02:02:09.822Z",
    "is_active": true,
    "proxy_user": null,
    "auth_currency": "2c969193-0896-42cd-9531-f42717397248",
    "proxy_start_date": null,
    "is_superuser": false,
    "accept_notify": true,
    "locations": [
      "325290eb-106c-4676-a6cf-6a6692b622bf",
      "c9a01be4-30b5-4a11-a8f2-f22a79344ec4"
    ],
    "created": "2015-11-17T02:02:09.928Z",
    "middle_initial": null,
    "password": "pbkdf2_sha256$20000$zogm4pT8nO3w$4euW07et22DY8yQLCHrZVk0K45zbKnUEU6F6VNsCSP0=",
    "password_one_time": null,
    "user_permissions": [],
    "deleted": null,
    "title": "adipiscing",
    "password_expire_date": "2016-02-15",
    "username": "adipiscing",
    "proxy_status": null,
    "password_length": null,
    "role": "903cf6be-1af9-453f-a77c-448cca854dde",
    "accept_assign": true,
    "auth_amount": "0.0000",
    "proxy_end_date": null,
    "email": "myemail@mail.com",
    "next_approver": null,
    "last_login": null,
    "last_name": "adipiscing",
    "first_name": "adipiscing",
    "employee_id": null,
    "fullname": "adipiscing adipiscing",
    "status": "cb17ccdc-7a2a-44a6-bf8b-da2315854ece",
    "password_change": "2015-11-17T02:02:09.923Z"
  }
},
{
  "model": "person.person",
  "pk": "30f530c4-ce6c-4724-9cfd-37a16e787007",
  "fields": {
    "locale": null,
    "is_staff": false,
    "modified": "2015-11-17T02:02:10.071Z",
    "password_history": "[\"pbkdf2_sha256$20000$lREWXeoXh2Rm$mDyMbuxkZcTzXCVYNmPhzq8F1taT8wXMNo1AnVOfMmc=\"]",
    "groups": [
      1
    ],
    "date_joined": "2015-11-17T02:02:09.951Z",
    "is_active": true,
    "proxy_user": null,
    "auth_currency": "2c969193-0896-42cd-9531-f42717397248",
    "proxy_start_date": null,
    "is_superuser": false,
    "accept_notify": true,
    "locations": [
      "325290eb-106c-4676-a6cf-6a6692b622bf",
      "c9a01be4-30b5-4a11-a8f2-f22a79344ec4"
    ],
    "created": "2015-11-17T02:02:10.057Z",
    "middle_initial": null,
    "password": "pbkdf2_sha256$20000$lYRxzCWOihJ8$Vg+QAuKxtA1Yr7mIg86Ic4l8ShTfRtvCldr6DA19WoA=",
    "password_one_time": null,
    "user_permissions": [],
    "deleted": null,
    "title": "aenean",
    "password_expire_date": "2016-02-15",
    "username": "aenean",
    "proxy_status": null,
    "password_length": null,
    "role": "903cf6be-1af9-453f-a77c-448cca854dde",
    "accept_assign": true,
    "auth_amount": "0.0000",
    "proxy_end_date": null,
    "email": "myemail@mail.com",
    "next_approver": null,
    "last_login": null,
    "last_name": "aenean",
    "first_name": "aenean",
    "employee_id": null,
    "fullname": "aenean aenean",
    "status": "cb17ccdc-7a2a-44a6-bf8b-da2315854ece",
    "password_change": "2015-11-17T02:02:10.053Z"
  }
},
{
  "model": "person.person",
  "pk": "30f530c4-ce6c-4724-9cfd-37a16e787008",
  "fields": {
    "locale": null,
    "is_staff": false,
    "modified": "2015-11-17T02:02:10.193Z",
    "password_history": "[\"pbkdf2_sha256$20000$V2owJ3AQn37J$ACTVitGBQjRhkYzrxpQE3O9kJJkfz9ubGAP5oB/mrvM=\"]",
    "groups": [
      3
    ],
    "date_joined": "2015-11-17T02:02:10.079Z",
    "is_active": true,
    "proxy_user": null,
    "auth_currency": "2c969193-0896-42cd-9531-f42717397248",
    "proxy_start_date": null,
    "is_superuser": false,
    "accept_notify": true,
    "locations": [],
    "created": "2015-11-17T02:02:10.182Z",
    "middle_initial": null,
    "password": "pbkdf2_sha256$20000$3wKdnpgfv55F$udjU6V9odYFfZPXOXWxaNfd/tQQKoYi7wkuKYiLg6eI=",
    "password_one_time": null,
    "user_permissions": [],
    "deleted": null,
    "title": "aliquam",
    "password_expire_date": "2016-02-15",
    "username": "aliquam",
    "proxy_status": null,
    "password_length": null,
    "role": "c0fa81df-4ec8-411b-976c-16214c2d0c18",
    "accept_assign": true,
    "auth_amount": "0.0000",
    "proxy_end_date": null,
    "email": "myemail@mail.com",
    "next_approver": null,
    "last_login": null,
    "last_name": "aliquam",
    "first_name": "aliquam",
    "employee_id": null,
    "fullname": "aliquam aliquam",
    "status": "cb17ccdc-7a2a-44a6-bf8b-da2315854ece",
    "password_change": "2015-11-17T02:02:10.176Z"
  }
},
{
  "model": "person.person",
  "pk": "30f530c4-ce6c-4724-9cfd-37a16e787009",
  "fields": {
    "locale": null,
    "is_staff": false,
    "modified": "2015-11-17T02:02:10.323Z",
    "password_history": "[\"pbkdf2_sha256$20000$XLfZ29J8w0FP$obAo1zmZD7rnh7AmpKxKrskrqV+NnsRASDjY1tzAbBc=\"]",
    "groups": [
      2
    ],
    "date_joined": "2015-11-17T02:02:10.201Z",
    "is_active": true,
    "proxy_user": null,
    "auth_currency": "2c969193-0896-42cd-9531-f42717397248",
    "proxy_start_date": null,
    "is_superuser": false,
    "accept_notify": true,
    "locations": [
      "b3e6def7-a2e2-423e-a2ac-01428de880ce",
      "e50c05af-ecaf-4f47-8c96-fb2ae73c772d",
      "bbd7faa8-e943-4bee-bac2-2f524dce47c4",
      "543660bd-cb86-47b8-9f21-77b9a71e7e37"
    ],
    "created": "2015-11-17T02:02:10.310Z",
    "middle_initial": null,
    "password": "pbkdf2_sha256$20000$ITN6MFDi0IMe$mCZ7sazuKPCg3/k5fpO/UoZzusuoUHuOVXzPU7+vb9E=",
    "password_one_time": null,
    "user_permissions": [],
    "deleted": null,
    "title": "aliquet",
    "password_expire_date": "2016-02-15",
    "username": "aliquet",
    "proxy_status": null,
    "password_length": null,
    "role": "3d5185b0-71ce-4e78-a12e-4ab909d739c6",
    "accept_assign": true,
    "auth_amount": "0.0000",
    "proxy_end_date": null,
    "email": "myemail@mail.com",
    "next_approver": null,
    "last_login": null,
    "last_name": "aliquet",
    "first_name": "aliquet",
    "employee_id": null,
    "fullname": "aliquet aliquet",
    "status": "cb17ccdc-7a2a-44a6-bf8b-da2315854ece",
    "password_change": "2015-11-17T02:02:10.305Z"
  }
},
{
  "model": "person.person",
  "pk": "30f530c4-ce6c-4724-9cfd-37a16e787010",
  "fields": {
    "locale": null,
    "is_staff": false,
    "modified": "2015-11-17T02:02:10.449Z",
    "password_history": "[\"pbkdf2_sha256$20000$Lx7ujE6skYII$wfFSr5bpPSYmUlIuLFGlD01gp1vjVP3/fqLK2hpSoMs=\"]",
    "groups": [
      4
    ],
    "date_joined": "2015-11-17T02:02:10.332Z",
    "is_active": true,
    "proxy_user": null,
    "auth_currency": "2c969193-0896-42cd-9531-f42717397248",
    "proxy_start_date": null,
    "is_superuser": false,
    "accept_notify": true,
    "locations": [
      "7ea4a317-58c4-46b4-8c4e-b436aa5ece37",
      "c0ae2dc8-59c1-4103-8625-f2a3c1d318ae",
      "1673e4aa-7892-484d-9921-7ecfb4f6f2f7",
      "a3a0e48a-d9dd-445d-8fbf-c60c1d5b2c76"
    ],
    "created": "2015-11-17T02:02:10.434Z",
    "middle_initial": null,
    "password": "pbkdf2_sha256$20000$xAe5x5hU3syR$bwu9TNGmIX/7cCWjhZjxnAjCrD5+nwC43sVBjCbFNz0=",
    "password_one_time": null,
    "user_permissions": [],
    "deleted": null,
    "title": "amet",
    "password_expire_date": "2016-02-15",
    "username": "amet",
    "proxy_status": null,
    "password_length": null,
    "role": "c3de8bbb-313c-4804-bc6d-348e571e89cf",
    "accept_assign": true,
    "auth_amount": "0.0000",
    "proxy_end_date": null,
    "email": "myemail@mail.com",
    "next_approver": null,
    "last_login": null,
    "last_name": "amet",
    "first_name": "amet",
    "employee_id": null,
    "fullname": "amet amet",
    "status": "cb17ccdc-7a2a-44a6-bf8b-da2315854ece",
    "password_change": "2015-11-17T02:02:10.430Z"
  }
},
{
  "model": "person.person",
  "pk": "30f530c4-ce6c-4724-9cfd-37a16e787011",
  "fields": {
    "locale": null,
    "is_staff": false,
    "modified": "2015-11-17T02:02:10.576Z",
    "password_history": "[\"pbkdf2_sha256$20000$CGNlpA6obmMo$sF8ltCHwmoPEN5CJrtitzllYc9JsY3tfkkpn9jHsNPo=\"]",
    "groups": [
      1
    ],
    "date_joined": "2015-11-17T02:02:10.457Z",
    "is_active": true,
    "proxy_user": null,
    "auth_currency": "2c969193-0896-42cd-9531-f42717397248",
    "proxy_start_date": null,
    "is_superuser": false,
    "accept_notify": true,
    "locations": [
      "325290eb-106c-4676-a6cf-6a6692b622bf",
      "c9a01be4-30b5-4a11-a8f2-f22a79344ec4"
    ],
    "created": "2015-11-17T02:02:10.561Z",
    "middle_initial": null,
    "password": "pbkdf2_sha256$20000$Ibnhk50nJPNI$yh5ZTLPB/Dy5nuC5zS5Sj1WSTngvkOnxzZV8rRsRJD0=",
    "password_one_time": null,
    "user_permissions": [],
    "deleted": null,
    "title": "ante",
    "password_expire_date": "2016-02-15",
    "username": "ante",
    "proxy_status": null,
    "password_length": null,
    "role": "903cf6be-1af9-453f-a77c-448cca854dde",
    "accept_assign": true,
    "auth_amount": "0.0000",
    "proxy_end_date": null,
    "email": "myemail@mail.com",
    "next_approver": null,
    "last_login": null,
    "last_name": "ante",
    "first_name": "ante",
    "employee_id": null,
    "fullname": "ante ante",
    "status": "cb17ccdc-7a2a-44a6-bf8b-da2315854ece",
    "password_change": "2015-11-17T02:02:10.556Z"
  }
},
{
  "model": "person.person",
  "pk": "30f530c4-ce6c-4724-9cfd-37a16e787012",
  "fields": {
    "locale": null,
    "is_staff": false,
    "modified": "2015-11-17T02:02:10.695Z",
    "password_history": "[\"pbkdf2_sha256$20000$u1lixZBq68Kn$cmA2eAbwvFNkW+gtPM3+rYx18ysCRfvqbRhbTBenMKw=\"]",
    "groups": [
      5
    ],
    "date_joined": "2015-11-17T02:02:10.584Z",
    "is_active": true,
    "proxy_user": null,
    "auth_currency": "2c969193-0896-42cd-9531-f42717397248",
    "proxy_start_date": null,
    "is_superuser": false,
    "accept_notify": true,
    "locations": [],
    "created": "2015-11-17T02:02:10.686Z",
    "middle_initial": null,
    "password": "pbkdf2_sha256$20000$dLDyi9cHChLl$XVgnVMvPbHI5HS0HvgqznaU0+NJAEF42KendNbcKpuY=",
    "password_one_time": null,
    "user_permissions": [],
    "deleted": null,
    "title": "aptent",
    "password_expire_date": "2016-02-15",
    "username": "aptent",
    "proxy_status": null,
    "password_length": null,
    "role": "37f2a324-a915-4fbb-ac76-8ca7417583be",
    "accept_assign": true,
    "auth_amount": "0.0000",
    "proxy_end_date": null,
    "email": "myemail@mail.com",
    "next_approver": null,
    "last_login": null,
    "last_name": "aptent",
    "first_name": "aptent",
    "employee_id": null,
    "fullname": "aptent aptent",
    "status": "cb17ccdc-7a2a-44a6-bf8b-da2315854ece",
    "password_change": "2015-11-17T02:02:10.681Z"
  }
},
{
  "model": "person.person",
  "pk": "30f530c4-ce6c-4724-9cfd-37a16e787013",
  "fields": {
    "locale": null,
    "is_staff": false,
    "modified": "2015-11-17T02:02:10.821Z",
    "password_history": "[\"pbkdf2_sha256$20000$uNc7dNRZlZU5$rUXTxPBdF0Vtt+SjiyGruFsKgSPq5GgSeQ///fJudm0=\"]",
    "groups": [
      2
    ],
    "date_joined": "2015-11-17T02:02:10.703Z",
    "is_active": true,
    "proxy_user": null,
    "auth_currency": "2c969193-0896-42cd-9531-f42717397248",
    "proxy_start_date": null,
    "is_superuser": false,
    "accept_notify": true,
    "locations": [
      "b3e6def7-a2e2-423e-a2ac-01428de880ce",
      "e50c05af-ecaf-4f47-8c96-fb2ae73c772d",
      "bbd7faa8-e943-4bee-bac2-2f524dce47c4",
      "543660bd-cb86-47b8-9f21-77b9a71e7e37"
    ],
    "created": "2015-11-17T02:02:10.806Z",
    "middle_initial": null,
    "password": "pbkdf2_sha256$20000$ZR7hvE0WGMO6$A5m6ZjXdlp9fP2a/IgWkIyNNULkkGI/9l62cAXJ/mPA=",
    "password_one_time": null,
    "user_permissions": [],
    "deleted": null,
    "title": "arcu",
    "password_expire_date": "2016-02-15",
    "username": "arcu",
    "proxy_status": null,
    "password_length": null,
    "role": "3d5185b0-71ce-4e78-a12e-4ab909d739c6",
    "accept_assign": true,
    "auth_amount": "0.0000",
    "proxy_end_date": null,
    "email": "myemail@mail.com",
    "next_approver": null,
    "last_login": null,
    "last_name": "arcu",
    "first_name": "arcu",
    "employee_id": null,
    "fullname": "arcu arcu",
    "status": "cb17ccdc-7a2a-44a6-bf8b-da2315854ece",
    "password_change": "2015-11-17T02:02:10.802Z"
  }
},
{
  "model": "person.person",
  "pk": "30f530c4-ce6c-4724-9cfd-37a16e787014",
  "fields": {
    "locale": null,
    "is_staff": false,
    "modified": "2015-11-17T02:02:10.947Z",
    "password_history": "[\"pbkdf2_sha256$20000$wDosZiOJY2qJ$+Ov/mXLLB8RCTGOn0/bPAN4z9wzdcz1HPshUWKkjtf8=\"]",
    "groups": [
      2
    ],
    "date_joined": "2015-11-17T02:02:10.829Z",
    "is_active": true,
    "proxy_user": null,
    "auth_currency": "2c969193-0896-42cd-9531-f42717397248",
    "proxy_start_date": null,
    "is_superuser": false,
    "accept_notify": true,
    "locations": [
      "b3e6def7-a2e2-423e-a2ac-01428de880ce",
      "e50c05af-ecaf-4f47-8c96-fb2ae73c772d",
      "bbd7faa8-e943-4bee-bac2-2f524dce47c4",
      "543660bd-cb86-47b8-9f21-77b9a71e7e37"
    ],
    "created": "2015-11-17T02:02:10.933Z",
    "middle_initial": null,
    "password": "pbkdf2_sha256$20000$XOMNck5A3Zsf$ST009uenDTQzJGXe/ve0AsM31ouYwr67YFdVnH2fd0I=",
    "password_one_time": null,
    "user_permissions": [],
    "deleted": null,
    "title": "at",
    "password_expire_date": "2016-02-15",
    "username": "at",
    "proxy_status": null,
    "password_length": null,
    "role": "3d5185b0-71ce-4e78-a12e-4ab909d739c6",
    "accept_assign": true,
    "auth_amount": "0.0000",
    "proxy_end_date": null,
    "email": "myemail@mail.com",
    "next_approver": null,
    "last_login": null,
    "last_name": "at",
    "first_name": "at",
    "employee_id": null,
    "fullname": "at at",
    "status": "cb17ccdc-7a2a-44a6-bf8b-da2315854ece",
    "password_change": "2015-11-17T02:02:10.928Z"
  }
},
{
  "model": "person.person",
  "pk": "30f530c4-ce6c-4724-9cfd-37a16e787015",
  "fields": {
    "locale": null,
    "is_staff": false,
    "modified": "2015-11-17T02:02:11.074Z",
    "password_history": "[\"pbkdf2_sha256$20000$elVaAyPFiYDJ$WEpezFW45vfsjwJE0nk9ok0of4Gvh5KpIuADaLMnCFM=\"]",
    "groups": [
      1
    ],
    "date_joined": "2015-11-17T02:02:10.955Z",
    "is_active": true,
    "proxy_user": null,
    "auth_currency": "2c969193-0896-42cd-9531-f42717397248",
    "proxy_start_date": null,
    "is_superuser": false,
    "accept_notify": true,
    "locations": [
      "325290eb-106c-4676-a6cf-6a6692b622bf",
      "c9a01be4-30b5-4a11-a8f2-f22a79344ec4"
    ],
    "created": "2015-11-17T02:02:11.061Z",
    "middle_initial": null,
    "password": "pbkdf2_sha256$20000$q7oXMpYO1E0u$KH8aDSI231qZUTyUxowrjHQiRTp9FZSyFMmxfZIShro=",
    "password_one_time": null,
    "user_permissions": [],
    "deleted": null,
    "title": "auctor",
    "password_expire_date": "2016-02-15",
    "username": "auctor",
    "proxy_status": null,
    "password_length": null,
    "role": "903cf6be-1af9-453f-a77c-448cca854dde",
    "accept_assign": true,
    "auth_amount": "0.0000",
    "proxy_end_date": null,
    "email": "myemail@mail.com",
    "next_approver": null,
    "last_login": null,
    "last_name": "auctor",
    "first_name": "auctor",
    "employee_id": null,
    "fullname": "auctor auctor",
    "status": "cb17ccdc-7a2a-44a6-bf8b-da2315854ece",
    "password_change": "2015-11-17T02:02:11.056Z"
  }
},
{
  "model": "person.person",
  "pk": "30f530c4-ce6c-4724-9cfd-37a16e787016",
  "fields": {
    "locale": null,
    "is_staff": false,
    "modified": "2015-11-17T02:02:11.198Z",
    "password_history": "[\"pbkdf2_sha256$20000$a7Vv3jNkWj6i$FeyGIeq7pQKKY5BvekxIiZZUIGsAxSsuy/xEx14uzRE=\"]",
    "groups": [
      1
    ],
    "date_joined": "2015-11-17T02:02:11.082Z",
    "is_active": true,
    "proxy_user": null,
    "auth_currency": "2c969193-0896-42cd-9531-f42717397248",
    "proxy_start_date": null,
    "is_superuser": false,
    "accept_notify": true,
    "locations": [
      "325290eb-106c-4676-a6cf-6a6692b622bf",
      "c9a01be4-30b5-4a11-a8f2-f22a79344ec4"
    ],
    "created": "2015-11-17T02:02:11.185Z",
    "middle_initial": null,
    "password": "pbkdf2_sha256$20000$6RZqBx7UAhZb$QLg/VMWC+eLjISWNfRccXrf6wc3j3NWjaURiDWBKSGg=",
    "password_one_time": null,
    "user_permissions": [],
    "deleted": null,
    "title": "augue",
    "password_expire_date": "2016-02-15",
    "username": "augue",
    "proxy_status": null,
    "password_length": null,
    "role": "903cf6be-1af9-453f-a77c-448cca854dde",
    "accept_assign": true,
    "auth_amount": "0.0000",
    "proxy_end_date": null,
    "email": "myemail@mail.com",
    "next_approver": null,
    "last_login": null,
    "last_name": "augue",
    "first_name": "augue",
    "employee_id": null,
    "fullname": "augue augue",
    "status": "cb17ccdc-7a2a-44a6-bf8b-da2315854ece",
    "password_change": "2015-11-17T02:02:11.180Z"
  }
},
{
  "model": "person.person",
  "pk": "30f530c4-ce6c-4724-9cfd-37a16e787017",
  "fields": {
    "locale": null,
    "is_staff": false,
    "modified": "2015-11-17T02:02:11.332Z",
    "password_history": "[\"pbkdf2_sha256$20000$ZHYdEkgWCpKK$ZIr4byKJMR5GYZq2T+RUrDNlJlcSdKNhPSFagCH/peo=\"]",
    "groups": [
      1
    ],
    "date_joined": "2015-11-17T02:02:11.209Z",
    "is_active": true,
    "proxy_user": null,
    "auth_currency": "2c969193-0896-42cd-9531-f42717397248",
    "proxy_start_date": null,
    "is_superuser": false,
    "accept_notify": true,
    "locations": [
      "325290eb-106c-4676-a6cf-6a6692b622bf",
      "c9a01be4-30b5-4a11-a8f2-f22a79344ec4"
    ],
    "created": "2015-11-17T02:02:11.319Z",
    "middle_initial": null,
    "password": "pbkdf2_sha256$20000$0VuBAUW8sGLI$KySBnnxlpXkItkybed2C0JnAW6LN5bXXxkWK3D8+ws8=",
    "password_one_time": null,
    "user_permissions": [],
    "deleted": null,
    "title": "bibendum",
    "password_expire_date": "2016-02-15",
    "username": "bibendum",
    "proxy_status": null,
    "password_length": null,
    "role": "903cf6be-1af9-453f-a77c-448cca854dde",
    "accept_assign": true,
    "auth_amount": "0.0000",
    "proxy_end_date": null,
    "email": "myemail@mail.com",
    "next_approver": null,
    "last_login": null,
    "last_name": "bibendum",
    "first_name": "bibendum",
    "employee_id": null,
    "fullname": "bibendum bibendum",
    "status": "cb17ccdc-7a2a-44a6-bf8b-da2315854ece",
    "password_change": "2015-11-17T02:02:11.315Z"
  }
},
{
  "model": "person.person",
  "pk": "30f530c4-ce6c-4724-9cfd-37a16e787018",
  "fields": {
    "locale": null,
    "is_staff": false,
    "modified": "2015-11-17T02:02:11.458Z",
    "password_history": "[\"pbkdf2_sha256$20000$UhGv0xd634c3$xfPgCS437Pas82dzsPqk7mByy/nJhpJ0c1y+1OzJKy0=\"]",
    "groups": [
      4
    ],
    "date_joined": "2015-11-17T02:02:11.340Z",
    "is_active": true,
    "proxy_user": null,
    "auth_currency": "2c969193-0896-42cd-9531-f42717397248",
    "proxy_start_date": null,
    "is_superuser": false,
    "accept_notify": true,
    "locations": [
      "7ea4a317-58c4-46b4-8c4e-b436aa5ece37",
      "c0ae2dc8-59c1-4103-8625-f2a3c1d318ae",
      "1673e4aa-7892-484d-9921-7ecfb4f6f2f7",
      "a3a0e48a-d9dd-445d-8fbf-c60c1d5b2c76"
    ],
    "created": "2015-11-17T02:02:11.443Z",
    "middle_initial": null,
    "password": "pbkdf2_sha256$20000$A4QXo9W3aKOT$SOYsMAUvtXONVbnLbqH3bYVLvwVzut0ZjjMUVkbXa+o=",
    "password_one_time": null,
    "user_permissions": [],
    "deleted": null,
    "title": "blandit",
    "password_expire_date": "2016-02-15",
    "username": "blandit",
    "proxy_status": null,
    "password_length": null,
    "role": "c3de8bbb-313c-4804-bc6d-348e571e89cf",
    "accept_assign": true,
    "auth_amount": "0.0000",
    "proxy_end_date": null,
    "email": "myemail@mail.com",
    "next_approver": null,
    "last_login": null,
    "last_name": "blandit",
    "first_name": "blandit",
    "employee_id": null,
    "fullname": "blandit blandit",
    "status": "cb17ccdc-7a2a-44a6-bf8b-da2315854ece",
    "password_change": "2015-11-17T02:02:11.439Z"
  }
},
{
  "model": "person.person",
  "pk": "30f530c4-ce6c-4724-9cfd-37a16e787019",
  "fields": {
    "locale": null,
    "is_staff": false,
    "modified": "2015-11-17T02:02:11.583Z",
    "password_history": "[\"pbkdf2_sha256$20000$5EicquygPFmF$xuicHgF6xdGWE9qQsosYSNKiCpBLvY04Oj4S9N9yyBY=\"]",
    "groups": [
      3
    ],
    "date_joined": "2015-11-17T02:02:11.466Z",
    "is_active": true,
    "proxy_user": null,
    "auth_currency": "2c969193-0896-42cd-9531-f42717397248",
    "proxy_start_date": null,
    "is_superuser": false,
    "accept_notify": true,
    "locations": [],
    "created": "2015-11-17T02:02:11.573Z",
    "middle_initial": null,
    "password": "pbkdf2_sha256$20000$QgJT9zd26cuH$SInsHsS+rHr1ZwowAzdz1kMehi8IHX+6p6Z0pyhOwOQ=",
    "password_one_time": null,
    "user_permissions": [],
    "deleted": null,
    "title": "class",
    "password_expire_date": "2016-02-15",
    "username": "class",
    "proxy_status": null,
    "password_length": null,
    "role": "c0fa81df-4ec8-411b-976c-16214c2d0c18",
    "accept_assign": true,
    "auth_amount": "0.0000",
    "proxy_end_date": null,
    "email": "myemail@mail.com",
    "next_approver": null,
    "last_login": null,
    "last_name": "class",
    "first_name": "class",
    "employee_id": null,
    "fullname": "class class",
    "status": "cb17ccdc-7a2a-44a6-bf8b-da2315854ece",
    "password_change": "2015-11-17T02:02:11.568Z"
  }
},
{
  "model": "person.person",
  "pk": "30f530c4-ce6c-4724-9cfd-37a16e787020",
  "fields": {
    "locale": null,
    "is_staff": false,
    "modified": "2015-11-17T02:02:11.709Z",
    "password_history": "[\"pbkdf2_sha256$20000$IO5sOeAwi33K$0tmFvSmPJJsnxE1fUrny8+e0qmhDUj1Sl25nZY4ylNQ=\"]",
    "groups": [
      1
    ],
    "date_joined": "2015-11-17T02:02:11.591Z",
    "is_active": true,
    "proxy_user": null,
    "auth_currency": "2c969193-0896-42cd-9531-f42717397248",
    "proxy_start_date": null,
    "is_superuser": false,
    "accept_notify": true,
    "locations": [
      "325290eb-106c-4676-a6cf-6a6692b622bf",
      "c9a01be4-30b5-4a11-a8f2-f22a79344ec4"
    ],
    "created": "2015-11-17T02:02:11.696Z",
    "middle_initial": null,
    "password": "pbkdf2_sha256$20000$oxIfiaIhmaVG$SvqXO3QMRtes5nfDaKRi4Zlt6nZwflBnME4KTlTYR3w=",
    "password_one_time": null,
    "user_permissions": [],
    "deleted": null,
    "title": "commodo",
    "password_expire_date": "2016-02-15",
    "username": "commodo",
    "proxy_status": null,
    "password_length": null,
    "role": "903cf6be-1af9-453f-a77c-448cca854dde",
    "accept_assign": true,
    "auth_amount": "0.0000",
    "proxy_end_date": null,
    "email": "myemail@mail.com",
    "next_approver": null,
    "last_login": null,
    "last_name": "commodo",
    "first_name": "commodo",
    "employee_id": null,
    "fullname": "commodo commodo",
    "status": "cb17ccdc-7a2a-44a6-bf8b-da2315854ece",
    "password_change": "2015-11-17T02:02:11.692Z"
  }
},
{
  "model": "person.person",
  "pk": "30f530c4-ce6c-4724-9cfd-37a16e787021",
  "fields": {
    "locale": null,
    "is_staff": false,
    "modified": "2015-11-17T02:02:11.835Z",
    "password_history": "[\"pbkdf2_sha256$20000$3F6eTFdbpXJz$9olhFewMpjeh/kbDVEGY0lFrC4Swd0g0FtEN2SEEw5c=\"]",
    "groups": [
      4
    ],
    "date_joined": "2015-11-17T02:02:11.718Z",
    "is_active": true,
    "proxy_user": null,
    "auth_currency": "2c969193-0896-42cd-9531-f42717397248",
    "proxy_start_date": null,
    "is_superuser": false,
    "accept_notify": true,
    "locations": [
      "7ea4a317-58c4-46b4-8c4e-b436aa5ece37",
      "c0ae2dc8-59c1-4103-8625-f2a3c1d318ae",
      "1673e4aa-7892-484d-9921-7ecfb4f6f2f7",
      "a3a0e48a-d9dd-445d-8fbf-c60c1d5b2c76"
    ],
    "created": "2015-11-17T02:02:11.820Z",
    "middle_initial": null,
    "password": "pbkdf2_sha256$20000$m6UBaciVcZ1x$xSHCAT9qeate/x3W9XCy5y0PDERxC6IqhpKTDFw6zFY=",
    "password_one_time": null,
    "user_permissions": [],
    "deleted": null,
    "title": "condimentum",
    "password_expire_date": "2016-02-15",
    "username": "condimentum",
    "proxy_status": null,
    "password_length": null,
    "role": "c3de8bbb-313c-4804-bc6d-348e571e89cf",
    "accept_assign": true,
    "auth_amount": "0.0000",
    "proxy_end_date": null,
    "email": "myemail@mail.com",
    "next_approver": null,
    "last_login": null,
    "last_name": "condimentum",
    "first_name": "condimentum",
    "employee_id": null,
    "fullname": "condimentum condimentum",
    "status": "cb17ccdc-7a2a-44a6-bf8b-da2315854ece",
    "password_change": "2015-11-17T02:02:11.815Z"
  }
},
{
  "model": "person.person",
  "pk": "30f530c4-ce6c-4724-9cfd-37a16e787022",
  "fields": {
    "locale": null,
    "is_staff": false,
    "modified": "2015-11-17T02:02:11.963Z",
    "password_history": "[\"pbkdf2_sha256$20000$laQZdFJSUiA0$BXoaC96V52mUXbHasZ+wrqGIZ2Ry1iLu1CwwcDY+b2s=\"]",
    "groups": [
      4
    ],
    "date_joined": "2015-11-17T02:02:11.843Z",
    "is_active": true,
    "proxy_user": null,
    "auth_currency": "2c969193-0896-42cd-9531-f42717397248",
    "proxy_start_date": null,
    "is_superuser": false,
    "accept_notify": true,
    "locations": [
      "7ea4a317-58c4-46b4-8c4e-b436aa5ece37",
      "c0ae2dc8-59c1-4103-8625-f2a3c1d318ae",
      "1673e4aa-7892-484d-9921-7ecfb4f6f2f7",
      "a3a0e48a-d9dd-445d-8fbf-c60c1d5b2c76"
    ],
    "created": "2015-11-17T02:02:11.947Z",
    "middle_initial": null,
    "password": "pbkdf2_sha256$20000$CYKhF8joNeV5$vPRVWB6yGmTxP46Ah5RQdgLhNE5F7hsgZuHkWV3QR4Y=",
    "password_one_time": null,
    "user_permissions": [],
    "deleted": null,
    "title": "congue",
    "password_expire_date": "2016-02-15",
    "username": "congue",
    "proxy_status": null,
    "password_length": null,
    "role": "c3de8bbb-313c-4804-bc6d-348e571e89cf",
    "accept_assign": true,
    "auth_amount": "0.0000",
    "proxy_end_date": null,
    "email": "myemail@mail.com",
    "next_approver": null,
    "last_login": null,
    "last_name": "congue",
    "first_name": "congue",
    "employee_id": null,
    "fullname": "congue congue",
    "status": "cb17ccdc-7a2a-44a6-bf8b-da2315854ece",
    "password_change": "2015-11-17T02:02:11.943Z"
  }
},
{
  "model": "person.person",
  "pk": "30f530c4-ce6c-4724-9cfd-37a16e787023",
  "fields": {
    "locale": null,
    "is_staff": false,
    "modified": "2015-11-17T02:02:12.093Z",
    "password_history": "[\"pbkdf2_sha256$20000$fp1Q8Wn9CRtw$8h+ZELYK+Sk9MjJnKO6hel90W3P245CBkLhbfIOcfA0=\"]",
    "groups": [
      4
    ],
    "date_joined": "2015-11-17T02:02:11.971Z",
    "is_active": true,
    "proxy_user": null,
    "auth_currency": "2c969193-0896-42cd-9531-f42717397248",
    "proxy_start_date": null,
    "is_superuser": false,
    "accept_notify": true,
    "locations": [
      "7ea4a317-58c4-46b4-8c4e-b436aa5ece37",
      "c0ae2dc8-59c1-4103-8625-f2a3c1d318ae",
      "1673e4aa-7892-484d-9921-7ecfb4f6f2f7",
      "a3a0e48a-d9dd-445d-8fbf-c60c1d5b2c76"
    ],
    "created": "2015-11-17T02:02:12.078Z",
    "middle_initial": null,
    "password": "pbkdf2_sha256$20000$HJp9JegURCJW$4hfvbjfA+k4I6XFZZFtG2hJd/JEt+oPttByYuwaQmkY=",
    "password_one_time": null,
    "user_permissions": [],
    "deleted": null,
    "title": "consectetuer",
    "password_expire_date": "2016-02-15",
    "username": "consectetuer",
    "proxy_status": null,
    "password_length": null,
    "role": "c3de8bbb-313c-4804-bc6d-348e571e89cf",
    "accept_assign": true,
    "auth_amount": "0.0000",
    "proxy_end_date": null,
    "email": "myemail@mail.com",
    "next_approver": null,
    "last_login": null,
    "last_name": "consectetuer",
    "first_name": "consectetuer",
    "employee_id": null,
    "fullname": "consectetuer consectetuer",
    "status": "cb17ccdc-7a2a-44a6-bf8b-da2315854ece",
    "password_change": "2015-11-17T02:02:12.074Z"
  }
},
{
  "model": "person.person",
  "pk": "30f530c4-ce6c-4724-9cfd-37a16e787024",
  "fields": {
    "locale": null,
    "is_staff": false,
    "modified": "2015-11-17T02:02:12.222Z",
    "password_history": "[\"pbkdf2_sha256$20000$LnKgtYZRz8Ih$wbmdKfBGCKr9oJu+3lVbpjD7TdDmWIwPli8FuT+5aAk=\"]",
    "groups": [
      1
    ],
    "date_joined": "2015-11-17T02:02:12.101Z",
    "is_active": true,
    "proxy_user": null,
    "auth_currency": "2c969193-0896-42cd-9531-f42717397248",
    "proxy_start_date": null,
    "is_superuser": false,
    "accept_notify": true,
    "locations": [
      "325290eb-106c-4676-a6cf-6a6692b622bf",
      "c9a01be4-30b5-4a11-a8f2-f22a79344ec4"
    ],
    "created": "2015-11-17T02:02:12.209Z",
    "middle_initial": null,
    "password": "pbkdf2_sha256$20000$G17SKnzubwKV$KzqrKgNjmJBzyIQuwxlQVxb9+tm2dj56KxQ7IG4mddU=",
    "password_one_time": null,
    "user_permissions": [],
    "deleted": null,
    "title": "consequat",
    "password_expire_date": "2016-02-15",
    "username": "consequat",
    "proxy_status": null,
    "password_length": null,
    "role": "903cf6be-1af9-453f-a77c-448cca854dde",
    "accept_assign": true,
    "auth_amount": "0.0000",
    "proxy_end_date": null,
    "email": "myemail@mail.com",
    "next_approver": null,
    "last_login": null,
    "last_name": "consequat",
    "first_name": "consequat",
    "employee_id": null,
    "fullname": "consequat consequat",
    "status": "cb17ccdc-7a2a-44a6-bf8b-da2315854ece",
    "password_change": "2015-11-17T02:02:12.205Z"
  }
},
{
  "model": "person.person",
  "pk": "30f530c4-ce6c-4724-9cfd-37a16e787025",
  "fields": {
    "locale": null,
    "is_staff": false,
    "modified": "2015-11-17T02:02:12.350Z",
    "password_history": "[\"pbkdf2_sha256$20000$MW9Ua7LpnQxk$u/FDJkh1/eL8b3fSTwuI28Q4eNtPCUxg2P3o5bXqblo=\"]",
    "groups": [
      1
    ],
    "date_joined": "2015-11-17T02:02:12.231Z",
    "is_active": true,
    "proxy_user": null,
    "auth_currency": "2c969193-0896-42cd-9531-f42717397248",
    "proxy_start_date": null,
    "is_superuser": false,
    "accept_notify": true,
    "locations": [
      "325290eb-106c-4676-a6cf-6a6692b622bf",
      "c9a01be4-30b5-4a11-a8f2-f22a79344ec4"
    ],
    "created": "2015-11-17T02:02:12.336Z",
    "middle_initial": null,
    "password": "pbkdf2_sha256$20000$XYyU6PTff1oK$I0Z447OJu1NiTcAnF4QqwGNpRul052BQpBOxIaFQbjU=",
    "password_one_time": null,
    "user_permissions": [],
    "deleted": null,
    "title": "conubia",
    "password_expire_date": "2016-02-15",
    "username": "conubia",
    "proxy_status": null,
    "password_length": null,
    "role": "903cf6be-1af9-453f-a77c-448cca854dde",
    "accept_assign": true,
    "auth_amount": "0.0000",
    "proxy_end_date": null,
    "email": "myemail@mail.com",
    "next_approver": null,
    "last_login": null,
    "last_name": "conubia",
    "first_name": "conubia",
    "employee_id": null,
    "fullname": "conubia conubia",
    "status": "cb17ccdc-7a2a-44a6-bf8b-da2315854ece",
    "password_change": "2015-11-17T02:02:12.331Z"
  }
},
{
  "model": "person.person",
  "pk": "30f530c4-ce6c-4724-9cfd-37a16e787026",
  "fields": {
    "locale": null,
    "is_staff": false,
    "modified": "2015-11-17T02:02:12.478Z",
    "password_history": "[\"pbkdf2_sha256$20000$w3unO9b5ze07$vRVZ01Y+IGlqF1cLK6dHRH9455cptaSZqYdvk1FEre8=\"]",
    "groups": [
      2
    ],
    "date_joined": "2015-11-17T02:02:12.358Z",
    "is_active": true,
    "proxy_user": null,
    "auth_currency": "2c969193-0896-42cd-9531-f42717397248",
    "proxy_start_date": null,
    "is_superuser": false,
    "accept_notify": true,
    "locations": [
      "b3e6def7-a2e2-423e-a2ac-01428de880ce",
      "e50c05af-ecaf-4f47-8c96-fb2ae73c772d",
      "bbd7faa8-e943-4bee-bac2-2f524dce47c4",
      "543660bd-cb86-47b8-9f21-77b9a71e7e37"
    ],
    "created": "2015-11-17T02:02:12.462Z",
    "middle_initial": null,
    "password": "pbkdf2_sha256$20000$RDioERDgVSxx$4PDi3KCTdNGRNg/QigsToTyYAsdnRFkA3DzzQBD3PTc=",
    "password_one_time": null,
    "user_permissions": [],
    "deleted": null,
    "title": "convallis",
    "password_expire_date": "2016-02-15",
    "username": "convallis",
    "proxy_status": null,
    "password_length": null,
    "role": "3d5185b0-71ce-4e78-a12e-4ab909d739c6",
    "accept_assign": true,
    "auth_amount": "0.0000",
    "proxy_end_date": null,
    "email": "myemail@mail.com",
    "next_approver": null,
    "last_login": null,
    "last_name": "convallis",
    "first_name": "convallis",
    "employee_id": null,
    "fullname": "convallis convallis",
    "status": "cb17ccdc-7a2a-44a6-bf8b-da2315854ece",
    "password_change": "2015-11-17T02:02:12.457Z"
  }
},
{
  "model": "person.person",
  "pk": "30f530c4-ce6c-4724-9cfd-37a16e787027",
  "fields": {
    "locale": null,
    "is_staff": false,
    "modified": "2015-11-17T02:02:12.605Z",
    "password_history": "[\"pbkdf2_sha256$20000$NIc29j3Kwwt3$IL3yV5ZWiOTX8vLDUs0GMmakanrygeij6M+6EJHvhys=\"]",
    "groups": [
      2
    ],
    "date_joined": "2015-11-17T02:02:12.486Z",
    "is_active": true,
    "proxy_user": null,
    "auth_currency": "2c969193-0896-42cd-9531-f42717397248",
    "proxy_start_date": null,
    "is_superuser": false,
    "accept_notify": true,
    "locations": [
      "b3e6def7-a2e2-423e-a2ac-01428de880ce",
      "e50c05af-ecaf-4f47-8c96-fb2ae73c772d",
      "bbd7faa8-e943-4bee-bac2-2f524dce47c4",
      "543660bd-cb86-47b8-9f21-77b9a71e7e37"
    ],
    "created": "2015-11-17T02:02:12.590Z",
    "middle_initial": null,
    "password": "pbkdf2_sha256$20000$nd6bAEnqC2mI$BYyPSzCwzJTHIDaQk0YEK0Pmc8Qvs6SCkL71wWy0KQU=",
    "password_one_time": null,
    "user_permissions": [],
    "deleted": null,
    "title": "cras",
    "password_expire_date": "2016-02-15",
    "username": "cras",
    "proxy_status": null,
    "password_length": null,
    "role": "3d5185b0-71ce-4e78-a12e-4ab909d739c6",
    "accept_assign": true,
    "auth_amount": "0.0000",
    "proxy_end_date": null,
    "email": "myemail@mail.com",
    "next_approver": null,
    "last_login": null,
    "last_name": "cras",
    "first_name": "cras",
    "employee_id": null,
    "fullname": "cras cras",
    "status": "cb17ccdc-7a2a-44a6-bf8b-da2315854ece",
    "password_change": "2015-11-17T02:02:12.586Z"
  }
},
{
  "model": "person.person",
  "pk": "30f530c4-ce6c-4724-9cfd-37a16e787028",
  "fields": {
    "locale": null,
    "is_staff": false,
    "modified": "2015-11-17T02:02:12.728Z",
    "password_history": "[\"pbkdf2_sha256$20000$VwuZzj6FhvF7$ln6flvyJ1UAs5vniwz5OVVp+Go7TRHz0b9LWpbWW/7Q=\"]",
    "groups": [
      1
    ],
    "date_joined": "2015-11-17T02:02:12.613Z",
    "is_active": true,
    "proxy_user": null,
    "auth_currency": "2c969193-0896-42cd-9531-f42717397248",
    "proxy_start_date": null,
    "is_superuser": false,
    "accept_notify": true,
    "locations": [
      "325290eb-106c-4676-a6cf-6a6692b622bf",
      "c9a01be4-30b5-4a11-a8f2-f22a79344ec4"
    ],
    "created": "2015-11-17T02:02:12.715Z",
    "middle_initial": null,
    "password": "pbkdf2_sha256$20000$RV6BKDZlj3E1$G0ySTULmlxm4jgqhx1NJ5l+mka/XU5qCISiLoh78FKI=",
    "password_one_time": null,
    "user_permissions": [],
    "deleted": null,
    "title": "cubilia",
    "password_expire_date": "2016-02-15",
    "username": "cubilia",
    "proxy_status": null,
    "password_length": null,
    "role": "903cf6be-1af9-453f-a77c-448cca854dde",
    "accept_assign": true,
    "auth_amount": "0.0000",
    "proxy_end_date": null,
    "email": "myemail@mail.com",
    "next_approver": null,
    "last_login": null,
    "last_name": "cubilia",
    "first_name": "cubilia",
    "employee_id": null,
    "fullname": "cubilia cubilia",
    "status": "cb17ccdc-7a2a-44a6-bf8b-da2315854ece",
    "password_change": "2015-11-17T02:02:12.711Z"
  }
},
{
  "model": "person.person",
  "pk": "30f530c4-ce6c-4724-9cfd-37a16e787029",
  "fields": {
    "locale": null,
    "is_staff": false,
    "modified": "2015-11-17T02:02:12.860Z",
    "password_history": "[\"pbkdf2_sha256$20000$diyN0XFwUip5$R9j8sIC1ZQFkbk8BCdc6HlCuMsNwKcep/ddVRgWyo4M=\"]",
    "groups": [
      2
    ],
    "date_joined": "2015-11-17T02:02:12.737Z",
    "is_active": true,
    "proxy_user": null,
    "auth_currency": "2c969193-0896-42cd-9531-f42717397248",
    "proxy_start_date": null,
    "is_superuser": false,
    "accept_notify": true,
    "locations": [
      "b3e6def7-a2e2-423e-a2ac-01428de880ce",
      "e50c05af-ecaf-4f47-8c96-fb2ae73c772d",
      "bbd7faa8-e943-4bee-bac2-2f524dce47c4",
      "543660bd-cb86-47b8-9f21-77b9a71e7e37"
    ],
    "created": "2015-11-17T02:02:12.844Z",
    "middle_initial": null,
    "password": "pbkdf2_sha256$20000$A8boEytVta1t$PwXzbqvAgMgm4CNYkuzDIm2fKa2pKD2N9tXLF6HH8KY=",
    "password_one_time": null,
    "user_permissions": [],
    "deleted": null,
    "title": "cum",
    "password_expire_date": "2016-02-15",
    "username": "cum",
    "proxy_status": null,
    "password_length": null,
    "role": "3d5185b0-71ce-4e78-a12e-4ab909d739c6",
    "accept_assign": true,
    "auth_amount": "0.0000",
    "proxy_end_date": null,
    "email": "myemail@mail.com",
    "next_approver": null,
    "last_login": null,
    "last_name": "cum",
    "first_name": "cum",
    "employee_id": null,
    "fullname": "cum cum",
    "status": "cb17ccdc-7a2a-44a6-bf8b-da2315854ece",
    "password_change": "2015-11-17T02:02:12.839Z"
  }
},
{
  "model": "person.person",
  "pk": "30f530c4-ce6c-4724-9cfd-37a16e787030",
  "fields": {
    "locale": null,
    "is_staff": false,
    "modified": "2015-11-17T02:02:12.979Z",
    "password_history": "[\"pbkdf2_sha256$20000$984KBrTw3E3B$1YFU8N+KgG3S0A56y6SfXo9E3bGhmbnPrmuX1GSiMCE=\"]",
    "groups": [
      5
    ],
    "date_joined": "2015-11-17T02:02:12.868Z",
    "is_active": true,
    "proxy_user": null,
    "auth_currency": "2c969193-0896-42cd-9531-f42717397248",
    "proxy_start_date": null,
    "is_superuser": false,
    "accept_notify": true,
    "locations": [],
    "created": "2015-11-17T02:02:12.972Z",
    "middle_initial": null,
    "password": "pbkdf2_sha256$20000$JQpFXG4JrMVU$VzrzSWgz+tB+zKJ+SqxrX4sk7VQo0G9wN1/apfymn+0=",
    "password_one_time": null,
    "user_permissions": [],
    "deleted": null,
    "title": "curabitur",
    "password_expire_date": "2016-02-15",
    "username": "curabitur",
    "proxy_status": null,
    "password_length": null,
    "role": "37f2a324-a915-4fbb-ac76-8ca7417583be",
    "accept_assign": true,
    "auth_amount": "0.0000",
    "proxy_end_date": null,
    "email": "myemail@mail.com",
    "next_approver": null,
    "last_login": null,
    "last_name": "curabitur",
    "first_name": "curabitur",
    "employee_id": null,
    "fullname": "curabitur curabitur",
    "status": "cb17ccdc-7a2a-44a6-bf8b-da2315854ece",
    "password_change": "2015-11-17T02:02:12.967Z"
  }
},
{
  "model": "person.person",
  "pk": "30f530c4-ce6c-4724-9cfd-37a16e787031",
  "fields": {
    "locale": null,
    "is_staff": false,
    "modified": "2015-11-17T02:02:13.105Z",
    "password_history": "[\"pbkdf2_sha256$20000$4lRn4SouJc44$mTPLJ7W9gtoDyaZqFAmiFLLgpTECouldDPWzk4f7K9s=\"]",
    "groups": [
      2
    ],
    "date_joined": "2015-11-17T02:02:12.988Z",
    "is_active": true,
    "proxy_user": null,
    "auth_currency": "2c969193-0896-42cd-9531-f42717397248",
    "proxy_start_date": null,
    "is_superuser": false,
    "accept_notify": true,
    "locations": [
      "b3e6def7-a2e2-423e-a2ac-01428de880ce",
      "e50c05af-ecaf-4f47-8c96-fb2ae73c772d",
      "bbd7faa8-e943-4bee-bac2-2f524dce47c4",
      "543660bd-cb86-47b8-9f21-77b9a71e7e37"
    ],
    "created": "2015-11-17T02:02:13.090Z",
    "middle_initial": null,
    "password": "pbkdf2_sha256$20000$HoccHAaeNOQL$2jHfzf8FDpykGJwX181lFixbyj1+87hxeflYg137slo=",
    "password_one_time": null,
    "user_permissions": [],
    "deleted": null,
    "title": "curae",
    "password_expire_date": "2016-02-15",
    "username": "curae",
    "proxy_status": null,
    "password_length": null,
    "role": "3d5185b0-71ce-4e78-a12e-4ab909d739c6",
    "accept_assign": true,
    "auth_amount": "0.0000",
    "proxy_end_date": null,
    "email": "myemail@mail.com",
    "next_approver": null,
    "last_login": null,
    "last_name": "curae",
    "first_name": "curae",
    "employee_id": null,
    "fullname": "curae curae",
    "status": "cb17ccdc-7a2a-44a6-bf8b-da2315854ece",
    "password_change": "2015-11-17T02:02:13.086Z"
  }
},
{
  "model": "person.person",
  "pk": "30f530c4-ce6c-4724-9cfd-37a16e787032",
  "fields": {
    "locale": null,
    "is_staff": false,
    "modified": "2015-11-17T02:02:13.231Z",
    "password_history": "[\"pbkdf2_sha256$20000$XVzFw6wzIBL5$VRP4S06iWgLTW2rN5P2g+S0KHpUz1jEBggh5n6Bo49Y=\"]",
    "groups": [
      4
    ],
    "date_joined": "2015-11-17T02:02:13.113Z",
    "is_active": true,
    "proxy_user": null,
    "auth_currency": "2c969193-0896-42cd-9531-f42717397248",
    "proxy_start_date": null,
    "is_superuser": false,
    "accept_notify": true,
    "locations": [
      "7ea4a317-58c4-46b4-8c4e-b436aa5ece37",
      "c0ae2dc8-59c1-4103-8625-f2a3c1d318ae",
      "1673e4aa-7892-484d-9921-7ecfb4f6f2f7",
      "a3a0e48a-d9dd-445d-8fbf-c60c1d5b2c76"
    ],
    "created": "2015-11-17T02:02:13.216Z",
    "middle_initial": null,
    "password": "pbkdf2_sha256$20000$irpyOWz3v8nt$q2fBc5tSBOIh+SnxE8QnsaQE4G3vU2KTxYXX+mnmMyY=",
    "password_one_time": null,
    "user_permissions": [],
    "deleted": null,
    "title": "cursus",
    "password_expire_date": "2016-02-15",
    "username": "cursus",
    "proxy_status": null,
    "password_length": null,
    "role": "c3de8bbb-313c-4804-bc6d-348e571e89cf",
    "accept_assign": true,
    "auth_amount": "0.0000",
    "proxy_end_date": null,
    "email": "myemail@mail.com",
    "next_approver": null,
    "last_login": null,
    "last_name": "cursus",
    "first_name": "cursus",
    "employee_id": null,
    "fullname": "cursus cursus",
    "status": "cb17ccdc-7a2a-44a6-bf8b-da2315854ece",
    "password_change": "2015-11-17T02:02:13.212Z"
  }
},
{
  "model": "person.person",
  "pk": "30f530c4-ce6c-4724-9cfd-37a16e787033",
  "fields": {
    "locale": null,
    "is_staff": false,
    "modified": "2015-11-17T02:02:13.356Z",
    "password_history": "[\"pbkdf2_sha256$20000$0xYpw0qAWyyJ$qtsqOt6jx3NvGdNnuiUHYZbGvWTbvT8Lt3O8+NynpWA=\"]",
    "groups": [
      3
    ],
    "date_joined": "2015-11-17T02:02:13.239Z",
    "is_active": true,
    "proxy_user": null,
    "auth_currency": "2c969193-0896-42cd-9531-f42717397248",
    "proxy_start_date": null,
    "is_superuser": false,
    "accept_notify": true,
    "locations": [],
    "created": "2015-11-17T02:02:13.347Z",
    "middle_initial": null,
    "password": "pbkdf2_sha256$20000$RT20N2ci7GWn$gAYrunVekv7q62KZk0JPs3AIrhg9x1u96fLIo1DCMJg=",
    "password_one_time": null,
    "user_permissions": [],
    "deleted": null,
    "title": "dapibus",
    "password_expire_date": "2016-02-15",
    "username": "dapibus",
    "proxy_status": null,
    "password_length": null,
    "role": "c0fa81df-4ec8-411b-976c-16214c2d0c18",
    "accept_assign": true,
    "auth_amount": "0.0000",
    "proxy_end_date": null,
    "email": "myemail@mail.com",
    "next_approver": null,
    "last_login": null,
    "last_name": "dapibus",
    "first_name": "dapibus",
    "employee_id": null,
    "fullname": "dapibus dapibus",
    "status": "cb17ccdc-7a2a-44a6-bf8b-da2315854ece",
    "password_change": "2015-11-17T02:02:13.342Z"
  }
},
{
  "model": "person.person",
  "pk": "30f530c4-ce6c-4724-9cfd-37a16e787034",
  "fields": {
    "locale": null,
    "is_staff": false,
    "modified": "2015-11-17T02:02:13.475Z",
    "password_history": "[\"pbkdf2_sha256$20000$MXfCfzO2owu6$ej7EMMk4taMg2KVY8ZhBmPXSLttpEJPGUfG0UJeVLnw=\"]",
    "groups": [
      5
    ],
    "date_joined": "2015-11-17T02:02:13.365Z",
    "is_active": true,
    "proxy_user": null,
    "auth_currency": "2c969193-0896-42cd-9531-f42717397248",
    "proxy_start_date": null,
    "is_superuser": false,
    "accept_notify": true,
    "locations": [],
    "created": "2015-11-17T02:02:13.466Z",
    "middle_initial": null,
    "password": "pbkdf2_sha256$20000$kFTdbsyVbq0i$tbE5V3lwhM+YzsuPNGUqI7F24jAS2QjAmq4Q8vN0Vf8=",
    "password_one_time": null,
    "user_permissions": [],
    "deleted": null,
    "title": "diam",
    "password_expire_date": "2016-02-15",
    "username": "diam",
    "proxy_status": null,
    "password_length": null,
    "role": "37f2a324-a915-4fbb-ac76-8ca7417583be",
    "accept_assign": true,
    "auth_amount": "0.0000",
    "proxy_end_date": null,
    "email": "myemail@mail.com",
    "next_approver": null,
    "last_login": null,
    "last_name": "diam",
    "first_name": "diam",
    "employee_id": null,
    "fullname": "diam diam",
    "status": "cb17ccdc-7a2a-44a6-bf8b-da2315854ece",
    "password_change": "2015-11-17T02:02:13.462Z"
  }
},
{
  "model": "person.person",
  "pk": "30f530c4-ce6c-4724-9cfd-37a16e787035",
  "fields": {
    "locale": null,
    "is_staff": false,
    "modified": "2015-11-17T02:02:13.600Z",
    "password_history": "[\"pbkdf2_sha256$20000$L1HGyYGZSi9h$IcdRcezgKhkZaAAdfTu1FHUNer7rUMNSclGO0u35ASU=\"]",
    "groups": [
      3
    ],
    "date_joined": "2015-11-17T02:02:13.484Z",
    "is_active": true,
    "proxy_user": null,
    "auth_currency": "2c969193-0896-42cd-9531-f42717397248",
    "proxy_start_date": null,
    "is_superuser": false,
    "accept_notify": true,
    "locations": [],
    "created": "2015-11-17T02:02:13.591Z",
    "middle_initial": null,
    "password": "pbkdf2_sha256$20000$5yuzBDTlU94U$ov6WBHzBADv6bDFeMiNEajVclC4eWbRrRzYD0hlbN9s=",
    "password_one_time": null,
    "user_permissions": [],
    "deleted": null,
    "title": "dictum",
    "password_expire_date": "2016-02-15",
    "username": "dictum",
    "proxy_status": null,
    "password_length": null,
    "role": "c0fa81df-4ec8-411b-976c-16214c2d0c18",
    "accept_assign": true,
    "auth_amount": "0.0000",
    "proxy_end_date": null,
    "email": "myemail@mail.com",
    "next_approver": null,
    "last_login": null,
    "last_name": "dictum",
    "first_name": "dictum",
    "employee_id": null,
    "fullname": "dictum dictum",
    "status": "cb17ccdc-7a2a-44a6-bf8b-da2315854ece",
    "password_change": "2015-11-17T02:02:13.586Z"
  }
},
{
  "model": "person.person",
  "pk": "30f530c4-ce6c-4724-9cfd-37a16e787036",
  "fields": {
    "locale": null,
    "is_staff": false,
    "modified": "2015-11-17T02:02:13.718Z",
    "password_history": "[\"pbkdf2_sha256$20000$IhLAFU0xCrVD$zvZ1hu8i4loBj7WbOcLzLBVjl/IsN03rNkiV3MewaCs=\"]",
    "groups": [
      5
    ],
    "date_joined": "2015-11-17T02:02:13.608Z",
    "is_active": true,
    "proxy_user": null,
    "auth_currency": "2c969193-0896-42cd-9531-f42717397248",
    "proxy_start_date": null,
    "is_superuser": false,
    "accept_notify": true,
    "locations": [],
    "created": "2015-11-17T02:02:13.709Z",
    "middle_initial": null,
    "password": "pbkdf2_sha256$20000$kbUs3yWSaAL3$ekgr0fSgK80c0AjLsZVZr8+C3zsgBj1BB47gD2jlkwE=",
    "password_one_time": null,
    "user_permissions": [],
    "deleted": null,
    "title": "dictumst",
    "password_expire_date": "2016-02-15",
    "username": "dictumst",
    "proxy_status": null,
    "password_length": null,
    "role": "37f2a324-a915-4fbb-ac76-8ca7417583be",
    "accept_assign": true,
    "auth_amount": "0.0000",
    "proxy_end_date": null,
    "email": "myemail@mail.com",
    "next_approver": null,
    "last_login": null,
    "last_name": "dictumst",
    "first_name": "dictumst",
    "employee_id": null,
    "fullname": "dictumst dictumst",
    "status": "cb17ccdc-7a2a-44a6-bf8b-da2315854ece",
    "password_change": "2015-11-17T02:02:13.704Z"
  }
},
{
  "model": "person.person",
  "pk": "30f530c4-ce6c-4724-9cfd-37a16e787037",
  "fields": {
    "locale": null,
    "is_staff": false,
    "modified": "2015-11-17T02:02:13.843Z",
    "password_history": "[\"pbkdf2_sha256$20000$poCd76oMzBWU$qWZQqRp42E80pI+dx8ojxHpbaS3bbRKL4KyZOQ4Ial8=\"]",
    "groups": [
      5
    ],
    "date_joined": "2015-11-17T02:02:13.726Z",
    "is_active": true,
    "proxy_user": null,
    "auth_currency": "2c969193-0896-42cd-9531-f42717397248",
    "proxy_start_date": null,
    "is_superuser": false,
    "accept_notify": true,
    "locations": [],
    "created": "2015-11-17T02:02:13.834Z",
    "middle_initial": null,
    "password": "pbkdf2_sha256$20000$5QJgXMMYROfU$1Y7LbwTaA+wxqlvD7XivB6tNufgHBOW75cS8TRJFeNY=",
    "password_one_time": null,
    "user_permissions": [],
    "deleted": null,
    "title": "dignissim",
    "password_expire_date": "2016-02-15",
    "username": "dignissim",
    "proxy_status": null,
    "password_length": null,
    "role": "37f2a324-a915-4fbb-ac76-8ca7417583be",
    "accept_assign": true,
    "auth_amount": "0.0000",
    "proxy_end_date": null,
    "email": "myemail@mail.com",
    "next_approver": null,
    "last_login": null,
    "last_name": "dignissim",
    "first_name": "dignissim",
    "employee_id": null,
    "fullname": "dignissim dignissim",
    "status": "cb17ccdc-7a2a-44a6-bf8b-da2315854ece",
    "password_change": "2015-11-17T02:02:13.829Z"
  }
},
{
  "model": "person.person",
  "pk": "30f530c4-ce6c-4724-9cfd-37a16e787038",
  "fields": {
    "locale": null,
    "is_staff": false,
    "modified": "2015-11-17T02:02:13.996Z",
    "password_history": "[\"pbkdf2_sha256$20000$vz9lJuF0WQo7$Ttd6iWQ+qPmIKQOr6Y2Z2CH+IwkJA70g9iEPgp+dEXU=\"]",
    "groups": [
      2
    ],
    "date_joined": "2015-11-17T02:02:13.851Z",
    "is_active": true,
    "proxy_user": null,
    "auth_currency": "2c969193-0896-42cd-9531-f42717397248",
    "proxy_start_date": null,
    "is_superuser": false,
    "accept_notify": true,
    "locations": [
      "b3e6def7-a2e2-423e-a2ac-01428de880ce",
      "e50c05af-ecaf-4f47-8c96-fb2ae73c772d",
      "bbd7faa8-e943-4bee-bac2-2f524dce47c4",
      "543660bd-cb86-47b8-9f21-77b9a71e7e37"
    ],
    "created": "2015-11-17T02:02:13.976Z",
    "middle_initial": null,
    "password": "pbkdf2_sha256$20000$WuTkh6ticuDP$Qh0AeYI/O8Jep0DaPS0hVnbff/PwTv7J7+P49Vpi42Y=",
    "password_one_time": null,
    "user_permissions": [],
    "deleted": null,
    "title": "dis",
    "password_expire_date": "2016-02-15",
    "username": "dis",
    "proxy_status": null,
    "password_length": null,
    "role": "3d5185b0-71ce-4e78-a12e-4ab909d739c6",
    "accept_assign": true,
    "auth_amount": "0.0000",
    "proxy_end_date": null,
    "email": "myemail@mail.com",
    "next_approver": null,
    "last_login": null,
    "last_name": "dis",
    "first_name": "dis",
    "employee_id": null,
    "fullname": "dis dis",
    "status": "cb17ccdc-7a2a-44a6-bf8b-da2315854ece",
    "password_change": "2015-11-17T02:02:13.969Z"
  }
},
{
  "model": "person.person",
  "pk": "30f530c4-ce6c-4724-9cfd-37a16e787039",
  "fields": {
    "locale": null,
    "is_staff": false,
    "modified": "2015-11-17T02:02:14.132Z",
    "password_history": "[\"pbkdf2_sha256$20000$ZEH35Z61bbqE$naWPgXBMB7nAd9/F0Zd97yk5C2HTDXfqlIf9Bo04zf4=\"]",
    "groups": [
      4
    ],
    "date_joined": "2015-11-17T02:02:14.008Z",
    "is_active": true,
    "proxy_user": null,
    "auth_currency": "2c969193-0896-42cd-9531-f42717397248",
    "proxy_start_date": null,
    "is_superuser": false,
    "accept_notify": true,
    "locations": [
      "7ea4a317-58c4-46b4-8c4e-b436aa5ece37",
      "c0ae2dc8-59c1-4103-8625-f2a3c1d318ae",
      "1673e4aa-7892-484d-9921-7ecfb4f6f2f7",
      "a3a0e48a-d9dd-445d-8fbf-c60c1d5b2c76"
    ],
    "created": "2015-11-17T02:02:14.117Z",
    "middle_initial": null,
    "password": "pbkdf2_sha256$20000$YqVgFMnjS9Jx$7hDpVtr9q1dqX3/3QUwmq5FXRpo9oNioh1pXASXNyg8=",
    "password_one_time": null,
    "user_permissions": [],
    "deleted": null,
    "title": "dolor",
    "password_expire_date": "2016-02-15",
    "username": "dolor",
    "proxy_status": null,
    "password_length": null,
    "role": "c3de8bbb-313c-4804-bc6d-348e571e89cf",
    "accept_assign": true,
    "auth_amount": "0.0000",
    "proxy_end_date": null,
    "email": "myemail@mail.com",
    "next_approver": null,
    "last_login": null,
    "last_name": "dolor",
    "first_name": "dolor",
    "employee_id": null,
    "fullname": "dolor dolor",
    "status": "cb17ccdc-7a2a-44a6-bf8b-da2315854ece",
    "password_change": "2015-11-17T02:02:14.112Z"
  }
},
{
  "model": "person.person",
  "pk": "30f530c4-ce6c-4724-9cfd-37a16e787040",
  "fields": {
    "locale": null,
    "is_staff": false,
    "modified": "2015-11-17T02:02:14.256Z",
    "password_history": "[\"pbkdf2_sha256$20000$4449BJbJqhYB$ewqTU8P+yHR1nQygwnMDgDCMVVEjyVLZObaLN4Pt9IA=\"]",
    "groups": [
      1
    ],
    "date_joined": "2015-11-17T02:02:14.141Z",
    "is_active": true,
    "proxy_user": null,
    "auth_currency": "2c969193-0896-42cd-9531-f42717397248",
    "proxy_start_date": null,
    "is_superuser": false,
    "accept_notify": true,
    "locations": [
      "325290eb-106c-4676-a6cf-6a6692b622bf",
      "c9a01be4-30b5-4a11-a8f2-f22a79344ec4"
    ],
    "created": "2015-11-17T02:02:14.243Z",
    "middle_initial": null,
    "password": "pbkdf2_sha256$20000$YdpUEG1qaaqP$6Es1f2C/iEcph2wQjf7PgQG38K4WdDO9zfrcoxIqSM0=",
    "password_one_time": null,
    "user_permissions": [],
    "deleted": null,
    "title": "donec",
    "password_expire_date": "2016-02-15",
    "username": "donec",
    "proxy_status": null,
    "password_length": null,
    "role": "903cf6be-1af9-453f-a77c-448cca854dde",
    "accept_assign": true,
    "auth_amount": "0.0000",
    "proxy_end_date": null,
    "email": "myemail@mail.com",
    "next_approver": null,
    "last_login": null,
    "last_name": "donec",
    "first_name": "donec",
    "employee_id": null,
    "fullname": "donec donec",
    "status": "cb17ccdc-7a2a-44a6-bf8b-da2315854ece",
    "password_change": "2015-11-17T02:02:14.238Z"
  }
},
{
  "model": "person.person",
  "pk": "30f530c4-ce6c-4724-9cfd-37a16e787041",
  "fields": {
    "locale": null,
    "is_staff": false,
    "modified": "2015-11-17T02:02:14.379Z",
    "password_history": "[\"pbkdf2_sha256$20000$73uP3dSBUA7q$gshkAkH330t0S+z+8bwJrhrfr7LbrN7F4/DfbR52aQs=\"]",
    "groups": [
      1
    ],
    "date_joined": "2015-11-17T02:02:14.264Z",
    "is_active": true,
    "proxy_user": null,
    "auth_currency": "2c969193-0896-42cd-9531-f42717397248",
    "proxy_start_date": null,
    "is_superuser": false,
    "accept_notify": true,
    "locations": [
      "325290eb-106c-4676-a6cf-6a6692b622bf",
      "c9a01be4-30b5-4a11-a8f2-f22a79344ec4"
    ],
    "created": "2015-11-17T02:02:14.366Z",
    "middle_initial": null,
    "password": "pbkdf2_sha256$20000$JPMceWT9fxXA$laY5fsvCz5ptV+h76kkBCUl/CDCLDU+AM6WWfLb4VBU=",
    "password_one_time": null,
    "user_permissions": [],
    "deleted": null,
    "title": "dui",
    "password_expire_date": "2016-02-15",
    "username": "dui",
    "proxy_status": null,
    "password_length": null,
    "role": "903cf6be-1af9-453f-a77c-448cca854dde",
    "accept_assign": true,
    "auth_amount": "0.0000",
    "proxy_end_date": null,
    "email": "myemail@mail.com",
    "next_approver": null,
    "last_login": null,
    "last_name": "dui",
    "first_name": "dui",
    "employee_id": null,
    "fullname": "dui dui",
    "status": "cb17ccdc-7a2a-44a6-bf8b-da2315854ece",
    "password_change": "2015-11-17T02:02:14.361Z"
  }
},
{
  "model": "person.person",
  "pk": "30f530c4-ce6c-4724-9cfd-37a16e787042",
  "fields": {
    "locale": null,
    "is_staff": false,
    "modified": "2015-11-17T02:02:14.503Z",
    "password_history": "[\"pbkdf2_sha256$20000$PIhpQi0vakPx$QASyBQqtYiYR5XQ3UlXhNzP3dNX7G5va2YU3nk8vlvA=\"]",
    "groups": [
      2
    ],
    "date_joined": "2015-11-17T02:02:14.387Z",
    "is_active": true,
    "proxy_user": null,
    "auth_currency": "2c969193-0896-42cd-9531-f42717397248",
    "proxy_start_date": null,
    "is_superuser": false,
    "accept_notify": true,
    "locations": [
      "b3e6def7-a2e2-423e-a2ac-01428de880ce",
      "e50c05af-ecaf-4f47-8c96-fb2ae73c772d",
      "bbd7faa8-e943-4bee-bac2-2f524dce47c4",
      "543660bd-cb86-47b8-9f21-77b9a71e7e37"
    ],
    "created": "2015-11-17T02:02:14.488Z",
    "middle_initial": null,
    "password": "pbkdf2_sha256$20000$9wucjD5xFHRr$S+/S0PrIX8wdlCqitrgWqjukLC9Jc/soyX+j/ek7/rY=",
    "password_one_time": null,
    "user_permissions": [],
    "deleted": null,
    "title": "duis",
    "password_expire_date": "2016-02-15",
    "username": "duis",
    "proxy_status": null,
    "password_length": null,
    "role": "3d5185b0-71ce-4e78-a12e-4ab909d739c6",
    "accept_assign": true,
    "auth_amount": "0.0000",
    "proxy_end_date": null,
    "email": "myemail@mail.com",
    "next_approver": null,
    "last_login": null,
    "last_name": "duis",
    "first_name": "duis",
    "employee_id": null,
    "fullname": "duis duis",
    "status": "cb17ccdc-7a2a-44a6-bf8b-da2315854ece",
    "password_change": "2015-11-17T02:02:14.484Z"
  }
},
{
  "model": "person.person",
  "pk": "30f530c4-ce6c-4724-9cfd-37a16e787043",
  "fields": {
    "locale": null,
    "is_staff": false,
    "modified": "2015-11-17T02:02:14.632Z",
    "password_history": "[\"pbkdf2_sha256$20000$eL5VVaxMxXLj$sncOJk3fot+lutfryLoPfR54M5S2ZDPsvXQjArIRU+c=\"]",
    "groups": [
      2
    ],
    "date_joined": "2015-11-17T02:02:14.511Z",
    "is_active": true,
    "proxy_user": null,
    "auth_currency": "2c969193-0896-42cd-9531-f42717397248",
    "proxy_start_date": null,
    "is_superuser": false,
    "accept_notify": true,
    "locations": [
      "b3e6def7-a2e2-423e-a2ac-01428de880ce",
      "e50c05af-ecaf-4f47-8c96-fb2ae73c772d",
      "bbd7faa8-e943-4bee-bac2-2f524dce47c4",
      "543660bd-cb86-47b8-9f21-77b9a71e7e37"
    ],
    "created": "2015-11-17T02:02:14.617Z",
    "middle_initial": null,
    "password": "pbkdf2_sha256$20000$ceXIbRkfMLqb$yE3HEvfdfLEFN6tmMn8XvpTpP1fS+aPK1CBXaWk9hXc=",
    "password_one_time": null,
    "user_permissions": [],
    "deleted": null,
    "title": "egestas",
    "password_expire_date": "2016-02-15",
    "username": "egestas",
    "proxy_status": null,
    "password_length": null,
    "role": "3d5185b0-71ce-4e78-a12e-4ab909d739c6",
    "accept_assign": true,
    "auth_amount": "0.0000",
    "proxy_end_date": null,
    "email": "myemail@mail.com",
    "next_approver": null,
    "last_login": null,
    "last_name": "egestas",
    "first_name": "egestas",
    "employee_id": null,
    "fullname": "egestas egestas",
    "status": "cb17ccdc-7a2a-44a6-bf8b-da2315854ece",
    "password_change": "2015-11-17T02:02:14.612Z"
  }
},
{
  "model": "person.person",
  "pk": "30f530c4-ce6c-4724-9cfd-37a16e787044",
  "fields": {
    "locale": null,
    "is_staff": false,
    "modified": "2015-11-17T02:02:14.756Z",
    "password_history": "[\"pbkdf2_sha256$20000$p8GtkSnPNepE$P5ZmMY9d+LqINVt7wARZQ3Iv9bzvnXuAIOxZaTo3VOw=\"]",
    "groups": [
      5
    ],
    "date_joined": "2015-11-17T02:02:14.641Z",
    "is_active": true,
    "proxy_user": null,
    "auth_currency": "2c969193-0896-42cd-9531-f42717397248",
    "proxy_start_date": null,
    "is_superuser": false,
    "accept_notify": true,
    "locations": [],
    "created": "2015-11-17T02:02:14.747Z",
    "middle_initial": null,
    "password": "pbkdf2_sha256$20000$OzHCm4MfwKVn$TDd6Kqkmr6R4kyScvI6QB2+Xz6FLWO9hl4rIEmX4gqk=",
    "password_one_time": null,
    "user_permissions": [],
    "deleted": null,
    "title": "eget",
    "password_expire_date": "2016-02-15",
    "username": "eget",
    "proxy_status": null,
    "password_length": null,
    "role": "37f2a324-a915-4fbb-ac76-8ca7417583be",
    "accept_assign": true,
    "auth_amount": "0.0000",
    "proxy_end_date": null,
    "email": "myemail@mail.com",
    "next_approver": null,
    "last_login": null,
    "last_name": "eget",
    "first_name": "eget",
    "employee_id": null,
    "fullname": "eget eget",
    "status": "cb17ccdc-7a2a-44a6-bf8b-da2315854ece",
    "password_change": "2015-11-17T02:02:14.743Z"
  }
},
{
  "model": "person.person",
  "pk": "30f530c4-ce6c-4724-9cfd-37a16e787045",
  "fields": {
    "locale": null,
    "is_staff": false,
    "modified": "2015-11-17T02:02:14.880Z",
    "password_history": "[\"pbkdf2_sha256$20000$bdoucPXtolEg$vQy/bEJbdpkKJmYfyb1y6dLykkeLaeI3SoEZ9EhYNrY=\"]",
    "groups": [
      2
    ],
    "date_joined": "2015-11-17T02:02:14.765Z",
    "is_active": true,
    "proxy_user": null,
    "auth_currency": "2c969193-0896-42cd-9531-f42717397248",
    "proxy_start_date": null,
    "is_superuser": false,
    "accept_notify": true,
    "locations": [
      "b3e6def7-a2e2-423e-a2ac-01428de880ce",
      "e50c05af-ecaf-4f47-8c96-fb2ae73c772d",
      "bbd7faa8-e943-4bee-bac2-2f524dce47c4",
      "543660bd-cb86-47b8-9f21-77b9a71e7e37"
    ],
    "created": "2015-11-17T02:02:14.865Z",
    "middle_initial": null,
    "password": "pbkdf2_sha256$20000$OcbXXpkOYjNZ$MpsAmnUz/F5g+FNrz3Yrsk9RsGffuyMYBvISuSNi43g=",
    "password_one_time": null,
    "user_permissions": [],
    "deleted": null,
    "title": "eleifend",
    "password_expire_date": "2016-02-15",
    "username": "eleifend",
    "proxy_status": null,
    "password_length": null,
    "role": "3d5185b0-71ce-4e78-a12e-4ab909d739c6",
    "accept_assign": true,
    "auth_amount": "0.0000",
    "proxy_end_date": null,
    "email": "myemail@mail.com",
    "next_approver": null,
    "last_login": null,
    "last_name": "eleifend",
    "first_name": "eleifend",
    "employee_id": null,
    "fullname": "eleifend eleifend",
    "status": "cb17ccdc-7a2a-44a6-bf8b-da2315854ece",
    "password_change": "2015-11-17T02:02:14.861Z"
  }
},
{
  "model": "person.person",
  "pk": "30f530c4-ce6c-4724-9cfd-37a16e787046",
  "fields": {
    "locale": null,
    "is_staff": false,
    "modified": "2015-11-17T02:02:15.009Z",
    "password_history": "[\"pbkdf2_sha256$20000$ih6gJfUDZV3m$7CJKemwPjijc1FJEZo/JvjMG/xBoWFJirBzHKf1qUoE=\"]",
    "groups": [
      2
    ],
    "date_joined": "2015-11-17T02:02:14.889Z",
    "is_active": true,
    "proxy_user": null,
    "auth_currency": "2c969193-0896-42cd-9531-f42717397248",
    "proxy_start_date": null,
    "is_superuser": false,
    "accept_notify": true,
    "locations": [
      "b3e6def7-a2e2-423e-a2ac-01428de880ce",
      "e50c05af-ecaf-4f47-8c96-fb2ae73c772d",
      "bbd7faa8-e943-4bee-bac2-2f524dce47c4",
      "543660bd-cb86-47b8-9f21-77b9a71e7e37"
    ],
    "created": "2015-11-17T02:02:14.997Z",
    "middle_initial": null,
    "password": "pbkdf2_sha256$20000$H5R4SWpYAiQY$zlH1i+EB7NFywMH7HGAKC5AjtCREPjoWyeSZM9qha4o=",
    "password_one_time": null,
    "user_permissions": [],
    "deleted": null,
    "title": "elementum",
    "password_expire_date": "2016-02-15",
    "username": "elementum",
    "proxy_status": null,
    "password_length": null,
    "role": "3d5185b0-71ce-4e78-a12e-4ab909d739c6",
    "accept_assign": true,
    "auth_amount": "0.0000",
    "proxy_end_date": null,
    "email": "myemail@mail.com",
    "next_approver": null,
    "last_login": null,
    "last_name": "elementum",
    "first_name": "elementum",
    "employee_id": null,
    "fullname": "elementum elementum",
    "status": "cb17ccdc-7a2a-44a6-bf8b-da2315854ece",
    "password_change": "2015-11-17T02:02:14.992Z"
  }
},
{
  "model": "person.person",
  "pk": "30f530c4-ce6c-4724-9cfd-37a16e787047",
  "fields": {
    "locale": null,
    "is_staff": false,
    "modified": "2015-11-17T02:02:15.140Z",
    "password_history": "[\"pbkdf2_sha256$20000$7UtwuCcO6TQX$zCrbCXyv6Taaoy00oKJN085gPiKRY19vWZ2tjYw4BUA=\"]",
    "groups": [
      1
    ],
    "date_joined": "2015-11-17T02:02:15.017Z",
    "is_active": true,
    "proxy_user": null,
    "auth_currency": "2c969193-0896-42cd-9531-f42717397248",
    "proxy_start_date": null,
    "is_superuser": false,
    "accept_notify": true,
    "locations": [
      "325290eb-106c-4676-a6cf-6a6692b622bf",
      "c9a01be4-30b5-4a11-a8f2-f22a79344ec4"
    ],
    "created": "2015-11-17T02:02:15.126Z",
    "middle_initial": null,
    "password": "pbkdf2_sha256$20000$FXWq5xLwlTER$V4mOv2rAxEcAA5ktOjPE/DtgemgLNlHPWh8FlTOv89Y=",
    "password_one_time": null,
    "user_permissions": [],
    "deleted": null,
    "title": "elit",
    "password_expire_date": "2016-02-15",
    "username": "elit",
    "proxy_status": null,
    "password_length": null,
    "role": "903cf6be-1af9-453f-a77c-448cca854dde",
    "accept_assign": true,
    "auth_amount": "0.0000",
    "proxy_end_date": null,
    "email": "myemail@mail.com",
    "next_approver": null,
    "last_login": null,
    "last_name": "elit",
    "first_name": "elit",
    "employee_id": null,
    "fullname": "elit elit",
    "status": "cb17ccdc-7a2a-44a6-bf8b-da2315854ece",
    "password_change": "2015-11-17T02:02:15.120Z"
  }
},
{
  "model": "person.person",
  "pk": "30f530c4-ce6c-4724-9cfd-37a16e787048",
  "fields": {
    "locale": null,
    "is_staff": false,
    "modified": "2015-11-17T02:02:15.262Z",
    "password_history": "[\"pbkdf2_sha256$20000$uTf7r8uInghC$xcwDvXSQ7AFBEdpe/fIiuO85yac5aMVVrd+qBNNffqk=\"]",
    "groups": [
      5
    ],
    "date_joined": "2015-11-17T02:02:15.148Z",
    "is_active": true,
    "proxy_user": null,
    "auth_currency": "2c969193-0896-42cd-9531-f42717397248",
    "proxy_start_date": null,
    "is_superuser": false,
    "accept_notify": true,
    "locations": [],
    "created": "2015-11-17T02:02:15.250Z",
    "middle_initial": null,
    "password": "pbkdf2_sha256$20000$TWxHffvpwDd9$f6G4j05jd3WzOzLTJo5I+uslcNF/qM6zl53oLjvW6FA=",
    "password_one_time": null,
    "user_permissions": [],
    "deleted": null,
    "title": "enim",
    "password_expire_date": "2016-02-15",
    "username": "enim",
    "proxy_status": null,
    "password_length": null,
    "role": "37f2a324-a915-4fbb-ac76-8ca7417583be",
    "accept_assign": true,
    "auth_amount": "0.0000",
    "proxy_end_date": null,
    "email": "myemail@mail.com",
    "next_approver": null,
    "last_login": null,
    "last_name": "enim",
    "first_name": "enim",
    "employee_id": null,
    "fullname": "enim enim",
    "status": "cb17ccdc-7a2a-44a6-bf8b-da2315854ece",
    "password_change": "2015-11-17T02:02:15.245Z"
  }
},
{
  "model": "person.person",
  "pk": "30f530c4-ce6c-4724-9cfd-37a16e787049",
  "fields": {
    "locale": null,
    "is_staff": false,
    "modified": "2015-11-17T02:02:15.385Z",
    "password_history": "[\"pbkdf2_sha256$20000$M9cXtvWxoDSL$piIJ9twOVQqcNQ8HJY3ak2nK0BbFiGrLmhuV/nAJMz8=\"]",
    "groups": [
      5
    ],
    "date_joined": "2015-11-17T02:02:15.271Z",
    "is_active": true,
    "proxy_user": null,
    "auth_currency": "2c969193-0896-42cd-9531-f42717397248",
    "proxy_start_date": null,
    "is_superuser": false,
    "accept_notify": true,
    "locations": [],
    "created": "2015-11-17T02:02:15.375Z",
    "middle_initial": null,
    "password": "pbkdf2_sha256$20000$taXbi5afn3Y6$z7hPrE1qVW5uH2xQ/0QHwvC6F/briJwNVEFgNhsMMnY=",
    "password_one_time": null,
    "user_permissions": [],
    "deleted": null,
    "title": "erat",
    "password_expire_date": "2016-02-15",
    "username": "erat",
    "proxy_status": null,
    "password_length": null,
    "role": "37f2a324-a915-4fbb-ac76-8ca7417583be",
    "accept_assign": true,
    "auth_amount": "0.0000",
    "proxy_end_date": null,
    "email": "myemail@mail.com",
    "next_approver": null,
    "last_login": null,
    "last_name": "erat",
    "first_name": "erat",
    "employee_id": null,
    "fullname": "erat erat",
    "status": "cb17ccdc-7a2a-44a6-bf8b-da2315854ece",
    "password_change": "2015-11-17T02:02:15.371Z"
  }
},
{
  "model": "person.person",
  "pk": "30f530c4-ce6c-4724-9cfd-37a16e787050",
  "fields": {
    "locale": null,
    "is_staff": false,
    "modified": "2015-11-17T02:02:15.502Z",
    "password_history": "[\"pbkdf2_sha256$20000$SL0hafxIFcBW$8kEXJdvD1wKdzfGNX0p1o17x208bRnTKAEsx3E8T89E=\"]",
    "groups": [
      5
    ],
    "date_joined": "2015-11-17T02:02:15.393Z",
    "is_active": true,
    "proxy_user": null,
    "auth_currency": "2c969193-0896-42cd-9531-f42717397248",
    "proxy_start_date": null,
    "is_superuser": false,
    "accept_notify": true,
    "locations": [],
    "created": "2015-11-17T02:02:15.496Z",
    "middle_initial": null,
    "password": "pbkdf2_sha256$20000$bdKPv2qTRaTm$g/YwQ6lBtnDEDJYPRR7jHT27ED6C8fJZaumFKLJjlPM=",
    "password_one_time": null,
    "user_permissions": [],
    "deleted": null,
    "title": "eros",
    "password_expire_date": "2016-02-15",
    "username": "eros",
    "proxy_status": null,
    "password_length": null,
    "role": "37f2a324-a915-4fbb-ac76-8ca7417583be",
    "accept_assign": true,
    "auth_amount": "0.0000",
    "proxy_end_date": null,
    "email": "myemail@mail.com",
    "next_approver": null,
    "last_login": null,
    "last_name": "eros",
    "first_name": "eros",
    "employee_id": null,
    "fullname": "eros eros",
    "status": "cb17ccdc-7a2a-44a6-bf8b-da2315854ece",
    "password_change": "2015-11-17T02:02:15.491Z"
  }
},
{
  "model": "person.person",
  "pk": "30f530c4-ce6c-4724-9cfd-37a16e787051",
  "fields": {
    "locale": null,
    "is_staff": false,
    "modified": "2015-11-17T02:02:15.621Z",
    "password_history": "[\"pbkdf2_sha256$20000$tNSAfkCXtYNZ$Esvj5riOwRSO5vMUkvztyQ24+j3CbAbKXzss7IBWbnI=\"]",
    "groups": [
      5
    ],
    "date_joined": "2015-11-17T02:02:15.511Z",
    "is_active": true,
    "proxy_user": null,
    "auth_currency": "2c969193-0896-42cd-9531-f42717397248",
    "proxy_start_date": null,
    "is_superuser": false,
    "accept_notify": true,
    "locations": [],
    "created": "2015-11-17T02:02:15.612Z",
    "middle_initial": null,
    "password": "pbkdf2_sha256$20000$Xw01519n1n1v$83d4m7fxwTMsIJ2jWjP28hR0nopKdzXhcltOHcZuqaQ=",
    "password_one_time": null,
    "user_permissions": [],
    "deleted": null,
    "title": "est",
    "password_expire_date": "2016-02-15",
    "username": "est",
    "proxy_status": null,
    "password_length": null,
    "role": "37f2a324-a915-4fbb-ac76-8ca7417583be",
    "accept_assign": true,
    "auth_amount": "0.0000",
    "proxy_end_date": null,
    "email": "myemail@mail.com",
    "next_approver": null,
    "last_login": null,
    "last_name": "est",
    "first_name": "est",
    "employee_id": null,
    "fullname": "est est",
    "status": "cb17ccdc-7a2a-44a6-bf8b-da2315854ece",
    "password_change": "2015-11-17T02:02:15.608Z"
  }
},
{
  "model": "person.person",
  "pk": "30f530c4-ce6c-4724-9cfd-37a16e787052",
  "fields": {
    "locale": null,
    "is_staff": false,
    "modified": "2015-11-17T02:02:15.745Z",
    "password_history": "[\"pbkdf2_sha256$20000$jGOnXlGa6poy$1q+MdXZtFd4NaB8tcviKZMpeA1DdR9KwhW9RW95N6jI=\"]",
    "groups": [
      1
    ],
    "date_joined": "2015-11-17T02:02:15.630Z",
    "is_active": true,
    "proxy_user": null,
    "auth_currency": "2c969193-0896-42cd-9531-f42717397248",
    "proxy_start_date": null,
    "is_superuser": false,
    "accept_notify": true,
    "locations": [
      "325290eb-106c-4676-a6cf-6a6692b622bf",
      "c9a01be4-30b5-4a11-a8f2-f22a79344ec4"
    ],
    "created": "2015-11-17T02:02:15.730Z",
    "middle_initial": null,
    "password": "pbkdf2_sha256$20000$0XjvAKLHNO8O$pN6yf0aajBNoOGMtF02u2mKsGGk8csbREWnNTLttDvE=",
    "password_one_time": null,
    "user_permissions": [],
    "deleted": null,
    "title": "et",
    "password_expire_date": "2016-02-15",
    "username": "et",
    "proxy_status": null,
    "password_length": null,
    "role": "903cf6be-1af9-453f-a77c-448cca854dde",
    "accept_assign": true,
    "auth_amount": "0.0000",
    "proxy_end_date": null,
    "email": "myemail@mail.com",
    "next_approver": null,
    "last_login": null,
    "last_name": "et",
    "first_name": "et",
    "employee_id": null,
    "fullname": "et et",
    "status": "cb17ccdc-7a2a-44a6-bf8b-da2315854ece",
    "password_change": "2015-11-17T02:02:15.726Z"
  }
},
{
  "model": "person.person",
  "pk": "30f530c4-ce6c-4724-9cfd-37a16e787053",
  "fields": {
    "locale": null,
    "is_staff": false,
    "modified": "2015-11-17T02:02:15.878Z",
    "password_history": "[\"pbkdf2_sha256$20000$bFUiIfxdwRKD$fX2d49m2tFWTiU5/zUEWWDZ8qunMiyblHoQyyTH2S0M=\"]",
    "groups": [
      5
    ],
    "date_joined": "2015-11-17T02:02:15.754Z",
    "is_active": true,
    "proxy_user": null,
    "auth_currency": "2c969193-0896-42cd-9531-f42717397248",
    "proxy_start_date": null,
    "is_superuser": false,
    "accept_notify": true,
    "locations": [],
    "created": "2015-11-17T02:02:15.868Z",
    "middle_initial": null,
    "password": "pbkdf2_sha256$20000$q57svTQKgoFr$PNdhco4+kdEJ7zHYTZRbj4WOSDpIqaCdsHTbDBF0yMg=",
    "password_one_time": null,
    "user_permissions": [],
    "deleted": null,
    "title": "etiam",
    "password_expire_date": "2016-02-15",
    "username": "etiam",
    "proxy_status": null,
    "password_length": null,
    "role": "37f2a324-a915-4fbb-ac76-8ca7417583be",
    "accept_assign": true,
    "auth_amount": "0.0000",
    "proxy_end_date": null,
    "email": "myemail@mail.com",
    "next_approver": null,
    "last_login": null,
    "last_name": "etiam",
    "first_name": "etiam",
    "employee_id": null,
    "fullname": "etiam etiam",
    "status": "cb17ccdc-7a2a-44a6-bf8b-da2315854ece",
    "password_change": "2015-11-17T02:02:15.864Z"
  }
},
{
  "model": "person.person",
  "pk": "30f530c4-ce6c-4724-9cfd-37a16e787054",
  "fields": {
    "locale": null,
    "is_staff": false,
    "modified": "2015-11-17T02:02:15.996Z",
    "password_history": "[\"pbkdf2_sha256$20000$aplu8nwcXy7x$dBSBjKMqx17q1IlOM2GlRrHxq9iM9kx54FC/aX32BEk=\"]",
    "groups": [
      3
    ],
    "date_joined": "2015-11-17T02:02:15.886Z",
    "is_active": true,
    "proxy_user": null,
    "auth_currency": "2c969193-0896-42cd-9531-f42717397248",
    "proxy_start_date": null,
    "is_superuser": false,
    "accept_notify": true,
    "locations": [],
    "created": "2015-11-17T02:02:15.987Z",
    "middle_initial": null,
    "password": "pbkdf2_sha256$20000$JH2vMWzN0S6H$YdX3V+eDfZesnfbYIWDn6mFC9Ja051+eFPUHENWWasg=",
    "password_one_time": null,
    "user_permissions": [],
    "deleted": null,
    "title": "eu",
    "password_expire_date": "2016-02-15",
    "username": "eu",
    "proxy_status": null,
    "password_length": null,
    "role": "c0fa81df-4ec8-411b-976c-16214c2d0c18",
    "accept_assign": true,
    "auth_amount": "0.0000",
    "proxy_end_date": null,
    "email": "myemail@mail.com",
    "next_approver": null,
    "last_login": null,
    "last_name": "eu",
    "first_name": "eu",
    "employee_id": null,
    "fullname": "eu eu",
    "status": "cb17ccdc-7a2a-44a6-bf8b-da2315854ece",
    "password_change": "2015-11-17T02:02:15.982Z"
  }
},
{
  "model": "person.person",
  "pk": "30f530c4-ce6c-4724-9cfd-37a16e787055",
  "fields": {
    "locale": null,
    "is_staff": false,
    "modified": "2015-11-17T02:02:16.120Z",
    "password_history": "[\"pbkdf2_sha256$20000$Ir5zmfD2N2Nm$X8D3ilk/tVldn8GzF8rOxDwkgRenHYTOw36BcC8Iv7w=\"]",
    "groups": [
      2
    ],
    "date_joined": "2015-11-17T02:02:16.005Z",
    "is_active": true,
    "proxy_user": null,
    "auth_currency": "2c969193-0896-42cd-9531-f42717397248",
    "proxy_start_date": null,
    "is_superuser": false,
    "accept_notify": true,
    "locations": [
      "b3e6def7-a2e2-423e-a2ac-01428de880ce",
      "e50c05af-ecaf-4f47-8c96-fb2ae73c772d",
      "bbd7faa8-e943-4bee-bac2-2f524dce47c4",
      "543660bd-cb86-47b8-9f21-77b9a71e7e37"
    ],
    "created": "2015-11-17T02:02:16.105Z",
    "middle_initial": null,
    "password": "pbkdf2_sha256$20000$gTVFJlGdyJny$WgCIJVFQLsgDGM8n4SMSNvN8nx1rZSwIuDjSX0qM9nc=",
    "password_one_time": null,
    "user_permissions": [],
    "deleted": null,
    "title": "euismod",
    "password_expire_date": "2016-02-15",
    "username": "euismod",
    "proxy_status": null,
    "password_length": null,
    "role": "3d5185b0-71ce-4e78-a12e-4ab909d739c6",
    "accept_assign": true,
    "auth_amount": "0.0000",
    "proxy_end_date": null,
    "email": "myemail@mail.com",
    "next_approver": null,
    "last_login": null,
    "last_name": "euismod",
    "first_name": "euismod",
    "employee_id": null,
    "fullname": "euismod euismod",
    "status": "cb17ccdc-7a2a-44a6-bf8b-da2315854ece",
    "password_change": "2015-11-17T02:02:16.101Z"
  }
},
{
  "model": "person.person",
  "pk": "30f530c4-ce6c-4724-9cfd-37a16e787056",
  "fields": {
    "locale": null,
    "is_staff": false,
    "modified": "2015-11-17T02:02:16.240Z",
    "password_history": "[\"pbkdf2_sha256$20000$wH1d0y2tRTe9$grLt/f7CkpT/7tyE0PncGPs++Fq23F1tZXnTy7COUUs=\"]",
    "groups": [
      5
    ],
    "date_joined": "2015-11-17T02:02:16.128Z",
    "is_active": true,
    "proxy_user": null,
    "auth_currency": "2c969193-0896-42cd-9531-f42717397248",
    "proxy_start_date": null,
    "is_superuser": false,
    "accept_notify": true,
    "locations": [],
    "created": "2015-11-17T02:02:16.230Z",
    "middle_initial": null,
    "password": "pbkdf2_sha256$20000$ejq0KtisYhhj$uhMS7L6YnGaKI+ouqL01Jz3kctfDnq28FyuxQEuyi94=",
    "password_one_time": null,
    "user_permissions": [],
    "deleted": null,
    "title": "facilisi",
    "password_expire_date": "2016-02-15",
    "username": "facilisi",
    "proxy_status": null,
    "password_length": null,
    "role": "37f2a324-a915-4fbb-ac76-8ca7417583be",
    "accept_assign": true,
    "auth_amount": "0.0000",
    "proxy_end_date": null,
    "email": "myemail@mail.com",
    "next_approver": null,
    "last_login": null,
    "last_name": "facilisi",
    "first_name": "facilisi",
    "employee_id": null,
    "fullname": "facilisi facilisi",
    "status": "cb17ccdc-7a2a-44a6-bf8b-da2315854ece",
    "password_change": "2015-11-17T02:02:16.226Z"
  }
},
{
  "model": "person.person",
  "pk": "30f530c4-ce6c-4724-9cfd-37a16e787057",
  "fields": {
    "locale": null,
    "is_staff": false,
    "modified": "2015-11-17T02:02:16.365Z",
    "password_history": "[\"pbkdf2_sha256$20000$bHlOT4UMQmGL$q/7xfhw1Xv6SvQ/wwpy7WyxNnPNUv6Ld3/kpQG6ELRs=\"]",
    "groups": [
      2
    ],
    "date_joined": "2015-11-17T02:02:16.248Z",
    "is_active": true,
    "proxy_user": null,
    "auth_currency": "2c969193-0896-42cd-9531-f42717397248",
    "proxy_start_date": null,
    "is_superuser": false,
    "accept_notify": true,
    "locations": [
      "b3e6def7-a2e2-423e-a2ac-01428de880ce",
      "e50c05af-ecaf-4f47-8c96-fb2ae73c772d",
      "bbd7faa8-e943-4bee-bac2-2f524dce47c4",
      "543660bd-cb86-47b8-9f21-77b9a71e7e37"
    ],
    "created": "2015-11-17T02:02:16.350Z",
    "middle_initial": null,
    "password": "pbkdf2_sha256$20000$ma15tiaZrDg6$y8pJuv2yig+DosgfbVeiX9e0K/rv/0ziWYz09Rs6Ums=",
    "password_one_time": null,
    "user_permissions": [],
    "deleted": null,
    "title": "facilisis",
    "password_expire_date": "2016-02-15",
    "username": "facilisis",
    "proxy_status": null,
    "password_length": null,
    "role": "3d5185b0-71ce-4e78-a12e-4ab909d739c6",
    "accept_assign": true,
    "auth_amount": "0.0000",
    "proxy_end_date": null,
    "email": "myemail@mail.com",
    "next_approver": null,
    "last_login": null,
    "last_name": "facilisis",
    "first_name": "facilisis",
    "employee_id": null,
    "fullname": "facilisis facilisis",
    "status": "cb17ccdc-7a2a-44a6-bf8b-da2315854ece",
    "password_change": "2015-11-17T02:02:16.345Z"
  }
},
{
  "model": "person.person",
  "pk": "30f530c4-ce6c-4724-9cfd-37a16e787058",
  "fields": {
    "locale": null,
    "is_staff": false,
    "modified": "2015-11-17T02:02:16.490Z",
    "password_history": "[\"pbkdf2_sha256$20000$xgzFwoGUxhG0$sBV7+T0qwE0Iz9QRaCE/vZWZLYK60ONpcM8WcLp3pUA=\"]",
    "groups": [
      4
    ],
    "date_joined": "2015-11-17T02:02:16.373Z",
    "is_active": true,
    "proxy_user": null,
    "auth_currency": "2c969193-0896-42cd-9531-f42717397248",
    "proxy_start_date": null,
    "is_superuser": false,
    "accept_notify": true,
    "locations": [
      "7ea4a317-58c4-46b4-8c4e-b436aa5ece37",
      "c0ae2dc8-59c1-4103-8625-f2a3c1d318ae",
      "1673e4aa-7892-484d-9921-7ecfb4f6f2f7",
      "a3a0e48a-d9dd-445d-8fbf-c60c1d5b2c76"
    ],
    "created": "2015-11-17T02:02:16.475Z",
    "middle_initial": null,
    "password": "pbkdf2_sha256$20000$K0OWr3AmS034$lcpRCs45igqUNG0Tga3nBeDNlv72QRquNe0VYS2sF1g=",
    "password_one_time": null,
    "user_permissions": [],
    "deleted": null,
    "title": "fames",
    "password_expire_date": "2016-02-15",
    "username": "fames",
    "proxy_status": null,
    "password_length": null,
    "role": "c3de8bbb-313c-4804-bc6d-348e571e89cf",
    "accept_assign": true,
    "auth_amount": "0.0000",
    "proxy_end_date": null,
    "email": "myemail@mail.com",
    "next_approver": null,
    "last_login": null,
    "last_name": "fames",
    "first_name": "fames",
    "employee_id": null,
    "fullname": "fames fames",
    "status": "cb17ccdc-7a2a-44a6-bf8b-da2315854ece",
    "password_change": "2015-11-17T02:02:16.470Z"
  }
},
{
  "model": "person.person",
  "pk": "30f530c4-ce6c-4724-9cfd-37a16e787059",
  "fields": {
    "locale": null,
    "is_staff": false,
    "modified": "2015-11-17T02:02:16.614Z",
    "password_history": "[\"pbkdf2_sha256$20000$yPdEp8Xspg0x$x5EzXpXqDw2UEEslwHkASQf+lcllFwqKZmS8nI7NoWY=\"]",
    "groups": [
      2
    ],
    "date_joined": "2015-11-17T02:02:16.498Z",
    "is_active": true,
    "proxy_user": null,
    "auth_currency": "2c969193-0896-42cd-9531-f42717397248",
    "proxy_start_date": null,
    "is_superuser": false,
    "accept_notify": true,
    "locations": [
      "b3e6def7-a2e2-423e-a2ac-01428de880ce",
      "e50c05af-ecaf-4f47-8c96-fb2ae73c772d",
      "bbd7faa8-e943-4bee-bac2-2f524dce47c4",
      "543660bd-cb86-47b8-9f21-77b9a71e7e37"
    ],
    "created": "2015-11-17T02:02:16.600Z",
    "middle_initial": null,
    "password": "pbkdf2_sha256$20000$2qHUF6GI72OQ$p3/1Th1/wTeikcHICzDru0UZckZkbQvRG1hUzndC+Vs=",
    "password_one_time": null,
    "user_permissions": [],
    "deleted": null,
    "title": "faucibus",
    "password_expire_date": "2016-02-15",
    "username": "faucibus",
    "proxy_status": null,
    "password_length": null,
    "role": "3d5185b0-71ce-4e78-a12e-4ab909d739c6",
    "accept_assign": true,
    "auth_amount": "0.0000",
    "proxy_end_date": null,
    "email": "myemail@mail.com",
    "next_approver": null,
    "last_login": null,
    "last_name": "faucibus",
    "first_name": "faucibus",
    "employee_id": null,
    "fullname": "faucibus faucibus",
    "status": "cb17ccdc-7a2a-44a6-bf8b-da2315854ece",
    "password_change": "2015-11-17T02:02:16.595Z"
  }
},
{
  "model": "person.person",
  "pk": "30f530c4-ce6c-4724-9cfd-37a16e787060",
  "fields": {
    "locale": null,
    "is_staff": false,
    "modified": "2015-11-17T02:02:16.735Z",
    "password_history": "[\"pbkdf2_sha256$20000$g1QMU44fYEaR$wnGYprHuH/3Lf+s8SLfOBhwrdM/8VOc99SIix/eehJ4=\"]",
    "groups": [
      5
    ],
    "date_joined": "2015-11-17T02:02:16.622Z",
    "is_active": true,
    "proxy_user": null,
    "auth_currency": "2c969193-0896-42cd-9531-f42717397248",
    "proxy_start_date": null,
    "is_superuser": false,
    "accept_notify": true,
    "locations": [],
    "created": "2015-11-17T02:02:16.725Z",
    "middle_initial": null,
    "password": "pbkdf2_sha256$20000$bC3KaDrtRxd8$ZL6xm6fcmpb9kNRRKp03R4gS3oAMU4rBitN6i5Nf/a0=",
    "password_one_time": null,
    "user_permissions": [],
    "deleted": null,
    "title": "felis",
    "password_expire_date": "2016-02-15",
    "username": "felis",
    "proxy_status": null,
    "password_length": null,
    "role": "37f2a324-a915-4fbb-ac76-8ca7417583be",
    "accept_assign": true,
    "auth_amount": "0.0000",
    "proxy_end_date": null,
    "email": "myemail@mail.com",
    "next_approver": null,
    "last_login": null,
    "last_name": "felis",
    "first_name": "felis",
    "employee_id": null,
    "fullname": "felis felis",
    "status": "cb17ccdc-7a2a-44a6-bf8b-da2315854ece",
    "password_change": "2015-11-17T02:02:16.721Z"
  }
},
{
  "model": "person.person",
  "pk": "30f530c4-ce6c-4724-9cfd-37a16e787061",
  "fields": {
    "locale": null,
    "is_staff": false,
    "modified": "2015-11-17T02:02:16.854Z",
    "password_history": "[\"pbkdf2_sha256$20000$ov1AAm453efE$ZtX5sFbUeCuUaO4hhmA35zUUxE7SiEh1Z7SM0+hTGAg=\"]",
    "groups": [
      5
    ],
    "date_joined": "2015-11-17T02:02:16.743Z",
    "is_active": true,
    "proxy_user": null,
    "auth_currency": "2c969193-0896-42cd-9531-f42717397248",
    "proxy_start_date": null,
    "is_superuser": false,
    "accept_notify": true,
    "locations": [],
    "created": "2015-11-17T02:02:16.845Z",
    "middle_initial": null,
    "password": "pbkdf2_sha256$20000$e4QCBB03ssnT$fib0/3jrOpIfOEabcCdxrK8wf6hvAwXXPM7F0DlNSEo=",
    "password_one_time": null,
    "user_permissions": [],
    "deleted": null,
    "title": "fermentum",
    "password_expire_date": "2016-02-15",
    "username": "fermentum",
    "proxy_status": null,
    "password_length": null,
    "role": "37f2a324-a915-4fbb-ac76-8ca7417583be",
    "accept_assign": true,
    "auth_amount": "0.0000",
    "proxy_end_date": null,
    "email": "myemail@mail.com",
    "next_approver": null,
    "last_login": null,
    "last_name": "fermentum",
    "first_name": "fermentum",
    "employee_id": null,
    "fullname": "fermentum fermentum",
    "status": "cb17ccdc-7a2a-44a6-bf8b-da2315854ece",
    "password_change": "2015-11-17T02:02:16.840Z"
  }
},
{
  "model": "person.person",
  "pk": "30f530c4-ce6c-4724-9cfd-37a16e787062",
  "fields": {
    "locale": null,
    "is_staff": false,
    "modified": "2015-11-17T02:02:16.979Z",
    "password_history": "[\"pbkdf2_sha256$20000$BhsCHJLTOLhU$Irf/JldECzwE7WXx/Lj8EGNPJhr0YIf0xv77cF9e4m0=\"]",
    "groups": [
      1
    ],
    "date_joined": "2015-11-17T02:02:16.862Z",
    "is_active": true,
    "proxy_user": null,
    "auth_currency": "2c969193-0896-42cd-9531-f42717397248",
    "proxy_start_date": null,
    "is_superuser": false,
    "accept_notify": true,
    "locations": [
      "325290eb-106c-4676-a6cf-6a6692b622bf",
      "c9a01be4-30b5-4a11-a8f2-f22a79344ec4"
    ],
    "created": "2015-11-17T02:02:16.966Z",
    "middle_initial": null,
    "password": "pbkdf2_sha256$20000$wF5yb0Wmu7tp$DI4VfStpZd9TWbyICpF1jQc1McC49A8pRJfzMpPnavc=",
    "password_one_time": null,
    "user_permissions": [],
    "deleted": null,
    "title": "feugiat",
    "password_expire_date": "2016-02-15",
    "username": "feugiat",
    "proxy_status": null,
    "password_length": null,
    "role": "903cf6be-1af9-453f-a77c-448cca854dde",
    "accept_assign": true,
    "auth_amount": "0.0000",
    "proxy_end_date": null,
    "email": "myemail@mail.com",
    "next_approver": null,
    "last_login": null,
    "last_name": "feugiat",
    "first_name": "feugiat",
    "employee_id": null,
    "fullname": "feugiat feugiat",
    "status": "cb17ccdc-7a2a-44a6-bf8b-da2315854ece",
    "password_change": "2015-11-17T02:02:16.962Z"
  }
},
{
  "model": "person.person",
  "pk": "30f530c4-ce6c-4724-9cfd-37a16e787063",
  "fields": {
    "locale": null,
    "is_staff": false,
    "modified": "2015-11-17T02:02:17.104Z",
    "password_history": "[\"pbkdf2_sha256$20000$LYWtZu7bUXto$MEV6hZnJ8OXGUQHL3HdHhmO/RJWrTFP4ngKHxGjZSqo=\"]",
    "groups": [
      2
    ],
    "date_joined": "2015-11-17T02:02:16.987Z",
    "is_active": true,
    "proxy_user": null,
    "auth_currency": "2c969193-0896-42cd-9531-f42717397248",
    "proxy_start_date": null,
    "is_superuser": false,
    "accept_notify": true,
    "locations": [
      "b3e6def7-a2e2-423e-a2ac-01428de880ce",
      "e50c05af-ecaf-4f47-8c96-fb2ae73c772d",
      "bbd7faa8-e943-4bee-bac2-2f524dce47c4",
      "543660bd-cb86-47b8-9f21-77b9a71e7e37"
    ],
    "created": "2015-11-17T02:02:17.089Z",
    "middle_initial": null,
    "password": "pbkdf2_sha256$20000$HoxSMRtSyKJE$DqKgbFbHPZjPvR7+h1NViOywWFrhwb1el0ptO1V1TVA=",
    "password_one_time": null,
    "user_permissions": [],
    "deleted": null,
    "title": "fringilla",
    "password_expire_date": "2016-02-15",
    "username": "fringilla",
    "proxy_status": null,
    "password_length": null,
    "role": "3d5185b0-71ce-4e78-a12e-4ab909d739c6",
    "accept_assign": true,
    "auth_amount": "0.0000",
    "proxy_end_date": null,
    "email": "myemail@mail.com",
    "next_approver": null,
    "last_login": null,
    "last_name": "fringilla",
    "first_name": "fringilla",
    "employee_id": null,
    "fullname": "fringilla fringilla",
    "status": "cb17ccdc-7a2a-44a6-bf8b-da2315854ece",
    "password_change": "2015-11-17T02:02:17.084Z"
  }
},
{
  "model": "person.person",
  "pk": "30f530c4-ce6c-4724-9cfd-37a16e787064",
  "fields": {
    "locale": null,
    "is_staff": false,
    "modified": "2015-11-17T02:02:17.235Z",
    "password_history": "[\"pbkdf2_sha256$20000$4TyCDKgANxuT$5HZ5HpwUa5TVSZE+1wyrCZ4KUTDox3j/EjdSa3MGYJ0=\"]",
    "groups": [
      1
    ],
    "date_joined": "2015-11-17T02:02:17.112Z",
    "is_active": true,
    "proxy_user": null,
    "auth_currency": "2c969193-0896-42cd-9531-f42717397248",
    "proxy_start_date": null,
    "is_superuser": false,
    "accept_notify": true,
    "locations": [
      "325290eb-106c-4676-a6cf-6a6692b622bf",
      "c9a01be4-30b5-4a11-a8f2-f22a79344ec4"
    ],
    "created": "2015-11-17T02:02:17.222Z",
    "middle_initial": null,
    "password": "pbkdf2_sha256$20000$utNCHp6WVBDs$ziL4ocJpceTJ05jha8vvKCABUM/5tZOSDlSlZinZlY0=",
    "password_one_time": null,
    "user_permissions": [],
    "deleted": null,
    "title": "fusce",
    "password_expire_date": "2016-02-15",
    "username": "fusce",
    "proxy_status": null,
    "password_length": null,
    "role": "903cf6be-1af9-453f-a77c-448cca854dde",
    "accept_assign": true,
    "auth_amount": "0.0000",
    "proxy_end_date": null,
    "email": "myemail@mail.com",
    "next_approver": null,
    "last_login": null,
    "last_name": "fusce",
    "first_name": "fusce",
    "employee_id": null,
    "fullname": "fusce fusce",
    "status": "cb17ccdc-7a2a-44a6-bf8b-da2315854ece",
    "password_change": "2015-11-17T02:02:17.216Z"
  }
},
{
  "model": "person.person",
  "pk": "30f530c4-ce6c-4724-9cfd-37a16e787065",
  "fields": {
    "locale": null,
    "is_staff": false,
    "modified": "2015-11-17T02:02:17.361Z",
    "password_history": "[\"pbkdf2_sha256$20000$1GLnIv5kKe55$Jbzgw/gQY+Il2QobcW1boD9MAYa2or7n//dHqXm+rPQ=\"]",
    "groups": [
      4
    ],
    "date_joined": "2015-11-17T02:02:17.243Z",
    "is_active": true,
    "proxy_user": null,
    "auth_currency": "2c969193-0896-42cd-9531-f42717397248",
    "proxy_start_date": null,
    "is_superuser": false,
    "accept_notify": true,
    "locations": [
      "7ea4a317-58c4-46b4-8c4e-b436aa5ece37",
      "c0ae2dc8-59c1-4103-8625-f2a3c1d318ae",
      "1673e4aa-7892-484d-9921-7ecfb4f6f2f7",
      "a3a0e48a-d9dd-445d-8fbf-c60c1d5b2c76"
    ],
    "created": "2015-11-17T02:02:17.346Z",
    "middle_initial": null,
    "password": "pbkdf2_sha256$20000$sy8kyFB57qvH$4pOCo5VK7wPGJ63tYeBPU52O31dbaOd3NnRykHefyOo=",
    "password_one_time": null,
    "user_permissions": [],
    "deleted": null,
    "title": "gravida",
    "password_expire_date": "2016-02-15",
    "username": "gravida",
    "proxy_status": null,
    "password_length": null,
    "role": "c3de8bbb-313c-4804-bc6d-348e571e89cf",
    "accept_assign": true,
    "auth_amount": "0.0000",
    "proxy_end_date": null,
    "email": "myemail@mail.com",
    "next_approver": null,
    "last_login": null,
    "last_name": "gravida",
    "first_name": "gravida",
    "employee_id": null,
    "fullname": "gravida gravida",
    "status": "cb17ccdc-7a2a-44a6-bf8b-da2315854ece",
    "password_change": "2015-11-17T02:02:17.340Z"
  }
},
{
  "model": "person.person",
  "pk": "30f530c4-ce6c-4724-9cfd-37a16e787066",
  "fields": {
    "locale": null,
    "is_staff": false,
    "modified": "2015-11-17T02:02:17.482Z",
    "password_history": "[\"pbkdf2_sha256$20000$eqdsTKoc0kwf$eDwn3WXDC3UuGG2dNQSSvK/YUbS3+8AQ+jJKCv7aNoI=\"]",
    "groups": [
      5
    ],
    "date_joined": "2015-11-17T02:02:17.370Z",
    "is_active": true,
    "proxy_user": null,
    "auth_currency": "2c969193-0896-42cd-9531-f42717397248",
    "proxy_start_date": null,
    "is_superuser": false,
    "accept_notify": true,
    "locations": [],
    "created": "2015-11-17T02:02:17.472Z",
    "middle_initial": null,
    "password": "pbkdf2_sha256$20000$zhhFurcPQ9fN$9/3QgtXmtYYeZzmXTU+Nk9vsX03Yt0QPSkhcg/U3QuQ=",
    "password_one_time": null,
    "user_permissions": [],
    "deleted": null,
    "title": "habitant",
    "password_expire_date": "2016-02-15",
    "username": "habitant",
    "proxy_status": null,
    "password_length": null,
    "role": "37f2a324-a915-4fbb-ac76-8ca7417583be",
    "accept_assign": true,
    "auth_amount": "0.0000",
    "proxy_end_date": null,
    "email": "myemail@mail.com",
    "next_approver": null,
    "last_login": null,
    "last_name": "habitant",
    "first_name": "habitant",
    "employee_id": null,
    "fullname": "habitant habitant",
    "status": "cb17ccdc-7a2a-44a6-bf8b-da2315854ece",
    "password_change": "2015-11-17T02:02:17.468Z"
  }
},
{
  "model": "person.person",
  "pk": "30f530c4-ce6c-4724-9cfd-37a16e787067",
  "fields": {
    "locale": null,
    "is_staff": false,
    "modified": "2015-11-17T02:02:17.606Z",
    "password_history": "[\"pbkdf2_sha256$20000$mhI7njL5CTpX$wUKvvBtiNLOkT+40xarwL3yOcBtqa2PmKAGOHdjZ1g4=\"]",
    "groups": [
      4
    ],
    "date_joined": "2015-11-17T02:02:17.490Z",
    "is_active": true,
    "proxy_user": null,
    "auth_currency": "2c969193-0896-42cd-9531-f42717397248",
    "proxy_start_date": null,
    "is_superuser": false,
    "accept_notify": true,
    "locations": [
      "7ea4a317-58c4-46b4-8c4e-b436aa5ece37",
      "c0ae2dc8-59c1-4103-8625-f2a3c1d318ae",
      "1673e4aa-7892-484d-9921-7ecfb4f6f2f7",
      "a3a0e48a-d9dd-445d-8fbf-c60c1d5b2c76"
    ],
    "created": "2015-11-17T02:02:17.591Z",
    "middle_initial": null,
    "password": "pbkdf2_sha256$20000$IUNWOVmLJpjO$Yy5pnplbG/nNcUBONUGFE43IBKDwGJylP70EhfuEfHc=",
    "password_one_time": null,
    "user_permissions": [],
    "deleted": null,
    "title": "habitasse",
    "password_expire_date": "2016-02-15",
    "username": "habitasse",
    "proxy_status": null,
    "password_length": null,
    "role": "c3de8bbb-313c-4804-bc6d-348e571e89cf",
    "accept_assign": true,
    "auth_amount": "0.0000",
    "proxy_end_date": null,
    "email": "myemail@mail.com",
    "next_approver": null,
    "last_login": null,
    "last_name": "habitasse",
    "first_name": "habitasse",
    "employee_id": null,
    "fullname": "habitasse habitasse",
    "status": "cb17ccdc-7a2a-44a6-bf8b-da2315854ece",
    "password_change": "2015-11-17T02:02:17.587Z"
  }
},
{
  "model": "person.person",
  "pk": "30f530c4-ce6c-4724-9cfd-37a16e787068",
  "fields": {
    "locale": null,
    "is_staff": false,
    "modified": "2015-11-17T02:02:17.728Z",
    "password_history": "[\"pbkdf2_sha256$20000$ZRzjYJ5E3jiA$pqiFs0npo/byPidaSF8BNsselkWku/TKDXOBXIVg7I0=\"]",
    "groups": [
      3
    ],
    "date_joined": "2015-11-17T02:02:17.614Z",
    "is_active": true,
    "proxy_user": null,
    "auth_currency": "2c969193-0896-42cd-9531-f42717397248",
    "proxy_start_date": null,
    "is_superuser": false,
    "accept_notify": true,
    "locations": [],
    "created": "2015-11-17T02:02:17.719Z",
    "middle_initial": null,
    "password": "pbkdf2_sha256$20000$O9a3a0TEaPKJ$sZim68IlkYyxwf26QqcMO7UdQeljfaDe+HW72x9rVgE=",
    "password_one_time": null,
    "user_permissions": [],
    "deleted": null,
    "title": "hac",
    "password_expire_date": "2016-02-15",
    "username": "hac",
    "proxy_status": null,
    "password_length": null,
    "role": "c0fa81df-4ec8-411b-976c-16214c2d0c18",
    "accept_assign": true,
    "auth_amount": "0.0000",
    "proxy_end_date": null,
    "email": "myemail@mail.com",
    "next_approver": null,
    "last_login": null,
    "last_name": "hac",
    "first_name": "hac",
    "employee_id": null,
    "fullname": "hac hac",
    "status": "cb17ccdc-7a2a-44a6-bf8b-da2315854ece",
    "password_change": "2015-11-17T02:02:17.714Z"
  }
},
{
  "model": "person.person",
  "pk": "30f530c4-ce6c-4724-9cfd-37a16e787069",
  "fields": {
    "locale": null,
    "is_staff": false,
    "modified": "2015-11-17T02:02:17.853Z",
    "password_history": "[\"pbkdf2_sha256$20000$4sLu4PZaIkrU$F6xshRpukZMKfRQJexJGTHe+toRFY6Pcd43k9iUF+jI=\"]",
    "groups": [
      2
    ],
    "date_joined": "2015-11-17T02:02:17.737Z",
    "is_active": true,
    "proxy_user": null,
    "auth_currency": "2c969193-0896-42cd-9531-f42717397248",
    "proxy_start_date": null,
    "is_superuser": false,
    "accept_notify": true,
    "locations": [
      "b3e6def7-a2e2-423e-a2ac-01428de880ce",
      "e50c05af-ecaf-4f47-8c96-fb2ae73c772d",
      "bbd7faa8-e943-4bee-bac2-2f524dce47c4",
      "543660bd-cb86-47b8-9f21-77b9a71e7e37"
    ],
    "created": "2015-11-17T02:02:17.838Z",
    "middle_initial": null,
    "password": "pbkdf2_sha256$20000$sj36hAYvJ0Jw$maBhhuxlup8qS4Ke3vg7kOT2RW5WsDg9nThyT2LVp/E=",
    "password_one_time": null,
    "user_permissions": [],
    "deleted": null,
    "title": "hendrerit",
    "password_expire_date": "2016-02-15",
    "username": "hendrerit",
    "proxy_status": null,
    "password_length": null,
    "role": "3d5185b0-71ce-4e78-a12e-4ab909d739c6",
    "accept_assign": true,
    "auth_amount": "0.0000",
    "proxy_end_date": null,
    "email": "myemail@mail.com",
    "next_approver": null,
    "last_login": null,
    "last_name": "hendrerit",
    "first_name": "hendrerit",
    "employee_id": null,
    "fullname": "hendrerit hendrerit",
    "status": "cb17ccdc-7a2a-44a6-bf8b-da2315854ece",
    "password_change": "2015-11-17T02:02:17.834Z"
  }
},
{
  "model": "person.person",
  "pk": "30f530c4-ce6c-4724-9cfd-37a16e787070",
  "fields": {
    "locale": null,
    "is_staff": false,
    "modified": "2015-11-17T02:02:17.974Z",
    "password_history": "[\"pbkdf2_sha256$20000$lMvNhoUwk8gu$GkUOB9Ygphu+BKF1bR8ATyOcHUXdkIKuJOfuwTjhVBc=\"]",
    "groups": [
      3
    ],
    "date_joined": "2015-11-17T02:02:17.862Z",
    "is_active": true,
    "proxy_user": null,
    "auth_currency": "2c969193-0896-42cd-9531-f42717397248",
    "proxy_start_date": null,
    "is_superuser": false,
    "accept_notify": true,
    "locations": [],
    "created": "2015-11-17T02:02:17.965Z",
    "middle_initial": null,
    "password": "pbkdf2_sha256$20000$EEzL4hf6FCfB$wpYJxzfAqtVn4UH0ixaBT5iTAYaRNRWfo/+lpnyWHhA=",
    "password_one_time": null,
    "user_permissions": [],
    "deleted": null,
    "title": "hymenaeos",
    "password_expire_date": "2016-02-15",
    "username": "hymenaeos",
    "proxy_status": null,
    "password_length": null,
    "role": "c0fa81df-4ec8-411b-976c-16214c2d0c18",
    "accept_assign": true,
    "auth_amount": "0.0000",
    "proxy_end_date": null,
    "email": "myemail@mail.com",
    "next_approver": null,
    "last_login": null,
    "last_name": "hymenaeos",
    "first_name": "hymenaeos",
    "employee_id": null,
    "fullname": "hymenaeos hymenaeos",
    "status": "cb17ccdc-7a2a-44a6-bf8b-da2315854ece",
    "password_change": "2015-11-17T02:02:17.960Z"
  }
},
{
  "model": "person.person",
  "pk": "30f530c4-ce6c-4724-9cfd-37a16e787071",
  "fields": {
    "locale": null,
    "is_staff": false,
    "modified": "2015-11-17T02:02:18.098Z",
    "password_history": "[\"pbkdf2_sha256$20000$sHs1RHbGJL1p$WVvOK6CVehcmsrQRcW/gHpwHGozrSGfgRMCvCU8L3J8=\"]",
    "groups": [
      4
    ],
    "date_joined": "2015-11-17T02:02:17.982Z",
    "is_active": true,
    "proxy_user": null,
    "auth_currency": "2c969193-0896-42cd-9531-f42717397248",
    "proxy_start_date": null,
    "is_superuser": false,
    "accept_notify": true,
    "locations": [
      "7ea4a317-58c4-46b4-8c4e-b436aa5ece37",
      "c0ae2dc8-59c1-4103-8625-f2a3c1d318ae",
      "1673e4aa-7892-484d-9921-7ecfb4f6f2f7",
      "a3a0e48a-d9dd-445d-8fbf-c60c1d5b2c76"
    ],
    "created": "2015-11-17T02:02:18.083Z",
    "middle_initial": null,
    "password": "pbkdf2_sha256$20000$U6Ins3mLWSsd$y7xU6DfaF/d1Xnooyh8E+YNJj1pqc5RDtsYAHh8Xpag=",
    "password_one_time": null,
    "user_permissions": [],
    "deleted": null,
    "title": "iaculis",
    "password_expire_date": "2016-02-15",
    "username": "iaculis",
    "proxy_status": null,
    "password_length": null,
    "role": "c3de8bbb-313c-4804-bc6d-348e571e89cf",
    "accept_assign": true,
    "auth_amount": "0.0000",
    "proxy_end_date": null,
    "email": "myemail@mail.com",
    "next_approver": null,
    "last_login": null,
    "last_name": "iaculis",
    "first_name": "iaculis",
    "employee_id": null,
    "fullname": "iaculis iaculis",
    "status": "cb17ccdc-7a2a-44a6-bf8b-da2315854ece",
    "password_change": "2015-11-17T02:02:18.079Z"
  }
},
{
  "model": "person.person",
  "pk": "30f530c4-ce6c-4724-9cfd-37a16e787072",
  "fields": {
    "locale": null,
    "is_staff": false,
    "modified": "2015-11-17T02:02:18.221Z",
    "password_history": "[\"pbkdf2_sha256$20000$pjWHekFBDdCZ$77AuLvEqRrU2iXIN/ThHRuwmlptGqRC4s49XMqKPhoo=\"]",
    "groups": [
      3
    ],
    "date_joined": "2015-11-17T02:02:18.106Z",
    "is_active": true,
    "proxy_user": null,
    "auth_currency": "2c969193-0896-42cd-9531-f42717397248",
    "proxy_start_date": null,
    "is_superuser": false,
    "accept_notify": true,
    "locations": [],
    "created": "2015-11-17T02:02:18.212Z",
    "middle_initial": null,
    "password": "pbkdf2_sha256$20000$7oXRFGfoYmMH$t+EvIHThtwbG+50xOAoUu+/yG4OynzT0rMK9HxVVUg0=",
    "password_one_time": null,
    "user_permissions": [],
    "deleted": null,
    "title": "id",
    "password_expire_date": "2016-02-15",
    "username": "id",
    "proxy_status": null,
    "password_length": null,
    "role": "c0fa81df-4ec8-411b-976c-16214c2d0c18",
    "accept_assign": true,
    "auth_amount": "0.0000",
    "proxy_end_date": null,
    "email": "myemail@mail.com",
    "next_approver": null,
    "last_login": null,
    "last_name": "id",
    "first_name": "id",
    "employee_id": null,
    "fullname": "id id",
    "status": "cb17ccdc-7a2a-44a6-bf8b-da2315854ece",
    "password_change": "2015-11-17T02:02:18.207Z"
  }
},
{
  "model": "person.person",
  "pk": "30f530c4-ce6c-4724-9cfd-37a16e787073",
  "fields": {
    "locale": null,
    "is_staff": false,
    "modified": "2015-11-17T02:02:18.339Z",
    "password_history": "[\"pbkdf2_sha256$20000$8vYHvApHzvBY$J5N3v9to1d+GxUDzphDShyfUh0T+FvFzGIVXFCqy4jc=\"]",
    "groups": [
      3
    ],
    "date_joined": "2015-11-17T02:02:18.229Z",
    "is_active": true,
    "proxy_user": null,
    "auth_currency": "2c969193-0896-42cd-9531-f42717397248",
    "proxy_start_date": null,
    "is_superuser": false,
    "accept_notify": true,
    "locations": [],
    "created": "2015-11-17T02:02:18.330Z",
    "middle_initial": null,
    "password": "pbkdf2_sha256$20000$PTwDHWfOwl2j$mLtUiBuDRGV/ZFxLtqW/qNYwkOfrWIpVgtv6EW6jp0Q=",
    "password_one_time": null,
    "user_permissions": [],
    "deleted": null,
    "title": "imperdiet",
    "password_expire_date": "2016-02-15",
    "username": "imperdiet",
    "proxy_status": null,
    "password_length": null,
    "role": "c0fa81df-4ec8-411b-976c-16214c2d0c18",
    "accept_assign": true,
    "auth_amount": "0.0000",
    "proxy_end_date": null,
    "email": "myemail@mail.com",
    "next_approver": null,
    "last_login": null,
    "last_name": "imperdiet",
    "first_name": "imperdiet",
    "employee_id": null,
    "fullname": "imperdiet imperdiet",
    "status": "cb17ccdc-7a2a-44a6-bf8b-da2315854ece",
    "password_change": "2015-11-17T02:02:18.325Z"
  }
},
{
  "model": "person.person",
  "pk": "30f530c4-ce6c-4724-9cfd-37a16e787074",
  "fields": {
    "locale": null,
    "is_staff": false,
    "modified": "2015-11-17T02:02:18.458Z",
    "password_history": "[\"pbkdf2_sha256$20000$g3KwKE0kq2dr$Oo3CYK5Ic8a2pQmgVClQjMg1NIftfB1PLl/bCKs8/g8=\"]",
    "groups": [
      3
    ],
    "date_joined": "2015-11-17T02:02:18.347Z",
    "is_active": true,
    "proxy_user": null,
    "auth_currency": "2c969193-0896-42cd-9531-f42717397248",
    "proxy_start_date": null,
    "is_superuser": false,
    "accept_notify": true,
    "locations": [],
    "created": "2015-11-17T02:02:18.449Z",
    "middle_initial": null,
    "password": "pbkdf2_sha256$20000$JnvnVK4A5wSb$51vMJuaiXaW7O5LyT7FBMdehKayKbopXnqVp0l3K7W0=",
    "password_one_time": null,
    "user_permissions": [],
    "deleted": null,
    "title": "in",
    "password_expire_date": "2016-02-15",
    "username": "in",
    "proxy_status": null,
    "password_length": null,
    "role": "c0fa81df-4ec8-411b-976c-16214c2d0c18",
    "accept_assign": true,
    "auth_amount": "0.0000",
    "proxy_end_date": null,
    "email": "myemail@mail.com",
    "next_approver": null,
    "last_login": null,
    "last_name": "in",
    "first_name": "in",
    "employee_id": null,
    "fullname": "in in",
    "status": "cb17ccdc-7a2a-44a6-bf8b-da2315854ece",
    "password_change": "2015-11-17T02:02:18.444Z"
  }
},
{
  "model": "person.person",
  "pk": "30f530c4-ce6c-4724-9cfd-37a16e787075",
  "fields": {
    "locale": null,
    "is_staff": false,
    "modified": "2015-11-17T02:02:18.583Z",
    "password_history": "[\"pbkdf2_sha256$20000$ZQAxEfRp4L4V$SIfv76c3YgwUv+g6SxKKOAEtv/pbbWsv11SxwD2vI7A=\"]",
    "groups": [
      1
    ],
    "date_joined": "2015-11-17T02:02:18.466Z",
    "is_active": true,
    "proxy_user": null,
    "auth_currency": "2c969193-0896-42cd-9531-f42717397248",
    "proxy_start_date": null,
    "is_superuser": false,
    "accept_notify": true,
    "locations": [
      "325290eb-106c-4676-a6cf-6a6692b622bf",
      "c9a01be4-30b5-4a11-a8f2-f22a79344ec4"
    ],
    "created": "2015-11-17T02:02:18.571Z",
    "middle_initial": null,
    "password": "pbkdf2_sha256$20000$HYc866n84UYw$wmT5/6ijHaWZxKxyOG3P+V02KkRLrtY9ba0m8yzuDCI=",
    "password_one_time": null,
    "user_permissions": [],
    "deleted": null,
    "title": "inceptos",
    "password_expire_date": "2016-02-15",
    "username": "inceptos",
    "proxy_status": null,
    "password_length": null,
    "role": "903cf6be-1af9-453f-a77c-448cca854dde",
    "accept_assign": true,
    "auth_amount": "0.0000",
    "proxy_end_date": null,
    "email": "myemail@mail.com",
    "next_approver": null,
    "last_login": null,
    "last_name": "inceptos",
    "first_name": "inceptos",
    "employee_id": null,
    "fullname": "inceptos inceptos",
    "status": "cb17ccdc-7a2a-44a6-bf8b-da2315854ece",
    "password_change": "2015-11-17T02:02:18.566Z"
  }
},
{
  "model": "person.person",
  "pk": "30f530c4-ce6c-4724-9cfd-37a16e787076",
  "fields": {
    "locale": null,
    "is_staff": false,
    "modified": "2015-11-17T02:02:18.709Z",
    "password_history": "[\"pbkdf2_sha256$20000$0rMweJOPYnCf$jNrKV/BcUX9aXFG7/yfK/Ow77OCUvswEn10bRMdwFvg=\"]",
    "groups": [
      2
    ],
    "date_joined": "2015-11-17T02:02:18.592Z",
    "is_active": true,
    "proxy_user": null,
    "auth_currency": "2c969193-0896-42cd-9531-f42717397248",
    "proxy_start_date": null,
    "is_superuser": false,
    "accept_notify": true,
    "locations": [
      "b3e6def7-a2e2-423e-a2ac-01428de880ce",
      "e50c05af-ecaf-4f47-8c96-fb2ae73c772d",
      "bbd7faa8-e943-4bee-bac2-2f524dce47c4",
      "543660bd-cb86-47b8-9f21-77b9a71e7e37"
    ],
    "created": "2015-11-17T02:02:18.694Z",
    "middle_initial": null,
    "password": "pbkdf2_sha256$20000$74U7L69ziHk9$TP1Z/wm4XT3S64OsMA4XKlouW9KjIlU6Mhpm+qbhX+I=",
    "password_one_time": null,
    "user_permissions": [],
    "deleted": null,
    "title": "integer",
    "password_expire_date": "2016-02-15",
    "username": "integer",
    "proxy_status": null,
    "password_length": null,
    "role": "3d5185b0-71ce-4e78-a12e-4ab909d739c6",
    "accept_assign": true,
    "auth_amount": "0.0000",
    "proxy_end_date": null,
    "email": "myemail@mail.com",
    "next_approver": null,
    "last_login": null,
    "last_name": "integer",
    "first_name": "integer",
    "employee_id": null,
    "fullname": "integer integer",
    "status": "cb17ccdc-7a2a-44a6-bf8b-da2315854ece",
    "password_change": "2015-11-17T02:02:18.690Z"
  }
},
{
  "model": "person.person",
  "pk": "30f530c4-ce6c-4724-9cfd-37a16e787077",
  "fields": {
    "locale": null,
    "is_staff": false,
    "modified": "2015-11-17T02:02:18.829Z",
    "password_history": "[\"pbkdf2_sha256$20000$sBmi5Vep89eB$ZqNQAkFqxMKCp2iHQhhVLmOsHd8t7Irf6GMsonMGpQ4=\"]",
    "groups": [
      5
    ],
    "date_joined": "2015-11-17T02:02:18.717Z",
    "is_active": true,
    "proxy_user": null,
    "auth_currency": "2c969193-0896-42cd-9531-f42717397248",
    "proxy_start_date": null,
    "is_superuser": false,
    "accept_notify": true,
    "locations": [],
    "created": "2015-11-17T02:02:18.820Z",
    "middle_initial": null,
    "password": "pbkdf2_sha256$20000$x7jKhdIo0Xe7$6+qiiT6YuljK3cMP2t0mORbjY8zW2Vvf1DIgHbbYOxI=",
    "password_one_time": null,
    "user_permissions": [],
    "deleted": null,
    "title": "interdum",
    "password_expire_date": "2016-02-15",
    "username": "interdum",
    "proxy_status": null,
    "password_length": null,
    "role": "37f2a324-a915-4fbb-ac76-8ca7417583be",
    "accept_assign": true,
    "auth_amount": "0.0000",
    "proxy_end_date": null,
    "email": "myemail@mail.com",
    "next_approver": null,
    "last_login": null,
    "last_name": "interdum",
    "first_name": "interdum",
    "employee_id": null,
    "fullname": "interdum interdum",
    "status": "cb17ccdc-7a2a-44a6-bf8b-da2315854ece",
    "password_change": "2015-11-17T02:02:18.816Z"
  }
},
{
  "model": "person.person",
  "pk": "30f530c4-ce6c-4724-9cfd-37a16e787078",
  "fields": {
    "locale": null,
    "is_staff": false,
    "modified": "2015-11-17T02:02:18.951Z",
    "password_history": "[\"pbkdf2_sha256$20000$qpVOLKIq3chQ$0rGerfySVjN9dfOqqTN/Z4Kts+pq42V6rIcDXXdrdCk=\"]",
    "groups": [
      3
    ],
    "date_joined": "2015-11-17T02:02:18.838Z",
    "is_active": true,
    "proxy_user": null,
    "auth_currency": "2c969193-0896-42cd-9531-f42717397248",
    "proxy_start_date": null,
    "is_superuser": false,
    "accept_notify": true,
    "locations": [],
    "created": "2015-11-17T02:02:18.944Z",
    "middle_initial": null,
    "password": "pbkdf2_sha256$20000$qBPwFp8j8F8y$wqPRMRF59sjoKtph/xiRPxctxMcpgMNLpASpP2q6OSU=",
    "password_one_time": null,
    "user_permissions": [],
    "deleted": null,
    "title": "ipsum",
    "password_expire_date": "2016-02-15",
    "username": "ipsum",
    "proxy_status": null,
    "password_length": null,
    "role": "c0fa81df-4ec8-411b-976c-16214c2d0c18",
    "accept_assign": true,
    "auth_amount": "0.0000",
    "proxy_end_date": null,
    "email": "myemail@mail.com",
    "next_approver": null,
    "last_login": null,
    "last_name": "ipsum",
    "first_name": "ipsum",
    "employee_id": null,
    "fullname": "ipsum ipsum",
    "status": "cb17ccdc-7a2a-44a6-bf8b-da2315854ece",
    "password_change": "2015-11-17T02:02:18.940Z"
  }
},
{
  "model": "person.person",
  "pk": "30f530c4-ce6c-4724-9cfd-37a16e787079",
  "fields": {
    "locale": null,
    "is_staff": false,
    "modified": "2015-11-17T02:02:19.114Z",
    "password_history": "[\"pbkdf2_sha256$20000$kKMWEPFIWRf3$kpQ3jbcQ0ySvc9jbPn0YiyDI0pYqmf1CEx7E/h+IMTo=\"]",
    "groups": [
      2
    ],
    "date_joined": "2015-11-17T02:02:18.959Z",
    "is_active": true,
    "proxy_user": null,
    "auth_currency": "2c969193-0896-42cd-9531-f42717397248",
    "proxy_start_date": null,
    "is_superuser": false,
    "accept_notify": true,
    "locations": [
      "b3e6def7-a2e2-423e-a2ac-01428de880ce",
      "e50c05af-ecaf-4f47-8c96-fb2ae73c772d",
      "bbd7faa8-e943-4bee-bac2-2f524dce47c4",
      "543660bd-cb86-47b8-9f21-77b9a71e7e37"
    ],
    "created": "2015-11-17T02:02:19.098Z",
    "middle_initial": null,
    "password": "pbkdf2_sha256$20000$Lk3Nql8WRUPF$4vEozS1XDOk38e4Z3DwRuGvzUMFim9WjFL1n1ZzPGbw=",
    "password_one_time": null,
    "user_permissions": [],
    "deleted": null,
    "title": "justo",
    "password_expire_date": "2016-02-15",
    "username": "justo",
    "proxy_status": null,
    "password_length": null,
    "role": "3d5185b0-71ce-4e78-a12e-4ab909d739c6",
    "accept_assign": true,
    "auth_amount": "0.0000",
    "proxy_end_date": null,
    "email": "myemail@mail.com",
    "next_approver": null,
    "last_login": null,
    "last_name": "justo",
    "first_name": "justo",
    "employee_id": null,
    "fullname": "justo justo",
    "status": "cb17ccdc-7a2a-44a6-bf8b-da2315854ece",
    "password_change": "2015-11-17T02:02:19.093Z"
  }
},
{
  "model": "person.person",
  "pk": "30f530c4-ce6c-4724-9cfd-37a16e787080",
  "fields": {
    "locale": null,
    "is_staff": false,
    "modified": "2015-11-17T02:02:19.248Z",
    "password_history": "[\"pbkdf2_sha256$20000$uJwqTS7pmVHm$DyC4U+i9emXtyqKkYaF/nKIqgu+p07AcIJ95vQjLiSI=\"]",
    "groups": [
      2
    ],
    "date_joined": "2015-11-17T02:02:19.122Z",
    "is_active": true,
    "proxy_user": null,
    "auth_currency": "2c969193-0896-42cd-9531-f42717397248",
    "proxy_start_date": null,
    "is_superuser": false,
    "accept_notify": true,
    "locations": [
      "b3e6def7-a2e2-423e-a2ac-01428de880ce",
      "e50c05af-ecaf-4f47-8c96-fb2ae73c772d",
      "bbd7faa8-e943-4bee-bac2-2f524dce47c4",
      "543660bd-cb86-47b8-9f21-77b9a71e7e37"
    ],
    "created": "2015-11-17T02:02:19.233Z",
    "middle_initial": null,
    "password": "pbkdf2_sha256$20000$BC0Jr6P6MDk4$Yy68BeRLfvCWDnH5+pJVjiLH1mRrsZo5r22aG3O8adg=",
    "password_one_time": null,
    "user_permissions": [],
    "deleted": null,
    "title": "lacinia",
    "password_expire_date": "2016-02-15",
    "username": "lacinia",
    "proxy_status": null,
    "password_length": null,
    "role": "3d5185b0-71ce-4e78-a12e-4ab909d739c6",
    "accept_assign": true,
    "auth_amount": "0.0000",
    "proxy_end_date": null,
    "email": "myemail@mail.com",
    "next_approver": null,
    "last_login": null,
    "last_name": "lacinia",
    "first_name": "lacinia",
    "employee_id": null,
    "fullname": "lacinia lacinia",
    "status": "cb17ccdc-7a2a-44a6-bf8b-da2315854ece",
    "password_change": "2015-11-17T02:02:19.228Z"
  }
},
{
  "model": "person.person",
  "pk": "30f530c4-ce6c-4724-9cfd-37a16e787081",
  "fields": {
    "locale": null,
    "is_staff": false,
    "modified": "2015-11-17T02:02:19.368Z",
    "password_history": "[\"pbkdf2_sha256$20000$183O6DUhJf7a$Z0JQN1lyWnOvYRoxFwCyJUn64LW4iWtC77nzS/0QJJo=\"]",
    "groups": [
      5
    ],
    "date_joined": "2015-11-17T02:02:19.256Z",
    "is_active": true,
    "proxy_user": null,
    "auth_currency": "2c969193-0896-42cd-9531-f42717397248",
    "proxy_start_date": null,
    "is_superuser": false,
    "accept_notify": true,
    "locations": [],
    "created": "2015-11-17T02:02:19.359Z",
    "middle_initial": null,
    "password": "pbkdf2_sha256$20000$g59glA3vD1Mr$V507vXqmZRaaNFBilSsuK4ZjagsxHxem8hf5uZn1tdk=",
    "password_one_time": null,
    "user_permissions": [],
    "deleted": null,
    "title": "lacus",
    "password_expire_date": "2016-02-15",
    "username": "lacus",
    "proxy_status": null,
    "password_length": null,
    "role": "37f2a324-a915-4fbb-ac76-8ca7417583be",
    "accept_assign": true,
    "auth_amount": "0.0000",
    "proxy_end_date": null,
    "email": "myemail@mail.com",
    "next_approver": null,
    "last_login": null,
    "last_name": "lacus",
    "first_name": "lacus",
    "employee_id": null,
    "fullname": "lacus lacus",
    "status": "cb17ccdc-7a2a-44a6-bf8b-da2315854ece",
    "password_change": "2015-11-17T02:02:19.355Z"
  }
},
{
  "model": "person.person",
  "pk": "30f530c4-ce6c-4724-9cfd-37a16e787082",
  "fields": {
    "locale": null,
    "is_staff": false,
    "modified": "2015-11-17T02:02:19.491Z",
    "password_history": "[\"pbkdf2_sha256$20000$fFT2pmvUImzm$ZD+FTZdAOkqzjVD5poTIcm25yUMVaaoUQwvw/NvrA+s=\"]",
    "groups": [
      1
    ],
    "date_joined": "2015-11-17T02:02:19.376Z",
    "is_active": true,
    "proxy_user": null,
    "auth_currency": "2c969193-0896-42cd-9531-f42717397248",
    "proxy_start_date": null,
    "is_superuser": false,
    "accept_notify": true,
    "locations": [
      "325290eb-106c-4676-a6cf-6a6692b622bf",
      "c9a01be4-30b5-4a11-a8f2-f22a79344ec4"
    ],
    "created": "2015-11-17T02:02:19.477Z",
    "middle_initial": null,
    "password": "pbkdf2_sha256$20000$jorgq0ktBav8$hzxO6XaYTqHAdf4hybhRG/XpbukMP/lCEhOzl28i4hQ=",
    "password_one_time": null,
    "user_permissions": [],
    "deleted": null,
    "title": "laoreet",
    "password_expire_date": "2016-02-15",
    "username": "laoreet",
    "proxy_status": null,
    "password_length": null,
    "role": "903cf6be-1af9-453f-a77c-448cca854dde",
    "accept_assign": true,
    "auth_amount": "0.0000",
    "proxy_end_date": null,
    "email": "myemail@mail.com",
    "next_approver": null,
    "last_login": null,
    "last_name": "laoreet",
    "first_name": "laoreet",
    "employee_id": null,
    "fullname": "laoreet laoreet",
    "status": "cb17ccdc-7a2a-44a6-bf8b-da2315854ece",
    "password_change": "2015-11-17T02:02:19.472Z"
  }
},
{
  "model": "person.person",
  "pk": "30f530c4-ce6c-4724-9cfd-37a16e787083",
  "fields": {
    "locale": null,
    "is_staff": false,
    "modified": "2015-11-17T02:02:19.622Z",
    "password_history": "[\"pbkdf2_sha256$20000$XfeqTlLg6dfs$2j/sETe+/1poKh2ydOhzfUZb8g/TtnhwdNMEf/ftxQY=\"]",
    "groups": [
      1
    ],
    "date_joined": "2015-11-17T02:02:19.499Z",
    "is_active": true,
    "proxy_user": null,
    "auth_currency": "2c969193-0896-42cd-9531-f42717397248",
    "proxy_start_date": null,
    "is_superuser": false,
    "accept_notify": true,
    "locations": [
      "325290eb-106c-4676-a6cf-6a6692b622bf",
      "c9a01be4-30b5-4a11-a8f2-f22a79344ec4"
    ],
    "created": "2015-11-17T02:02:19.610Z",
    "middle_initial": null,
    "password": "pbkdf2_sha256$20000$2CltmHIKL4Xs$Aj6DORpXqho+Sj10z6fwJTCgh85sZOVXEmF2PG3BsKU=",
    "password_one_time": null,
    "user_permissions": [],
    "deleted": null,
    "title": "lectus",
    "password_expire_date": "2016-02-15",
    "username": "lectus",
    "proxy_status": null,
    "password_length": null,
    "role": "903cf6be-1af9-453f-a77c-448cca854dde",
    "accept_assign": true,
    "auth_amount": "0.0000",
    "proxy_end_date": null,
    "email": "myemail@mail.com",
    "next_approver": null,
    "last_login": null,
    "last_name": "lectus",
    "first_name": "lectus",
    "employee_id": null,
    "fullname": "lectus lectus",
    "status": "cb17ccdc-7a2a-44a6-bf8b-da2315854ece",
    "password_change": "2015-11-17T02:02:19.605Z"
  }
},
{
  "model": "person.person",
  "pk": "30f530c4-ce6c-4724-9cfd-37a16e787084",
  "fields": {
    "locale": null,
    "is_staff": false,
    "modified": "2015-11-17T02:02:19.739Z",
    "password_history": "[\"pbkdf2_sha256$20000$ZhynCjgJ2IFA$98d71/yBtrq2g+Xgiz4GUa7U6bNpCLEEqjUXzne14KU=\"]",
    "groups": [
      3
    ],
    "date_joined": "2015-11-17T02:02:19.630Z",
    "is_active": true,
    "proxy_user": null,
    "auth_currency": "2c969193-0896-42cd-9531-f42717397248",
    "proxy_start_date": null,
    "is_superuser": false,
    "accept_notify": true,
    "locations": [],
    "created": "2015-11-17T02:02:19.730Z",
    "middle_initial": null,
    "password": "pbkdf2_sha256$20000$Scg7tervPXBZ$LeQ1nM/qmZWOBVjIdeSTeDOSbirppQ5ddu08XjgYDyc=",
    "password_one_time": null,
    "user_permissions": [],
    "deleted": null,
    "title": "leo",
    "password_expire_date": "2016-02-15",
    "username": "leo",
    "proxy_status": null,
    "password_length": null,
    "role": "c0fa81df-4ec8-411b-976c-16214c2d0c18",
    "accept_assign": true,
    "auth_amount": "0.0000",
    "proxy_end_date": null,
    "email": "myemail@mail.com",
    "next_approver": null,
    "last_login": null,
    "last_name": "leo",
    "first_name": "leo",
    "employee_id": null,
    "fullname": "leo leo",
    "status": "cb17ccdc-7a2a-44a6-bf8b-da2315854ece",
    "password_change": "2015-11-17T02:02:19.726Z"
  }
},
{
  "model": "person.person",
  "pk": "30f530c4-ce6c-4724-9cfd-37a16e787085",
  "fields": {
    "locale": null,
    "is_staff": false,
    "modified": "2015-11-17T02:02:19.862Z",
    "password_history": "[\"pbkdf2_sha256$20000$ioQPodxcFWXf$6uMjWNhN2rGdOKkmvgOd52gpTrhU+rbajmsK3PMKN7E=\"]",
    "groups": [
      4
    ],
    "date_joined": "2015-11-17T02:02:19.747Z",
    "is_active": true,
    "proxy_user": null,
    "auth_currency": "2c969193-0896-42cd-9531-f42717397248",
    "proxy_start_date": null,
    "is_superuser": false,
    "accept_notify": true,
    "locations": [
      "7ea4a317-58c4-46b4-8c4e-b436aa5ece37",
      "c0ae2dc8-59c1-4103-8625-f2a3c1d318ae",
      "1673e4aa-7892-484d-9921-7ecfb4f6f2f7",
      "a3a0e48a-d9dd-445d-8fbf-c60c1d5b2c76"
    ],
    "created": "2015-11-17T02:02:19.847Z",
    "middle_initial": null,
    "password": "pbkdf2_sha256$20000$3WsnyHhhcvmh$3j91dPsboElbchfpCtSF4CD++ZDjoedVFO9wDGdrxHw=",
    "password_one_time": null,
    "user_permissions": [],
    "deleted": null,
    "title": "libero",
    "password_expire_date": "2016-02-15",
    "username": "libero",
    "proxy_status": null,
    "password_length": null,
    "role": "c3de8bbb-313c-4804-bc6d-348e571e89cf",
    "accept_assign": true,
    "auth_amount": "0.0000",
    "proxy_end_date": null,
    "email": "myemail@mail.com",
    "next_approver": null,
    "last_login": null,
    "last_name": "libero",
    "first_name": "libero",
    "employee_id": null,
    "fullname": "libero libero",
    "status": "cb17ccdc-7a2a-44a6-bf8b-da2315854ece",
    "password_change": "2015-11-17T02:02:19.843Z"
  }
},
{
  "model": "person.person",
  "pk": "30f530c4-ce6c-4724-9cfd-37a16e787086",
  "fields": {
    "locale": null,
    "is_staff": false,
    "modified": "2015-11-17T02:02:19.982Z",
    "password_history": "[\"pbkdf2_sha256$20000$N3Tv5l6R0oFn$aIlJPst9WpowaaRfr51tlOuN2ZOhBBW0qlXYVgfNSwE=\"]",
    "groups": [
      3
    ],
    "date_joined": "2015-11-17T02:02:19.870Z",
    "is_active": true,
    "proxy_user": null,
    "auth_currency": "2c969193-0896-42cd-9531-f42717397248",
    "proxy_start_date": null,
    "is_superuser": false,
    "accept_notify": true,
    "locations": [],
    "created": "2015-11-17T02:02:19.972Z",
    "middle_initial": null,
    "password": "pbkdf2_sha256$20000$9GX8zkmTcVms$Nw7aR0l7xgMVem5LgvyLL8zHZSx96BjoJIrWHXB7UwQ=",
    "password_one_time": null,
    "user_permissions": [],
    "deleted": null,
    "title": "ligula",
    "password_expire_date": "2016-02-15",
    "username": "ligula",
    "proxy_status": null,
    "password_length": null,
    "role": "c0fa81df-4ec8-411b-976c-16214c2d0c18",
    "accept_assign": true,
    "auth_amount": "0.0000",
    "proxy_end_date": null,
    "email": "myemail@mail.com",
    "next_approver": null,
    "last_login": null,
    "last_name": "ligula",
    "first_name": "ligula",
    "employee_id": null,
    "fullname": "ligula ligula",
    "status": "cb17ccdc-7a2a-44a6-bf8b-da2315854ece",
    "password_change": "2015-11-17T02:02:19.968Z"
  }
},
{
  "model": "person.person",
  "pk": "30f530c4-ce6c-4724-9cfd-37a16e787087",
  "fields": {
    "locale": null,
    "is_staff": false,
    "modified": "2015-11-17T02:02:20.099Z",
    "password_history": "[\"pbkdf2_sha256$20000$RyJl8GmQ7I6g$ZkjkKgQpF/DuNIBqpHWTyYBG8dqD+TBk6rn7JIVFzNU=\"]",
    "groups": [
      3
    ],
    "date_joined": "2015-11-17T02:02:19.990Z",
    "is_active": true,
    "proxy_user": null,
    "auth_currency": "2c969193-0896-42cd-9531-f42717397248",
    "proxy_start_date": null,
    "is_superuser": false,
    "accept_notify": true,
    "locations": [],
    "created": "2015-11-17T02:02:20.090Z",
    "middle_initial": null,
    "password": "pbkdf2_sha256$20000$FG4CpWgpPtnz$rp5jDZBAtOVDvp11ruCX9tbcZ0zcZM7JhgDHr9/yLiA=",
    "password_one_time": null,
    "user_permissions": [],
    "deleted": null,
    "title": "litora",
    "password_expire_date": "2016-02-15",
    "username": "litora",
    "proxy_status": null,
    "password_length": null,
    "role": "c0fa81df-4ec8-411b-976c-16214c2d0c18",
    "accept_assign": true,
    "auth_amount": "0.0000",
    "proxy_end_date": null,
    "email": "myemail@mail.com",
    "next_approver": null,
    "last_login": null,
    "last_name": "litora",
    "first_name": "litora",
    "employee_id": null,
    "fullname": "litora litora",
    "status": "cb17ccdc-7a2a-44a6-bf8b-da2315854ece",
    "password_change": "2015-11-17T02:02:20.086Z"
  }
},
{
  "model": "person.person",
  "pk": "30f530c4-ce6c-4724-9cfd-37a16e787088",
  "fields": {
    "locale": null,
    "is_staff": false,
    "modified": "2015-11-17T02:02:20.218Z",
    "password_history": "[\"pbkdf2_sha256$20000$jnBLjkr0A6Cl$Al5cLYHwTrFZZ0o1bo83rtcTbQgxrmXZsUdhd2ApX0I=\"]",
    "groups": [
      3
    ],
    "date_joined": "2015-11-17T02:02:20.107Z",
    "is_active": true,
    "proxy_user": null,
    "auth_currency": "2c969193-0896-42cd-9531-f42717397248",
    "proxy_start_date": null,
    "is_superuser": false,
    "accept_notify": true,
    "locations": [],
    "created": "2015-11-17T02:02:20.208Z",
    "middle_initial": null,
    "password": "pbkdf2_sha256$20000$57fA7DUhimRl$qBFLQV60ccfaCpXxpZ7c1hAZbV+dcE40znYmamtHn6E=",
    "password_one_time": null,
    "user_permissions": [],
    "deleted": null,
    "title": "lobortis",
    "password_expire_date": "2016-02-15",
    "username": "lobortis",
    "proxy_status": null,
    "password_length": null,
    "role": "c0fa81df-4ec8-411b-976c-16214c2d0c18",
    "accept_assign": true,
    "auth_amount": "0.0000",
    "proxy_end_date": null,
    "email": "myemail@mail.com",
    "next_approver": null,
    "last_login": null,
    "last_name": "lobortis",
    "first_name": "lobortis",
    "employee_id": null,
    "fullname": "lobortis lobortis",
    "status": "cb17ccdc-7a2a-44a6-bf8b-da2315854ece",
    "password_change": "2015-11-17T02:02:20.204Z"
  }
},
{
  "model": "person.person",
  "pk": "30f530c4-ce6c-4724-9cfd-37a16e787089",
  "fields": {
    "locale": null,
    "is_staff": false,
    "modified": "2015-11-17T02:02:20.344Z",
    "password_history": "[\"pbkdf2_sha256$20000$z0iUGrtaNKrN$VdjYFnp1YqGRx38Grz3EEGHc0mmlhzg6hexNmjVBkyk=\"]",
    "groups": [
      1
    ],
    "date_joined": "2015-11-17T02:02:20.226Z",
    "is_active": true,
    "proxy_user": null,
    "auth_currency": "2c969193-0896-42cd-9531-f42717397248",
    "proxy_start_date": null,
    "is_superuser": false,
    "accept_notify": true,
    "locations": [
      "325290eb-106c-4676-a6cf-6a6692b622bf",
      "c9a01be4-30b5-4a11-a8f2-f22a79344ec4"
    ],
    "created": "2015-11-17T02:02:20.331Z",
    "middle_initial": null,
    "password": "pbkdf2_sha256$20000$jc8J4h86mQSP$vh1lWrXh6d15ko+8+Ytd62yTSi0G4B4qewTyjzymbl4=",
    "password_one_time": null,
    "user_permissions": [],
    "deleted": null,
    "title": "lorem",
    "password_expire_date": "2016-02-15",
    "username": "lorem",
    "proxy_status": null,
    "password_length": null,
    "role": "903cf6be-1af9-453f-a77c-448cca854dde",
    "accept_assign": true,
    "auth_amount": "0.0000",
    "proxy_end_date": null,
    "email": "myemail@mail.com",
    "next_approver": null,
    "last_login": null,
    "last_name": "lorem",
    "first_name": "lorem",
    "employee_id": null,
    "fullname": "lorem lorem",
    "status": "cb17ccdc-7a2a-44a6-bf8b-da2315854ece",
    "password_change": "2015-11-17T02:02:20.327Z"
  }
},
{
  "model": "person.person",
  "pk": "30f530c4-ce6c-4724-9cfd-37a16e787090",
  "fields": {
    "locale": null,
    "is_staff": false,
    "modified": "2015-11-17T02:02:20.470Z",
    "password_history": "[\"pbkdf2_sha256$20000$F5cg7YAMrDSz$pqszAo0peF0CpdsNqCXmXaAnUv144zWfNWyhQ/VEaFU=\"]",
    "groups": [
      1
    ],
    "date_joined": "2015-11-17T02:02:20.352Z",
    "is_active": true,
    "proxy_user": null,
    "auth_currency": "2c969193-0896-42cd-9531-f42717397248",
    "proxy_start_date": null,
    "is_superuser": false,
    "accept_notify": true,
    "locations": [
      "325290eb-106c-4676-a6cf-6a6692b622bf",
      "c9a01be4-30b5-4a11-a8f2-f22a79344ec4"
    ],
    "created": "2015-11-17T02:02:20.457Z",
    "middle_initial": null,
    "password": "pbkdf2_sha256$20000$QoXIqDY72Xr1$K6UT+PFS8zDeaortXI8UMAnsjJOGHQZ2sJ3Xr3ut8p0=",
    "password_one_time": null,
    "user_permissions": [],
    "deleted": null,
    "title": "luctus",
    "password_expire_date": "2016-02-15",
    "username": "luctus",
    "proxy_status": null,
    "password_length": null,
    "role": "903cf6be-1af9-453f-a77c-448cca854dde",
    "accept_assign": true,
    "auth_amount": "0.0000",
    "proxy_end_date": null,
    "email": "myemail@mail.com",
    "next_approver": null,
    "last_login": null,
    "last_name": "luctus",
    "first_name": "luctus",
    "employee_id": null,
    "fullname": "luctus luctus",
    "status": "cb17ccdc-7a2a-44a6-bf8b-da2315854ece",
    "password_change": "2015-11-17T02:02:20.453Z"
  }
},
{
  "model": "person.person",
  "pk": "30f530c4-ce6c-4724-9cfd-37a16e787091",
  "fields": {
    "locale": null,
    "is_staff": false,
    "modified": "2015-11-17T02:02:20.593Z",
    "password_history": "[\"pbkdf2_sha256$20000$gKDdhfR5HwZy$WvI1WCz02vv6YKPus8MSGBKiFottQwrQbW8lowa3fbY=\"]",
    "groups": [
      3
    ],
    "date_joined": "2015-11-17T02:02:20.478Z",
    "is_active": true,
    "proxy_user": null,
    "auth_currency": "2c969193-0896-42cd-9531-f42717397248",
    "proxy_start_date": null,
    "is_superuser": false,
    "accept_notify": true,
    "locations": [],
    "created": "2015-11-17T02:02:20.584Z",
    "middle_initial": null,
    "password": "pbkdf2_sha256$20000$aqSUmgxcmGN1$rZZbFSkzwajtp584Dd6h0YZ4I1gZvDCriFdb+vrwzNA=",
    "password_one_time": null,
    "user_permissions": [],
    "deleted": null,
    "title": "maecenas",
    "password_expire_date": "2016-02-15",
    "username": "maecenas",
    "proxy_status": null,
    "password_length": null,
    "role": "c0fa81df-4ec8-411b-976c-16214c2d0c18",
    "accept_assign": true,
    "auth_amount": "0.0000",
    "proxy_end_date": null,
    "email": "myemail@mail.com",
    "next_approver": null,
    "last_login": null,
    "last_name": "maecenas",
    "first_name": "maecenas",
    "employee_id": null,
    "fullname": "maecenas maecenas",
    "status": "cb17ccdc-7a2a-44a6-bf8b-da2315854ece",
    "password_change": "2015-11-17T02:02:20.580Z"
  }
},
{
  "model": "person.person",
  "pk": "30f530c4-ce6c-4724-9cfd-37a16e787092",
  "fields": {
    "locale": null,
    "is_staff": false,
    "modified": "2015-11-17T02:02:20.714Z",
    "password_history": "[\"pbkdf2_sha256$20000$6uB4blnENSPf$G94oG17KW3TgNJTMKw4wZ0zV4weyxSHCxfeNGHyZtAc=\"]",
    "groups": [
      3
    ],
    "date_joined": "2015-11-17T02:02:20.601Z",
    "is_active": true,
    "proxy_user": null,
    "auth_currency": "2c969193-0896-42cd-9531-f42717397248",
    "proxy_start_date": null,
    "is_superuser": false,
    "accept_notify": true,
    "locations": [],
    "created": "2015-11-17T02:02:20.705Z",
    "middle_initial": null,
    "password": "pbkdf2_sha256$20000$ay4MjMN4MbRC$0XS+CKKkoOtp5OzIR92XL+Jg5adhiCYWjXIuKrE44Ew=",
    "password_one_time": null,
    "user_permissions": [],
    "deleted": null,
    "title": "magna",
    "password_expire_date": "2016-02-15",
    "username": "magna",
    "proxy_status": null,
    "password_length": null,
    "role": "c0fa81df-4ec8-411b-976c-16214c2d0c18",
    "accept_assign": true,
    "auth_amount": "0.0000",
    "proxy_end_date": null,
    "email": "myemail@mail.com",
    "next_approver": null,
    "last_login": null,
    "last_name": "magna",
    "first_name": "magna",
    "employee_id": null,
    "fullname": "magna magna",
    "status": "cb17ccdc-7a2a-44a6-bf8b-da2315854ece",
    "password_change": "2015-11-17T02:02:20.700Z"
  }
},
{
  "model": "person.person",
  "pk": "30f530c4-ce6c-4724-9cfd-37a16e787093",
  "fields": {
    "locale": null,
    "is_staff": false,
    "modified": "2015-11-17T02:02:20.835Z",
    "password_history": "[\"pbkdf2_sha256$20000$cUIuOQ4exXTe$+sV6XdsUPjIMCUxDBauYs7sp7wKmaJCAuPnDEWxjj18=\"]",
    "groups": [
      1
    ],
    "date_joined": "2015-11-17T02:02:20.722Z",
    "is_active": true,
    "proxy_user": null,
    "auth_currency": "2c969193-0896-42cd-9531-f42717397248",
    "proxy_start_date": null,
    "is_superuser": false,
    "accept_notify": true,
    "locations": [
      "325290eb-106c-4676-a6cf-6a6692b622bf",
      "c9a01be4-30b5-4a11-a8f2-f22a79344ec4"
    ],
    "created": "2015-11-17T02:02:20.822Z",
    "middle_initial": null,
    "password": "pbkdf2_sha256$20000$RQ5eZvQ4flcb$4rhWeaKlHpuamVpRIDm1uIicb1Ma46WFAQUBoLF4IXU=",
    "password_one_time": null,
    "user_permissions": [],
    "deleted": null,
    "title": "magnis",
    "password_expire_date": "2016-02-15",
    "username": "magnis",
    "proxy_status": null,
    "password_length": null,
    "role": "903cf6be-1af9-453f-a77c-448cca854dde",
    "accept_assign": true,
    "auth_amount": "0.0000",
    "proxy_end_date": null,
    "email": "myemail@mail.com",
    "next_approver": null,
    "last_login": null,
    "last_name": "magnis",
    "first_name": "magnis",
    "employee_id": null,
    "fullname": "magnis magnis",
    "status": "cb17ccdc-7a2a-44a6-bf8b-da2315854ece",
    "password_change": "2015-11-17T02:02:20.818Z"
  }
},
{
  "model": "person.person",
  "pk": "30f530c4-ce6c-4724-9cfd-37a16e787094",
  "fields": {
    "locale": null,
    "is_staff": false,
    "modified": "2015-11-17T02:02:20.959Z",
    "password_history": "[\"pbkdf2_sha256$20000$WTeAJ3TAQX9L$3/dX7BgFy1J0ZTSpzsIN2c9AHSupQziaWLF3zgV1OIE=\"]",
    "groups": [
      5
    ],
    "date_joined": "2015-11-17T02:02:20.843Z",
    "is_active": true,
    "proxy_user": null,
    "auth_currency": "2c969193-0896-42cd-9531-f42717397248",
    "proxy_start_date": null,
    "is_superuser": false,
    "accept_notify": true,
    "locations": [],
    "created": "2015-11-17T02:02:20.949Z",
    "middle_initial": null,
    "password": "pbkdf2_sha256$20000$ucsucVUadJrB$AeZHbSXxkQB/Tth0jrL8JOAVXEk0XgCE1U33eOtEgTM=",
    "password_one_time": null,
    "user_permissions": [],
    "deleted": null,
    "title": "malesuada",
    "password_expire_date": "2016-02-15",
    "username": "malesuada",
    "proxy_status": null,
    "password_length": null,
    "role": "37f2a324-a915-4fbb-ac76-8ca7417583be",
    "accept_assign": true,
    "auth_amount": "0.0000",
    "proxy_end_date": null,
    "email": "myemail@mail.com",
    "next_approver": null,
    "last_login": null,
    "last_name": "malesuada",
    "first_name": "malesuada",
    "employee_id": null,
    "fullname": "malesuada malesuada",
    "status": "cb17ccdc-7a2a-44a6-bf8b-da2315854ece",
    "password_change": "2015-11-17T02:02:20.943Z"
  }
},
{
  "model": "person.person",
  "pk": "30f530c4-ce6c-4724-9cfd-37a16e787095",
  "fields": {
    "locale": null,
    "is_staff": false,
    "modified": "2015-11-17T02:02:21.077Z",
    "password_history": "[\"pbkdf2_sha256$20000$CMwdb2INICVJ$ucgzbAXwMMQh9n7zYo4B2sjOELZv8n3t7VXsPYxfOKE=\"]",
    "groups": [
      3
    ],
    "date_joined": "2015-11-17T02:02:20.968Z",
    "is_active": true,
    "proxy_user": null,
    "auth_currency": "2c969193-0896-42cd-9531-f42717397248",
    "proxy_start_date": null,
    "is_superuser": false,
    "accept_notify": true,
    "locations": [],
    "created": "2015-11-17T02:02:21.068Z",
    "middle_initial": null,
    "password": "pbkdf2_sha256$20000$PgQn7TcUaDQN$lKKYWWYlN/riFdLOJ6Cf4u0TiQ2SNQlz0o5WMRxyBSo=",
    "password_one_time": null,
    "user_permissions": [],
    "deleted": null,
    "title": "massa",
    "password_expire_date": "2016-02-15",
    "username": "massa",
    "proxy_status": null,
    "password_length": null,
    "role": "c0fa81df-4ec8-411b-976c-16214c2d0c18",
    "accept_assign": true,
    "auth_amount": "0.0000",
    "proxy_end_date": null,
    "email": "myemail@mail.com",
    "next_approver": null,
    "last_login": null,
    "last_name": "massa",
    "first_name": "massa",
    "employee_id": null,
    "fullname": "massa massa",
    "status": "cb17ccdc-7a2a-44a6-bf8b-da2315854ece",
    "password_change": "2015-11-17T02:02:21.064Z"
  }
},
{
  "model": "person.person",
  "pk": "30f530c4-ce6c-4724-9cfd-37a16e787096",
  "fields": {
    "locale": null,
    "is_staff": false,
    "modified": "2015-11-17T02:02:21.200Z",
    "password_history": "[\"pbkdf2_sha256$20000$odFmdFahHOuX$aQZ8pDGsI1xdKncxdkU5Asgaa7IWWPvPCtL8pnSS9N4=\"]",
    "groups": [
      1
    ],
    "date_joined": "2015-11-17T02:02:21.085Z",
    "is_active": true,
    "proxy_user": null,
    "auth_currency": "2c969193-0896-42cd-9531-f42717397248",
    "proxy_start_date": null,
    "is_superuser": false,
    "accept_notify": true,
    "locations": [
      "325290eb-106c-4676-a6cf-6a6692b622bf",
      "c9a01be4-30b5-4a11-a8f2-f22a79344ec4"
    ],
    "created": "2015-11-17T02:02:21.187Z",
    "middle_initial": null,
    "password": "pbkdf2_sha256$20000$O17cPAZP0SFX$0lzXYURfuzmkPHscPIy/V+0Qvlv7fe3UDXFPFs4Ml7w=",
    "password_one_time": null,
    "user_permissions": [],
    "deleted": null,
    "title": "mattis",
    "password_expire_date": "2016-02-15",
    "username": "mattis",
    "proxy_status": null,
    "password_length": null,
    "role": "903cf6be-1af9-453f-a77c-448cca854dde",
    "accept_assign": true,
    "auth_amount": "0.0000",
    "proxy_end_date": null,
    "email": "myemail@mail.com",
    "next_approver": null,
    "last_login": null,
    "last_name": "mattis",
    "first_name": "mattis",
    "employee_id": null,
    "fullname": "mattis mattis",
    "status": "cb17ccdc-7a2a-44a6-bf8b-da2315854ece",
    "password_change": "2015-11-17T02:02:21.183Z"
  }
},
{
  "model": "person.person",
  "pk": "30f530c4-ce6c-4724-9cfd-37a16e787097",
  "fields": {
    "locale": null,
    "is_staff": false,
    "modified": "2015-11-17T02:02:21.318Z",
    "password_history": "[\"pbkdf2_sha256$20000$2Y03Nj2ZVRSS$dANUS2RKPojBGbI1OyhkkIl3J4YMO2i3xecW5qs3bTs=\"]",
    "groups": [
      5
    ],
    "date_joined": "2015-11-17T02:02:21.208Z",
    "is_active": true,
    "proxy_user": null,
    "auth_currency": "2c969193-0896-42cd-9531-f42717397248",
    "proxy_start_date": null,
    "is_superuser": false,
    "accept_notify": true,
    "locations": [],
    "created": "2015-11-17T02:02:21.309Z",
    "middle_initial": null,
    "password": "pbkdf2_sha256$20000$piabdTpAmN3m$CPYMoUVoC+yS06c/jX027asPXn+DoWoR26E5Gd6tVo0=",
    "password_one_time": null,
    "user_permissions": [],
    "deleted": null,
    "title": "mauris",
    "password_expire_date": "2016-02-15",
    "username": "mauris",
    "proxy_status": null,
    "password_length": null,
    "role": "37f2a324-a915-4fbb-ac76-8ca7417583be",
    "accept_assign": true,
    "auth_amount": "0.0000",
    "proxy_end_date": null,
    "email": "myemail@mail.com",
    "next_approver": null,
    "last_login": null,
    "last_name": "mauris",
    "first_name": "mauris",
    "employee_id": null,
    "fullname": "mauris mauris",
    "status": "cb17ccdc-7a2a-44a6-bf8b-da2315854ece",
    "password_change": "2015-11-17T02:02:21.305Z"
  }
},
{
  "model": "person.person",
  "pk": "30f530c4-ce6c-4724-9cfd-37a16e787098",
  "fields": {
    "locale": null,
    "is_staff": false,
    "modified": "2015-11-17T02:02:21.436Z",
    "password_history": "[\"pbkdf2_sha256$20000$8aJEEz92U0q1$85PY4pxyV4e9LHU3tploKkaPqWO3nE20A45/DjLIbbU=\"]",
    "groups": [
      5
    ],
    "date_joined": "2015-11-17T02:02:21.326Z",
    "is_active": true,
    "proxy_user": null,
    "auth_currency": "2c969193-0896-42cd-9531-f42717397248",
    "proxy_start_date": null,
    "is_superuser": false,
    "accept_notify": true,
    "locations": [],
    "created": "2015-11-17T02:02:21.426Z",
    "middle_initial": null,
    "password": "pbkdf2_sha256$20000$VNG9klbwXefb$2uG1pLLVdUGsHTuibegvZm5ZcimYC93+LOBbgvGlxNk=",
    "password_one_time": null,
    "user_permissions": [],
    "deleted": null,
    "title": "metus",
    "password_expire_date": "2016-02-15",
    "username": "metus",
    "proxy_status": null,
    "password_length": null,
    "role": "37f2a324-a915-4fbb-ac76-8ca7417583be",
    "accept_assign": true,
    "auth_amount": "0.0000",
    "proxy_end_date": null,
    "email": "myemail@mail.com",
    "next_approver": null,
    "last_login": null,
    "last_name": "metus",
    "first_name": "metus",
    "employee_id": null,
    "fullname": "metus metus",
    "status": "cb17ccdc-7a2a-44a6-bf8b-da2315854ece",
    "password_change": "2015-11-17T02:02:21.422Z"
  }
},
{
  "model": "person.person",
  "pk": "30f530c4-ce6c-4724-9cfd-37a16e787099",
  "fields": {
    "locale": null,
    "is_staff": false,
    "modified": "2015-11-17T02:02:21.560Z",
    "password_history": "[\"pbkdf2_sha256$20000$FPDQUahhXFEE$L0xGL2KE0JfZuyTU0yXDuALiIZ7xxPD55yIMMtGyvdo=\"]",
    "groups": [
      4
    ],
    "date_joined": "2015-11-17T02:02:21.444Z",
    "is_active": true,
    "proxy_user": null,
    "auth_currency": "2c969193-0896-42cd-9531-f42717397248",
    "proxy_start_date": null,
    "is_superuser": false,
    "accept_notify": true,
    "locations": [
      "7ea4a317-58c4-46b4-8c4e-b436aa5ece37",
      "c0ae2dc8-59c1-4103-8625-f2a3c1d318ae",
      "1673e4aa-7892-484d-9921-7ecfb4f6f2f7",
      "a3a0e48a-d9dd-445d-8fbf-c60c1d5b2c76"
    ],
    "created": "2015-11-17T02:02:21.544Z",
    "middle_initial": null,
    "password": "pbkdf2_sha256$20000$62lbJBzMGZgF$v/KH48TWYc2A568iGlraxN4Yjfw9dLS51Eo5WYrkMdE=",
    "password_one_time": null,
    "user_permissions": [],
    "deleted": null,
    "title": "mi",
    "password_expire_date": "2016-02-15",
    "username": "mi",
    "proxy_status": null,
    "password_length": null,
    "role": "c3de8bbb-313c-4804-bc6d-348e571e89cf",
    "accept_assign": true,
    "auth_amount": "0.0000",
    "proxy_end_date": null,
    "email": "myemail@mail.com",
    "next_approver": null,
    "last_login": null,
    "last_name": "mi",
    "first_name": "mi",
    "employee_id": null,
    "fullname": "mi mi",
    "status": "cb17ccdc-7a2a-44a6-bf8b-da2315854ece",
    "password_change": "2015-11-17T02:02:21.540Z"
  }
},
{
  "model": "person.person",
  "pk": "30f530c4-ce6c-4724-9cfd-37a16e787100",
  "fields": {
    "locale": null,
    "is_staff": false,
    "modified": "2015-11-17T02:02:21.684Z",
    "password_history": "[\"pbkdf2_sha256$20000$5tCmrodTI7fQ$JkqaW0gv/y9TpF7PCIZA4zhW8+q6ubKXDQu2vCk10I0=\"]",
    "groups": [
      5
    ],
    "date_joined": "2015-11-17T02:02:21.568Z",
    "is_active": true,
    "proxy_user": null,
    "auth_currency": "2c969193-0896-42cd-9531-f42717397248",
    "proxy_start_date": null,
    "is_superuser": false,
    "accept_notify": true,
    "locations": [],
    "created": "2015-11-17T02:02:21.675Z",
    "middle_initial": null,
    "password": "pbkdf2_sha256$20000$KDyFgj5kJbkx$muwjoyLm7/zKZr7JSDK6UjddBVKN7o5KKC56tmYIABs=",
    "password_one_time": null,
    "user_permissions": [],
    "deleted": null,
    "title": "molestie",
    "password_expire_date": "2016-02-15",
    "username": "molestie",
    "proxy_status": null,
    "password_length": null,
    "role": "37f2a324-a915-4fbb-ac76-8ca7417583be",
    "accept_assign": true,
    "auth_amount": "0.0000",
    "proxy_end_date": null,
    "email": "myemail@mail.com",
    "next_approver": null,
    "last_login": null,
    "last_name": "molestie",
    "first_name": "molestie",
    "employee_id": null,
    "fullname": "molestie molestie",
    "status": "cb17ccdc-7a2a-44a6-bf8b-da2315854ece",
    "password_change": "2015-11-17T02:02:21.670Z"
  }
},
{
  "model": "person.person",
  "pk": "30f530c4-ce6c-4724-9cfd-37a16e787101",
  "fields": {
    "locale": null,
    "is_staff": false,
    "modified": "2015-11-17T02:02:21.805Z",
    "password_history": "[\"pbkdf2_sha256$20000$ZteYaULeVhdH$4pXbIvc5vRvcuOco7nETCEFFW1GKuxL0dBrHVRgKUA0=\"]",
    "groups": [
      5
    ],
    "date_joined": "2015-11-17T02:02:21.693Z",
    "is_active": true,
    "proxy_user": null,
    "auth_currency": "2c969193-0896-42cd-9531-f42717397248",
    "proxy_start_date": null,
    "is_superuser": false,
    "accept_notify": true,
    "locations": [],
    "created": "2015-11-17T02:02:21.798Z",
    "middle_initial": null,
    "password": "pbkdf2_sha256$20000$r3NJLJqWp8PJ$UgZdPGXPz6FMMh2H3uTsTOGtqGpmeBf2OpAG0LCYBTU=",
    "password_one_time": null,
    "user_permissions": [],
    "deleted": null,
    "title": "mollis",
    "password_expire_date": "2016-02-15",
    "username": "mollis",
    "proxy_status": null,
    "password_length": null,
    "role": "37f2a324-a915-4fbb-ac76-8ca7417583be",
    "accept_assign": true,
    "auth_amount": "0.0000",
    "proxy_end_date": null,
    "email": "myemail@mail.com",
    "next_approver": null,
    "last_login": null,
    "last_name": "mollis",
    "first_name": "mollis",
    "employee_id": null,
    "fullname": "mollis mollis",
    "status": "cb17ccdc-7a2a-44a6-bf8b-da2315854ece",
    "password_change": "2015-11-17T02:02:21.793Z"
  }
},
{
  "model": "person.person",
  "pk": "30f530c4-ce6c-4724-9cfd-37a16e787102",
  "fields": {
    "locale": null,
    "is_staff": false,
    "modified": "2015-11-17T02:02:21.924Z",
    "password_history": "[\"pbkdf2_sha256$20000$GDx4RVurBCSB$moD5rcTiUeIwlvZtn8ZvLasjNkkBKGSj+cLUoYw6lxo=\"]",
    "groups": [
      5
    ],
    "date_joined": "2015-11-17T02:02:21.813Z",
    "is_active": true,
    "proxy_user": null,
    "auth_currency": "2c969193-0896-42cd-9531-f42717397248",
    "proxy_start_date": null,
    "is_superuser": false,
    "accept_notify": true,
    "locations": [],
    "created": "2015-11-17T02:02:21.915Z",
    "middle_initial": null,
    "password": "pbkdf2_sha256$20000$yLxnZiGBXSYZ$ggWSunuFBfQfciSPtWw+S0e504WI4cMA8jL7Ex8PMSI=",
    "password_one_time": null,
    "user_permissions": [],
    "deleted": null,
    "title": "montes",
    "password_expire_date": "2016-02-15",
    "username": "montes",
    "proxy_status": null,
    "password_length": null,
    "role": "37f2a324-a915-4fbb-ac76-8ca7417583be",
    "accept_assign": true,
    "auth_amount": "0.0000",
    "proxy_end_date": null,
    "email": "myemail@mail.com",
    "next_approver": null,
    "last_login": null,
    "last_name": "montes",
    "first_name": "montes",
    "employee_id": null,
    "fullname": "montes montes",
    "status": "cb17ccdc-7a2a-44a6-bf8b-da2315854ece",
    "password_change": "2015-11-17T02:02:21.911Z"
  }
},
{
  "model": "person.person",
  "pk": "30f530c4-ce6c-4724-9cfd-37a16e787103",
  "fields": {
    "locale": null,
    "is_staff": false,
    "modified": "2015-11-17T02:02:22.042Z",
    "password_history": "[\"pbkdf2_sha256$20000$Jku7EKAkSmRr$Q1IzHyQz7+YUl25NlCLRDBHIO6Gsokqkxg15JZEkYl4=\"]",
    "groups": [
      5
    ],
    "date_joined": "2015-11-17T02:02:21.933Z",
    "is_active": true,
    "proxy_user": null,
    "auth_currency": "2c969193-0896-42cd-9531-f42717397248",
    "proxy_start_date": null,
    "is_superuser": false,
    "accept_notify": true,
    "locations": [],
    "created": "2015-11-17T02:02:22.033Z",
    "middle_initial": null,
    "password": "pbkdf2_sha256$20000$OWXjfJtZNStU$/Ta+p9C/j3JSbOAECTnyZ1S8KxF6gdqr4KmT1OcAZW8=",
    "password_one_time": null,
    "user_permissions": [],
    "deleted": null,
    "title": "morbi",
    "password_expire_date": "2016-02-15",
    "username": "morbi",
    "proxy_status": null,
    "password_length": null,
    "role": "37f2a324-a915-4fbb-ac76-8ca7417583be",
    "accept_assign": true,
    "auth_amount": "0.0000",
    "proxy_end_date": null,
    "email": "myemail@mail.com",
    "next_approver": null,
    "last_login": null,
    "last_name": "morbi",
    "first_name": "morbi",
    "employee_id": null,
    "fullname": "morbi morbi",
    "status": "cb17ccdc-7a2a-44a6-bf8b-da2315854ece",
    "password_change": "2015-11-17T02:02:22.029Z"
  }
},
{
  "model": "person.person",
  "pk": "30f530c4-ce6c-4724-9cfd-37a16e787104",
  "fields": {
    "locale": null,
    "is_staff": false,
    "modified": "2015-11-17T02:02:22.160Z",
    "password_history": "[\"pbkdf2_sha256$20000$KWkch6TN9yNn$e75cgAoH8ZdzbZ+TpsTIs87z4yQtIr11VYr6IcoLr14=\"]",
    "groups": [
      5
    ],
    "date_joined": "2015-11-17T02:02:22.050Z",
    "is_active": true,
    "proxy_user": null,
    "auth_currency": "2c969193-0896-42cd-9531-f42717397248",
    "proxy_start_date": null,
    "is_superuser": false,
    "accept_notify": true,
    "locations": [],
    "created": "2015-11-17T02:02:22.151Z",
    "middle_initial": null,
    "password": "pbkdf2_sha256$20000$Cdxpu4PdWACk$DGkXcm5BnwKmVCCCGtv5tzpZiMWpzsnrchPNqQGP/FU=",
    "password_one_time": null,
    "user_permissions": [],
    "deleted": null,
    "title": "mus",
    "password_expire_date": "2016-02-15",
    "username": "mus",
    "proxy_status": null,
    "password_length": null,
    "role": "37f2a324-a915-4fbb-ac76-8ca7417583be",
    "accept_assign": true,
    "auth_amount": "0.0000",
    "proxy_end_date": null,
    "email": "myemail@mail.com",
    "next_approver": null,
    "last_login": null,
    "last_name": "mus",
    "first_name": "mus",
    "employee_id": null,
    "fullname": "mus mus",
    "status": "cb17ccdc-7a2a-44a6-bf8b-da2315854ece",
    "password_change": "2015-11-17T02:02:22.147Z"
  }
},
{
  "model": "person.person",
  "pk": "30f530c4-ce6c-4724-9cfd-37a16e787105",
  "fields": {
    "locale": null,
    "is_staff": false,
    "modified": "2015-11-17T02:02:22.281Z",
    "password_history": "[\"pbkdf2_sha256$20000$ARDN0QNxhqBn$8s5TePCKhGaydb12eQl0s1yllZj8/Yjl4uZNP/5YLZo=\"]",
    "groups": [
      1
    ],
    "date_joined": "2015-11-17T02:02:22.168Z",
    "is_active": true,
    "proxy_user": null,
    "auth_currency": "2c969193-0896-42cd-9531-f42717397248",
    "proxy_start_date": null,
    "is_superuser": false,
    "accept_notify": true,
    "locations": [
      "325290eb-106c-4676-a6cf-6a6692b622bf",
      "c9a01be4-30b5-4a11-a8f2-f22a79344ec4"
    ],
    "created": "2015-11-17T02:02:22.268Z",
    "middle_initial": null,
    "password": "pbkdf2_sha256$20000$LYtDF1c6TyFj$ColZoLfe31DjVlqzHj5R5Trts7tnVIT9p9R0q9z20Qo=",
    "password_one_time": null,
    "user_permissions": [],
    "deleted": null,
    "title": "nam",
    "password_expire_date": "2016-02-15",
    "username": "nam",
    "proxy_status": null,
    "password_length": null,
    "role": "903cf6be-1af9-453f-a77c-448cca854dde",
    "accept_assign": true,
    "auth_amount": "0.0000",
    "proxy_end_date": null,
    "email": "myemail@mail.com",
    "next_approver": null,
    "last_login": null,
    "last_name": "nam",
    "first_name": "nam",
    "employee_id": null,
    "fullname": "nam nam",
    "status": "cb17ccdc-7a2a-44a6-bf8b-da2315854ece",
    "password_change": "2015-11-17T02:02:22.264Z"
  }
},
{
  "model": "person.person",
  "pk": "30f530c4-ce6c-4724-9cfd-37a16e787106",
  "fields": {
    "locale": null,
    "is_staff": false,
    "modified": "2015-11-17T02:02:22.405Z",
    "password_history": "[\"pbkdf2_sha256$20000$SzZNQWJj8BLs$Ze6oCEATQxLLfJbHnhcjKUsik6U1CEdJqIv8kWseNo8=\"]",
    "groups": [
      1
    ],
    "date_joined": "2015-11-17T02:02:22.289Z",
    "is_active": true,
    "proxy_user": null,
    "auth_currency": "2c969193-0896-42cd-9531-f42717397248",
    "proxy_start_date": null,
    "is_superuser": false,
    "accept_notify": true,
    "locations": [
      "325290eb-106c-4676-a6cf-6a6692b622bf",
      "c9a01be4-30b5-4a11-a8f2-f22a79344ec4"
    ],
    "created": "2015-11-17T02:02:22.391Z",
    "middle_initial": null,
    "password": "pbkdf2_sha256$20000$dQsGOfJ21Wz2$iTxZO9n1z4MtiBf85wBLpgwXgectxR6qFdVwYvKlEHw=",
    "password_one_time": null,
    "user_permissions": [],
    "deleted": null,
    "title": "nascetur",
    "password_expire_date": "2016-02-15",
    "username": "nascetur",
    "proxy_status": null,
    "password_length": null,
    "role": "903cf6be-1af9-453f-a77c-448cca854dde",
    "accept_assign": true,
    "auth_amount": "0.0000",
    "proxy_end_date": null,
    "email": "myemail@mail.com",
    "next_approver": null,
    "last_login": null,
    "last_name": "nascetur",
    "first_name": "nascetur",
    "employee_id": null,
    "fullname": "nascetur nascetur",
    "status": "cb17ccdc-7a2a-44a6-bf8b-da2315854ece",
    "password_change": "2015-11-17T02:02:22.387Z"
  }
},
{
  "model": "person.person",
  "pk": "30f530c4-ce6c-4724-9cfd-37a16e787107",
  "fields": {
    "locale": null,
    "is_staff": false,
    "modified": "2015-11-17T02:02:22.539Z",
    "password_history": "[\"pbkdf2_sha256$20000$tK1Nfbb6OSwg$S3F/dvSRqOyVse9dDWg3sKjH6opOWrM/H53DldSHz/M=\"]",
    "groups": [
      3
    ],
    "date_joined": "2015-11-17T02:02:22.413Z",
    "is_active": true,
    "proxy_user": null,
    "auth_currency": "2c969193-0896-42cd-9531-f42717397248",
    "proxy_start_date": null,
    "is_superuser": false,
    "accept_notify": true,
    "locations": [],
    "created": "2015-11-17T02:02:22.522Z",
    "middle_initial": null,
    "password": "pbkdf2_sha256$20000$9tWhT8F2Nv5V$JCpEBvOLLaDg5Ob/2Z2uEM5Mz1N5Xper/dyotQxtWy4=",
    "password_one_time": null,
    "user_permissions": [],
    "deleted": null,
    "title": "natoque",
    "password_expire_date": "2016-02-15",
    "username": "natoque",
    "proxy_status": null,
    "password_length": null,
    "role": "c0fa81df-4ec8-411b-976c-16214c2d0c18",
    "accept_assign": true,
    "auth_amount": "0.0000",
    "proxy_end_date": null,
    "email": "myemail@mail.com",
    "next_approver": null,
    "last_login": null,
    "last_name": "natoque",
    "first_name": "natoque",
    "employee_id": null,
    "fullname": "natoque natoque",
    "status": "cb17ccdc-7a2a-44a6-bf8b-da2315854ece",
    "password_change": "2015-11-17T02:02:22.517Z"
  }
},
{
  "model": "person.person",
  "pk": "30f530c4-ce6c-4724-9cfd-37a16e787108",
  "fields": {
    "locale": null,
    "is_staff": false,
    "modified": "2015-11-17T02:02:22.662Z",
    "password_history": "[\"pbkdf2_sha256$20000$BK7nIbzaJRnv$rXwIhkdxI7oAFC8QLs1PJ7W4gaV8RjkG6j0EeL/tZX0=\"]",
    "groups": [
      1
    ],
    "date_joined": "2015-11-17T02:02:22.549Z",
    "is_active": true,
    "proxy_user": null,
    "auth_currency": "2c969193-0896-42cd-9531-f42717397248",
    "proxy_start_date": null,
    "is_superuser": false,
    "accept_notify": true,
    "locations": [
      "325290eb-106c-4676-a6cf-6a6692b622bf",
      "c9a01be4-30b5-4a11-a8f2-f22a79344ec4"
    ],
    "created": "2015-11-17T02:02:22.649Z",
    "middle_initial": null,
    "password": "pbkdf2_sha256$20000$EpP4iuEtChcf$3iokgjqZTxKRF25Z7jnQmO2zmrB0manS72fIrWMq1VE=",
    "password_one_time": null,
    "user_permissions": [],
    "deleted": null,
    "title": "nec",
    "password_expire_date": "2016-02-15",
    "username": "nec",
    "proxy_status": null,
    "password_length": null,
    "role": "903cf6be-1af9-453f-a77c-448cca854dde",
    "accept_assign": true,
    "auth_amount": "0.0000",
    "proxy_end_date": null,
    "email": "myemail@mail.com",
    "next_approver": null,
    "last_login": null,
    "last_name": "nec",
    "first_name": "nec",
    "employee_id": null,
    "fullname": "nec nec",
    "status": "cb17ccdc-7a2a-44a6-bf8b-da2315854ece",
    "password_change": "2015-11-17T02:02:22.645Z"
  }
},
{
  "model": "person.person",
  "pk": "30f530c4-ce6c-4724-9cfd-37a16e787109",
  "fields": {
    "locale": null,
    "is_staff": false,
    "modified": "2015-11-17T02:02:22.784Z",
    "password_history": "[\"pbkdf2_sha256$20000$M3Cp2HZNmVO1$hXBbOgPTfLO1Dtwx0dXWvXa+6ZjEYz+sO2DeLmRWfB0=\"]",
    "groups": [
      5
    ],
    "date_joined": "2015-11-17T02:02:22.670Z",
    "is_active": true,
    "proxy_user": null,
    "auth_currency": "2c969193-0896-42cd-9531-f42717397248",
    "proxy_start_date": null,
    "is_superuser": false,
    "accept_notify": true,
    "locations": [],
    "created": "2015-11-17T02:02:22.773Z",
    "middle_initial": null,
    "password": "pbkdf2_sha256$20000$LNrjOHW4R1eq$9lljxQRdzQhwq3kxhMuq8bLPrZ7+P+cSO80Is4LkgwY=",
    "password_one_time": null,
    "user_permissions": [],
    "deleted": null,
    "title": "neque",
    "password_expire_date": "2016-02-15",
    "username": "neque",
    "proxy_status": null,
    "password_length": null,
    "role": "37f2a324-a915-4fbb-ac76-8ca7417583be",
    "accept_assign": true,
    "auth_amount": "0.0000",
    "proxy_end_date": null,
    "email": "myemail@mail.com",
    "next_approver": null,
    "last_login": null,
    "last_name": "neque",
    "first_name": "neque",
    "employee_id": null,
    "fullname": "neque neque",
    "status": "cb17ccdc-7a2a-44a6-bf8b-da2315854ece",
    "password_change": "2015-11-17T02:02:22.768Z"
  }
},
{
  "model": "person.person",
  "pk": "30f530c4-ce6c-4724-9cfd-37a16e787110",
  "fields": {
    "locale": null,
    "is_staff": false,
    "modified": "2015-11-17T02:02:22.908Z",
    "password_history": "[\"pbkdf2_sha256$20000$1NwdVhPdrxiq$7GTdKtx9+lV854pxq7PA8TtFFQieU0bKxiIFPtxtnPk=\"]",
    "groups": [
      1
    ],
    "date_joined": "2015-11-17T02:02:22.792Z",
    "is_active": true,
    "proxy_user": null,
    "auth_currency": "2c969193-0896-42cd-9531-f42717397248",
    "proxy_start_date": null,
    "is_superuser": false,
    "accept_notify": true,
    "locations": [
      "325290eb-106c-4676-a6cf-6a6692b622bf",
      "c9a01be4-30b5-4a11-a8f2-f22a79344ec4"
    ],
    "created": "2015-11-17T02:02:22.894Z",
    "middle_initial": null,
    "password": "pbkdf2_sha256$20000$GJiHIzwr8GuY$aFpbCgGx1nCm2SoMtSRk0h4kvn1vxsYMJVpYVrJvHVM=",
    "password_one_time": null,
    "user_permissions": [],
    "deleted": null,
    "title": "netus",
    "password_expire_date": "2016-02-15",
    "username": "netus",
    "proxy_status": null,
    "password_length": null,
    "role": "903cf6be-1af9-453f-a77c-448cca854dde",
    "accept_assign": true,
    "auth_amount": "0.0000",
    "proxy_end_date": null,
    "email": "myemail@mail.com",
    "next_approver": null,
    "last_login": null,
    "last_name": "netus",
    "first_name": "netus",
    "employee_id": null,
    "fullname": "netus netus",
    "status": "cb17ccdc-7a2a-44a6-bf8b-da2315854ece",
    "password_change": "2015-11-17T02:02:22.890Z"
  }
},
{
  "model": "person.person",
  "pk": "30f530c4-ce6c-4724-9cfd-37a16e787111",
  "fields": {
    "locale": null,
    "is_staff": false,
    "modified": "2015-11-17T02:02:23.027Z",
    "password_history": "[\"pbkdf2_sha256$20000$QNl32CmwvMKu$CXBi5YlI4jXccpWTg/UW5xSr5BHaCoMd4HtfyjCslt4=\"]",
    "groups": [
      5
    ],
    "date_joined": "2015-11-17T02:02:22.916Z",
    "is_active": true,
    "proxy_user": null,
    "auth_currency": "2c969193-0896-42cd-9531-f42717397248",
    "proxy_start_date": null,
    "is_superuser": false,
    "accept_notify": true,
    "locations": [],
    "created": "2015-11-17T02:02:23.018Z",
    "middle_initial": null,
    "password": "pbkdf2_sha256$20000$d2tOdJhn87MF$ThRsn/h4UcIebi9BNjCYsTITCjKyWB+MNf7xeHS/Ixo=",
    "password_one_time": null,
    "user_permissions": [],
    "deleted": null,
    "title": "nibh",
    "password_expire_date": "2016-02-15",
    "username": "nibh",
    "proxy_status": null,
    "password_length": null,
    "role": "37f2a324-a915-4fbb-ac76-8ca7417583be",
    "accept_assign": true,
    "auth_amount": "0.0000",
    "proxy_end_date": null,
    "email": "myemail@mail.com",
    "next_approver": null,
    "last_login": null,
    "last_name": "nibh",
    "first_name": "nibh",
    "employee_id": null,
    "fullname": "nibh nibh",
    "status": "cb17ccdc-7a2a-44a6-bf8b-da2315854ece",
    "password_change": "2015-11-17T02:02:23.013Z"
  }
},
{
  "model": "person.person",
  "pk": "30f530c4-ce6c-4724-9cfd-37a16e787112",
  "fields": {
    "locale": null,
    "is_staff": false,
    "modified": "2015-11-17T02:02:23.150Z",
    "password_history": "[\"pbkdf2_sha256$20000$ZX05B7dKoQUM$+KFXIBa8O9N1gaK69pPQ3X3WK47hNva2ikT5B5p9yOU=\"]",
    "groups": [
      2
    ],
    "date_joined": "2015-11-17T02:02:23.035Z",
    "is_active": true,
    "proxy_user": null,
    "auth_currency": "2c969193-0896-42cd-9531-f42717397248",
    "proxy_start_date": null,
    "is_superuser": false,
    "accept_notify": true,
    "locations": [
      "b3e6def7-a2e2-423e-a2ac-01428de880ce",
      "e50c05af-ecaf-4f47-8c96-fb2ae73c772d",
      "bbd7faa8-e943-4bee-bac2-2f524dce47c4",
      "543660bd-cb86-47b8-9f21-77b9a71e7e37"
    ],
    "created": "2015-11-17T02:02:23.136Z",
    "middle_initial": null,
    "password": "pbkdf2_sha256$20000$tGQoPuFAzYv3$QBs4TLL2P56w+8v5xlkdpQghKzrEbtO5Cvr84CSboQU=",
    "password_one_time": null,
    "user_permissions": [],
    "deleted": null,
    "title": "nisi",
    "password_expire_date": "2016-02-15",
    "username": "nisi",
    "proxy_status": null,
    "password_length": null,
    "role": "3d5185b0-71ce-4e78-a12e-4ab909d739c6",
    "accept_assign": true,
    "auth_amount": "0.0000",
    "proxy_end_date": null,
    "email": "myemail@mail.com",
    "next_approver": null,
    "last_login": null,
    "last_name": "nisi",
    "first_name": "nisi",
    "employee_id": null,
    "fullname": "nisi nisi",
    "status": "cb17ccdc-7a2a-44a6-bf8b-da2315854ece",
    "password_change": "2015-11-17T02:02:23.131Z"
  }
},
{
  "model": "person.person",
  "pk": "30f530c4-ce6c-4724-9cfd-37a16e787113",
  "fields": {
    "locale": null,
    "is_staff": false,
    "modified": "2015-11-17T02:02:23.270Z",
    "password_history": "[\"pbkdf2_sha256$20000$d9aKHv2lPOVW$h1DPC0iE0cAh9hWUYvK8P3/RPjSApyE5ERSmtvYyrak=\"]",
    "groups": [
      3
    ],
    "date_joined": "2015-11-17T02:02:23.159Z",
    "is_active": true,
    "proxy_user": null,
    "auth_currency": "2c969193-0896-42cd-9531-f42717397248",
    "proxy_start_date": null,
    "is_superuser": false,
    "accept_notify": true,
    "locations": [],
    "created": "2015-11-17T02:02:23.261Z",
    "middle_initial": null,
    "password": "pbkdf2_sha256$20000$hWxy3MtqZiTR$aPvk7+l0il4NY+SFMBBaJYnNXXIXVQKL1UpAo43LJ54=",
    "password_one_time": null,
    "user_permissions": [],
    "deleted": null,
    "title": "nisl",
    "password_expire_date": "2016-02-15",
    "username": "nisl",
    "proxy_status": null,
    "password_length": null,
    "role": "c0fa81df-4ec8-411b-976c-16214c2d0c18",
    "accept_assign": true,
    "auth_amount": "0.0000",
    "proxy_end_date": null,
    "email": "myemail@mail.com",
    "next_approver": null,
    "last_login": null,
    "last_name": "nisl",
    "first_name": "nisl",
    "employee_id": null,
    "fullname": "nisl nisl",
    "status": "cb17ccdc-7a2a-44a6-bf8b-da2315854ece",
    "password_change": "2015-11-17T02:02:23.257Z"
  }
},
{
  "model": "person.person",
  "pk": "30f530c4-ce6c-4724-9cfd-37a16e787114",
  "fields": {
    "locale": null,
    "is_staff": false,
    "modified": "2015-11-17T02:02:23.401Z",
    "password_history": "[\"pbkdf2_sha256$20000$AhbmtsxAnBAk$u5GhEEb4mkOtYTGospcYAoP6Vwlp5LI6haI5YyzKhw0=\"]",
    "groups": [
      2
    ],
    "date_joined": "2015-11-17T02:02:23.279Z",
    "is_active": true,
    "proxy_user": null,
    "auth_currency": "2c969193-0896-42cd-9531-f42717397248",
    "proxy_start_date": null,
    "is_superuser": false,
    "accept_notify": true,
    "locations": [
      "b3e6def7-a2e2-423e-a2ac-01428de880ce",
      "e50c05af-ecaf-4f47-8c96-fb2ae73c772d",
      "bbd7faa8-e943-4bee-bac2-2f524dce47c4",
      "543660bd-cb86-47b8-9f21-77b9a71e7e37"
    ],
    "created": "2015-11-17T02:02:23.385Z",
    "middle_initial": null,
    "password": "pbkdf2_sha256$20000$7N97a3QJGFW8$yJB7dOwSoqUObkaF28d3WYDH9z/T7Y7t9kdu6zkojsc=",
    "password_one_time": null,
    "user_permissions": [],
    "deleted": null,
    "title": "non",
    "password_expire_date": "2016-02-15",
    "username": "non",
    "proxy_status": null,
    "password_length": null,
    "role": "3d5185b0-71ce-4e78-a12e-4ab909d739c6",
    "accept_assign": true,
    "auth_amount": "0.0000",
    "proxy_end_date": null,
    "email": "myemail@mail.com",
    "next_approver": null,
    "last_login": null,
    "last_name": "non",
    "first_name": "non",
    "employee_id": null,
    "fullname": "non non",
    "status": "cb17ccdc-7a2a-44a6-bf8b-da2315854ece",
    "password_change": "2015-11-17T02:02:23.378Z"
  }
},
{
  "model": "person.person",
  "pk": "30f530c4-ce6c-4724-9cfd-37a16e787115",
  "fields": {
    "locale": null,
    "is_staff": false,
    "modified": "2015-11-17T02:02:23.524Z",
    "password_history": "[\"pbkdf2_sha256$20000$Vs7V0Q9HKB9x$1eQVdQ3T1iNHNqMJBU8cHRzctOdzBpoGhSTceyIZcvA=\"]",
    "groups": [
      2
    ],
    "date_joined": "2015-11-17T02:02:23.409Z",
    "is_active": true,
    "proxy_user": null,
    "auth_currency": "2c969193-0896-42cd-9531-f42717397248",
    "proxy_start_date": null,
    "is_superuser": false,
    "accept_notify": true,
    "locations": [
      "b3e6def7-a2e2-423e-a2ac-01428de880ce",
      "e50c05af-ecaf-4f47-8c96-fb2ae73c772d",
      "bbd7faa8-e943-4bee-bac2-2f524dce47c4",
      "543660bd-cb86-47b8-9f21-77b9a71e7e37"
    ],
    "created": "2015-11-17T02:02:23.509Z",
    "middle_initial": null,
    "password": "pbkdf2_sha256$20000$gDHD69jMKPC7$IqMVeYp7T8wkkKDkGNnPvK8qcE4nFEYeGeUTEhinnCU=",
    "password_one_time": null,
    "user_permissions": [],
    "deleted": null,
    "title": "nonummy",
    "password_expire_date": "2016-02-15",
    "username": "nonummy",
    "proxy_status": null,
    "password_length": null,
    "role": "3d5185b0-71ce-4e78-a12e-4ab909d739c6",
    "accept_assign": true,
    "auth_amount": "0.0000",
    "proxy_end_date": null,
    "email": "myemail@mail.com",
    "next_approver": null,
    "last_login": null,
    "last_name": "nonummy",
    "first_name": "nonummy",
    "employee_id": null,
    "fullname": "nonummy nonummy",
    "status": "cb17ccdc-7a2a-44a6-bf8b-da2315854ece",
    "password_change": "2015-11-17T02:02:23.505Z"
  }
},
{
  "model": "person.person",
  "pk": "30f530c4-ce6c-4724-9cfd-37a16e787116",
  "fields": {
    "locale": null,
    "is_staff": false,
    "modified": "2015-11-17T02:02:23.647Z",
    "password_history": "[\"pbkdf2_sha256$20000$zWhDBPI90m4Z$J/xVh4i/g9Rz2I0zNbYUfSgcwbeqDcioOvDeCsGzrTs=\"]",
    "groups": [
      1
    ],
    "date_joined": "2015-11-17T02:02:23.532Z",
    "is_active": true,
    "proxy_user": null,
    "auth_currency": "2c969193-0896-42cd-9531-f42717397248",
    "proxy_start_date": null,
    "is_superuser": false,
    "accept_notify": true,
    "locations": [
      "325290eb-106c-4676-a6cf-6a6692b622bf",
      "c9a01be4-30b5-4a11-a8f2-f22a79344ec4"
    ],
    "created": "2015-11-17T02:02:23.634Z",
    "middle_initial": null,
    "password": "pbkdf2_sha256$20000$zrAF9RhM5RuS$Sg9ob+K/nB1/NcfxicxoWgZTg2u2wgeiqS5XC3w3zWM=",
    "password_one_time": null,
    "user_permissions": [],
    "deleted": null,
    "title": "nostra",
    "password_expire_date": "2016-02-15",
    "username": "nostra",
    "proxy_status": null,
    "password_length": null,
    "role": "903cf6be-1af9-453f-a77c-448cca854dde",
    "accept_assign": true,
    "auth_amount": "0.0000",
    "proxy_end_date": null,
    "email": "myemail@mail.com",
    "next_approver": null,
    "last_login": null,
    "last_name": "nostra",
    "first_name": "nostra",
    "employee_id": null,
    "fullname": "nostra nostra",
    "status": "cb17ccdc-7a2a-44a6-bf8b-da2315854ece",
    "password_change": "2015-11-17T02:02:23.629Z"
  }
},
{
  "model": "person.person",
  "pk": "30f530c4-ce6c-4724-9cfd-37a16e787117",
  "fields": {
    "locale": null,
    "is_staff": false,
    "modified": "2015-11-17T02:02:23.766Z",
    "password_history": "[\"pbkdf2_sha256$20000$PqiZbPGHZObV$eZbp45tLoXdolBm+ZHfh/q9McZKZN5VXUTfkUjy1KQo=\"]",
    "groups": [
      5
    ],
    "date_joined": "2015-11-17T02:02:23.655Z",
    "is_active": true,
    "proxy_user": null,
    "auth_currency": "2c969193-0896-42cd-9531-f42717397248",
    "proxy_start_date": null,
    "is_superuser": false,
    "accept_notify": true,
    "locations": [],
    "created": "2015-11-17T02:02:23.756Z",
    "middle_initial": null,
    "password": "pbkdf2_sha256$20000$G57fumJEkkmF$Dp1w4t6j2aSWP46e1oZqUHyzJ9LxRZ2I2e7/NjTE5V0=",
    "password_one_time": null,
    "user_permissions": [],
    "deleted": null,
    "title": "nulla",
    "password_expire_date": "2016-02-15",
    "username": "nulla",
    "proxy_status": null,
    "password_length": null,
    "role": "37f2a324-a915-4fbb-ac76-8ca7417583be",
    "accept_assign": true,
    "auth_amount": "0.0000",
    "proxy_end_date": null,
    "email": "myemail@mail.com",
    "next_approver": null,
    "last_login": null,
    "last_name": "nulla",
    "first_name": "nulla",
    "employee_id": null,
    "fullname": "nulla nulla",
    "status": "cb17ccdc-7a2a-44a6-bf8b-da2315854ece",
    "password_change": "2015-11-17T02:02:23.751Z"
  }
},
{
  "model": "person.person",
  "pk": "30f530c4-ce6c-4724-9cfd-37a16e787118",
  "fields": {
    "locale": null,
    "is_staff": false,
    "modified": "2015-11-17T02:02:23.891Z",
    "password_history": "[\"pbkdf2_sha256$20000$nDBcqhUI8BSv$qEd80al9xKPK+0Dk9cLFacRR/3Q/iVk8HbApo0jtwUs=\"]",
    "groups": [
      2
    ],
    "date_joined": "2015-11-17T02:02:23.774Z",
    "is_active": true,
    "proxy_user": null,
    "auth_currency": "2c969193-0896-42cd-9531-f42717397248",
    "proxy_start_date": null,
    "is_superuser": false,
    "accept_notify": true,
    "locations": [
      "b3e6def7-a2e2-423e-a2ac-01428de880ce",
      "e50c05af-ecaf-4f47-8c96-fb2ae73c772d",
      "bbd7faa8-e943-4bee-bac2-2f524dce47c4",
      "543660bd-cb86-47b8-9f21-77b9a71e7e37"
    ],
    "created": "2015-11-17T02:02:23.877Z",
    "middle_initial": null,
    "password": "pbkdf2_sha256$20000$7mgWHQYHTSs9$GLYeZXF6i7WePuzIB7FyS1GYXrQfEqo/al1Vkw1fNtc=",
    "password_one_time": null,
    "user_permissions": [],
    "deleted": null,
    "title": "nullam",
    "password_expire_date": "2016-02-15",
    "username": "nullam",
    "proxy_status": null,
    "password_length": null,
    "role": "3d5185b0-71ce-4e78-a12e-4ab909d739c6",
    "accept_assign": true,
    "auth_amount": "0.0000",
    "proxy_end_date": null,
    "email": "myemail@mail.com",
    "next_approver": null,
    "last_login": null,
    "last_name": "nullam",
    "first_name": "nullam",
    "employee_id": null,
    "fullname": "nullam nullam",
    "status": "cb17ccdc-7a2a-44a6-bf8b-da2315854ece",
    "password_change": "2015-11-17T02:02:23.873Z"
  }
},
{
  "model": "person.person",
  "pk": "30f530c4-ce6c-4724-9cfd-37a16e787119",
  "fields": {
    "locale": null,
    "is_staff": false,
    "modified": "2015-11-17T02:02:24.018Z",
    "password_history": "[\"pbkdf2_sha256$20000$H1tyJHzYQTWz$SUQFL7YaeLhRdCNtb2ihDKv+0nT5CSir+Ogf3YuN2e0=\"]",
    "groups": [
      4
    ],
    "date_joined": "2015-11-17T02:02:23.899Z",
    "is_active": true,
    "proxy_user": null,
    "auth_currency": "2c969193-0896-42cd-9531-f42717397248",
    "proxy_start_date": null,
    "is_superuser": false,
    "accept_notify": true,
    "locations": [
      "7ea4a317-58c4-46b4-8c4e-b436aa5ece37",
      "c0ae2dc8-59c1-4103-8625-f2a3c1d318ae",
      "1673e4aa-7892-484d-9921-7ecfb4f6f2f7",
      "a3a0e48a-d9dd-445d-8fbf-c60c1d5b2c76"
    ],
    "created": "2015-11-17T02:02:24.003Z",
    "middle_initial": null,
    "password": "pbkdf2_sha256$20000$0LAS3dt0VI05$5BREXGi49FmUKszO334BT17c765zSiSPcfjlOOZgNRo=",
    "password_one_time": null,
    "user_permissions": [],
    "deleted": null,
    "title": "nunc",
    "password_expire_date": "2016-02-15",
    "username": "nunc",
    "proxy_status": null,
    "password_length": null,
    "role": "c3de8bbb-313c-4804-bc6d-348e571e89cf",
    "accept_assign": true,
    "auth_amount": "0.0000",
    "proxy_end_date": null,
    "email": "myemail@mail.com",
    "next_approver": null,
    "last_login": null,
    "last_name": "nunc",
    "first_name": "nunc",
    "employee_id": null,
    "fullname": "nunc nunc",
    "status": "cb17ccdc-7a2a-44a6-bf8b-da2315854ece",
    "password_change": "2015-11-17T02:02:23.999Z"
  }
},
{
  "model": "person.person",
  "pk": "30f530c4-ce6c-4724-9cfd-37a16e787120",
  "fields": {
    "locale": null,
    "is_staff": false,
    "modified": "2015-11-17T02:02:24.180Z",
    "password_history": "[\"pbkdf2_sha256$20000$gZKHHDGQsxZ3$6EnswJpPWfZy+okEoDxKeXk4buAY2HrAq9PGTcmXNQE=\"]",
    "groups": [
      2
    ],
    "date_joined": "2015-11-17T02:02:24.026Z",
    "is_active": true,
    "proxy_user": null,
    "auth_currency": "2c969193-0896-42cd-9531-f42717397248",
    "proxy_start_date": null,
    "is_superuser": false,
    "accept_notify": true,
    "locations": [
      "b3e6def7-a2e2-423e-a2ac-01428de880ce",
      "e50c05af-ecaf-4f47-8c96-fb2ae73c772d",
      "bbd7faa8-e943-4bee-bac2-2f524dce47c4",
      "543660bd-cb86-47b8-9f21-77b9a71e7e37"
    ],
    "created": "2015-11-17T02:02:24.165Z",
    "middle_initial": null,
    "password": "pbkdf2_sha256$20000$8dnL61Azp8gh$/6pr0/C/Q1eGp9hDLpV9YegxvJY+IeiPW2WqL+Zsbz4=",
    "password_one_time": null,
    "user_permissions": [],
    "deleted": null,
    "title": "odio",
    "password_expire_date": "2016-02-15",
    "username": "odio",
    "proxy_status": null,
    "password_length": null,
    "role": "3d5185b0-71ce-4e78-a12e-4ab909d739c6",
    "accept_assign": true,
    "auth_amount": "0.0000",
    "proxy_end_date": null,
    "email": "myemail@mail.com",
    "next_approver": null,
    "last_login": null,
    "last_name": "odio",
    "first_name": "odio",
    "employee_id": null,
    "fullname": "odio odio",
    "status": "cb17ccdc-7a2a-44a6-bf8b-da2315854ece",
    "password_change": "2015-11-17T02:02:24.159Z"
  }
},
{
  "model": "person.person",
  "pk": "30f530c4-ce6c-4724-9cfd-37a16e787121",
  "fields": {
    "locale": null,
    "is_staff": false,
    "modified": "2015-11-17T02:02:24.309Z",
    "password_history": "[\"pbkdf2_sha256$20000$swOtu7oFJvgz$c2X+bYwrBI992OmI1s/KguDOgWsIe6o0QLKCnLAVpVs=\"]",
    "groups": [
      4
    ],
    "date_joined": "2015-11-17T02:02:24.189Z",
    "is_active": true,
    "proxy_user": null,
    "auth_currency": "2c969193-0896-42cd-9531-f42717397248",
    "proxy_start_date": null,
    "is_superuser": false,
    "accept_notify": true,
    "locations": [
      "7ea4a317-58c4-46b4-8c4e-b436aa5ece37",
      "c0ae2dc8-59c1-4103-8625-f2a3c1d318ae",
      "1673e4aa-7892-484d-9921-7ecfb4f6f2f7",
      "a3a0e48a-d9dd-445d-8fbf-c60c1d5b2c76"
    ],
    "created": "2015-11-17T02:02:24.294Z",
    "middle_initial": null,
    "password": "pbkdf2_sha256$20000$pkF5Gx5iVlwP$bhcC5VsE0pMNjQbQ0rpYHFSjeEeQy7yFann0GyxNwNA=",
    "password_one_time": null,
    "user_permissions": [],
    "deleted": null,
    "title": "orci",
    "password_expire_date": "2016-02-15",
    "username": "orci",
    "proxy_status": null,
    "password_length": null,
    "role": "c3de8bbb-313c-4804-bc6d-348e571e89cf",
    "accept_assign": true,
    "auth_amount": "0.0000",
    "proxy_end_date": null,
    "email": "myemail@mail.com",
    "next_approver": null,
    "last_login": null,
    "last_name": "orci",
    "first_name": "orci",
    "employee_id": null,
    "fullname": "orci orci",
    "status": "cb17ccdc-7a2a-44a6-bf8b-da2315854ece",
    "password_change": "2015-11-17T02:02:24.290Z"
  }
},
{
  "model": "person.person",
  "pk": "30f530c4-ce6c-4724-9cfd-37a16e787122",
  "fields": {
    "locale": null,
    "is_staff": false,
    "modified": "2015-11-17T02:02:24.430Z",
    "password_history": "[\"pbkdf2_sha256$20000$KPiOuIdGSbEo$0/x+2EHPZ2DEQiRr8e1Ul7aeYZK/5B4Zs6RcOT8YRMM=\"]",
    "groups": [
      1
    ],
    "date_joined": "2015-11-17T02:02:24.317Z",
    "is_active": true,
    "proxy_user": null,
    "auth_currency": "2c969193-0896-42cd-9531-f42717397248",
    "proxy_start_date": null,
    "is_superuser": false,
    "accept_notify": true,
    "locations": [
      "325290eb-106c-4676-a6cf-6a6692b622bf",
      "c9a01be4-30b5-4a11-a8f2-f22a79344ec4"
    ],
    "created": "2015-11-17T02:02:24.417Z",
    "middle_initial": null,
    "password": "pbkdf2_sha256$20000$xLX8AMDIE1aC$nZ7chDj+cr9rEbkN3bNQ8uyp3u8gfJ1IO3838GbSffs=",
    "password_one_time": null,
    "user_permissions": [],
    "deleted": null,
    "title": "ornare",
    "password_expire_date": "2016-02-15",
    "username": "ornare",
    "proxy_status": null,
    "password_length": null,
    "role": "903cf6be-1af9-453f-a77c-448cca854dde",
    "accept_assign": true,
    "auth_amount": "0.0000",
    "proxy_end_date": null,
    "email": "myemail@mail.com",
    "next_approver": null,
    "last_login": null,
    "last_name": "ornare",
    "first_name": "ornare",
    "employee_id": null,
    "fullname": "ornare ornare",
    "status": "cb17ccdc-7a2a-44a6-bf8b-da2315854ece",
    "password_change": "2015-11-17T02:02:24.413Z"
  }
},
{
  "model": "person.person",
  "pk": "30f530c4-ce6c-4724-9cfd-37a16e787123",
  "fields": {
    "locale": null,
    "is_staff": false,
    "modified": "2015-11-17T02:02:24.558Z",
    "password_history": "[\"pbkdf2_sha256$20000$KT3V8YznuF0h$bPCOJgvV3lFAk4GIxvcSBB8fO8bGeOzgQfoGpqBuGUg=\"]",
    "groups": [
      4
    ],
    "date_joined": "2015-11-17T02:02:24.438Z",
    "is_active": true,
    "proxy_user": null,
    "auth_currency": "2c969193-0896-42cd-9531-f42717397248",
    "proxy_start_date": null,
    "is_superuser": false,
    "accept_notify": true,
    "locations": [
      "7ea4a317-58c4-46b4-8c4e-b436aa5ece37",
      "c0ae2dc8-59c1-4103-8625-f2a3c1d318ae",
      "1673e4aa-7892-484d-9921-7ecfb4f6f2f7",
      "a3a0e48a-d9dd-445d-8fbf-c60c1d5b2c76"
    ],
    "created": "2015-11-17T02:02:24.543Z",
    "middle_initial": null,
    "password": "pbkdf2_sha256$20000$Ru57k42jFLyN$yRwufWfI58n9AJocW2sbXuvhHIuQaxcb5LONLjuBlrI=",
    "password_one_time": null,
    "user_permissions": [],
    "deleted": null,
    "title": "parturient",
    "password_expire_date": "2016-02-15",
    "username": "parturient",
    "proxy_status": null,
    "password_length": null,
    "role": "c3de8bbb-313c-4804-bc6d-348e571e89cf",
    "accept_assign": true,
    "auth_amount": "0.0000",
    "proxy_end_date": null,
    "email": "myemail@mail.com",
    "next_approver": null,
    "last_login": null,
    "last_name": "parturient",
    "first_name": "parturient",
    "employee_id": null,
    "fullname": "parturient parturient",
    "status": "cb17ccdc-7a2a-44a6-bf8b-da2315854ece",
    "password_change": "2015-11-17T02:02:24.539Z"
  }
},
{
  "model": "person.person",
  "pk": "30f530c4-ce6c-4724-9cfd-37a16e787124",
  "fields": {
    "locale": null,
    "is_staff": false,
    "modified": "2015-11-17T02:02:24.681Z",
    "password_history": "[\"pbkdf2_sha256$20000$L346BPirYkQ4$xHnIJy8w3z6ysouffNXFs1cXEvs5ch0ctZN3o1D58HE=\"]",
    "groups": [
      2
    ],
    "date_joined": "2015-11-17T02:02:24.566Z",
    "is_active": true,
    "proxy_user": null,
    "auth_currency": "2c969193-0896-42cd-9531-f42717397248",
    "proxy_start_date": null,
    "is_superuser": false,
    "accept_notify": true,
    "locations": [
      "b3e6def7-a2e2-423e-a2ac-01428de880ce",
      "e50c05af-ecaf-4f47-8c96-fb2ae73c772d",
      "bbd7faa8-e943-4bee-bac2-2f524dce47c4",
      "543660bd-cb86-47b8-9f21-77b9a71e7e37"
    ],
    "created": "2015-11-17T02:02:24.666Z",
    "middle_initial": null,
    "password": "pbkdf2_sha256$20000$4sV6W8MFT5FF$hCt+1+UPRtYFBOjT0PIj1Ueew35eNcI6GY0LLMMjeLk=",
    "password_one_time": null,
    "user_permissions": [],
    "deleted": null,
    "title": "pede",
    "password_expire_date": "2016-02-15",
    "username": "pede",
    "proxy_status": null,
    "password_length": null,
    "role": "3d5185b0-71ce-4e78-a12e-4ab909d739c6",
    "accept_assign": true,
    "auth_amount": "0.0000",
    "proxy_end_date": null,
    "email": "myemail@mail.com",
    "next_approver": null,
    "last_login": null,
    "last_name": "pede",
    "first_name": "pede",
    "employee_id": null,
    "fullname": "pede pede",
    "status": "cb17ccdc-7a2a-44a6-bf8b-da2315854ece",
    "password_change": "2015-11-17T02:02:24.662Z"
  }
},
{
  "model": "person.person",
  "pk": "30f530c4-ce6c-4724-9cfd-37a16e787125",
  "fields": {
    "locale": null,
    "is_staff": false,
    "modified": "2015-11-17T02:02:24.803Z",
    "password_history": "[\"pbkdf2_sha256$20000$V6T8kysVUs86$jWV9v6QNromxCQJ8S0CFP7ImAymDUtF2iEBIcKBjzf4=\"]",
    "groups": [
      3
    ],
    "date_joined": "2015-11-17T02:02:24.690Z",
    "is_active": true,
    "proxy_user": null,
    "auth_currency": "2c969193-0896-42cd-9531-f42717397248",
    "proxy_start_date": null,
    "is_superuser": false,
    "accept_notify": true,
    "locations": [],
    "created": "2015-11-17T02:02:24.794Z",
    "middle_initial": null,
    "password": "pbkdf2_sha256$20000$peNfYfjDePco$RU6pYS27xlM+dmVQl2N34KR38qyy+dNSkQnt/U1i//o=",
    "password_one_time": null,
    "user_permissions": [],
    "deleted": null,
    "title": "pellentesque",
    "password_expire_date": "2016-02-15",
    "username": "pellentesque",
    "proxy_status": null,
    "password_length": null,
    "role": "c0fa81df-4ec8-411b-976c-16214c2d0c18",
    "accept_assign": true,
    "auth_amount": "0.0000",
    "proxy_end_date": null,
    "email": "myemail@mail.com",
    "next_approver": null,
    "last_login": null,
    "last_name": "pellentesque",
    "first_name": "pellentesque",
    "employee_id": null,
    "fullname": "pellentesque pellentesque",
    "status": "cb17ccdc-7a2a-44a6-bf8b-da2315854ece",
    "password_change": "2015-11-17T02:02:24.789Z"
  }
},
{
  "model": "person.person",
  "pk": "30f530c4-ce6c-4724-9cfd-37a16e787126",
  "fields": {
    "locale": null,
    "is_staff": false,
    "modified": "2015-11-17T02:02:24.931Z",
    "password_history": "[\"pbkdf2_sha256$20000$ZVyef424TzzL$PIT+rkXwDSv4FhT5+o4zFpbNcEwEY2GAaikSR2L5aps=\"]",
    "groups": [
      4
    ],
    "date_joined": "2015-11-17T02:02:24.811Z",
    "is_active": true,
    "proxy_user": null,
    "auth_currency": "2c969193-0896-42cd-9531-f42717397248",
    "proxy_start_date": null,
    "is_superuser": false,
    "accept_notify": true,
    "locations": [
      "7ea4a317-58c4-46b4-8c4e-b436aa5ece37",
      "c0ae2dc8-59c1-4103-8625-f2a3c1d318ae",
      "1673e4aa-7892-484d-9921-7ecfb4f6f2f7",
      "a3a0e48a-d9dd-445d-8fbf-c60c1d5b2c76"
    ],
    "created": "2015-11-17T02:02:24.916Z",
    "middle_initial": null,
    "password": "pbkdf2_sha256$20000$Qy9I6DCM4FEr$sO+DJNUqbNxqxvvCBNMyqyV1a9RlipilGqxa8oEOBAs=",
    "password_one_time": null,
    "user_permissions": [],
    "deleted": null,
    "title": "penatibus",
    "password_expire_date": "2016-02-15",
    "username": "penatibus",
    "proxy_status": null,
    "password_length": null,
    "role": "c3de8bbb-313c-4804-bc6d-348e571e89cf",
    "accept_assign": true,
    "auth_amount": "0.0000",
    "proxy_end_date": null,
    "email": "myemail@mail.com",
    "next_approver": null,
    "last_login": null,
    "last_name": "penatibus",
    "first_name": "penatibus",
    "employee_id": null,
    "fullname": "penatibus penatibus",
    "status": "cb17ccdc-7a2a-44a6-bf8b-da2315854ece",
    "password_change": "2015-11-17T02:02:24.912Z"
  }
},
{
  "model": "person.person",
  "pk": "30f530c4-ce6c-4724-9cfd-37a16e787127",
  "fields": {
    "locale": null,
    "is_staff": false,
    "modified": "2015-11-17T02:02:25.048Z",
    "password_history": "[\"pbkdf2_sha256$20000$TzVVasjU2ep2$BgxHnY3qKfHGPWZYwI8F77G0Hvt4Om9yaoWNiBjZQd8=\"]",
    "groups": [
      5
    ],
    "date_joined": "2015-11-17T02:02:24.939Z",
    "is_active": true,
    "proxy_user": null,
    "auth_currency": "2c969193-0896-42cd-9531-f42717397248",
    "proxy_start_date": null,
    "is_superuser": false,
    "accept_notify": true,
    "locations": [],
    "created": "2015-11-17T02:02:25.039Z",
    "middle_initial": null,
    "password": "pbkdf2_sha256$20000$lOozECkVkyso$IF1w4jmaRIFTE+zqtD8LqaD18+ymPVoKLJ0zTWuau84=",
    "password_one_time": null,
    "user_permissions": [],
    "deleted": null,
    "title": "per",
    "password_expire_date": "2016-02-15",
    "username": "per",
    "proxy_status": null,
    "password_length": null,
    "role": "37f2a324-a915-4fbb-ac76-8ca7417583be",
    "accept_assign": true,
    "auth_amount": "0.0000",
    "proxy_end_date": null,
    "email": "myemail@mail.com",
    "next_approver": null,
    "last_login": null,
    "last_name": "per",
    "first_name": "per",
    "employee_id": null,
    "fullname": "per per",
    "status": "cb17ccdc-7a2a-44a6-bf8b-da2315854ece",
    "password_change": "2015-11-17T02:02:25.035Z"
  }
},
{
  "model": "person.person",
  "pk": "30f530c4-ce6c-4724-9cfd-37a16e787128",
  "fields": {
    "locale": null,
    "is_staff": false,
    "modified": "2015-11-17T02:02:25.171Z",
    "password_history": "[\"pbkdf2_sha256$20000$CImi08AkgIhH$cW6003x8TwM/fnGfHJX5xcnPFdSq7mFiPezKWQtveV0=\"]",
    "groups": [
      4
    ],
    "date_joined": "2015-11-17T02:02:25.056Z",
    "is_active": true,
    "proxy_user": null,
    "auth_currency": "2c969193-0896-42cd-9531-f42717397248",
    "proxy_start_date": null,
    "is_superuser": false,
    "accept_notify": true,
    "locations": [
      "7ea4a317-58c4-46b4-8c4e-b436aa5ece37",
      "c0ae2dc8-59c1-4103-8625-f2a3c1d318ae",
      "1673e4aa-7892-484d-9921-7ecfb4f6f2f7",
      "a3a0e48a-d9dd-445d-8fbf-c60c1d5b2c76"
    ],
    "created": "2015-11-17T02:02:25.156Z",
    "middle_initial": null,
    "password": "pbkdf2_sha256$20000$eIukXOVHwI90$xwOSg72B+zqtx2eVHo5MN9t/n6KYB3GMPe1c2h75kMI=",
    "password_one_time": null,
    "user_permissions": [],
    "deleted": null,
    "title": "pharetra",
    "password_expire_date": "2016-02-15",
    "username": "pharetra",
    "proxy_status": null,
    "password_length": null,
    "role": "c3de8bbb-313c-4804-bc6d-348e571e89cf",
    "accept_assign": true,
    "auth_amount": "0.0000",
    "proxy_end_date": null,
    "email": "myemail@mail.com",
    "next_approver": null,
    "last_login": null,
    "last_name": "pharetra",
    "first_name": "pharetra",
    "employee_id": null,
    "fullname": "pharetra pharetra",
    "status": "cb17ccdc-7a2a-44a6-bf8b-da2315854ece",
    "password_change": "2015-11-17T02:02:25.152Z"
  }
},
{
  "model": "person.person",
  "pk": "30f530c4-ce6c-4724-9cfd-37a16e787129",
  "fields": {
    "locale": null,
    "is_staff": false,
    "modified": "2015-11-17T02:02:25.297Z",
    "password_history": "[\"pbkdf2_sha256$20000$2KzTs6IOa09q$kxAxCOcPg6DOg9YUld21lr6wqL400I2G1Ikx2YC8a10=\"]",
    "groups": [
      2
    ],
    "date_joined": "2015-11-17T02:02:25.179Z",
    "is_active": true,
    "proxy_user": null,
    "auth_currency": "2c969193-0896-42cd-9531-f42717397248",
    "proxy_start_date": null,
    "is_superuser": false,
    "accept_notify": true,
    "locations": [
      "b3e6def7-a2e2-423e-a2ac-01428de880ce",
      "e50c05af-ecaf-4f47-8c96-fb2ae73c772d",
      "bbd7faa8-e943-4bee-bac2-2f524dce47c4",
      "543660bd-cb86-47b8-9f21-77b9a71e7e37"
    ],
    "created": "2015-11-17T02:02:25.282Z",
    "middle_initial": null,
    "password": "pbkdf2_sha256$20000$pfGgrf7dny3Y$uA/qOU5m268g3hgYfkfAJ3dYcrXHXsVOwS+zr3Z5nf0=",
    "password_one_time": null,
    "user_permissions": [],
    "deleted": null,
    "title": "phasellus",
    "password_expire_date": "2016-02-15",
    "username": "phasellus",
    "proxy_status": null,
    "password_length": null,
    "role": "3d5185b0-71ce-4e78-a12e-4ab909d739c6",
    "accept_assign": true,
    "auth_amount": "0.0000",
    "proxy_end_date": null,
    "email": "myemail@mail.com",
    "next_approver": null,
    "last_login": null,
    "last_name": "phasellus",
    "first_name": "phasellus",
    "employee_id": null,
    "fullname": "phasellus phasellus",
    "status": "cb17ccdc-7a2a-44a6-bf8b-da2315854ece",
    "password_change": "2015-11-17T02:02:25.276Z"
  }
},
{
  "model": "person.person",
  "pk": "30f530c4-ce6c-4724-9cfd-37a16e787130",
  "fields": {
    "locale": null,
    "is_staff": false,
    "modified": "2015-11-17T02:02:25.416Z",
    "password_history": "[\"pbkdf2_sha256$20000$evPhvU5jyb8x$SQYLrzqcFNAwybaW384vsXc+HvEb8QtSAdOgWZs6pVo=\"]",
    "groups": [
      3
    ],
    "date_joined": "2015-11-17T02:02:25.305Z",
    "is_active": true,
    "proxy_user": null,
    "auth_currency": "2c969193-0896-42cd-9531-f42717397248",
    "proxy_start_date": null,
    "is_superuser": false,
    "accept_notify": true,
    "locations": [],
    "created": "2015-11-17T02:02:25.407Z",
    "middle_initial": null,
    "password": "pbkdf2_sha256$20000$Hrt7WBhcgDoU$18hJ1uwmqcdvzm6SBpKocQPippElgAux0yPLj+QmDOM=",
    "password_one_time": null,
    "user_permissions": [],
    "deleted": null,
    "title": "placerat",
    "password_expire_date": "2016-02-15",
    "username": "placerat",
    "proxy_status": null,
    "password_length": null,
    "role": "c0fa81df-4ec8-411b-976c-16214c2d0c18",
    "accept_assign": true,
    "auth_amount": "0.0000",
    "proxy_end_date": null,
    "email": "myemail@mail.com",
    "next_approver": null,
    "last_login": null,
    "last_name": "placerat",
    "first_name": "placerat",
    "employee_id": null,
    "fullname": "placerat placerat",
    "status": "cb17ccdc-7a2a-44a6-bf8b-da2315854ece",
    "password_change": "2015-11-17T02:02:25.403Z"
  }
},
{
  "model": "person.person",
  "pk": "30f530c4-ce6c-4724-9cfd-37a16e787131",
  "fields": {
    "locale": null,
    "is_staff": false,
    "modified": "2015-11-17T02:02:25.533Z",
    "password_history": "[\"pbkdf2_sha256$20000$AAY4qI4jbrn1$G1TVSOUhEyDBo40R5VPO045qTmT1+h54i/C2Gh6HbBs=\"]",
    "groups": [
      3
    ],
    "date_joined": "2015-11-17T02:02:25.424Z",
    "is_active": true,
    "proxy_user": null,
    "auth_currency": "2c969193-0896-42cd-9531-f42717397248",
    "proxy_start_date": null,
    "is_superuser": false,
    "accept_notify": true,
    "locations": [],
    "created": "2015-11-17T02:02:25.524Z",
    "middle_initial": null,
    "password": "pbkdf2_sha256$20000$96cRuCdJKc5t$flCXhJVPV/UGxu0pZMezT9cAfM7Vs5IkCOJmoodIvGQ=",
    "password_one_time": null,
    "user_permissions": [],
    "deleted": null,
    "title": "platea",
    "password_expire_date": "2016-02-15",
    "username": "platea",
    "proxy_status": null,
    "password_length": null,
    "role": "c0fa81df-4ec8-411b-976c-16214c2d0c18",
    "accept_assign": true,
    "auth_amount": "0.0000",
    "proxy_end_date": null,
    "email": "myemail@mail.com",
    "next_approver": null,
    "last_login": null,
    "last_name": "platea",
    "first_name": "platea",
    "employee_id": null,
    "fullname": "platea platea",
    "status": "cb17ccdc-7a2a-44a6-bf8b-da2315854ece",
    "password_change": "2015-11-17T02:02:25.520Z"
  }
},
{
  "model": "person.person",
  "pk": "30f530c4-ce6c-4724-9cfd-37a16e787132",
  "fields": {
    "locale": null,
    "is_staff": false,
    "modified": "2015-11-17T02:02:25.663Z",
    "password_history": "[\"pbkdf2_sha256$20000$g4WvtHwrNG7K$k90Dh29YeeTQyyreWv4VZY/rrZQZXPpHwnvKneYE56w=\"]",
    "groups": [
      2
    ],
    "date_joined": "2015-11-17T02:02:25.542Z",
    "is_active": true,
    "proxy_user": null,
    "auth_currency": "2c969193-0896-42cd-9531-f42717397248",
    "proxy_start_date": null,
    "is_superuser": false,
    "accept_notify": true,
    "locations": [
      "b3e6def7-a2e2-423e-a2ac-01428de880ce",
      "e50c05af-ecaf-4f47-8c96-fb2ae73c772d",
      "bbd7faa8-e943-4bee-bac2-2f524dce47c4",
      "543660bd-cb86-47b8-9f21-77b9a71e7e37"
    ],
    "created": "2015-11-17T02:02:25.648Z",
    "middle_initial": null,
    "password": "pbkdf2_sha256$20000$itWFt7ogmp0f$XjwPYpoB8/8DIkZk08XC/Y/dUQwquaBJ7MWtDnx99/g=",
    "password_one_time": null,
    "user_permissions": [],
    "deleted": null,
    "title": "porta",
    "password_expire_date": "2016-02-15",
    "username": "porta",
    "proxy_status": null,
    "password_length": null,
    "role": "3d5185b0-71ce-4e78-a12e-4ab909d739c6",
    "accept_assign": true,
    "auth_amount": "0.0000",
    "proxy_end_date": null,
    "email": "myemail@mail.com",
    "next_approver": null,
    "last_login": null,
    "last_name": "porta",
    "first_name": "porta",
    "employee_id": null,
    "fullname": "porta porta",
    "status": "cb17ccdc-7a2a-44a6-bf8b-da2315854ece",
    "password_change": "2015-11-17T02:02:25.641Z"
  }
},
{
  "model": "person.person",
  "pk": "30f530c4-ce6c-4724-9cfd-37a16e787133",
  "fields": {
    "locale": null,
    "is_staff": false,
    "modified": "2015-11-17T02:02:25.785Z",
    "password_history": "[\"pbkdf2_sha256$20000$4ZIx3FwT6vFN$TddTyfFGhGK0HX9YH2d4nwzMYw9/jT7WxuGwRKiwSD8=\"]",
    "groups": [
      1
    ],
    "date_joined": "2015-11-17T02:02:25.671Z",
    "is_active": true,
    "proxy_user": null,
    "auth_currency": "2c969193-0896-42cd-9531-f42717397248",
    "proxy_start_date": null,
    "is_superuser": false,
    "accept_notify": true,
    "locations": [
      "325290eb-106c-4676-a6cf-6a6692b622bf",
      "c9a01be4-30b5-4a11-a8f2-f22a79344ec4"
    ],
    "created": "2015-11-17T02:02:25.772Z",
    "middle_initial": null,
    "password": "pbkdf2_sha256$20000$9uoP1Hb7escF$7o7D4bh8h8mNsA1L6h6TDOYOaOTLLYDwrPvEvB3KDvY=",
    "password_one_time": null,
    "user_permissions": [],
    "deleted": null,
    "title": "porttitor",
    "password_expire_date": "2016-02-15",
    "username": "porttitor",
    "proxy_status": null,
    "password_length": null,
    "role": "903cf6be-1af9-453f-a77c-448cca854dde",
    "accept_assign": true,
    "auth_amount": "0.0000",
    "proxy_end_date": null,
    "email": "myemail@mail.com",
    "next_approver": null,
    "last_login": null,
    "last_name": "porttitor",
    "first_name": "porttitor",
    "employee_id": null,
    "fullname": "porttitor porttitor",
    "status": "cb17ccdc-7a2a-44a6-bf8b-da2315854ece",
    "password_change": "2015-11-17T02:02:25.768Z"
  }
},
{
  "model": "person.person",
  "pk": "30f530c4-ce6c-4724-9cfd-37a16e787134",
  "fields": {
    "locale": null,
    "is_staff": false,
    "modified": "2015-11-17T02:02:25.902Z",
    "password_history": "[\"pbkdf2_sha256$20000$l6qk0qaom0X9$SAZ1ca9yXeiusNU104wNXlwCCj4n+9IX+Wxpye+0sWk=\"]",
    "groups": [
      5
    ],
    "date_joined": "2015-11-17T02:02:25.793Z",
    "is_active": true,
    "proxy_user": null,
    "auth_currency": "2c969193-0896-42cd-9531-f42717397248",
    "proxy_start_date": null,
    "is_superuser": false,
    "accept_notify": true,
    "locations": [],
    "created": "2015-11-17T02:02:25.893Z",
    "middle_initial": null,
    "password": "pbkdf2_sha256$20000$gB3UA57ylOio$dWQUemlVpmJ2osVvt6u+kqPiSYErGf2r21odzMlj2sE=",
    "password_one_time": null,
    "user_permissions": [],
    "deleted": null,
    "title": "posuere",
    "password_expire_date": "2016-02-15",
    "username": "posuere",
    "proxy_status": null,
    "password_length": null,
    "role": "37f2a324-a915-4fbb-ac76-8ca7417583be",
    "accept_assign": true,
    "auth_amount": "0.0000",
    "proxy_end_date": null,
    "email": "myemail@mail.com",
    "next_approver": null,
    "last_login": null,
    "last_name": "posuere",
    "first_name": "posuere",
    "employee_id": null,
    "fullname": "posuere posuere",
    "status": "cb17ccdc-7a2a-44a6-bf8b-da2315854ece",
    "password_change": "2015-11-17T02:02:25.889Z"
  }
},
{
  "model": "person.person",
  "pk": "30f530c4-ce6c-4724-9cfd-37a16e787135",
  "fields": {
    "locale": null,
    "is_staff": false,
    "modified": "2015-11-17T02:02:26.025Z",
    "password_history": "[\"pbkdf2_sha256$20000$fFArzKswIvsa$i02nKEVQjpy+OT/9c/jClBibjOa0P+dSCHVBFhhj84w=\"]",
    "groups": [
      1
    ],
    "date_joined": "2015-11-17T02:02:25.910Z",
    "is_active": true,
    "proxy_user": null,
    "auth_currency": "2c969193-0896-42cd-9531-f42717397248",
    "proxy_start_date": null,
    "is_superuser": false,
    "accept_notify": true,
    "locations": [
      "325290eb-106c-4676-a6cf-6a6692b622bf",
      "c9a01be4-30b5-4a11-a8f2-f22a79344ec4"
    ],
    "created": "2015-11-17T02:02:26.011Z",
    "middle_initial": null,
    "password": "pbkdf2_sha256$20000$No6hKjjzyXZK$Q6TGX/U5aJdnmAvUVK7qhy7f4F/A2uKzkBnBr1oAZ3w=",
    "password_one_time": null,
    "user_permissions": [],
    "deleted": null,
    "title": "potenti",
    "password_expire_date": "2016-02-15",
    "username": "potenti",
    "proxy_status": null,
    "password_length": null,
    "role": "903cf6be-1af9-453f-a77c-448cca854dde",
    "accept_assign": true,
    "auth_amount": "0.0000",
    "proxy_end_date": null,
    "email": "myemail@mail.com",
    "next_approver": null,
    "last_login": null,
    "last_name": "potenti",
    "first_name": "potenti",
    "employee_id": null,
    "fullname": "potenti potenti",
    "status": "cb17ccdc-7a2a-44a6-bf8b-da2315854ece",
    "password_change": "2015-11-17T02:02:26.007Z"
  }
},
{
  "model": "person.person",
  "pk": "30f530c4-ce6c-4724-9cfd-37a16e787136",
  "fields": {
    "locale": null,
    "is_staff": false,
    "modified": "2015-11-17T02:02:26.149Z",
    "password_history": "[\"pbkdf2_sha256$20000$PRZm2GSRSkqL$qt00f5zzyHz77G14pwZibNEXzDRzAphtDWcn/Z1RlPg=\"]",
    "groups": [
      1
    ],
    "date_joined": "2015-11-17T02:02:26.033Z",
    "is_active": true,
    "proxy_user": null,
    "auth_currency": "2c969193-0896-42cd-9531-f42717397248",
    "proxy_start_date": null,
    "is_superuser": false,
    "accept_notify": true,
    "locations": [
      "325290eb-106c-4676-a6cf-6a6692b622bf",
      "c9a01be4-30b5-4a11-a8f2-f22a79344ec4"
    ],
    "created": "2015-11-17T02:02:26.136Z",
    "middle_initial": null,
    "password": "pbkdf2_sha256$20000$lH5nbrnmGlgh$In151yzxqWdI4IbObuzXyf9qJxaWzfzHhTfbeuXshRM=",
    "password_one_time": null,
    "user_permissions": [],
    "deleted": null,
    "title": "praesent",
    "password_expire_date": "2016-02-15",
    "username": "praesent",
    "proxy_status": null,
    "password_length": null,
    "role": "903cf6be-1af9-453f-a77c-448cca854dde",
    "accept_assign": true,
    "auth_amount": "0.0000",
    "proxy_end_date": null,
    "email": "myemail@mail.com",
    "next_approver": null,
    "last_login": null,
    "last_name": "praesent",
    "first_name": "praesent",
    "employee_id": null,
    "fullname": "praesent praesent",
    "status": "cb17ccdc-7a2a-44a6-bf8b-da2315854ece",
    "password_change": "2015-11-17T02:02:26.132Z"
  }
},
{
  "model": "person.person",
  "pk": "30f530c4-ce6c-4724-9cfd-37a16e787137",
  "fields": {
    "locale": null,
    "is_staff": false,
    "modified": "2015-11-17T02:02:26.267Z",
    "password_history": "[\"pbkdf2_sha256$20000$hZgZXAJZHqgu$0lUNQRUTcOFDb6d8CAWskJkOwEbZtYfIgcRbaFPaF5k=\"]",
    "groups": [
      5
    ],
    "date_joined": "2015-11-17T02:02:26.157Z",
    "is_active": true,
    "proxy_user": null,
    "auth_currency": "2c969193-0896-42cd-9531-f42717397248",
    "proxy_start_date": null,
    "is_superuser": false,
    "accept_notify": true,
    "locations": [],
    "created": "2015-11-17T02:02:26.257Z",
    "middle_initial": null,
    "password": "pbkdf2_sha256$20000$4yQ6nJAkRvUf$9RW7l99HLNw3PHTCo0sBbAtGIHORQd55iGyO+WjITC8=",
    "password_one_time": null,
    "user_permissions": [],
    "deleted": null,
    "title": "pretium",
    "password_expire_date": "2016-02-15",
    "username": "pretium",
    "proxy_status": null,
    "password_length": null,
    "role": "37f2a324-a915-4fbb-ac76-8ca7417583be",
    "accept_assign": true,
    "auth_amount": "0.0000",
    "proxy_end_date": null,
    "email": "myemail@mail.com",
    "next_approver": null,
    "last_login": null,
    "last_name": "pretium",
    "first_name": "pretium",
    "employee_id": null,
    "fullname": "pretium pretium",
    "status": "cb17ccdc-7a2a-44a6-bf8b-da2315854ece",
    "password_change": "2015-11-17T02:02:26.253Z"
  }
},
{
  "model": "person.person",
  "pk": "30f530c4-ce6c-4724-9cfd-37a16e787138",
  "fields": {
    "locale": null,
    "is_staff": false,
    "modified": "2015-11-17T02:02:26.386Z",
    "password_history": "[\"pbkdf2_sha256$20000$Jah8cfSOIDku$lp8G/2QbnzwLz4CccawWjcLU4zJTj1RRsfO6Q1RLkMs=\"]",
    "groups": [
      5
    ],
    "date_joined": "2015-11-17T02:02:26.275Z",
    "is_active": true,
    "proxy_user": null,
    "auth_currency": "2c969193-0896-42cd-9531-f42717397248",
    "proxy_start_date": null,
    "is_superuser": false,
    "accept_notify": true,
    "locations": [],
    "created": "2015-11-17T02:02:26.377Z",
    "middle_initial": null,
    "password": "pbkdf2_sha256$20000$MLbdETg7iugS$Vcq4dqmrslVIhYC5rPPurtA0TBh+jkdG2ygKZqwDD24=",
    "password_one_time": null,
    "user_permissions": [],
    "deleted": null,
    "title": "primis",
    "password_expire_date": "2016-02-15",
    "username": "primis",
    "proxy_status": null,
    "password_length": null,
    "role": "37f2a324-a915-4fbb-ac76-8ca7417583be",
    "accept_assign": true,
    "auth_amount": "0.0000",
    "proxy_end_date": null,
    "email": "myemail@mail.com",
    "next_approver": null,
    "last_login": null,
    "last_name": "primis",
    "first_name": "primis",
    "employee_id": null,
    "fullname": "primis primis",
    "status": "cb17ccdc-7a2a-44a6-bf8b-da2315854ece",
    "password_change": "2015-11-17T02:02:26.373Z"
  }
},
{
  "model": "person.person",
  "pk": "30f530c4-ce6c-4724-9cfd-37a16e787139",
  "fields": {
    "locale": null,
    "is_staff": false,
    "modified": "2015-11-17T02:02:26.504Z",
    "password_history": "[\"pbkdf2_sha256$20000$uGYlIt6T7vxv$WIPDPVp9NE+JFWK6xSnEgcbspNT2Sw7EFNdeQVDGIgw=\"]",
    "groups": [
      5
    ],
    "date_joined": "2015-11-17T02:02:26.395Z",
    "is_active": true,
    "proxy_user": null,
    "auth_currency": "2c969193-0896-42cd-9531-f42717397248",
    "proxy_start_date": null,
    "is_superuser": false,
    "accept_notify": true,
    "locations": [],
    "created": "2015-11-17T02:02:26.495Z",
    "middle_initial": null,
    "password": "pbkdf2_sha256$20000$C7ruvA540NRB$0mnw6H7HTM3jsIOTNUOdNm+CqG6jPtNYjb8QJtJPbY0=",
    "password_one_time": null,
    "user_permissions": [],
    "deleted": null,
    "title": "proin",
    "password_expire_date": "2016-02-15",
    "username": "proin",
    "proxy_status": null,
    "password_length": null,
    "role": "37f2a324-a915-4fbb-ac76-8ca7417583be",
    "accept_assign": true,
    "auth_amount": "0.0000",
    "proxy_end_date": null,
    "email": "myemail@mail.com",
    "next_approver": null,
    "last_login": null,
    "last_name": "proin",
    "first_name": "proin",
    "employee_id": null,
    "fullname": "proin proin",
    "status": "cb17ccdc-7a2a-44a6-bf8b-da2315854ece",
    "password_change": "2015-11-17T02:02:26.491Z"
  }
},
{
  "model": "person.person",
  "pk": "30f530c4-ce6c-4724-9cfd-37a16e787140",
  "fields": {
    "locale": null,
    "is_staff": false,
    "modified": "2015-11-17T02:02:26.626Z",
    "password_history": "[\"pbkdf2_sha256$20000$V6GxMjVjPcrq$b9i+hJDnrs8QcVrvXYWQphl+Qr+vjLxcLqQ1GyJmV18=\"]",
    "groups": [
      4
    ],
    "date_joined": "2015-11-17T02:02:26.512Z",
    "is_active": true,
    "proxy_user": null,
    "auth_currency": "2c969193-0896-42cd-9531-f42717397248",
    "proxy_start_date": null,
    "is_superuser": false,
    "accept_notify": true,
    "locations": [
      "7ea4a317-58c4-46b4-8c4e-b436aa5ece37",
      "c0ae2dc8-59c1-4103-8625-f2a3c1d318ae",
      "1673e4aa-7892-484d-9921-7ecfb4f6f2f7",
      "a3a0e48a-d9dd-445d-8fbf-c60c1d5b2c76"
    ],
    "created": "2015-11-17T02:02:26.612Z",
    "middle_initial": null,
    "password": "pbkdf2_sha256$20000$9sMJ2qa1tewM$lGwN8LIClLvmgq0/AJ9sVSCm6aFItFCfksoN4XtgOFA=",
    "password_one_time": null,
    "user_permissions": [],
    "deleted": null,
    "title": "pulvinar",
    "password_expire_date": "2016-02-15",
    "username": "pulvinar",
    "proxy_status": null,
    "password_length": null,
    "role": "c3de8bbb-313c-4804-bc6d-348e571e89cf",
    "accept_assign": true,
    "auth_amount": "0.0000",
    "proxy_end_date": null,
    "email": "myemail@mail.com",
    "next_approver": null,
    "last_login": null,
    "last_name": "pulvinar",
    "first_name": "pulvinar",
    "employee_id": null,
    "fullname": "pulvinar pulvinar",
    "status": "cb17ccdc-7a2a-44a6-bf8b-da2315854ece",
    "password_change": "2015-11-17T02:02:26.608Z"
  }
},
{
  "model": "person.person",
  "pk": "30f530c4-ce6c-4724-9cfd-37a16e787141",
  "fields": {
    "locale": null,
    "is_staff": false,
    "modified": "2015-11-17T02:02:26.752Z",
    "password_history": "[\"pbkdf2_sha256$20000$iixKXAFRSlAC$UunTGSKkcADWEaTyutcahDJuFSU27w+9fYLFd5OEIu4=\"]",
    "groups": [
      5
    ],
    "date_joined": "2015-11-17T02:02:26.635Z",
    "is_active": true,
    "proxy_user": null,
    "auth_currency": "2c969193-0896-42cd-9531-f42717397248",
    "proxy_start_date": null,
    "is_superuser": false,
    "accept_notify": true,
    "locations": [],
    "created": "2015-11-17T02:02:26.743Z",
    "middle_initial": null,
    "password": "pbkdf2_sha256$20000$v0g56dN802mq$LGGhl2UfwlfBcBm57mA/qOhOUrRkO8ryUvmCVQMh5PA=",
    "password_one_time": null,
    "user_permissions": [],
    "deleted": null,
    "title": "purus",
    "password_expire_date": "2016-02-15",
    "username": "purus",
    "proxy_status": null,
    "password_length": null,
    "role": "37f2a324-a915-4fbb-ac76-8ca7417583be",
    "accept_assign": true,
    "auth_amount": "0.0000",
    "proxy_end_date": null,
    "email": "myemail@mail.com",
    "next_approver": null,
    "last_login": null,
    "last_name": "purus",
    "first_name": "purus",
    "employee_id": null,
    "fullname": "purus purus",
    "status": "cb17ccdc-7a2a-44a6-bf8b-da2315854ece",
    "password_change": "2015-11-17T02:02:26.739Z"
  }
},
{
  "model": "person.person",
  "pk": "30f530c4-ce6c-4724-9cfd-37a16e787142",
  "fields": {
    "locale": null,
    "is_staff": false,
    "modified": "2015-11-17T02:02:26.870Z",
    "password_history": "[\"pbkdf2_sha256$20000$Rx5Ul8vPVZtA$UUMyP585E3tNRRQbOTrUXtgXb3yFTmdIcMEBSUTzb8g=\"]",
    "groups": [
      5
    ],
    "date_joined": "2015-11-17T02:02:26.760Z",
    "is_active": true,
    "proxy_user": null,
    "auth_currency": "2c969193-0896-42cd-9531-f42717397248",
    "proxy_start_date": null,
    "is_superuser": false,
    "accept_notify": true,
    "locations": [],
    "created": "2015-11-17T02:02:26.861Z",
    "middle_initial": null,
    "password": "pbkdf2_sha256$20000$BUsPQGJhSQN8$IJVTWnXy0HE0MZDQqhDIVO6jr50HqTUyquqsBIioNrs=",
    "password_one_time": null,
    "user_permissions": [],
    "deleted": null,
    "title": "quam",
    "password_expire_date": "2016-02-15",
    "username": "quam",
    "proxy_status": null,
    "password_length": null,
    "role": "37f2a324-a915-4fbb-ac76-8ca7417583be",
    "accept_assign": true,
    "auth_amount": "0.0000",
    "proxy_end_date": null,
    "email": "myemail@mail.com",
    "next_approver": null,
    "last_login": null,
    "last_name": "quam",
    "first_name": "quam",
    "employee_id": null,
    "fullname": "quam quam",
    "status": "cb17ccdc-7a2a-44a6-bf8b-da2315854ece",
    "password_change": "2015-11-17T02:02:26.856Z"
  }
},
{
  "model": "person.person",
  "pk": "30f530c4-ce6c-4724-9cfd-37a16e787143",
  "fields": {
    "locale": null,
    "is_staff": false,
    "modified": "2015-11-17T02:02:26.993Z",
    "password_history": "[\"pbkdf2_sha256$20000$diMI9PbedrmQ$Ew+qw3Gv04Dp/g64eg53ESpijEm0rj1kGj89r92oTn0=\"]",
    "groups": [
      2
    ],
    "date_joined": "2015-11-17T02:02:26.878Z",
    "is_active": true,
    "proxy_user": null,
    "auth_currency": "2c969193-0896-42cd-9531-f42717397248",
    "proxy_start_date": null,
    "is_superuser": false,
    "accept_notify": true,
    "locations": [
      "b3e6def7-a2e2-423e-a2ac-01428de880ce",
      "e50c05af-ecaf-4f47-8c96-fb2ae73c772d",
      "bbd7faa8-e943-4bee-bac2-2f524dce47c4",
      "543660bd-cb86-47b8-9f21-77b9a71e7e37"
    ],
    "created": "2015-11-17T02:02:26.978Z",
    "middle_initial": null,
    "password": "pbkdf2_sha256$20000$rakLOFhvnfOy$fBjysAj+Q82kyJHb3tkHF0VWensfPi8DPVBRzosWkzc=",
    "password_one_time": null,
    "user_permissions": [],
    "deleted": null,
    "title": "quis",
    "password_expire_date": "2016-02-15",
    "username": "quis",
    "proxy_status": null,
    "password_length": null,
    "role": "3d5185b0-71ce-4e78-a12e-4ab909d739c6",
    "accept_assign": true,
    "auth_amount": "0.0000",
    "proxy_end_date": null,
    "email": "myemail@mail.com",
    "next_approver": null,
    "last_login": null,
    "last_name": "quis",
    "first_name": "quis",
    "employee_id": null,
    "fullname": "quis quis",
    "status": "cb17ccdc-7a2a-44a6-bf8b-da2315854ece",
    "password_change": "2015-11-17T02:02:26.974Z"
  }
},
{
  "model": "person.person",
  "pk": "30f530c4-ce6c-4724-9cfd-37a16e787144",
  "fields": {
    "locale": null,
    "is_staff": false,
    "modified": "2015-11-17T02:02:27.117Z",
    "password_history": "[\"pbkdf2_sha256$20000$JWMzGMCbs8HD$mEMA/k50y6Qkpj+8i0t6EJ8kGaDmXGswlPAeiza1T40=\"]",
    "groups": [
      1
    ],
    "date_joined": "2015-11-17T02:02:27.001Z",
    "is_active": true,
    "proxy_user": null,
    "auth_currency": "2c969193-0896-42cd-9531-f42717397248",
    "proxy_start_date": null,
    "is_superuser": false,
    "accept_notify": true,
    "locations": [
      "325290eb-106c-4676-a6cf-6a6692b622bf",
      "c9a01be4-30b5-4a11-a8f2-f22a79344ec4"
    ],
    "created": "2015-11-17T02:02:27.103Z",
    "middle_initial": null,
    "password": "pbkdf2_sha256$20000$CRPY5lzOmob1$dNlng10hFgW6PbERIIqZ96xWfU+ZL4w6UyWaMLRbMxk=",
    "password_one_time": null,
    "user_permissions": [],
    "deleted": null,
    "title": "quisque",
    "password_expire_date": "2016-02-15",
    "username": "quisque",
    "proxy_status": null,
    "password_length": null,
    "role": "903cf6be-1af9-453f-a77c-448cca854dde",
    "accept_assign": true,
    "auth_amount": "0.0000",
    "proxy_end_date": null,
    "email": "myemail@mail.com",
    "next_approver": null,
    "last_login": null,
    "last_name": "quisque",
    "first_name": "quisque",
    "employee_id": null,
    "fullname": "quisque quisque",
    "status": "cb17ccdc-7a2a-44a6-bf8b-da2315854ece",
    "password_change": "2015-11-17T02:02:27.098Z"
  }
},
{
  "model": "person.person",
  "pk": "30f530c4-ce6c-4724-9cfd-37a16e787145",
  "fields": {
    "locale": null,
    "is_staff": false,
    "modified": "2015-11-17T02:02:27.235Z",
    "password_history": "[\"pbkdf2_sha256$20000$XSBjAeatuPet$pb+tAqx8WGQ6tswC5Fc1WTpKvrEo3A5gRqZ7+gXvWAQ=\"]",
    "groups": [
      5
    ],
    "date_joined": "2015-11-17T02:02:27.125Z",
    "is_active": true,
    "proxy_user": null,
    "auth_currency": "2c969193-0896-42cd-9531-f42717397248",
    "proxy_start_date": null,
    "is_superuser": false,
    "accept_notify": true,
    "locations": [],
    "created": "2015-11-17T02:02:27.226Z",
    "middle_initial": null,
    "password": "pbkdf2_sha256$20000$G77JXIWeK3Ei$G5cr3sDhHoDudQKRSQ+oJ9uEFS91UmF7TPU8XRhC1qE=",
    "password_one_time": null,
    "user_permissions": [],
    "deleted": null,
    "title": "rhoncus",
    "password_expire_date": "2016-02-15",
    "username": "rhoncus",
    "proxy_status": null,
    "password_length": null,
    "role": "37f2a324-a915-4fbb-ac76-8ca7417583be",
    "accept_assign": true,
    "auth_amount": "0.0000",
    "proxy_end_date": null,
    "email": "myemail@mail.com",
    "next_approver": null,
    "last_login": null,
    "last_name": "rhoncus",
    "first_name": "rhoncus",
    "employee_id": null,
    "fullname": "rhoncus rhoncus",
    "status": "cb17ccdc-7a2a-44a6-bf8b-da2315854ece",
    "password_change": "2015-11-17T02:02:27.222Z"
  }
},
{
  "model": "person.person",
  "pk": "30f530c4-ce6c-4724-9cfd-37a16e787146",
  "fields": {
    "locale": null,
    "is_staff": false,
    "modified": "2015-11-17T02:02:27.357Z",
    "password_history": "[\"pbkdf2_sha256$20000$kVEOdYafZyxW$mnj70Q65+vF33+Z8c0MRW27UbnLQiRQj64qEkkGvkPo=\"]",
    "groups": [
      1
    ],
    "date_joined": "2015-11-17T02:02:27.243Z",
    "is_active": true,
    "proxy_user": null,
    "auth_currency": "2c969193-0896-42cd-9531-f42717397248",
    "proxy_start_date": null,
    "is_superuser": false,
    "accept_notify": true,
    "locations": [
      "325290eb-106c-4676-a6cf-6a6692b622bf",
      "c9a01be4-30b5-4a11-a8f2-f22a79344ec4"
    ],
    "created": "2015-11-17T02:02:27.344Z",
    "middle_initial": null,
    "password": "pbkdf2_sha256$20000$Cy70Ii0vSPvm$Xaiyxq20Dg2KhxbuIIAtWYTSo7ND6SkG/xg4A8Em77c=",
    "password_one_time": null,
    "user_permissions": [],
    "deleted": null,
    "title": "ridiculus",
    "password_expire_date": "2016-02-15",
    "username": "ridiculus",
    "proxy_status": null,
    "password_length": null,
    "role": "903cf6be-1af9-453f-a77c-448cca854dde",
    "accept_assign": true,
    "auth_amount": "0.0000",
    "proxy_end_date": null,
    "email": "myemail@mail.com",
    "next_approver": null,
    "last_login": null,
    "last_name": "ridiculus",
    "first_name": "ridiculus",
    "employee_id": null,
    "fullname": "ridiculus ridiculus",
    "status": "cb17ccdc-7a2a-44a6-bf8b-da2315854ece",
    "password_change": "2015-11-17T02:02:27.340Z"
  }
},
{
  "model": "person.person",
  "pk": "30f530c4-ce6c-4724-9cfd-37a16e787147",
  "fields": {
    "locale": null,
    "is_staff": false,
    "modified": "2015-11-17T02:02:27.486Z",
    "password_history": "[\"pbkdf2_sha256$20000$5Mu41ZSvjiQj$mzqwgGJF1+neM46B1oI/BxJe8CR9mHibNaueYTOisDY=\"]",
    "groups": [
      4
    ],
    "date_joined": "2015-11-17T02:02:27.365Z",
    "is_active": true,
    "proxy_user": null,
    "auth_currency": "2c969193-0896-42cd-9531-f42717397248",
    "proxy_start_date": null,
    "is_superuser": false,
    "accept_notify": true,
    "locations": [
      "7ea4a317-58c4-46b4-8c4e-b436aa5ece37",
      "c0ae2dc8-59c1-4103-8625-f2a3c1d318ae",
      "1673e4aa-7892-484d-9921-7ecfb4f6f2f7",
      "a3a0e48a-d9dd-445d-8fbf-c60c1d5b2c76"
    ],
    "created": "2015-11-17T02:02:27.471Z",
    "middle_initial": null,
    "password": "pbkdf2_sha256$20000$UCBPyW5gQGam$OWnHvCvyV7e+05ch8YSwAeOmc2tmh4wmTs42CT0+Skg=",
    "password_one_time": null,
    "user_permissions": [],
    "deleted": null,
    "title": "risus",
    "password_expire_date": "2016-02-15",
    "username": "risus",
    "proxy_status": null,
    "password_length": null,
    "role": "c3de8bbb-313c-4804-bc6d-348e571e89cf",
    "accept_assign": true,
    "auth_amount": "0.0000",
    "proxy_end_date": null,
    "email": "myemail@mail.com",
    "next_approver": null,
    "last_login": null,
    "last_name": "risus",
    "first_name": "risus",
    "employee_id": null,
    "fullname": "risus risus",
    "status": "cb17ccdc-7a2a-44a6-bf8b-da2315854ece",
    "password_change": "2015-11-17T02:02:27.467Z"
  }
},
{
  "model": "person.person",
  "pk": "30f530c4-ce6c-4724-9cfd-37a16e787148",
  "fields": {
    "locale": null,
    "is_staff": false,
    "modified": "2015-11-17T02:02:27.608Z",
    "password_history": "[\"pbkdf2_sha256$20000$XYGLsel5HVoq$MT4pjulTnOx3jJSZmT89KM16OoioGGz8Xg8Y3vZ8f3E=\"]",
    "groups": [
      2
    ],
    "date_joined": "2015-11-17T02:02:27.494Z",
    "is_active": true,
    "proxy_user": null,
    "auth_currency": "2c969193-0896-42cd-9531-f42717397248",
    "proxy_start_date": null,
    "is_superuser": false,
    "accept_notify": true,
    "locations": [
      "b3e6def7-a2e2-423e-a2ac-01428de880ce",
      "e50c05af-ecaf-4f47-8c96-fb2ae73c772d",
      "bbd7faa8-e943-4bee-bac2-2f524dce47c4",
      "543660bd-cb86-47b8-9f21-77b9a71e7e37"
    ],
    "created": "2015-11-17T02:02:27.593Z",
    "middle_initial": null,
    "password": "pbkdf2_sha256$20000$2DOR3c92Wooe$48U+qU3DbT0Yr/F0pTfywyLQ38Vkmitwcm8opBtzFu4=",
    "password_one_time": null,
    "user_permissions": [],
    "deleted": null,
    "title": "rutrum",
    "password_expire_date": "2016-02-15",
    "username": "rutrum",
    "proxy_status": null,
    "password_length": null,
    "role": "3d5185b0-71ce-4e78-a12e-4ab909d739c6",
    "accept_assign": true,
    "auth_amount": "0.0000",
    "proxy_end_date": null,
    "email": "myemail@mail.com",
    "next_approver": null,
    "last_login": null,
    "last_name": "rutrum",
    "first_name": "rutrum",
    "employee_id": null,
    "fullname": "rutrum rutrum",
    "status": "cb17ccdc-7a2a-44a6-bf8b-da2315854ece",
    "password_change": "2015-11-17T02:02:27.589Z"
  }
},
{
  "model": "person.person",
  "pk": "30f530c4-ce6c-4724-9cfd-37a16e787149",
  "fields": {
    "locale": null,
    "is_staff": false,
    "modified": "2015-11-17T02:02:27.732Z",
    "password_history": "[\"pbkdf2_sha256$20000$lndamwins8Ie$PDiIaCrcIh+XF2IZX4M97Ti/0wVdmAnBnRi5a+bYays=\"]",
    "groups": [
      2
    ],
    "date_joined": "2015-11-17T02:02:27.616Z",
    "is_active": true,
    "proxy_user": null,
    "auth_currency": "2c969193-0896-42cd-9531-f42717397248",
    "proxy_start_date": null,
    "is_superuser": false,
    "accept_notify": true,
    "locations": [
      "b3e6def7-a2e2-423e-a2ac-01428de880ce",
      "e50c05af-ecaf-4f47-8c96-fb2ae73c772d",
      "bbd7faa8-e943-4bee-bac2-2f524dce47c4",
      "543660bd-cb86-47b8-9f21-77b9a71e7e37"
    ],
    "created": "2015-11-17T02:02:27.717Z",
    "middle_initial": null,
    "password": "pbkdf2_sha256$20000$OZfVGfXM0wJB$Mc2JsLTCwbQflRd3mKlnJw/f/x1582z4Jyi8b6eLOtg=",
    "password_one_time": null,
    "user_permissions": [],
    "deleted": null,
    "title": "sagittis",
    "password_expire_date": "2016-02-15",
    "username": "sagittis",
    "proxy_status": null,
    "password_length": null,
    "role": "3d5185b0-71ce-4e78-a12e-4ab909d739c6",
    "accept_assign": true,
    "auth_amount": "0.0000",
    "proxy_end_date": null,
    "email": "myemail@mail.com",
    "next_approver": null,
    "last_login": null,
    "last_name": "sagittis",
    "first_name": "sagittis",
    "employee_id": null,
    "fullname": "sagittis sagittis",
    "status": "cb17ccdc-7a2a-44a6-bf8b-da2315854ece",
    "password_change": "2015-11-17T02:02:27.713Z"
  }
},
{
  "model": "person.person",
  "pk": "30f530c4-ce6c-4724-9cfd-37a16e787150",
  "fields": {
    "locale": null,
    "is_staff": false,
    "modified": "2015-11-17T02:02:27.857Z",
    "password_history": "[\"pbkdf2_sha256$20000$W70ftzj1k49D$DiZUgKtRx8ZOHcyuPPyeVRuqabPmYp6+Q3vSbXaQ4uw=\"]",
    "groups": [
      3
    ],
    "date_joined": "2015-11-17T02:02:27.740Z",
    "is_active": true,
    "proxy_user": null,
    "auth_currency": "2c969193-0896-42cd-9531-f42717397248",
    "proxy_start_date": null,
    "is_superuser": false,
    "accept_notify": true,
    "locations": [],
    "created": "2015-11-17T02:02:27.847Z",
    "middle_initial": null,
    "password": "pbkdf2_sha256$20000$9bIfJYWlcU8X$n116B7cGgj0Vjl7xl9uZxgMspD8EEh8NQwOablKxUPo=",
    "password_one_time": null,
    "user_permissions": [],
    "deleted": null,
    "title": "sapien",
    "password_expire_date": "2016-02-15",
    "username": "sapien",
    "proxy_status": null,
    "password_length": null,
    "role": "c0fa81df-4ec8-411b-976c-16214c2d0c18",
    "accept_assign": true,
    "auth_amount": "0.0000",
    "proxy_end_date": null,
    "email": "myemail@mail.com",
    "next_approver": null,
    "last_login": null,
    "last_name": "sapien",
    "first_name": "sapien",
    "employee_id": null,
    "fullname": "sapien sapien",
    "status": "cb17ccdc-7a2a-44a6-bf8b-da2315854ece",
    "password_change": "2015-11-17T02:02:27.843Z"
  }
},
{
  "model": "person.person",
  "pk": "30f530c4-ce6c-4724-9cfd-37a16e787151",
  "fields": {
    "locale": null,
    "is_staff": false,
    "modified": "2015-11-17T02:02:27.984Z",
    "password_history": "[\"pbkdf2_sha256$20000$CHfIqouegu79$SEdlWtz4ytzZ4jkJ+/s2cJfn+n/HapmJmOioeqQP7bI=\"]",
    "groups": [
      2
    ],
    "date_joined": "2015-11-17T02:02:27.865Z",
    "is_active": true,
    "proxy_user": null,
    "auth_currency": "2c969193-0896-42cd-9531-f42717397248",
    "proxy_start_date": null,
    "is_superuser": false,
    "accept_notify": true,
    "locations": [
      "b3e6def7-a2e2-423e-a2ac-01428de880ce",
      "e50c05af-ecaf-4f47-8c96-fb2ae73c772d",
      "bbd7faa8-e943-4bee-bac2-2f524dce47c4",
      "543660bd-cb86-47b8-9f21-77b9a71e7e37"
    ],
    "created": "2015-11-17T02:02:27.969Z",
    "middle_initial": null,
    "password": "pbkdf2_sha256$20000$AyJvoo0iIV7L$rjzX3Sm76xwn8sEaATxzGfSJf4A+LfyCPAlXFkUxu3Y=",
    "password_one_time": null,
    "user_permissions": [],
    "deleted": null,
    "title": "scelerisque",
    "password_expire_date": "2016-02-15",
    "username": "scelerisque",
    "proxy_status": null,
    "password_length": null,
    "role": "3d5185b0-71ce-4e78-a12e-4ab909d739c6",
    "accept_assign": true,
    "auth_amount": "0.0000",
    "proxy_end_date": null,
    "email": "myemail@mail.com",
    "next_approver": null,
    "last_login": null,
    "last_name": "scelerisque",
    "first_name": "scelerisque",
    "employee_id": null,
    "fullname": "scelerisque scelerisque",
    "status": "cb17ccdc-7a2a-44a6-bf8b-da2315854ece",
    "password_change": "2015-11-17T02:02:27.965Z"
  }
},
{
  "model": "person.person",
  "pk": "30f530c4-ce6c-4724-9cfd-37a16e787152",
  "fields": {
    "locale": null,
    "is_staff": false,
    "modified": "2015-11-17T02:02:28.105Z",
    "password_history": "[\"pbkdf2_sha256$20000$O7U7uh5ZWIP7$WNTRODmiEsY+CbbEhqjf/c0867lkGfST8OCOIM/qn1E=\"]",
    "groups": [
      3
    ],
    "date_joined": "2015-11-17T02:02:27.992Z",
    "is_active": true,
    "proxy_user": null,
    "auth_currency": "2c969193-0896-42cd-9531-f42717397248",
    "proxy_start_date": null,
    "is_superuser": false,
    "accept_notify": true,
    "locations": [],
    "created": "2015-11-17T02:02:28.095Z",
    "middle_initial": null,
    "password": "pbkdf2_sha256$20000$YS0hC2lAhyPC$oP02k45s00iU1BEgkE4G7AE97uc/D7QLB9YB8C1OKmc=",
    "password_one_time": null,
    "user_permissions": [],
    "deleted": null,
    "title": "sed",
    "password_expire_date": "2016-02-15",
    "username": "sed",
    "proxy_status": null,
    "password_length": null,
    "role": "c0fa81df-4ec8-411b-976c-16214c2d0c18",
    "accept_assign": true,
    "auth_amount": "0.0000",
    "proxy_end_date": null,
    "email": "myemail@mail.com",
    "next_approver": null,
    "last_login": null,
    "last_name": "sed",
    "first_name": "sed",
    "employee_id": null,
    "fullname": "sed sed",
    "status": "cb17ccdc-7a2a-44a6-bf8b-da2315854ece",
    "password_change": "2015-11-17T02:02:28.090Z"
  }
},
{
  "model": "person.person",
  "pk": "30f530c4-ce6c-4724-9cfd-37a16e787153",
  "fields": {
    "locale": null,
    "is_staff": false,
    "modified": "2015-11-17T02:02:28.223Z",
    "password_history": "[\"pbkdf2_sha256$20000$Ii4exhXqNinv$1Wi+bCqbxlgYTV/9Jy2o69H6bO14wx2A/LDluoLEW3c=\"]",
    "groups": [
      3
    ],
    "date_joined": "2015-11-17T02:02:28.113Z",
    "is_active": true,
    "proxy_user": null,
    "auth_currency": "2c969193-0896-42cd-9531-f42717397248",
    "proxy_start_date": null,
    "is_superuser": false,
    "accept_notify": true,
    "locations": [],
    "created": "2015-11-17T02:02:28.212Z",
    "middle_initial": null,
    "password": "pbkdf2_sha256$20000$29INPJllYvuN$vAk/JCjFW4/rc1cn7fs65sdYj2EscoGuzums0u2ZWDM=",
    "password_one_time": null,
    "user_permissions": [],
    "deleted": null,
    "title": "sem",
    "password_expire_date": "2016-02-15",
    "username": "sem",
    "proxy_status": null,
    "password_length": null,
    "role": "c0fa81df-4ec8-411b-976c-16214c2d0c18",
    "accept_assign": true,
    "auth_amount": "0.0000",
    "proxy_end_date": null,
    "email": "myemail@mail.com",
    "next_approver": null,
    "last_login": null,
    "last_name": "sem",
    "first_name": "sem",
    "employee_id": null,
    "fullname": "sem sem",
    "status": "cb17ccdc-7a2a-44a6-bf8b-da2315854ece",
    "password_change": "2015-11-17T02:02:28.208Z"
  }
},
{
  "model": "person.person",
  "pk": "30f530c4-ce6c-4724-9cfd-37a16e787154",
  "fields": {
    "locale": null,
    "is_staff": false,
    "modified": "2015-11-17T02:02:28.348Z",
    "password_history": "[\"pbkdf2_sha256$20000$3RB2XBPAnhZy$42t/f80fU1NonfkgibmR58GFMwB8yMoW5Z7Guxz4s7I=\"]",
    "groups": [
      1
    ],
    "date_joined": "2015-11-17T02:02:28.233Z",
    "is_active": true,
    "proxy_user": null,
    "auth_currency": "2c969193-0896-42cd-9531-f42717397248",
    "proxy_start_date": null,
    "is_superuser": false,
    "accept_notify": true,
    "locations": [
      "325290eb-106c-4676-a6cf-6a6692b622bf",
      "c9a01be4-30b5-4a11-a8f2-f22a79344ec4"
    ],
    "created": "2015-11-17T02:02:28.334Z",
    "middle_initial": null,
    "password": "pbkdf2_sha256$20000$oC4x2zI96LL2$ANcApGF/4YgvCoGz6IN/4jkDVJGv68LcBSB6SaXF9qo=",
    "password_one_time": null,
    "user_permissions": [],
    "deleted": null,
    "title": "semper",
    "password_expire_date": "2016-02-15",
    "username": "semper",
    "proxy_status": null,
    "password_length": null,
    "role": "903cf6be-1af9-453f-a77c-448cca854dde",
    "accept_assign": true,
    "auth_amount": "0.0000",
    "proxy_end_date": null,
    "email": "myemail@mail.com",
    "next_approver": null,
    "last_login": null,
    "last_name": "semper",
    "first_name": "semper",
    "employee_id": null,
    "fullname": "semper semper",
    "status": "cb17ccdc-7a2a-44a6-bf8b-da2315854ece",
    "password_change": "2015-11-17T02:02:28.330Z"
  }
},
{
  "model": "person.person",
  "pk": "30f530c4-ce6c-4724-9cfd-37a16e787155",
  "fields": {
    "locale": null,
    "is_staff": false,
    "modified": "2015-11-17T02:02:28.465Z",
    "password_history": "[\"pbkdf2_sha256$20000$mQ5CU9sWYoao$CwpNeuKW3ZL36/3CfgB8/AeZKW/mqvLU9N95W0tsNYI=\"]",
    "groups": [
      3
    ],
    "date_joined": "2015-11-17T02:02:28.356Z",
    "is_active": true,
    "proxy_user": null,
    "auth_currency": "2c969193-0896-42cd-9531-f42717397248",
    "proxy_start_date": null,
    "is_superuser": false,
    "accept_notify": true,
    "locations": [],
    "created": "2015-11-17T02:02:28.456Z",
    "middle_initial": null,
    "password": "pbkdf2_sha256$20000$nJRw4PAdumDa$kMHa4j4O9QfXFoL/kQeW7cZbfHMDGGjXLMLbYeC3BtU=",
    "password_one_time": null,
    "user_permissions": [],
    "deleted": null,
    "title": "senectus",
    "password_expire_date": "2016-02-15",
    "username": "senectus",
    "proxy_status": null,
    "password_length": null,
    "role": "c0fa81df-4ec8-411b-976c-16214c2d0c18",
    "accept_assign": true,
    "auth_amount": "0.0000",
    "proxy_end_date": null,
    "email": "myemail@mail.com",
    "next_approver": null,
    "last_login": null,
    "last_name": "senectus",
    "first_name": "senectus",
    "employee_id": null,
    "fullname": "senectus senectus",
    "status": "cb17ccdc-7a2a-44a6-bf8b-da2315854ece",
    "password_change": "2015-11-17T02:02:28.452Z"
  }
},
{
  "model": "person.person",
  "pk": "30f530c4-ce6c-4724-9cfd-37a16e787156",
  "fields": {
    "locale": null,
    "is_staff": false,
    "modified": "2015-11-17T02:02:28.593Z",
    "password_history": "[\"pbkdf2_sha256$20000$HmIjbBuuqm9E$3je2nRNl7rrLQOO/3hmigFkb07w1PEHE5De9c/u+yzY=\"]",
    "groups": [
      1
    ],
    "date_joined": "2015-11-17T02:02:28.474Z",
    "is_active": true,
    "proxy_user": null,
    "auth_currency": "2c969193-0896-42cd-9531-f42717397248",
    "proxy_start_date": null,
    "is_superuser": false,
    "accept_notify": true,
    "locations": [
      "325290eb-106c-4676-a6cf-6a6692b622bf",
      "c9a01be4-30b5-4a11-a8f2-f22a79344ec4"
    ],
    "created": "2015-11-17T02:02:28.579Z",
    "middle_initial": null,
    "password": "pbkdf2_sha256$20000$lzb4N0VesU1k$ai7uo7UYKb/8YlsPyjT2zvew/2LGzA9BoXFW1/dIOmk=",
    "password_one_time": null,
    "user_permissions": [],
    "deleted": null,
    "title": "sit",
    "password_expire_date": "2016-02-15",
    "username": "sit",
    "proxy_status": null,
    "password_length": null,
    "role": "903cf6be-1af9-453f-a77c-448cca854dde",
    "accept_assign": true,
    "auth_amount": "0.0000",
    "proxy_end_date": null,
    "email": "myemail@mail.com",
    "next_approver": null,
    "last_login": null,
    "last_name": "sit",
    "first_name": "sit",
    "employee_id": null,
    "fullname": "sit sit",
    "status": "cb17ccdc-7a2a-44a6-bf8b-da2315854ece",
    "password_change": "2015-11-17T02:02:28.574Z"
  }
},
{
  "model": "person.person",
  "pk": "30f530c4-ce6c-4724-9cfd-37a16e787157",
  "fields": {
    "locale": null,
    "is_staff": false,
    "modified": "2015-11-17T02:02:28.717Z",
    "password_history": "[\"pbkdf2_sha256$20000$tyKardNHwMa9$SxllZj9gjyVxKPh/kM19Ws0t4dLCWiqgJACRECxf7Ys=\"]",
    "groups": [
      4
    ],
    "date_joined": "2015-11-17T02:02:28.601Z",
    "is_active": true,
    "proxy_user": null,
    "auth_currency": "2c969193-0896-42cd-9531-f42717397248",
    "proxy_start_date": null,
    "is_superuser": false,
    "accept_notify": true,
    "locations": [
      "7ea4a317-58c4-46b4-8c4e-b436aa5ece37",
      "c0ae2dc8-59c1-4103-8625-f2a3c1d318ae",
      "1673e4aa-7892-484d-9921-7ecfb4f6f2f7",
      "a3a0e48a-d9dd-445d-8fbf-c60c1d5b2c76"
    ],
    "created": "2015-11-17T02:02:28.702Z",
    "middle_initial": null,
    "password": "pbkdf2_sha256$20000$XH1HFude6fZe$YGWKSUlnvoGv8nz1pzOm5saNlRUaFOaGYPGrostQZJg=",
    "password_one_time": null,
    "user_permissions": [],
    "deleted": null,
    "title": "sociis",
    "password_expire_date": "2016-02-15",
    "username": "sociis",
    "proxy_status": null,
    "password_length": null,
    "role": "c3de8bbb-313c-4804-bc6d-348e571e89cf",
    "accept_assign": true,
    "auth_amount": "0.0000",
    "proxy_end_date": null,
    "email": "myemail@mail.com",
    "next_approver": null,
    "last_login": null,
    "last_name": "sociis",
    "first_name": "sociis",
    "employee_id": null,
    "fullname": "sociis sociis",
    "status": "cb17ccdc-7a2a-44a6-bf8b-da2315854ece",
    "password_change": "2015-11-17T02:02:28.698Z"
  }
},
{
  "model": "person.person",
  "pk": "30f530c4-ce6c-4724-9cfd-37a16e787158",
  "fields": {
    "locale": null,
    "is_staff": false,
    "modified": "2015-11-17T02:02:28.836Z",
    "password_history": "[\"pbkdf2_sha256$20000$k7aJVrevVUB4$go3TeWPcEdvEj3ldoFXAhBsKBpPe/LnxLzbaDfrY8tw=\"]",
    "groups": [
      3
    ],
    "date_joined": "2015-11-17T02:02:28.726Z",
    "is_active": true,
    "proxy_user": null,
    "auth_currency": "2c969193-0896-42cd-9531-f42717397248",
    "proxy_start_date": null,
    "is_superuser": false,
    "accept_notify": true,
    "locations": [],
    "created": "2015-11-17T02:02:28.827Z",
    "middle_initial": null,
    "password": "pbkdf2_sha256$20000$JmWhVvzxsWE8$G0EOcEdKtqtMlKQ1RkybUYHg4bvxmu9z2+3ZzpDSqlg=",
    "password_one_time": null,
    "user_permissions": [],
    "deleted": null,
    "title": "sociosqu",
    "password_expire_date": "2016-02-15",
    "username": "sociosqu",
    "proxy_status": null,
    "password_length": null,
    "role": "c0fa81df-4ec8-411b-976c-16214c2d0c18",
    "accept_assign": true,
    "auth_amount": "0.0000",
    "proxy_end_date": null,
    "email": "myemail@mail.com",
    "next_approver": null,
    "last_login": null,
    "last_name": "sociosqu",
    "first_name": "sociosqu",
    "employee_id": null,
    "fullname": "sociosqu sociosqu",
    "status": "cb17ccdc-7a2a-44a6-bf8b-da2315854ece",
    "password_change": "2015-11-17T02:02:28.822Z"
  }
},
{
  "model": "person.person",
  "pk": "30f530c4-ce6c-4724-9cfd-37a16e787159",
  "fields": {
    "locale": null,
    "is_staff": false,
    "modified": "2015-11-17T02:02:28.960Z",
    "password_history": "[\"pbkdf2_sha256$20000$BHUYT4baeJ6P$J3xukr4hftmAZhfcGsVHC1yvmHniYayz/Ww67kjAjjg=\"]",
    "groups": [
      5
    ],
    "date_joined": "2015-11-17T02:02:28.845Z",
    "is_active": true,
    "proxy_user": null,
    "auth_currency": "2c969193-0896-42cd-9531-f42717397248",
    "proxy_start_date": null,
    "is_superuser": false,
    "accept_notify": true,
    "locations": [],
    "created": "2015-11-17T02:02:28.951Z",
    "middle_initial": null,
    "password": "pbkdf2_sha256$20000$7bn2FWeyH1pd$NzXtKyk3e3F4mWD4/Tf9XH9G/f5YIcfUXKIGoY28CjQ=",
    "password_one_time": null,
    "user_permissions": [],
    "deleted": null,
    "title": "sodales",
    "password_expire_date": "2016-02-15",
    "username": "sodales",
    "proxy_status": null,
    "password_length": null,
    "role": "37f2a324-a915-4fbb-ac76-8ca7417583be",
    "accept_assign": true,
    "auth_amount": "0.0000",
    "proxy_end_date": null,
    "email": "myemail@mail.com",
    "next_approver": null,
    "last_login": null,
    "last_name": "sodales",
    "first_name": "sodales",
    "employee_id": null,
    "fullname": "sodales sodales",
    "status": "cb17ccdc-7a2a-44a6-bf8b-da2315854ece",
    "password_change": "2015-11-17T02:02:28.946Z"
  }
},
{
  "model": "person.person",
  "pk": "30f530c4-ce6c-4724-9cfd-37a16e787160",
  "fields": {
    "locale": null,
    "is_staff": false,
    "modified": "2015-11-17T02:02:29.082Z",
    "password_history": "[\"pbkdf2_sha256$20000$PH0IatgajuUE$eEpmMiyFNFk1HVQX38Tygf5/q1YMjJkOUnb4FMQFcg4=\"]",
    "groups": [
      1
    ],
    "date_joined": "2015-11-17T02:02:28.968Z",
    "is_active": true,
    "proxy_user": null,
    "auth_currency": "2c969193-0896-42cd-9531-f42717397248",
    "proxy_start_date": null,
    "is_superuser": false,
    "accept_notify": true,
    "locations": [
      "325290eb-106c-4676-a6cf-6a6692b622bf",
      "c9a01be4-30b5-4a11-a8f2-f22a79344ec4"
    ],
    "created": "2015-11-17T02:02:29.068Z",
    "middle_initial": null,
    "password": "pbkdf2_sha256$20000$YfuoplcU2s8G$mjmH3wiGEvhdX1uuVs8XVuQqtn6p/j0IAictFbnwlXk=",
    "password_one_time": null,
    "user_permissions": [],
    "deleted": null,
    "title": "sollicitudin",
    "password_expire_date": "2016-02-15",
    "username": "sollicitudin",
    "proxy_status": null,
    "password_length": null,
    "role": "903cf6be-1af9-453f-a77c-448cca854dde",
    "accept_assign": true,
    "auth_amount": "0.0000",
    "proxy_end_date": null,
    "email": "myemail@mail.com",
    "next_approver": null,
    "last_login": null,
    "last_name": "sollicitudin",
    "first_name": "sollicitudin",
    "employee_id": null,
    "fullname": "sollicitudin sollicitudin",
    "status": "cb17ccdc-7a2a-44a6-bf8b-da2315854ece",
    "password_change": "2015-11-17T02:02:29.064Z"
  }
},
{
  "model": "person.person",
  "pk": "30f530c4-ce6c-4724-9cfd-37a16e787161",
  "fields": {
    "locale": null,
    "is_staff": false,
    "modified": "2015-11-17T02:02:29.234Z",
    "password_history": "[\"pbkdf2_sha256$20000$F5qxqxh3XoOH$gIkCwDM9eJ2xgUNC8HajX6T2tFQGInhbYn/spFSMRtc=\"]",
    "groups": [
      2
    ],
    "date_joined": "2015-11-17T02:02:29.090Z",
    "is_active": true,
    "proxy_user": null,
    "auth_currency": "2c969193-0896-42cd-9531-f42717397248",
    "proxy_start_date": null,
    "is_superuser": false,
    "accept_notify": true,
    "locations": [
      "b3e6def7-a2e2-423e-a2ac-01428de880ce",
      "e50c05af-ecaf-4f47-8c96-fb2ae73c772d",
      "bbd7faa8-e943-4bee-bac2-2f524dce47c4",
      "543660bd-cb86-47b8-9f21-77b9a71e7e37"
    ],
    "created": "2015-11-17T02:02:29.212Z",
    "middle_initial": null,
    "password": "pbkdf2_sha256$20000$SMEo1Q80194S$LYeJ/JPxgbZkkJzKvNeBuVr5g+TWbOhFIr4JdNToGqQ=",
    "password_one_time": null,
    "user_permissions": [],
    "deleted": null,
    "title": "suscipit",
    "password_expire_date": "2016-02-15",
    "username": "suscipit",
    "proxy_status": null,
    "password_length": null,
    "role": "3d5185b0-71ce-4e78-a12e-4ab909d739c6",
    "accept_assign": true,
    "auth_amount": "0.0000",
    "proxy_end_date": null,
    "email": "myemail@mail.com",
    "next_approver": null,
    "last_login": null,
    "last_name": "suscipit",
    "first_name": "suscipit",
    "employee_id": null,
    "fullname": "suscipit suscipit",
    "status": "cb17ccdc-7a2a-44a6-bf8b-da2315854ece",
    "password_change": "2015-11-17T02:02:29.206Z"
  }
},
{
  "model": "person.person",
  "pk": "30f530c4-ce6c-4724-9cfd-37a16e787162",
  "fields": {
    "locale": null,
    "is_staff": false,
    "modified": "2015-11-17T02:02:29.380Z",
    "password_history": "[\"pbkdf2_sha256$20000$RmBqzqYT4JLj$5IukgsMHRyuSMUCl60T3Q1itELyTDABdt/xTlslrMj8=\"]",
    "groups": [
      3
    ],
    "date_joined": "2015-11-17T02:02:29.247Z",
    "is_active": true,
    "proxy_user": null,
    "auth_currency": "2c969193-0896-42cd-9531-f42717397248",
    "proxy_start_date": null,
    "is_superuser": false,
    "accept_notify": true,
    "locations": [],
    "created": "2015-11-17T02:02:29.369Z",
    "middle_initial": null,
    "password": "pbkdf2_sha256$20000$cMUgSbgZT9pj$20JM/eYhHJb9qZHGue9wS0KOrJM3YX574eCZrwbQEoY=",
    "password_one_time": null,
    "user_permissions": [],
    "deleted": null,
    "title": "suspendisse",
    "password_expire_date": "2016-02-15",
    "username": "suspendisse",
    "proxy_status": null,
    "password_length": null,
    "role": "c0fa81df-4ec8-411b-976c-16214c2d0c18",
    "accept_assign": true,
    "auth_amount": "0.0000",
    "proxy_end_date": null,
    "email": "myemail@mail.com",
    "next_approver": null,
    "last_login": null,
    "last_name": "suspendisse",
    "first_name": "suspendisse",
    "employee_id": null,
    "fullname": "suspendisse suspendisse",
    "status": "cb17ccdc-7a2a-44a6-bf8b-da2315854ece",
    "password_change": "2015-11-17T02:02:29.362Z"
  }
},
{
  "model": "person.person",
  "pk": "30f530c4-ce6c-4724-9cfd-37a16e787163",
  "fields": {
    "locale": null,
    "is_staff": false,
    "modified": "2015-11-17T02:02:29.504Z",
    "password_history": "[\"pbkdf2_sha256$20000$gwldIF0mYhK1$Ey49e5huU1Xmhg2demZLhk01SagBO6ZD1H5qXSYnNkQ=\"]",
    "groups": [
      3
    ],
    "date_joined": "2015-11-17T02:02:29.389Z",
    "is_active": true,
    "proxy_user": null,
    "auth_currency": "2c969193-0896-42cd-9531-f42717397248",
    "proxy_start_date": null,
    "is_superuser": false,
    "accept_notify": true,
    "locations": [],
    "created": "2015-11-17T02:02:29.495Z",
    "middle_initial": null,
    "password": "pbkdf2_sha256$20000$hKrm0E0mADAQ$jRbSdJlyBVKpDXV9c1CHe7WlrdwSSu0OqZ8wazFwwPY=",
    "password_one_time": null,
    "user_permissions": [],
    "deleted": null,
    "title": "taciti",
    "password_expire_date": "2016-02-15",
    "username": "taciti",
    "proxy_status": null,
    "password_length": null,
    "role": "c0fa81df-4ec8-411b-976c-16214c2d0c18",
    "accept_assign": true,
    "auth_amount": "0.0000",
    "proxy_end_date": null,
    "email": "myemail@mail.com",
    "next_approver": null,
    "last_login": null,
    "last_name": "taciti",
    "first_name": "taciti",
    "employee_id": null,
    "fullname": "taciti taciti",
    "status": "cb17ccdc-7a2a-44a6-bf8b-da2315854ece",
    "password_change": "2015-11-17T02:02:29.491Z"
  }
},
{
  "model": "person.person",
  "pk": "30f530c4-ce6c-4724-9cfd-37a16e787164",
  "fields": {
    "locale": null,
    "is_staff": false,
    "modified": "2015-11-17T02:02:29.629Z",
    "password_history": "[\"pbkdf2_sha256$20000$zMBhMZLiT1ob$GQtA8H7nmiN6Fr2wLSY1mYyPTdKn7aVcM1QGj877mo4=\"]",
    "groups": [
      2
    ],
    "date_joined": "2015-11-17T02:02:29.512Z",
    "is_active": true,
    "proxy_user": null,
    "auth_currency": "2c969193-0896-42cd-9531-f42717397248",
    "proxy_start_date": null,
    "is_superuser": false,
    "accept_notify": true,
    "locations": [
      "b3e6def7-a2e2-423e-a2ac-01428de880ce",
      "e50c05af-ecaf-4f47-8c96-fb2ae73c772d",
      "bbd7faa8-e943-4bee-bac2-2f524dce47c4",
      "543660bd-cb86-47b8-9f21-77b9a71e7e37"
    ],
    "created": "2015-11-17T02:02:29.614Z",
    "middle_initial": null,
    "password": "pbkdf2_sha256$20000$8KPEJ8hYZV5c$q6MB/XiuW/bW2qBhEuNoCxKKSJmnyd2pzkLw1Ti/CKQ=",
    "password_one_time": null,
    "user_permissions": [],
    "deleted": null,
    "title": "tellus",
    "password_expire_date": "2016-02-15",
    "username": "tellus",
    "proxy_status": null,
    "password_length": null,
    "role": "3d5185b0-71ce-4e78-a12e-4ab909d739c6",
    "accept_assign": true,
    "auth_amount": "0.0000",
    "proxy_end_date": null,
    "email": "myemail@mail.com",
    "next_approver": null,
    "last_login": null,
    "last_name": "tellus",
    "first_name": "tellus",
    "employee_id": null,
    "fullname": "tellus tellus",
    "status": "cb17ccdc-7a2a-44a6-bf8b-da2315854ece",
    "password_change": "2015-11-17T02:02:29.610Z"
  }
},
{
  "model": "person.person",
  "pk": "30f530c4-ce6c-4724-9cfd-37a16e787165",
  "fields": {
    "locale": null,
    "is_staff": false,
    "modified": "2015-11-17T02:02:29.756Z",
    "password_history": "[\"pbkdf2_sha256$20000$DSiU8o4liYIa$fS4U3bkn/GO3tBX3fZ3rkalA3Jf1phKSY5hdH8aXvdE=\"]",
    "groups": [
      1
    ],
    "date_joined": "2015-11-17T02:02:29.637Z",
    "is_active": true,
    "proxy_user": null,
    "auth_currency": "2c969193-0896-42cd-9531-f42717397248",
    "proxy_start_date": null,
    "is_superuser": false,
    "accept_notify": true,
    "locations": [
      "325290eb-106c-4676-a6cf-6a6692b622bf",
      "c9a01be4-30b5-4a11-a8f2-f22a79344ec4"
    ],
    "created": "2015-11-17T02:02:29.743Z",
    "middle_initial": null,
    "password": "pbkdf2_sha256$20000$ZmUVwmJd2ZCe$q17w6+PikHE9zArhSenSWziJEnG936xIFEPDMqHfE8M=",
    "password_one_time": null,
    "user_permissions": [],
    "deleted": null,
    "title": "tempor",
    "password_expire_date": "2016-02-15",
    "username": "tempor",
    "proxy_status": null,
    "password_length": null,
    "role": "903cf6be-1af9-453f-a77c-448cca854dde",
    "accept_assign": true,
    "auth_amount": "0.0000",
    "proxy_end_date": null,
    "email": "myemail@mail.com",
    "next_approver": null,
    "last_login": null,
    "last_name": "tempor",
    "first_name": "tempor",
    "employee_id": null,
    "fullname": "tempor tempor",
    "status": "cb17ccdc-7a2a-44a6-bf8b-da2315854ece",
    "password_change": "2015-11-17T02:02:29.739Z"
  }
},
{
  "model": "person.person",
  "pk": "30f530c4-ce6c-4724-9cfd-37a16e787166",
  "fields": {
    "locale": null,
    "is_staff": false,
    "modified": "2015-11-17T02:02:29.885Z",
    "password_history": "[\"pbkdf2_sha256$20000$GnqzgEZtmsus$61WDosGP2V1gHMzh4riiE7n7Gl3ke8WvmV2yIcLEdxw=\"]",
    "groups": [
      2
    ],
    "date_joined": "2015-11-17T02:02:29.764Z",
    "is_active": true,
    "proxy_user": null,
    "auth_currency": "2c969193-0896-42cd-9531-f42717397248",
    "proxy_start_date": null,
    "is_superuser": false,
    "accept_notify": true,
    "locations": [
      "b3e6def7-a2e2-423e-a2ac-01428de880ce",
      "e50c05af-ecaf-4f47-8c96-fb2ae73c772d",
      "bbd7faa8-e943-4bee-bac2-2f524dce47c4",
      "543660bd-cb86-47b8-9f21-77b9a71e7e37"
    ],
    "created": "2015-11-17T02:02:29.870Z",
    "middle_initial": null,
    "password": "pbkdf2_sha256$20000$Rg8eMJ0RBHDG$lgY6lbIsSXc195Ry/fo/c2jw0fqYcSx9UD6NuIO/sY4=",
    "password_one_time": null,
    "user_permissions": [],
    "deleted": null,
    "title": "tempus",
    "password_expire_date": "2016-02-15",
    "username": "tempus",
    "proxy_status": null,
    "password_length": null,
    "role": "3d5185b0-71ce-4e78-a12e-4ab909d739c6",
    "accept_assign": true,
    "auth_amount": "0.0000",
    "proxy_end_date": null,
    "email": "myemail@mail.com",
    "next_approver": null,
    "last_login": null,
    "last_name": "tempus",
    "first_name": "tempus",
    "employee_id": null,
    "fullname": "tempus tempus",
    "status": "cb17ccdc-7a2a-44a6-bf8b-da2315854ece",
    "password_change": "2015-11-17T02:02:29.866Z"
  }
},
{
  "model": "person.person",
  "pk": "30f530c4-ce6c-4724-9cfd-37a16e787167",
  "fields": {
    "locale": null,
    "is_staff": false,
    "modified": "2015-11-17T02:02:30.013Z",
    "password_history": "[\"pbkdf2_sha256$20000$9XixZ7jXiX90$5zmpUDEHHxYW24kVkqMrG8S1Xgf1Iv4lcbnfVnp9bOY=\"]",
    "groups": [
      4
    ],
    "date_joined": "2015-11-17T02:02:29.893Z",
    "is_active": true,
    "proxy_user": null,
    "auth_currency": "2c969193-0896-42cd-9531-f42717397248",
    "proxy_start_date": null,
    "is_superuser": false,
    "accept_notify": true,
    "locations": [
      "7ea4a317-58c4-46b4-8c4e-b436aa5ece37",
      "c0ae2dc8-59c1-4103-8625-f2a3c1d318ae",
      "1673e4aa-7892-484d-9921-7ecfb4f6f2f7",
      "a3a0e48a-d9dd-445d-8fbf-c60c1d5b2c76"
    ],
    "created": "2015-11-17T02:02:29.998Z",
    "middle_initial": null,
    "password": "pbkdf2_sha256$20000$IZWYaoXbwBE0$H1sxG+4I9DO7yJEyAVGTv5J1aL2wb5zpsvnKnME78g8=",
    "password_one_time": null,
    "user_permissions": [],
    "deleted": null,
    "title": "tincidunt",
    "password_expire_date": "2016-02-15",
    "username": "tincidunt",
    "proxy_status": null,
    "password_length": null,
    "role": "c3de8bbb-313c-4804-bc6d-348e571e89cf",
    "accept_assign": true,
    "auth_amount": "0.0000",
    "proxy_end_date": null,
    "email": "myemail@mail.com",
    "next_approver": null,
    "last_login": null,
    "last_name": "tincidunt",
    "first_name": "tincidunt",
    "employee_id": null,
    "fullname": "tincidunt tincidunt",
    "status": "cb17ccdc-7a2a-44a6-bf8b-da2315854ece",
    "password_change": "2015-11-17T02:02:29.994Z"
  }
},
{
  "model": "person.person",
  "pk": "30f530c4-ce6c-4724-9cfd-37a16e787168",
  "fields": {
    "locale": null,
    "is_staff": false,
    "modified": "2015-11-17T02:02:30.142Z",
    "password_history": "[\"pbkdf2_sha256$20000$Iy4XnuuCdpd9$vKIQnkj+8tR44gxQwWGIch8Ak5kmV3A/q7McNFvssWk=\"]",
    "groups": [
      5
    ],
    "date_joined": "2015-11-17T02:02:30.021Z",
    "is_active": true,
    "proxy_user": null,
    "auth_currency": "2c969193-0896-42cd-9531-f42717397248",
    "proxy_start_date": null,
    "is_superuser": false,
    "accept_notify": true,
    "locations": [],
    "created": "2015-11-17T02:02:30.133Z",
    "middle_initial": null,
    "password": "pbkdf2_sha256$20000$Edt7rNgA74kr$Obz/75gfEFdJgo3vPm+rLRJfY0g/Cjo0VINXmnaTmFo=",
    "password_one_time": null,
    "user_permissions": [],
    "deleted": null,
    "title": "torquent",
    "password_expire_date": "2016-02-15",
    "username": "torquent",
    "proxy_status": null,
    "password_length": null,
    "role": "37f2a324-a915-4fbb-ac76-8ca7417583be",
    "accept_assign": true,
    "auth_amount": "0.0000",
    "proxy_end_date": null,
    "email": "myemail@mail.com",
    "next_approver": null,
    "last_login": null,
    "last_name": "torquent",
    "first_name": "torquent",
    "employee_id": null,
    "fullname": "torquent torquent",
    "status": "cb17ccdc-7a2a-44a6-bf8b-da2315854ece",
    "password_change": "2015-11-17T02:02:30.128Z"
  }
},
{
  "model": "person.person",
  "pk": "30f530c4-ce6c-4724-9cfd-37a16e787169",
  "fields": {
    "locale": null,
    "is_staff": false,
    "modified": "2015-11-17T02:02:30.263Z",
    "password_history": "[\"pbkdf2_sha256$20000$ijxSMer1Gvf9$5irUoiRJxQ23nDA/XCUpPzQN4Drv/0YBQZluEXTzwe8=\"]",
    "groups": [
      1
    ],
    "date_joined": "2015-11-17T02:02:30.150Z",
    "is_active": true,
    "proxy_user": null,
    "auth_currency": "2c969193-0896-42cd-9531-f42717397248",
    "proxy_start_date": null,
    "is_superuser": false,
    "accept_notify": true,
    "locations": [
      "325290eb-106c-4676-a6cf-6a6692b622bf",
      "c9a01be4-30b5-4a11-a8f2-f22a79344ec4"
    ],
    "created": "2015-11-17T02:02:30.250Z",
    "middle_initial": null,
    "password": "pbkdf2_sha256$20000$hoe8LQsC6q23$EVe7ZNMoNbL8jnRt+zPBfic5yenWi3vl28LWTRQBXYg=",
    "password_one_time": null,
    "user_permissions": [],
    "deleted": null,
    "title": "tortor",
    "password_expire_date": "2016-02-15",
    "username": "tortor",
    "proxy_status": null,
    "password_length": null,
    "role": "903cf6be-1af9-453f-a77c-448cca854dde",
    "accept_assign": true,
    "auth_amount": "0.0000",
    "proxy_end_date": null,
    "email": "myemail@mail.com",
    "next_approver": null,
    "last_login": null,
    "last_name": "tortor",
    "first_name": "tortor",
    "employee_id": null,
    "fullname": "tortor tortor",
    "status": "cb17ccdc-7a2a-44a6-bf8b-da2315854ece",
    "password_change": "2015-11-17T02:02:30.246Z"
  }
},
{
  "model": "person.person",
  "pk": "30f530c4-ce6c-4724-9cfd-37a16e787170",
  "fields": {
    "locale": null,
    "is_staff": false,
    "modified": "2015-11-17T02:02:30.388Z",
    "password_history": "[\"pbkdf2_sha256$20000$sVHiV0FMXsvq$G02Y/2uLLlJMhljC3Kc1437sfZ5pm+WvAiT51TDI0TM=\"]",
    "groups": [
      5
    ],
    "date_joined": "2015-11-17T02:02:30.271Z",
    "is_active": true,
    "proxy_user": null,
    "auth_currency": "2c969193-0896-42cd-9531-f42717397248",
    "proxy_start_date": null,
    "is_superuser": false,
    "accept_notify": true,
    "locations": [],
    "created": "2015-11-17T02:02:30.379Z",
    "middle_initial": null,
    "password": "pbkdf2_sha256$20000$cSq92cew3RlM$eADYDIbyTc4cNolc3uz+1Mf6McSlfZIt3eCl8WAAatk=",
    "password_one_time": null,
    "user_permissions": [],
    "deleted": null,
    "title": "tristique",
    "password_expire_date": "2016-02-15",
    "username": "tristique",
    "proxy_status": null,
    "password_length": null,
    "role": "37f2a324-a915-4fbb-ac76-8ca7417583be",
    "accept_assign": true,
    "auth_amount": "0.0000",
    "proxy_end_date": null,
    "email": "myemail@mail.com",
    "next_approver": null,
    "last_login": null,
    "last_name": "tristique",
    "first_name": "tristique",
    "employee_id": null,
    "fullname": "tristique tristique",
    "status": "cb17ccdc-7a2a-44a6-bf8b-da2315854ece",
    "password_change": "2015-11-17T02:02:30.375Z"
  }
},
{
  "model": "person.person",
  "pk": "30f530c4-ce6c-4724-9cfd-37a16e787171",
  "fields": {
    "locale": null,
    "is_staff": false,
    "modified": "2015-11-17T02:02:30.512Z",
    "password_history": "[\"pbkdf2_sha256$20000$Pf1n1yf3eNTo$rwkK6RZySFYIvahR1WtEmyEsyMQCluc9JDncOrhVI2M=\"]",
    "groups": [
      4
    ],
    "date_joined": "2015-11-17T02:02:30.396Z",
    "is_active": true,
    "proxy_user": null,
    "auth_currency": "2c969193-0896-42cd-9531-f42717397248",
    "proxy_start_date": null,
    "is_superuser": false,
    "accept_notify": true,
    "locations": [
      "7ea4a317-58c4-46b4-8c4e-b436aa5ece37",
      "c0ae2dc8-59c1-4103-8625-f2a3c1d318ae",
      "1673e4aa-7892-484d-9921-7ecfb4f6f2f7",
      "a3a0e48a-d9dd-445d-8fbf-c60c1d5b2c76"
    ],
    "created": "2015-11-17T02:02:30.498Z",
    "middle_initial": null,
    "password": "pbkdf2_sha256$20000$AwhuOpxwGro9$/29VsUwaQhE4BzzrQblGkMD60+bJcMQrbYp5kb5rKPY=",
    "password_one_time": null,
    "user_permissions": [],
    "deleted": null,
    "title": "turpis",
    "password_expire_date": "2016-02-15",
    "username": "turpis",
    "proxy_status": null,
    "password_length": null,
    "role": "c3de8bbb-313c-4804-bc6d-348e571e89cf",
    "accept_assign": true,
    "auth_amount": "0.0000",
    "proxy_end_date": null,
    "email": "myemail@mail.com",
    "next_approver": null,
    "last_login": null,
    "last_name": "turpis",
    "first_name": "turpis",
    "employee_id": null,
    "fullname": "turpis turpis",
    "status": "cb17ccdc-7a2a-44a6-bf8b-da2315854ece",
    "password_change": "2015-11-17T02:02:30.493Z"
  }
},
{
  "model": "person.person",
  "pk": "30f530c4-ce6c-4724-9cfd-37a16e787172",
  "fields": {
    "locale": null,
    "is_staff": false,
    "modified": "2015-11-17T02:02:30.636Z",
    "password_history": "[\"pbkdf2_sha256$20000$yGjhIjoup0Hh$ivFlHtf/0QUK7gk2u/z+Tazjr9yByLiPgRbZXq57vvM=\"]",
    "groups": [
      2
    ],
    "date_joined": "2015-11-17T02:02:30.521Z",
    "is_active": true,
    "proxy_user": null,
    "auth_currency": "2c969193-0896-42cd-9531-f42717397248",
    "proxy_start_date": null,
    "is_superuser": false,
    "accept_notify": true,
    "locations": [
      "b3e6def7-a2e2-423e-a2ac-01428de880ce",
      "e50c05af-ecaf-4f47-8c96-fb2ae73c772d",
      "bbd7faa8-e943-4bee-bac2-2f524dce47c4",
      "543660bd-cb86-47b8-9f21-77b9a71e7e37"
    ],
    "created": "2015-11-17T02:02:30.622Z",
    "middle_initial": null,
    "password": "pbkdf2_sha256$20000$XAG7EEQfRXRk$kfe/OOlQsjVRobFq2MASC1sNlTwYi0vObk0PvTQCEP4=",
    "password_one_time": null,
    "user_permissions": [],
    "deleted": null,
    "title": "ullamcorper",
    "password_expire_date": "2016-02-15",
    "username": "ullamcorper",
    "proxy_status": null,
    "password_length": null,
    "role": "3d5185b0-71ce-4e78-a12e-4ab909d739c6",
    "accept_assign": true,
    "auth_amount": "0.0000",
    "proxy_end_date": null,
    "email": "myemail@mail.com",
    "next_approver": null,
    "last_login": null,
    "last_name": "ullamcorper",
    "first_name": "ullamcorper",
    "employee_id": null,
    "fullname": "ullamcorper ullamcorper",
    "status": "cb17ccdc-7a2a-44a6-bf8b-da2315854ece",
    "password_change": "2015-11-17T02:02:30.617Z"
  }
},
{
  "model": "person.person",
  "pk": "30f530c4-ce6c-4724-9cfd-37a16e787173",
  "fields": {
    "locale": null,
    "is_staff": false,
    "modified": "2015-11-17T02:02:30.760Z",
    "password_history": "[\"pbkdf2_sha256$20000$GJ6prwIq3BHw$FmbomnWUNwuD9+uulLnhk7KdzJ0p3b0+ZIZcJTCLmp8=\"]",
    "groups": [
      2
    ],
    "date_joined": "2015-11-17T02:02:30.645Z",
    "is_active": true,
    "proxy_user": null,
    "auth_currency": "2c969193-0896-42cd-9531-f42717397248",
    "proxy_start_date": null,
    "is_superuser": false,
    "accept_notify": true,
    "locations": [
      "b3e6def7-a2e2-423e-a2ac-01428de880ce",
      "e50c05af-ecaf-4f47-8c96-fb2ae73c772d",
      "bbd7faa8-e943-4bee-bac2-2f524dce47c4",
      "543660bd-cb86-47b8-9f21-77b9a71e7e37"
    ],
    "created": "2015-11-17T02:02:30.745Z",
    "middle_initial": null,
    "password": "pbkdf2_sha256$20000$pHv0r9GtqVHV$x609nh2fc3fCZr9RwL1EWsPsfKbEY6pv7WTm0kao3BA=",
    "password_one_time": null,
    "user_permissions": [],
    "deleted": null,
    "title": "ultrices",
    "password_expire_date": "2016-02-15",
    "username": "ultrices",
    "proxy_status": null,
    "password_length": null,
    "role": "3d5185b0-71ce-4e78-a12e-4ab909d739c6",
    "accept_assign": true,
    "auth_amount": "0.0000",
    "proxy_end_date": null,
    "email": "myemail@mail.com",
    "next_approver": null,
    "last_login": null,
    "last_name": "ultrices",
    "first_name": "ultrices",
    "employee_id": null,
    "fullname": "ultrices ultrices",
    "status": "cb17ccdc-7a2a-44a6-bf8b-da2315854ece",
    "password_change": "2015-11-17T02:02:30.741Z"
  }
},
{
  "model": "person.person",
  "pk": "30f530c4-ce6c-4724-9cfd-37a16e787174",
  "fields": {
    "locale": null,
    "is_staff": false,
    "modified": "2015-11-17T02:02:30.887Z",
    "password_history": "[\"pbkdf2_sha256$20000$cqa8GkPaSGC4$ryCl4uFJGut0sHoIbJQLyN2mwlYO0V9TR5CXKtlnGjI=\"]",
    "groups": [
      5
    ],
    "date_joined": "2015-11-17T02:02:30.768Z",
    "is_active": true,
    "proxy_user": null,
    "auth_currency": "2c969193-0896-42cd-9531-f42717397248",
    "proxy_start_date": null,
    "is_superuser": false,
    "accept_notify": true,
    "locations": [],
    "created": "2015-11-17T02:02:30.875Z",
    "middle_initial": null,
    "password": "pbkdf2_sha256$20000$BX4TshgFOBaB$2110skXgQdFyhwxZouUs98V+AiWwYwlskFI1A2+Dalg=",
    "password_one_time": null,
    "user_permissions": [],
    "deleted": null,
    "title": "ultricies",
    "password_expire_date": "2016-02-15",
    "username": "ultricies",
    "proxy_status": null,
    "password_length": null,
    "role": "37f2a324-a915-4fbb-ac76-8ca7417583be",
    "accept_assign": true,
    "auth_amount": "0.0000",
    "proxy_end_date": null,
    "email": "myemail@mail.com",
    "next_approver": null,
    "last_login": null,
    "last_name": "ultricies",
    "first_name": "ultricies",
    "employee_id": null,
    "fullname": "ultricies ultricies",
    "status": "cb17ccdc-7a2a-44a6-bf8b-da2315854ece",
    "password_change": "2015-11-17T02:02:30.869Z"
  }
},
{
  "model": "person.person",
  "pk": "30f530c4-ce6c-4724-9cfd-37a16e787175",
  "fields": {
    "locale": null,
    "is_staff": false,
    "modified": "2015-11-17T02:02:31.010Z",
    "password_history": "[\"pbkdf2_sha256$20000$bnAPYgPwXQJW$mn7v1uScZScJW7eBeVS3DSDL1N+eyP08Un0/xATc8HY=\"]",
    "groups": [
      4
    ],
    "date_joined": "2015-11-17T02:02:30.895Z",
    "is_active": true,
    "proxy_user": null,
    "auth_currency": "2c969193-0896-42cd-9531-f42717397248",
    "proxy_start_date": null,
    "is_superuser": false,
    "accept_notify": true,
    "locations": [
      "7ea4a317-58c4-46b4-8c4e-b436aa5ece37",
      "c0ae2dc8-59c1-4103-8625-f2a3c1d318ae",
      "1673e4aa-7892-484d-9921-7ecfb4f6f2f7",
      "a3a0e48a-d9dd-445d-8fbf-c60c1d5b2c76"
    ],
    "created": "2015-11-17T02:02:30.996Z",
    "middle_initial": null,
    "password": "pbkdf2_sha256$20000$SSm5rMAPAq4y$OOFEY0tZglnJDvriK2C0XORQ46dF9xkl+mWuxUSigJM=",
    "password_one_time": null,
    "user_permissions": [],
    "deleted": null,
    "title": "urna",
    "password_expire_date": "2016-02-15",
    "username": "urna",
    "proxy_status": null,
    "password_length": null,
    "role": "c3de8bbb-313c-4804-bc6d-348e571e89cf",
    "accept_assign": true,
    "auth_amount": "0.0000",
    "proxy_end_date": null,
    "email": "myemail@mail.com",
    "next_approver": null,
    "last_login": null,
    "last_name": "urna",
    "first_name": "urna",
    "employee_id": null,
    "fullname": "urna urna",
    "status": "cb17ccdc-7a2a-44a6-bf8b-da2315854ece",
    "password_change": "2015-11-17T02:02:30.991Z"
  }
},
{
  "model": "person.person",
  "pk": "30f530c4-ce6c-4724-9cfd-37a16e787176",
  "fields": {
    "locale": null,
    "is_staff": false,
    "modified": "2015-11-17T02:02:31.139Z",
    "password_history": "[\"pbkdf2_sha256$20000$ctVISPVEbw2t$GZ/6B1f7G4iwmoCEJ5J6R/mK/hjrsZys5taQWgANCbs=\"]",
    "groups": [
      4
    ],
    "date_joined": "2015-11-17T02:02:31.019Z",
    "is_active": true,
    "proxy_user": null,
    "auth_currency": "2c969193-0896-42cd-9531-f42717397248",
    "proxy_start_date": null,
    "is_superuser": false,
    "accept_notify": true,
    "locations": [
      "7ea4a317-58c4-46b4-8c4e-b436aa5ece37",
      "c0ae2dc8-59c1-4103-8625-f2a3c1d318ae",
      "1673e4aa-7892-484d-9921-7ecfb4f6f2f7",
      "a3a0e48a-d9dd-445d-8fbf-c60c1d5b2c76"
    ],
    "created": "2015-11-17T02:02:31.121Z",
    "middle_initial": null,
    "password": "pbkdf2_sha256$20000$JsZ5BfcFqD26$GxCpDlc8QfraVDhOgMULmhWgxB6+MdVycRgm2rtac1I=",
    "password_one_time": null,
    "user_permissions": [],
    "deleted": null,
    "title": "ut",
    "password_expire_date": "2016-02-15",
    "username": "ut",
    "proxy_status": null,
    "password_length": null,
    "role": "c3de8bbb-313c-4804-bc6d-348e571e89cf",
    "accept_assign": true,
    "auth_amount": "0.0000",
    "proxy_end_date": null,
    "email": "myemail@mail.com",
    "next_approver": null,
    "last_login": null,
    "last_name": "ut",
    "first_name": "ut",
    "employee_id": null,
    "fullname": "ut ut",
    "status": "cb17ccdc-7a2a-44a6-bf8b-da2315854ece",
    "password_change": "2015-11-17T02:02:31.116Z"
  }
},
{
  "model": "person.person",
  "pk": "30f530c4-ce6c-4724-9cfd-37a16e787177",
  "fields": {
    "locale": null,
    "is_staff": false,
    "modified": "2015-11-17T02:02:31.264Z",
    "password_history": "[\"pbkdf2_sha256$20000$rfYQtKL2qAy7$nIKREjgm2X0UXAPOXlFdz/s8eV8/KWcsGQ3UiQQxwIQ=\"]",
    "groups": [
      4
    ],
    "date_joined": "2015-11-17T02:02:31.148Z",
    "is_active": true,
    "proxy_user": null,
    "auth_currency": "2c969193-0896-42cd-9531-f42717397248",
    "proxy_start_date": null,
    "is_superuser": false,
    "accept_notify": true,
    "locations": [
      "7ea4a317-58c4-46b4-8c4e-b436aa5ece37",
      "c0ae2dc8-59c1-4103-8625-f2a3c1d318ae",
      "1673e4aa-7892-484d-9921-7ecfb4f6f2f7",
      "a3a0e48a-d9dd-445d-8fbf-c60c1d5b2c76"
    ],
    "created": "2015-11-17T02:02:31.249Z",
    "middle_initial": null,
    "password": "pbkdf2_sha256$20000$vQQ8dFpZb2lJ$jeiYOK7QnPqqc8wN2G6nC98njGh0sq/OeVfZumnVkg0=",
    "password_one_time": null,
    "user_permissions": [],
    "deleted": null,
    "title": "varius",
    "password_expire_date": "2016-02-15",
    "username": "varius",
    "proxy_status": null,
    "password_length": null,
    "role": "c3de8bbb-313c-4804-bc6d-348e571e89cf",
    "accept_assign": true,
    "auth_amount": "0.0000",
    "proxy_end_date": null,
    "email": "myemail@mail.com",
    "next_approver": null,
    "last_login": null,
    "last_name": "varius",
    "first_name": "varius",
    "employee_id": null,
    "fullname": "varius varius",
    "status": "cb17ccdc-7a2a-44a6-bf8b-da2315854ece",
    "password_change": "2015-11-17T02:02:31.244Z"
  }
},
{
  "model": "person.person",
  "pk": "30f530c4-ce6c-4724-9cfd-37a16e787178",
  "fields": {
    "locale": null,
    "is_staff": false,
    "modified": "2015-11-17T02:02:31.389Z",
    "password_history": "[\"pbkdf2_sha256$20000$0xPLKYy77hyR$WkMzTAVTXNpivZbYgeGF5degwUWkDGXztWl0m6jGVDM=\"]",
    "groups": [
      2
    ],
    "date_joined": "2015-11-17T02:02:31.272Z",
    "is_active": true,
    "proxy_user": null,
    "auth_currency": "2c969193-0896-42cd-9531-f42717397248",
    "proxy_start_date": null,
    "is_superuser": false,
    "accept_notify": true,
    "locations": [
      "b3e6def7-a2e2-423e-a2ac-01428de880ce",
      "e50c05af-ecaf-4f47-8c96-fb2ae73c772d",
      "bbd7faa8-e943-4bee-bac2-2f524dce47c4",
      "543660bd-cb86-47b8-9f21-77b9a71e7e37"
    ],
    "created": "2015-11-17T02:02:31.374Z",
    "middle_initial": null,
    "password": "pbkdf2_sha256$20000$UKpw8UAZkMuE$SOGVviqDysqCGRS2hrvc2ztBRAowL5AOwwR9e01BwCk=",
    "password_one_time": null,
    "user_permissions": [],
    "deleted": null,
    "title": "vehicula",
    "password_expire_date": "2016-02-15",
    "username": "vehicula",
    "proxy_status": null,
    "password_length": null,
    "role": "3d5185b0-71ce-4e78-a12e-4ab909d739c6",
    "accept_assign": true,
    "auth_amount": "0.0000",
    "proxy_end_date": null,
    "email": "myemail@mail.com",
    "next_approver": null,
    "last_login": null,
    "last_name": "vehicula",
    "first_name": "vehicula",
    "employee_id": null,
    "fullname": "vehicula vehicula",
    "status": "cb17ccdc-7a2a-44a6-bf8b-da2315854ece",
    "password_change": "2015-11-17T02:02:31.370Z"
  }
},
{
  "model": "person.person",
  "pk": "30f530c4-ce6c-4724-9cfd-37a16e787179",
  "fields": {
    "locale": null,
    "is_staff": false,
    "modified": "2015-11-17T02:02:31.507Z",
    "password_history": "[\"pbkdf2_sha256$20000$v9yKuzoYyZNA$RnLMVpKqj/39g3p0dWOxsTvZzraGwGzmEQWmfrJuuog=\"]",
    "groups": [
      3
    ],
    "date_joined": "2015-11-17T02:02:31.397Z",
    "is_active": true,
    "proxy_user": null,
    "auth_currency": "2c969193-0896-42cd-9531-f42717397248",
    "proxy_start_date": null,
    "is_superuser": false,
    "accept_notify": true,
    "locations": [],
    "created": "2015-11-17T02:02:31.498Z",
    "middle_initial": null,
    "password": "pbkdf2_sha256$20000$WqVaBcsuJ6ye$Yz40a2dowUiFK6sX+V2l7K+d635AOq152H2JoMR3IVw=",
    "password_one_time": null,
    "user_permissions": [],
    "deleted": null,
    "title": "vel",
    "password_expire_date": "2016-02-15",
    "username": "vel",
    "proxy_status": null,
    "password_length": null,
    "role": "c0fa81df-4ec8-411b-976c-16214c2d0c18",
    "accept_assign": true,
    "auth_amount": "0.0000",
    "proxy_end_date": null,
    "email": "myemail@mail.com",
    "next_approver": null,
    "last_login": null,
    "last_name": "vel",
    "first_name": "vel",
    "employee_id": null,
    "fullname": "vel vel",
    "status": "cb17ccdc-7a2a-44a6-bf8b-da2315854ece",
    "password_change": "2015-11-17T02:02:31.494Z"
  }
},
{
  "model": "person.person",
  "pk": "30f530c4-ce6c-4724-9cfd-37a16e787180",
  "fields": {
    "locale": null,
    "is_staff": false,
    "modified": "2015-11-17T02:02:31.630Z",
    "password_history": "[\"pbkdf2_sha256$20000$ig6tVuRnEFLJ$98JPBlkFEEBGMafpeiQJ1ZlsCUXwMHg8t3citMDf3fQ=\"]",
    "groups": [
      3
    ],
    "date_joined": "2015-11-17T02:02:31.516Z",
    "is_active": true,
    "proxy_user": null,
    "auth_currency": "2c969193-0896-42cd-9531-f42717397248",
    "proxy_start_date": null,
    "is_superuser": false,
    "accept_notify": true,
    "locations": [],
    "created": "2015-11-17T02:02:31.621Z",
    "middle_initial": null,
    "password": "pbkdf2_sha256$20000$7H3tgbJ8trvM$tIoIKTiZdydrnfRSCQhqHaHojuie8bH8e6vD7QKBhm4=",
    "password_one_time": null,
    "user_permissions": [],
    "deleted": null,
    "title": "velit",
    "password_expire_date": "2016-02-15",
    "username": "velit",
    "proxy_status": null,
    "password_length": null,
    "role": "c0fa81df-4ec8-411b-976c-16214c2d0c18",
    "accept_assign": true,
    "auth_amount": "0.0000",
    "proxy_end_date": null,
    "email": "myemail@mail.com",
    "next_approver": null,
    "last_login": null,
    "last_name": "velit",
    "first_name": "velit",
    "employee_id": null,
    "fullname": "velit velit",
    "status": "cb17ccdc-7a2a-44a6-bf8b-da2315854ece",
    "password_change": "2015-11-17T02:02:31.617Z"
  }
},
{
  "model": "person.person",
  "pk": "30f530c4-ce6c-4724-9cfd-37a16e787181",
  "fields": {
    "locale": null,
    "is_staff": false,
    "modified": "2015-11-17T02:02:31.751Z",
    "password_history": "[\"pbkdf2_sha256$20000$ZnHCucYnH0gh$VkTQcXlbBCmaTTya4iygZtG49/2jpz3lXIZNF+W2sjU=\"]",
    "groups": [
      1
    ],
    "date_joined": "2015-11-17T02:02:31.638Z",
    "is_active": true,
    "proxy_user": null,
    "auth_currency": "2c969193-0896-42cd-9531-f42717397248",
    "proxy_start_date": null,
    "is_superuser": false,
    "accept_notify": true,
    "locations": [
      "325290eb-106c-4676-a6cf-6a6692b622bf",
      "c9a01be4-30b5-4a11-a8f2-f22a79344ec4"
    ],
    "created": "2015-11-17T02:02:31.738Z",
    "middle_initial": null,
    "password": "pbkdf2_sha256$20000$tA73lgr3Jmwx$bjc+S0U8Efr/qO5V4nXNGAc5djvELe8Jr+I5ywYhcRo=",
    "password_one_time": null,
    "user_permissions": [],
    "deleted": null,
    "title": "venenatis",
    "password_expire_date": "2016-02-15",
    "username": "venenatis",
    "proxy_status": null,
    "password_length": null,
    "role": "903cf6be-1af9-453f-a77c-448cca854dde",
    "accept_assign": true,
    "auth_amount": "0.0000",
    "proxy_end_date": null,
    "email": "myemail@mail.com",
    "next_approver": null,
    "last_login": null,
    "last_name": "venenatis",
    "first_name": "venenatis",
    "employee_id": null,
    "fullname": "venenatis venenatis",
    "status": "cb17ccdc-7a2a-44a6-bf8b-da2315854ece",
    "password_change": "2015-11-17T02:02:31.734Z"
  }
},
{
  "model": "person.person",
  "pk": "30f530c4-ce6c-4724-9cfd-37a16e787182",
  "fields": {
    "locale": null,
    "is_staff": false,
    "modified": "2015-11-17T02:02:31.873Z",
    "password_history": "[\"pbkdf2_sha256$20000$4AopyHf2SC36$qSk2w8avTxnc6TsHR3lV8Ou5V13upZhfirKJn+6pnWU=\"]",
    "groups": [
      3
    ],
    "date_joined": "2015-11-17T02:02:31.759Z",
    "is_active": true,
    "proxy_user": null,
    "auth_currency": "2c969193-0896-42cd-9531-f42717397248",
    "proxy_start_date": null,
    "is_superuser": false,
    "accept_notify": true,
    "locations": [],
    "created": "2015-11-17T02:02:31.864Z",
    "middle_initial": null,
    "password": "pbkdf2_sha256$20000$wtT9qGtQYWRd$F+hEs4ah//wBpcQnp1W7O+V2IATl1/sOmkdgNkZqAfM=",
    "password_one_time": null,
    "user_permissions": [],
    "deleted": null,
    "title": "vestibulum",
    "password_expire_date": "2016-02-15",
    "username": "vestibulum",
    "proxy_status": null,
    "password_length": null,
    "role": "c0fa81df-4ec8-411b-976c-16214c2d0c18",
    "accept_assign": true,
    "auth_amount": "0.0000",
    "proxy_end_date": null,
    "email": "myemail@mail.com",
    "next_approver": null,
    "last_login": null,
    "last_name": "vestibulum",
    "first_name": "vestibulum",
    "employee_id": null,
    "fullname": "vestibulum vestibulum",
    "status": "cb17ccdc-7a2a-44a6-bf8b-da2315854ece",
    "password_change": "2015-11-17T02:02:31.860Z"
  }
},
{
  "model": "person.person",
  "pk": "30f530c4-ce6c-4724-9cfd-37a16e787183",
  "fields": {
    "locale": null,
    "is_staff": false,
    "modified": "2015-11-17T02:02:31.991Z",
    "password_history": "[\"pbkdf2_sha256$20000$E9SIEr1dhDGh$jSav0/BoxRiXqis5ffg+3VTdgmOY1GCxkf4mxw/Zd6Q=\"]",
    "groups": [
      5
    ],
    "date_joined": "2015-11-17T02:02:31.881Z",
    "is_active": true,
    "proxy_user": null,
    "auth_currency": "2c969193-0896-42cd-9531-f42717397248",
    "proxy_start_date": null,
    "is_superuser": false,
    "accept_notify": true,
    "locations": [],
    "created": "2015-11-17T02:02:31.981Z",
    "middle_initial": null,
    "password": "pbkdf2_sha256$20000$OZzlc3nDxRMa$MjP3vBHJ8CTZFpYePZMG/13r5rde9vkg+bBPCFEScBM=",
    "password_one_time": null,
    "user_permissions": [],
    "deleted": null,
    "title": "vitae",
    "password_expire_date": "2016-02-15",
    "username": "vitae",
    "proxy_status": null,
    "password_length": null,
    "role": "37f2a324-a915-4fbb-ac76-8ca7417583be",
    "accept_assign": true,
    "auth_amount": "0.0000",
    "proxy_end_date": null,
    "email": "myemail@mail.com",
    "next_approver": null,
    "last_login": null,
    "last_name": "vitae",
    "first_name": "vitae",
    "employee_id": null,
    "fullname": "vitae vitae",
    "status": "cb17ccdc-7a2a-44a6-bf8b-da2315854ece",
    "password_change": "2015-11-17T02:02:31.977Z"
  }
},
{
  "model": "person.person",
  "pk": "30f530c4-ce6c-4724-9cfd-37a16e787184",
  "fields": {
    "locale": null,
    "is_staff": false,
    "modified": "2015-11-17T02:02:32.112Z",
    "password_history": "[\"pbkdf2_sha256$20000$kK7moUgXmaZx$m672XccCeUYiwbQx1NIs8+u/599UvpMgFEZ/yO+c8x0=\"]",
    "groups": [
      1
    ],
    "date_joined": "2015-11-17T02:02:31.999Z",
    "is_active": true,
    "proxy_user": null,
    "auth_currency": "2c969193-0896-42cd-9531-f42717397248",
    "proxy_start_date": null,
    "is_superuser": false,
    "accept_notify": true,
    "locations": [
      "325290eb-106c-4676-a6cf-6a6692b622bf",
      "c9a01be4-30b5-4a11-a8f2-f22a79344ec4"
    ],
    "created": "2015-11-17T02:02:32.099Z",
    "middle_initial": null,
    "password": "pbkdf2_sha256$20000$zHCHW4tj5KIi$eAsDBOXCIqu2fmf8T7mX4obMUCcX5xBrIOUzvZ7PIaQ=",
    "password_one_time": null,
    "user_permissions": [],
    "deleted": null,
    "title": "vivamus",
    "password_expire_date": "2016-02-15",
    "username": "vivamus",
    "proxy_status": null,
    "password_length": null,
    "role": "903cf6be-1af9-453f-a77c-448cca854dde",
    "accept_assign": true,
    "auth_amount": "0.0000",
    "proxy_end_date": null,
    "email": "myemail@mail.com",
    "next_approver": null,
    "last_login": null,
    "last_name": "vivamus",
    "first_name": "vivamus",
    "employee_id": null,
    "fullname": "vivamus vivamus",
    "status": "cb17ccdc-7a2a-44a6-bf8b-da2315854ece",
    "password_change": "2015-11-17T02:02:32.095Z"
  }
},
{
  "model": "person.person",
  "pk": "30f530c4-ce6c-4724-9cfd-37a16e787185",
  "fields": {
    "locale": null,
    "is_staff": false,
    "modified": "2015-11-17T02:02:32.237Z",
    "password_history": "[\"pbkdf2_sha256$20000$QFM2vy1dfcIJ$5KOW3mo+E/SUIcd0AqsBTy13XZo7mB1I2TXOmJEYKKE=\"]",
    "groups": [
      2
    ],
    "date_joined": "2015-11-17T02:02:32.120Z",
    "is_active": true,
    "proxy_user": null,
    "auth_currency": "2c969193-0896-42cd-9531-f42717397248",
    "proxy_start_date": null,
    "is_superuser": false,
    "accept_notify": true,
    "locations": [
      "b3e6def7-a2e2-423e-a2ac-01428de880ce",
      "e50c05af-ecaf-4f47-8c96-fb2ae73c772d",
      "bbd7faa8-e943-4bee-bac2-2f524dce47c4",
      "543660bd-cb86-47b8-9f21-77b9a71e7e37"
    ],
    "created": "2015-11-17T02:02:32.222Z",
    "middle_initial": null,
    "password": "pbkdf2_sha256$20000$sHinWKy9PQWA$tCvo+In2ZfUIpJjBIIM4gaKqDTl3s/+0zGVJi1ssM+k=",
    "password_one_time": null,
    "user_permissions": [],
    "deleted": null,
    "title": "viverra",
    "password_expire_date": "2016-02-15",
    "username": "viverra",
    "proxy_status": null,
    "password_length": null,
    "role": "3d5185b0-71ce-4e78-a12e-4ab909d739c6",
    "accept_assign": true,
    "auth_amount": "0.0000",
    "proxy_end_date": null,
    "email": "myemail@mail.com",
    "next_approver": null,
    "last_login": null,
    "last_name": "viverra",
    "first_name": "viverra",
    "employee_id": null,
    "fullname": "viverra viverra",
    "status": "cb17ccdc-7a2a-44a6-bf8b-da2315854ece",
    "password_change": "2015-11-17T02:02:32.217Z"
  }
},
{
  "model": "person.person",
  "pk": "30f530c4-ce6c-4724-9cfd-37a16e787186",
  "fields": {
    "locale": null,
    "is_staff": false,
    "modified": "2015-11-17T02:02:32.357Z",
    "password_history": "[\"pbkdf2_sha256$20000$MPDSnM7Kftqu$pTvf+Y51WVWp43Jauxi0lk8aWIQIOCCfnWjvRgqPWcs=\"]",
    "groups": [
      5
    ],
    "date_joined": "2015-11-17T02:02:32.245Z",
    "is_active": true,
    "proxy_user": null,
    "auth_currency": "2c969193-0896-42cd-9531-f42717397248",
    "proxy_start_date": null,
    "is_superuser": false,
    "accept_notify": true,
    "locations": [],
    "created": "2015-11-17T02:02:32.348Z",
    "middle_initial": null,
    "password": "pbkdf2_sha256$20000$Tco7ZMysDioa$R2Xm1VkFlO/po670RnNZ3lBtcYhOHAjbHGcb73AdqIE=",
    "password_one_time": null,
    "user_permissions": [],
    "deleted": null,
    "title": "volutpat",
    "password_expire_date": "2016-02-15",
    "username": "volutpat",
    "proxy_status": null,
    "password_length": null,
    "role": "37f2a324-a915-4fbb-ac76-8ca7417583be",
    "accept_assign": true,
    "auth_amount": "0.0000",
    "proxy_end_date": null,
    "email": "myemail@mail.com",
    "next_approver": null,
    "last_login": null,
    "last_name": "volutpat",
    "first_name": "volutpat",
    "employee_id": null,
    "fullname": "volutpat volutpat",
    "status": "cb17ccdc-7a2a-44a6-bf8b-da2315854ece",
    "password_change": "2015-11-17T02:02:32.344Z"
  }
},
{
  "model": "person.person",
  "pk": "30f530c4-ce6c-4724-9cfd-37a16e787187",
  "fields": {
    "locale": null,
    "is_staff": false,
    "modified": "2015-11-17T02:02:32.477Z",
    "password_history": "[\"pbkdf2_sha256$20000$dhuo8cmDmmQr$3Ff6w2A/lBqd+vhiBw1w8yx2yDqasLqkYCPxq7Ro3Mk=\"]",
    "groups": [
      3
    ],
    "date_joined": "2015-11-17T02:02:32.366Z",
    "is_active": true,
    "proxy_user": null,
    "auth_currency": "2c969193-0896-42cd-9531-f42717397248",
    "proxy_start_date": null,
    "is_superuser": false,
    "accept_notify": true,
    "locations": [],
    "created": "2015-11-17T02:02:32.468Z",
    "middle_initial": null,
    "password": "pbkdf2_sha256$20000$QTnuqr7QLb0Q$1wPvPbACvq1fh1j84Y9e3QtwSLGaEDxWgZlPrDCkfvY=",
    "password_one_time": null,
    "user_permissions": [],
    "deleted": null,
    "title": "vulputate",
    "password_expire_date": "2016-02-15",
    "username": "vulputate",
    "proxy_status": null,
    "password_length": null,
    "role": "c0fa81df-4ec8-411b-976c-16214c2d0c18",
    "accept_assign": true,
    "auth_amount": "0.0000",
    "proxy_end_date": null,
    "email": "myemail@mail.com",
    "next_approver": null,
    "last_login": null,
    "last_name": "vulputate",
    "first_name": "vulputate",
    "employee_id": null,
    "fullname": "vulputate vulputate",
    "status": "cb17ccdc-7a2a-44a6-bf8b-da2315854ece",
    "password_change": "2015-11-17T02:02:32.463Z"
  }
},
{
  "model": "person.role",
  "pk": "37f2a324-a915-4fbb-ac76-8ca7417583be",
  "fields": {
    "modules": "",
    "tabs": "",
    "create_all": false,
    "inv_autoapprove": false,
    "name": "department-role",
    "role_type": "Internal",
    "dashboad_links": "",
    "wo_notes": false,
    "inv_max_approval_currency": "usd",
    "password_special_char_required": false,
    "proxy_approval_bypass": false,
    "password_expire": 90,
    "wo_days_backdate": null,
    "deleted": null,
    "password_min_length": 6,
    "inv_req_attach": true,
    "wo_allow_backdate": false,
    "accept_assign": false,
    "msg_stored_link": false,
    "default_accept_notify": true,
    "location_level": "c938154d-7ce4-4b36-a787-bdeda4b4aa67",
    "dashboad_text": "",
    "password_expired_login_count": null,
    "inv_select_assign": "all",
    "allow_approval": false,
    "wo_show_inactive": false,
    "default_auth_amount": "0.0000",
    "default_accept_assign": true,
    "inv_close_wo": "Do not display",
    "password_expire_alert": true,
    "wo_show_tkt_attach": false,
    "inv_wait": null,
    "modified": "2015-11-17T02:02:09.169Z",
    "group": 5,
    "msg_copy_email": false,
    "password_upper_char_required": false,
    "accept_notify": false,
    "created": "2015-11-17T02:02:09.169Z",
    "msg_copy_default": false,
    "inv_options": "new",
    "msg_address": false,
    "password_digit_required": false,
    "password_history_length": "[]",
    "password_lower_char_required": false,
    "inv_max_approval_amount": 0,
    "wo_edit_closeout": false,
    "inv_wo_status": null,
    "categories": [
      "6812bb07-5c8a-4a31-b72e-e47d1d6abaa3"
    ],
    "msg_viewall": false,
    "default_auth_currency": "2c969193-0896-42cd-9531-f42717397248",
    "proxy_set": false,
    "password_can_change": true
  }
},
{
  "model": "person.role",
  "pk": "3d5185b0-71ce-4e78-a12e-4ab909d739c6",
  "fields": {
    "modules": "",
    "tabs": "",
    "create_all": false,
    "inv_autoapprove": false,
    "name": "district-role",
    "role_type": "Internal",
    "dashboad_links": "",
    "wo_notes": false,
    "inv_max_approval_currency": "usd",
    "password_special_char_required": false,
    "proxy_approval_bypass": false,
    "password_expire": 90,
    "wo_days_backdate": null,
    "deleted": null,
    "password_min_length": 6,
    "inv_req_attach": true,
    "wo_allow_backdate": false,
    "accept_assign": false,
    "msg_stored_link": false,
    "default_accept_notify": true,
    "location_level": "cef848b3-41e1-4faa-add5-03337e4f7135",
    "dashboad_text": "",
    "password_expired_login_count": null,
    "inv_select_assign": "all",
    "allow_approval": false,
    "wo_show_inactive": false,
    "default_auth_amount": "0.0000",
    "default_accept_assign": true,
    "inv_close_wo": "Do not display",
    "password_expire_alert": true,
    "wo_show_tkt_attach": false,
    "inv_wait": null,
    "modified": "2015-11-17T02:02:09.145Z",
    "group": 2,
    "msg_copy_email": false,
    "password_upper_char_required": false,
    "accept_notify": false,
    "created": "2015-11-17T02:02:09.145Z",
    "msg_copy_default": false,
    "inv_options": "new",
    "msg_address": false,
    "password_digit_required": false,
    "password_history_length": "[]",
    "password_lower_char_required": false,
    "inv_max_approval_amount": 0,
    "wo_edit_closeout": false,
    "inv_wo_status": null,
    "categories": [
      "6812bb07-5c8a-4a31-b72e-e47d1d6abaa3"
    ],
    "msg_viewall": false,
    "default_auth_currency": "2c969193-0896-42cd-9531-f42717397248",
    "proxy_set": false,
    "password_can_change": true
  }
},
{
  "model": "person.role",
  "pk": "903cf6be-1af9-453f-a77c-448cca854dde",
  "fields": {
    "modules": "",
    "tabs": "",
    "create_all": false,
    "inv_autoapprove": false,
    "name": "region-role",
    "role_type": "Internal",
    "dashboad_links": "",
    "wo_notes": false,
    "inv_max_approval_currency": "usd",
    "password_special_char_required": false,
    "proxy_approval_bypass": false,
    "password_expire": 90,
    "wo_days_backdate": null,
    "deleted": null,
    "password_min_length": 6,
    "inv_req_attach": true,
    "wo_allow_backdate": false,
    "accept_assign": false,
    "msg_stored_link": false,
    "default_accept_notify": true,
    "location_level": "596085a4-041f-4bd0-a0ef-eaf4395cf26b",
    "dashboad_text": "",
    "password_expired_login_count": null,
    "inv_select_assign": "all",
    "allow_approval": false,
    "wo_show_inactive": false,
    "default_auth_amount": "0.0000",
    "default_accept_assign": true,
    "inv_close_wo": "Do not display",
    "password_expire_alert": true,
    "wo_show_tkt_attach": false,
    "inv_wait": null,
    "modified": "2015-11-17T02:02:09.136Z",
    "group": 1,
    "msg_copy_email": false,
    "password_upper_char_required": false,
    "accept_notify": false,
    "created": "2015-11-17T02:02:09.136Z",
    "msg_copy_default": false,
    "inv_options": "new",
    "msg_address": false,
    "password_digit_required": false,
    "password_history_length": "[]",
    "password_lower_char_required": false,
    "inv_max_approval_amount": 0,
    "wo_edit_closeout": false,
    "inv_wo_status": null,
    "categories": [
      "6812bb07-5c8a-4a31-b72e-e47d1d6abaa3"
    ],
    "msg_viewall": false,
    "default_auth_currency": "2c969193-0896-42cd-9531-f42717397248",
    "proxy_set": false,
    "password_can_change": true
  }
},
{
  "model": "person.role",
  "pk": "c0fa81df-4ec8-411b-976c-16214c2d0c18",
  "fields": {
    "modules": "",
    "tabs": "",
    "create_all": false,
    "inv_autoapprove": false,
    "name": "district_lp-role",
    "role_type": "Internal",
    "dashboad_links": "",
    "wo_notes": false,
    "inv_max_approval_currency": "usd",
    "password_special_char_required": false,
    "proxy_approval_bypass": false,
    "password_expire": 90,
    "wo_days_backdate": null,
    "deleted": null,
    "password_min_length": 6,
    "inv_req_attach": true,
    "wo_allow_backdate": false,
    "accept_assign": false,
    "msg_stored_link": false,
    "default_accept_notify": true,
    "location_level": "86d9d9a6-05ea-4983-9588-baac4a15f03d",
    "dashboad_text": "",
    "password_expired_login_count": null,
    "inv_select_assign": "all",
    "allow_approval": false,
    "wo_show_inactive": false,
    "default_auth_amount": "0.0000",
    "default_accept_assign": true,
    "inv_close_wo": "Do not display",
    "password_expire_alert": true,
    "wo_show_tkt_attach": false,
    "inv_wait": null,
    "modified": "2015-11-17T02:02:09.153Z",
    "group": 3,
    "msg_copy_email": false,
    "password_upper_char_required": false,
    "accept_notify": false,
    "created": "2015-11-17T02:02:09.153Z",
    "msg_copy_default": false,
    "inv_options": "new",
    "msg_address": false,
    "password_digit_required": false,
    "password_history_length": "[]",
    "password_lower_char_required": false,
    "inv_max_approval_amount": 0,
    "wo_edit_closeout": false,
    "inv_wo_status": null,
    "categories": [
      "6812bb07-5c8a-4a31-b72e-e47d1d6abaa3"
    ],
    "msg_viewall": false,
    "default_auth_currency": "2c969193-0896-42cd-9531-f42717397248",
    "proxy_set": false,
    "password_can_change": true
  }
},
{
  "model": "person.role",
  "pk": "c3de8bbb-313c-4804-bc6d-348e571e89cf",
  "fields": {
    "modules": "",
    "tabs": "",
    "create_all": false,
    "inv_autoapprove": false,
    "name": "store-role",
    "role_type": "Internal",
    "dashboad_links": "",
    "wo_notes": false,
    "inv_max_approval_currency": "usd",
    "password_special_char_required": false,
    "proxy_approval_bypass": false,
    "password_expire": 90,
    "wo_days_backdate": null,
    "deleted": null,
    "password_min_length": 6,
    "inv_req_attach": true,
    "wo_allow_backdate": false,
    "accept_assign": false,
    "msg_stored_link": false,
    "default_accept_notify": true,
    "location_level": "a4acb731-1d60-4c5d-be7f-f5f008beb54d",
    "dashboad_text": "",
    "password_expired_login_count": null,
    "inv_select_assign": "all",
    "allow_approval": false,
    "wo_show_inactive": false,
    "default_auth_amount": "0.0000",
    "default_accept_assign": true,
    "inv_close_wo": "Do not display",
    "password_expire_alert": true,
    "wo_show_tkt_attach": false,
    "inv_wait": null,
    "modified": "2015-11-17T02:02:09.161Z",
    "group": 4,
    "msg_copy_email": false,
    "password_upper_char_required": false,
    "accept_notify": false,
    "created": "2015-11-17T02:02:09.161Z",
    "msg_copy_default": false,
    "inv_options": "new",
    "msg_address": false,
    "password_digit_required": false,
    "password_history_length": "[]",
    "password_lower_char_required": false,
    "inv_max_approval_amount": 0,
    "wo_edit_closeout": false,
    "inv_wo_status": null,
    "categories": [
      "6812bb07-5c8a-4a31-b72e-e47d1d6abaa3"
    ],
    "msg_viewall": false,
    "default_auth_currency": "2c969193-0896-42cd-9531-f42717397248",
    "proxy_set": false,
    "password_can_change": true
  }
}
]
