[
{
  "fields": {
    "model": "logentry",
    "app_label": "admin"
  },
  "model": "contenttypes.contenttype",
  "pk": 1
},
{
  "fields": {
    "model": "permission",
    "app_label": "auth"
  },
  "model": "contenttypes.contenttype",
  "pk": 2
},
{
  "fields": {
    "model": "group",
    "app_label": "auth"
  },
  "model": "contenttypes.contenttype",
  "pk": 3
},
{
  "fields": {
    "model": "contenttype",
    "app_label": "contenttypes"
  },
  "model": "contenttypes.contenttype",
  "pk": 4
},
{
  "fields": {
    "model": "session",
    "app_label": "sessions"
  },
  "model": "contenttypes.contenttype",
  "pk": 5
},
{
  "fields": {
    "model": "site",
    "app_label": "sites"
  },
  "model": "contenttypes.contenttype",
  "pk": 6
},
{
  "fields": {
    "model": "flatpage",
    "app_label": "flatpages"
  },
  "model": "contenttypes.contenttype",
  "pk": 7
},
{
  "fields": {
    "model": "corsmodel",
    "app_label": "corsheaders"
  },
  "model": "contenttypes.contenttype",
  "pk": 8
},
{
  "fields": {
    "model": "currency",
    "app_label": "accounting"
  },
  "model": "contenttypes.contenttype",
  "pk": 9
},
{
  "fields": {
    "model": "phonenumbertype",
    "app_label": "contact"
  },
  "model": "contenttypes.contenttype",
  "pk": 10
},
{
  "fields": {
    "model": "phonenumber",
    "app_label": "contact"
  },
  "model": "contenttypes.contenttype",
  "pk": 11
},
{
  "fields": {
    "model": "addresstype",
    "app_label": "contact"
  },
  "model": "contenttypes.contenttype",
  "pk": 12
},
{
  "fields": {
    "model": "address",
    "app_label": "contact"
  },
  "model": "contenttypes.contenttype",
  "pk": 13
},
{
  "fields": {
    "model": "emailtype",
    "app_label": "contact"
  },
  "model": "contenttypes.contenttype",
  "pk": 14
},
{
  "fields": {
    "model": "email",
    "app_label": "contact"
  },
  "model": "contenttypes.contenttype",
  "pk": 15
},
{
  "fields": {
    "model": "locationlevel",
    "app_label": "location"
  },
  "model": "contenttypes.contenttype",
  "pk": 16
},
{
  "fields": {
    "model": "locationstatus",
    "app_label": "location"
  },
  "model": "contenttypes.contenttype",
  "pk": 17
},
{
  "fields": {
    "model": "locationtype",
    "app_label": "location"
  },
  "model": "contenttypes.contenttype",
  "pk": 18
},
{
  "fields": {
    "model": "location",
    "app_label": "location"
  },
  "model": "contenttypes.contenttype",
  "pk": 19
},
{
  "fields": {
    "model": "role",
    "app_label": "person"
  },
  "model": "contenttypes.contenttype",
  "pk": 20
},
{
  "fields": {
    "model": "proxyrole",
    "app_label": "person"
  },
  "model": "contenttypes.contenttype",
  "pk": 21
},
{
  "fields": {
    "model": "personstatus",
    "app_label": "person"
  },
  "model": "contenttypes.contenttype",
  "pk": 22
},
{
  "fields": {
    "model": "person",
    "app_label": "person"
  },
  "model": "contenttypes.contenttype",
  "pk": 23
},
{
  "fields": {
    "model": "category",
    "app_label": "role"
  },
  "model": "contenttypes.contenttype",
  "pk": 24
},
{
  "fields": {
    "model": "tester",
    "app_label": "util"
  },
  "model": "contenttypes.contenttype",
  "pk": 25
},
{
  "fields": {
    "model": "mainsetting",
    "app_label": "util"
  },
  "model": "contenttypes.contenttype",
  "pk": 26
},
{
  "fields": {
    "model": "customsetting",
    "app_label": "util"
  },
  "model": "contenttypes.contenttype",
  "pk": 27
},
{
  "fields": {
    "model": "state",
    "app_label": "util"
  },
  "model": "contenttypes.contenttype",
  "pk": 28
},
{
  "fields": {
    "model": "workorderstatus",
    "app_label": "order"
  },
  "model": "contenttypes.contenttype",
  "pk": 29
},
{
  "fields": {
    "model": "workorder",
    "app_label": "order"
  },
  "model": "contenttypes.contenttype",
  "pk": 30
},
{
  "fields": {
    "expire_date": "2015-08-25T16:14:06.312Z",
    "session_data": "MWY0NTM4MGZmNDZhMmU1OWQ0Y2U4YTczYzM4ZmMyNWVmNGY0ZmNjZjp7Il9hdXRoX3VzZXJfaGFzaCI6ImVmY2E1ZWU1YTM5NzM0OTM2ZmE5YjA1YTNiMWNiNGY0OTE5MGQ5YTQiLCJfYXV0aF91c2VyX2JhY2tlbmQiOiJkamFuZ28uY29udHJpYi5hdXRoLmJhY2tlbmRzLk1vZGVsQmFja2VuZCIsIl9hdXRoX3VzZXJfaWQiOiIwNzA4YTg0Ny03ZmQ1LTQ4OWQtYWRiMi1lNmZiOTc3YWU2MTQifQ=="
  },
  "model": "sessions.session",
  "pk": "24rasl1zr1fkbo32r63wtnqwzekoas1t"
},
{
  "fields": {
    "domain": "example.com",
    "name": "example.com"
  },
  "model": "sites.site",
  "pk": 1
},
{
  "fields": {
    "code": "usd",
    "name": "US Dollar",
    "created": "2015-08-11T16:11:45.322Z",
    "deleted": null,
    "symbol": "$",
    "format": "$00.00",
    "modified": "2015-08-11T16:11:45.322Z"
  },
  "model": "accounting.currency",
  "pk": "bd4d973c-2534-454d-98c9-f3cc98cb876c"
},
{
  "fields": {
    "deleted": null,
    "modified": "2015-08-10T18:26:34.779Z",
    "name": "big_store",
    "created": "2015-08-10T18:26:34.779Z"
  },
  "model": "location.locationtype",
  "pk": "4c654d69-119c-4b24-8831-77cf14a94221"
},
{
  "fields": {
    "deleted": null,
    "description": "active",
    "modified": "2015-08-11T16:11:45.419Z",
    "name": "",
    "created": "2015-08-11T16:11:45.419Z"
  },
  "model": "person.personstatus",
  "pk": "6ff0132a-965c-4cd3-8d58-6bc1d6d7af8c"
},
{
  "fields": {
    "codename": "add_logentry",
    "name": "Can add log entry",
    "content_type": 1
  },
  "model": "auth.permission",
  "pk": 1
},
{
  "fields": {
    "codename": "change_logentry",
    "name": "Can change log entry",
    "content_type": 1
  },
  "model": "auth.permission",
  "pk": 2
},
{
  "fields": {
    "codename": "delete_logentry",
    "name": "Can delete log entry",
    "content_type": 1
  },
  "model": "auth.permission",
  "pk": 3
},
{
  "fields": {
    "codename": "add_permission",
    "name": "Can add permission",
    "content_type": 2
  },
  "model": "auth.permission",
  "pk": 4
},
{
  "fields": {
    "codename": "change_permission",
    "name": "Can change permission",
    "content_type": 2
  },
  "model": "auth.permission",
  "pk": 5
},
{
  "fields": {
    "codename": "delete_permission",
    "name": "Can delete permission",
    "content_type": 2
  },
  "model": "auth.permission",
  "pk": 6
},
{
  "fields": {
    "codename": "add_group",
    "name": "Can add group",
    "content_type": 3
  },
  "model": "auth.permission",
  "pk": 7
},
{
  "fields": {
    "codename": "change_group",
    "name": "Can change group",
    "content_type": 3
  },
  "model": "auth.permission",
  "pk": 8
},
{
  "fields": {
    "codename": "delete_group",
    "name": "Can delete group",
    "content_type": 3
  },
  "model": "auth.permission",
  "pk": 9
},
{
  "fields": {
    "codename": "add_contenttype",
    "name": "Can add content type",
    "content_type": 4
  },
  "model": "auth.permission",
  "pk": 10
},
{
  "fields": {
    "codename": "change_contenttype",
    "name": "Can change content type",
    "content_type": 4
  },
  "model": "auth.permission",
  "pk": 11
},
{
  "fields": {
    "codename": "delete_contenttype",
    "name": "Can delete content type",
    "content_type": 4
  },
  "model": "auth.permission",
  "pk": 12
},
{
  "fields": {
    "codename": "add_session",
    "name": "Can add session",
    "content_type": 5
  },
  "model": "auth.permission",
  "pk": 13
},
{
  "fields": {
    "codename": "change_session",
    "name": "Can change session",
    "content_type": 5
  },
  "model": "auth.permission",
  "pk": 14
},
{
  "fields": {
    "codename": "delete_session",
    "name": "Can delete session",
    "content_type": 5
  },
  "model": "auth.permission",
  "pk": 15
},
{
  "fields": {
    "codename": "add_site",
    "name": "Can add site",
    "content_type": 6
  },
  "model": "auth.permission",
  "pk": 16
},
{
  "fields": {
    "codename": "change_site",
    "name": "Can change site",
    "content_type": 6
  },
  "model": "auth.permission",
  "pk": 17
},
{
  "fields": {
    "codename": "delete_site",
    "name": "Can delete site",
    "content_type": 6
  },
  "model": "auth.permission",
  "pk": 18
},
{
  "fields": {
    "codename": "add_flatpage",
    "name": "Can add flat page",
    "content_type": 7
  },
  "model": "auth.permission",
  "pk": 19
},
{
  "fields": {
    "codename": "change_flatpage",
    "name": "Can change flat page",
    "content_type": 7
  },
  "model": "auth.permission",
  "pk": 20
},
{
  "fields": {
    "codename": "delete_flatpage",
    "name": "Can delete flat page",
    "content_type": 7
  },
  "model": "auth.permission",
  "pk": 21
},
{
  "fields": {
    "codename": "add_corsmodel",
    "name": "Can add cors model",
    "content_type": 8
  },
  "model": "auth.permission",
  "pk": 22
},
{
  "fields": {
    "codename": "change_corsmodel",
    "name": "Can change cors model",
    "content_type": 8
  },
  "model": "auth.permission",
  "pk": 23
},
{
  "fields": {
    "codename": "delete_corsmodel",
    "name": "Can delete cors model",
    "content_type": 8
  },
  "model": "auth.permission",
  "pk": 24
},
{
  "fields": {
    "codename": "add_currency",
    "name": "Can add currency",
    "content_type": 9
  },
  "model": "auth.permission",
  "pk": 25
},
{
  "fields": {
    "codename": "change_currency",
    "name": "Can change currency",
    "content_type": 9
  },
  "model": "auth.permission",
  "pk": 26
},
{
  "fields": {
    "codename": "delete_currency",
    "name": "Can delete currency",
    "content_type": 9
  },
  "model": "auth.permission",
  "pk": 27
},
{
  "fields": {
    "codename": "add_phonenumbertype",
    "name": "Can add phone number type",
    "content_type": 10
  },
  "model": "auth.permission",
  "pk": 28
},
{
  "fields": {
    "codename": "change_phonenumbertype",
    "name": "Can change phone number type",
    "content_type": 10
  },
  "model": "auth.permission",
  "pk": 29
},
{
  "fields": {
    "codename": "delete_phonenumbertype",
    "name": "Can delete phone number type",
    "content_type": 10
  },
  "model": "auth.permission",
  "pk": 30
},
{
  "fields": {
    "codename": "add_phonenumber",
    "name": "Can add phone number",
    "content_type": 11
  },
  "model": "auth.permission",
  "pk": 31
},
{
  "fields": {
    "codename": "change_phonenumber",
    "name": "Can change phone number",
    "content_type": 11
  },
  "model": "auth.permission",
  "pk": 32
},
{
  "fields": {
    "codename": "delete_phonenumber",
    "name": "Can delete phone number",
    "content_type": 11
  },
  "model": "auth.permission",
  "pk": 33
},
{
  "fields": {
    "codename": "add_addresstype",
    "name": "Can add address type",
    "content_type": 12
  },
  "model": "auth.permission",
  "pk": 34
},
{
  "fields": {
    "codename": "change_addresstype",
    "name": "Can change address type",
    "content_type": 12
  },
  "model": "auth.permission",
  "pk": 35
},
{
  "fields": {
    "codename": "delete_addresstype",
    "name": "Can delete address type",
    "content_type": 12
  },
  "model": "auth.permission",
  "pk": 36
},
{
  "fields": {
    "codename": "add_address",
    "name": "Can add address",
    "content_type": 13
  },
  "model": "auth.permission",
  "pk": 37
},
{
  "fields": {
    "codename": "change_address",
    "name": "Can change address",
    "content_type": 13
  },
  "model": "auth.permission",
  "pk": 38
},
{
  "fields": {
    "codename": "delete_address",
    "name": "Can delete address",
    "content_type": 13
  },
  "model": "auth.permission",
  "pk": 39
},
{
  "fields": {
    "codename": "add_emailtype",
    "name": "Can add email type",
    "content_type": 14
  },
  "model": "auth.permission",
  "pk": 40
},
{
  "fields": {
    "codename": "change_emailtype",
    "name": "Can change email type",
    "content_type": 14
  },
  "model": "auth.permission",
  "pk": 41
},
{
  "fields": {
    "codename": "delete_emailtype",
    "name": "Can delete email type",
    "content_type": 14
  },
  "model": "auth.permission",
  "pk": 42
},
{
  "fields": {
    "codename": "add_email",
    "name": "Can add email",
    "content_type": 15
  },
  "model": "auth.permission",
  "pk": 43
},
{
  "fields": {
    "codename": "change_email",
    "name": "Can change email",
    "content_type": 15
  },
  "model": "auth.permission",
  "pk": 44
},
{
  "fields": {
    "codename": "delete_email",
    "name": "Can delete email",
    "content_type": 15
  },
  "model": "auth.permission",
  "pk": 45
},
{
  "fields": {
    "codename": "add_locationlevel",
    "name": "Can add location level",
    "content_type": 16
  },
  "model": "auth.permission",
  "pk": 46
},
{
  "fields": {
    "codename": "change_locationlevel",
    "name": "Can change location level",
    "content_type": 16
  },
  "model": "auth.permission",
  "pk": 47
},
{
  "fields": {
    "codename": "delete_locationlevel",
    "name": "Can delete location level",
    "content_type": 16
  },
  "model": "auth.permission",
  "pk": 48
},
{
  "fields": {
    "codename": "add_locationstatus",
    "name": "Can add location status",
    "content_type": 17
  },
  "model": "auth.permission",
  "pk": 49
},
{
  "fields": {
    "codename": "change_locationstatus",
    "name": "Can change location status",
    "content_type": 17
  },
  "model": "auth.permission",
  "pk": 50
},
{
  "fields": {
    "codename": "delete_locationstatus",
    "name": "Can delete location status",
    "content_type": 17
  },
  "model": "auth.permission",
  "pk": 51
},
{
  "fields": {
    "codename": "add_locationtype",
    "name": "Can add location type",
    "content_type": 18
  },
  "model": "auth.permission",
  "pk": 52
},
{
  "fields": {
    "codename": "change_locationtype",
    "name": "Can change location type",
    "content_type": 18
  },
  "model": "auth.permission",
  "pk": 53
},
{
  "fields": {
    "codename": "delete_locationtype",
    "name": "Can delete location type",
    "content_type": 18
  },
  "model": "auth.permission",
  "pk": 54
},
{
  "fields": {
    "codename": "add_location",
    "name": "Can add location",
    "content_type": 19
  },
  "model": "auth.permission",
  "pk": 55
},
{
  "fields": {
    "codename": "change_location",
    "name": "Can change location",
    "content_type": 19
  },
  "model": "auth.permission",
  "pk": 56
},
{
  "fields": {
    "codename": "delete_location",
    "name": "Can delete location",
    "content_type": 19
  },
  "model": "auth.permission",
  "pk": 57
},
{
  "fields": {
    "codename": "add_role",
    "name": "Can add role",
    "content_type": 20
  },
  "model": "auth.permission",
  "pk": 58
},
{
  "fields": {
    "codename": "change_role",
    "name": "Can change role",
    "content_type": 20
  },
  "model": "auth.permission",
  "pk": 59
},
{
  "fields": {
    "codename": "delete_role",
    "name": "Can delete role",
    "content_type": 20
  },
  "model": "auth.permission",
  "pk": 60
},
{
  "fields": {
    "codename": "add_proxyrole",
    "name": "Can add proxy role",
    "content_type": 21
  },
  "model": "auth.permission",
  "pk": 61
},
{
  "fields": {
    "codename": "change_proxyrole",
    "name": "Can change proxy role",
    "content_type": 21
  },
  "model": "auth.permission",
  "pk": 62
},
{
  "fields": {
    "codename": "delete_proxyrole",
    "name": "Can delete proxy role",
    "content_type": 21
  },
  "model": "auth.permission",
  "pk": 63
},
{
  "fields": {
    "codename": "add_personstatus",
    "name": "Can add person status",
    "content_type": 22
  },
  "model": "auth.permission",
  "pk": 64
},
{
  "fields": {
    "codename": "change_personstatus",
    "name": "Can change person status",
    "content_type": 22
  },
  "model": "auth.permission",
  "pk": 65
},
{
  "fields": {
    "codename": "delete_personstatus",
    "name": "Can delete person status",
    "content_type": 22
  },
  "model": "auth.permission",
  "pk": 66
},
{
  "fields": {
    "codename": "add_person",
    "name": "Can add person",
    "content_type": 23
  },
  "model": "auth.permission",
  "pk": 67
},
{
  "fields": {
    "codename": "change_person",
    "name": "Can change person",
    "content_type": 23
  },
  "model": "auth.permission",
  "pk": 68
},
{
  "fields": {
    "codename": "delete_person",
    "name": "Can delete person",
    "content_type": 23
  },
  "model": "auth.permission",
  "pk": 69
},
{
  "fields": {
    "codename": "add_category",
    "name": "Can add Category",
    "content_type": 24
  },
  "model": "auth.permission",
  "pk": 70
},
{
  "fields": {
    "codename": "change_category",
    "name": "Can change Category",
    "content_type": 24
  },
  "model": "auth.permission",
  "pk": 71
},
{
  "fields": {
    "codename": "delete_category",
    "name": "Can delete Category",
    "content_type": 24
  },
  "model": "auth.permission",
  "pk": 72
},
{
  "fields": {
    "codename": "add_tester",
    "name": "Can add tester",
    "content_type": 25
  },
  "model": "auth.permission",
  "pk": 73
},
{
  "fields": {
    "codename": "change_tester",
    "name": "Can change tester",
    "content_type": 25
  },
  "model": "auth.permission",
  "pk": 74
},
{
  "fields": {
    "codename": "delete_tester",
    "name": "Can delete tester",
    "content_type": 25
  },
  "model": "auth.permission",
  "pk": 75
},
{
  "fields": {
    "codename": "add_mainsetting",
    "name": "Can add main setting",
    "content_type": 26
  },
  "model": "auth.permission",
  "pk": 76
},
{
  "fields": {
    "codename": "change_mainsetting",
    "name": "Can change main setting",
    "content_type": 26
  },
  "model": "auth.permission",
  "pk": 77
},
{
  "fields": {
    "codename": "delete_mainsetting",
    "name": "Can delete main setting",
    "content_type": 26
  },
  "model": "auth.permission",
  "pk": 78
},
{
  "fields": {
    "codename": "add_customsetting",
    "name": "Can add custom setting",
    "content_type": 27
  },
  "model": "auth.permission",
  "pk": 79
},
{
  "fields": {
    "codename": "change_customsetting",
    "name": "Can change custom setting",
    "content_type": 27
  },
  "model": "auth.permission",
  "pk": 80
},
{
  "fields": {
    "codename": "delete_customsetting",
    "name": "Can delete custom setting",
    "content_type": 27
  },
  "model": "auth.permission",
  "pk": 81
},
{
  "fields": {
    "codename": "add_state",
    "name": "Can add state",
    "content_type": 28
  },
  "model": "auth.permission",
  "pk": 82
},
{
  "fields": {
    "codename": "change_state",
    "name": "Can change state",
    "content_type": 28
  },
  "model": "auth.permission",
  "pk": 83
},
{
  "fields": {
    "codename": "delete_state",
    "name": "Can delete state",
    "content_type": 28
  },
  "model": "auth.permission",
  "pk": 84
},
{
  "fields": {
    "codename": "add_workorderstatus",
    "name": "Can add work order status",
    "content_type": 29
  },
  "model": "auth.permission",
  "pk": 85
},
{
  "fields": {
    "codename": "change_workorderstatus",
    "name": "Can change work order status",
    "content_type": 29
  },
  "model": "auth.permission",
  "pk": 86
},
{
  "fields": {
    "codename": "delete_workorderstatus",
    "name": "Can delete work order status",
    "content_type": 29
  },
  "model": "auth.permission",
  "pk": 87
},
{
  "fields": {
    "codename": "add_workorder",
    "name": "Can add work order",
    "content_type": 30
  },
  "model": "auth.permission",
  "pk": 88
},
{
  "fields": {
    "codename": "change_workorder",
    "name": "Can change work order",
    "content_type": 30
  },
  "model": "auth.permission",
  "pk": 89
},
{
  "fields": {
    "codename": "delete_workorder",
    "name": "Can delete work order",
    "content_type": 30
  },
  "model": "auth.permission",
  "pk": 90
},
{
  "fields": {
    "name": "egDxPklVjF",
    "permissions": []
  },
  "model": "auth.group",
  "pk": 1
},
{
  "fields": {
    "name": "kGtDcjgTVE",
    "permissions": []
  },
  "model": "auth.group",
  "pk": 2
},
{
  "fields": {
    "name": "eDxNlenXOA",
    "permissions": []
  },
  "model": "auth.group",
  "pk": 3
},
{
  "fields": {
    "name": "SYpqpHaEzP",
    "permissions": []
  },
  "model": "auth.group",
  "pk": 4
},
{
  "fields": {
    "name": "pOduBkjQdE",
    "permissions": []
  },
  "model": "auth.group",
  "pk": 5
},
{
  "fields": {
    "name": "aFjDpwUbSO",
    "permissions": []
  },
  "model": "auth.group",
  "pk": 6
},
{
  "fields": {
    "name": "OyjCaDzXXU",
    "permissions": []
  },
  "model": "auth.group",
  "pk": 7
},
{
  "fields": {
    "name": "rzAjXiXvqT",
    "permissions": []
  },
  "model": "auth.group",
  "pk": 8
},
{
  "fields": {
    "name": "RNfkmZFxsz",
    "permissions": []
  },
  "model": "auth.group",
  "pk": 9
},
{
  "fields": {
    "name": "KlfmwjuoVg",
    "permissions": []
  },
  "model": "auth.group",
  "pk": 10
},
{
  "fields": {
    "name": "ymrMDSVNIv",
    "permissions": []
  },
  "model": "auth.group",
  "pk": 11
},
{
  "fields": {
    "name": "kzMvgNgbBq",
    "permissions": []
  },
  "model": "auth.group",
  "pk": 12
},
{
  "fields": {
    "name": "AXLrawHGqi",
    "permissions": []
  },
  "model": "auth.group",
  "pk": 13
},
{
  "fields": {
    "name": "QgnRgOAuFJ",
    "permissions": []
  },
  "model": "auth.group",
  "pk": 14
},
{
  "fields": {
    "name": "ykeODUrvqj",
    "permissions": []
  },
  "model": "auth.group",
  "pk": 15
},
{
  "fields": {
    "name": "HayWWEwJVE",
    "permissions": []
  },
  "model": "auth.group",
  "pk": 16
},
{
  "fields": {
    "name": "pKoDfgxtMr",
    "permissions": []
  },
  "model": "auth.group",
  "pk": 17
},
{
  "fields": {
    "name": "GdBAOOLgFS",
    "permissions": []
  },
  "model": "auth.group",
  "pk": 18
},
{
  "fields": {
    "name": "GJzLANtCgT",
    "permissions": []
  },
  "model": "auth.group",
  "pk": 19
},
{
  "fields": {
    "name": "kfDNmGTKdq",
    "permissions": []
  },
  "model": "auth.group",
  "pk": 20
},
{
  "fields": {
    "name": "kJaClCFBFa",
    "permissions": []
  },
  "model": "auth.group",
  "pk": 21
},
{
  "fields": {
    "name": "BiNkuSONWQ",
    "permissions": []
  },
  "model": "auth.group",
  "pk": 22
},
{
  "fields": {
    "name": "dysTeqJyJH",
    "permissions": []
  },
  "model": "auth.group",
  "pk": 23
},
{
  "fields": {
    "name": "gzspYIjnyF",
    "permissions": []
  },
  "model": "auth.group",
  "pk": 24
},
{
  "fields": {
    "name": "NvzOkDARtE",
    "permissions": []
  },
  "model": "auth.group",
  "pk": 25
},
{
  "fields": {
    "name": "VXSacUMUwU",
    "permissions": []
  },
  "model": "auth.group",
  "pk": 26
},
{
  "fields": {
    "name": "JWUwJqJqEr",
    "permissions": []
  },
  "model": "auth.group",
  "pk": 27
},
{
  "fields": {
    "name": "UaktWIjrDY",
    "permissions": []
  },
  "model": "auth.group",
  "pk": 28
},
{
  "fields": {
    "name": "IvItJKWyPv",
    "permissions": []
  },
  "model": "auth.group",
  "pk": 29
},
{
  "fields": {
    "msg_stored_link": false,
    "msg_copy_default": false,
    "tabs": "",
    "msg_copy_email": false,
    "create_all": false,
    "allow_approval": false,
    "msg_viewall": false,
    "inv_select_assign": "all",
    "inv_autoapprove": false,
    "dashboad_links": "",
    "proxy_set": false,
    "password_expire_alert": true,
    "password_min_length": 6,
    "group": 9,
    "default_accept_notify": true,
    "password_history_length": null,
    "inv_wo_status": null,
    "proxy_approval_bypass": false,
    "password_char_types": "DkJZHJeuSuQSCYCJRnGqaISGFTULzERCbUHKtSRVWeraOxnfFLlaBtAEUwxOjlXfBXrvOhKmPVAwrkhtZRVKSPcLSMjUXXBkGkZl",
    "dashboad_text": "",
    "password_expire": null,
    "inv_max_approval_currency": "usd",
    "wo_show_tkt_attach": false,
    "wo_show_inactive": false,
    "deleted": null,
    "msg_address": false,
    "wo_days_backdate": null,
    "inv_max_approval_amount": 0,
    "default_accept_assign": true,
    "location_level": null,
    "accept_notify": false,
    "role_type": "Internal",
    "inv_close_wo": "Do not display",
    "name": "RNfkmZFxsz",
    "created": "2015-08-12T16:46:58.594Z",
    "wo_edit_closeout": false,
    "modules": "",
    "modified": "2015-08-12T16:46:58.594Z",
    "inv_req_attach": true,
    "wo_allow_backdate": false,
    "default_auth_currency": "bd4d973c-2534-454d-98c9-f3cc98cb876c",
    "default_auth_amount": "0.0000",
    "inv_wait": null,
    "wo_notes": false,
    "accept_assign": false,
    "inv_options": "new"
  },
  "model": "person.role",
  "pk": "0a8674e4-9fe9-463b-bb5c-074af2a1bce0"
},
{
  "fields": {
    "msg_stored_link": false,
    "msg_copy_default": false,
    "tabs": "",
    "msg_copy_email": false,
    "create_all": false,
    "allow_approval": false,
    "msg_viewall": false,
    "inv_select_assign": "all",
    "inv_autoapprove": false,
    "dashboad_links": "",
    "proxy_set": false,
    "password_expire_alert": true,
    "password_min_length": 6,
    "group": 15,
    "default_accept_notify": true,
    "password_history_length": null,
    "inv_wo_status": null,
    "proxy_approval_bypass": false,
    "password_char_types": "OfTxwvjbiuzRGJuVZMNXbiGLeRoRyhdMspHHVSbaPlWpeLAmfiRBCRYypexKgNTYLGZPqvbMQMMuRBcHesOJSxLiNnQlunyyjWtG",
    "dashboad_text": "",
    "password_expire": null,
    "inv_max_approval_currency": "usd",
    "wo_show_tkt_attach": false,
    "wo_show_inactive": false,
    "deleted": null,
    "msg_address": false,
    "wo_days_backdate": null,
    "inv_max_approval_amount": 0,
    "default_accept_assign": true,
    "location_level": null,
    "accept_notify": false,
    "role_type": "Internal",
    "inv_close_wo": "Do not display",
    "name": "ykeODUrvqj",
    "created": "2015-08-12T16:46:59.157Z",
    "wo_edit_closeout": false,
    "modules": "",
    "modified": "2015-08-12T16:46:59.157Z",
    "inv_req_attach": true,
    "wo_allow_backdate": false,
    "default_auth_currency": "bd4d973c-2534-454d-98c9-f3cc98cb876c",
    "default_auth_amount": "0.0000",
    "inv_wait": null,
    "wo_notes": false,
    "accept_assign": false,
    "inv_options": "new"
  },
  "model": "person.role",
  "pk": "118ea8a5-d52d-44f4-afee-c1e63e7d7296"
},
{
  "fields": {
    "msg_stored_link": false,
    "msg_copy_default": false,
    "tabs": "",
    "msg_copy_email": false,
    "create_all": false,
    "allow_approval": false,
    "msg_viewall": false,
    "inv_select_assign": "all",
    "inv_autoapprove": false,
    "dashboad_links": "",
    "proxy_set": false,
    "password_expire_alert": true,
    "password_min_length": 6,
    "group": 7,
    "default_accept_notify": true,
    "password_history_length": null,
    "inv_wo_status": null,
    "proxy_approval_bypass": false,
    "password_char_types": "UiepgTnzybNFexhWOfgBSDzIDNyDAHWdzAudqoVWMdfOKCdnygIImkWnjiJNdCQcjzREwRvTlCoTwaMOUNhzAUhKnjolNTbPjznF",
    "dashboad_text": "",
    "password_expire": null,
    "inv_max_approval_currency": "usd",
    "wo_show_tkt_attach": false,
    "wo_show_inactive": false,
    "deleted": null,
    "msg_address": false,
    "wo_days_backdate": null,
    "inv_max_approval_amount": 0,
    "default_accept_assign": true,
    "location_level": null,
    "accept_notify": false,
    "role_type": "Internal",
    "inv_close_wo": "Do not display",
    "name": "OyjCaDzXXU",
    "created": "2015-08-12T16:46:58.406Z",
    "wo_edit_closeout": false,
    "modules": "",
    "modified": "2015-08-12T16:46:58.406Z",
    "inv_req_attach": true,
    "wo_allow_backdate": false,
    "default_auth_currency": "bd4d973c-2534-454d-98c9-f3cc98cb876c",
    "default_auth_amount": "0.0000",
    "inv_wait": null,
    "wo_notes": false,
    "accept_assign": false,
    "inv_options": "new"
  },
  "model": "person.role",
  "pk": "1e749399-dcb5-4b99-9e88-40c2fbed56ac"
},
{
  "fields": {
    "msg_stored_link": false,
    "msg_copy_default": false,
    "tabs": "",
    "msg_copy_email": false,
    "create_all": false,
    "allow_approval": false,
    "msg_viewall": false,
    "inv_select_assign": "all",
    "inv_autoapprove": false,
    "dashboad_links": "",
    "proxy_set": false,
    "password_expire_alert": true,
    "password_min_length": 6,
    "group": 5,
    "default_accept_notify": true,
    "password_history_length": null,
    "inv_wo_status": null,
    "proxy_approval_bypass": false,
    "password_char_types": "DaiLYblreKthrPKZAAtMYVDnfuvfEtzpEUUSvrKZXKCemCQiJLWWPBYDrWcXMWgLWcUsvCjBSLSAhropzdwVBQgDCldVvlaJsxWU",
    "dashboad_text": "",
    "password_expire": null,
    "inv_max_approval_currency": "usd",
    "wo_show_tkt_attach": false,
    "wo_show_inactive": false,
    "deleted": null,
    "msg_address": false,
    "wo_days_backdate": null,
    "inv_max_approval_amount": 0,
    "default_accept_assign": true,
    "location_level": null,
    "accept_notify": false,
    "role_type": "Internal",
    "inv_close_wo": "Do not display",
    "name": "pOduBkjQdE",
    "created": "2015-08-12T16:46:58.208Z",
    "wo_edit_closeout": false,
    "modules": "",
    "modified": "2015-08-12T16:46:58.208Z",
    "inv_req_attach": true,
    "wo_allow_backdate": false,
    "default_auth_currency": "bd4d973c-2534-454d-98c9-f3cc98cb876c",
    "default_auth_amount": "0.0000",
    "inv_wait": null,
    "wo_notes": false,
    "accept_assign": false,
    "inv_options": "new"
  },
  "model": "person.role",
  "pk": "2080c380-e0b1-4a56-8f7c-dbd97cf3a461"
},
{
  "fields": {
    "msg_stored_link": false,
    "msg_copy_default": false,
    "tabs": "",
    "msg_copy_email": false,
    "create_all": false,
    "allow_approval": false,
    "msg_viewall": false,
    "inv_select_assign": "all",
    "inv_autoapprove": false,
    "dashboad_links": "",
    "proxy_set": false,
    "password_expire_alert": true,
    "password_min_length": 6,
    "group": 3,
    "default_accept_notify": true,
    "password_history_length": null,
    "inv_wo_status": null,
    "proxy_approval_bypass": false,
    "password_char_types": "aeHHmjLsuxczLiygPDxYpBRsnzgcSIACRWJRjtXmyZybnuhuhEhcqkwlCcoIcksxqtbvMVjnGwdLJFAaTLAoHiALKsILaaChYkDZ",
    "dashboad_text": "",
    "password_expire": null,
    "inv_max_approval_currency": "usd",
    "wo_show_tkt_attach": false,
    "wo_show_inactive": false,
    "deleted": null,
    "msg_address": false,
    "wo_days_backdate": null,
    "inv_max_approval_amount": 0,
    "default_accept_assign": true,
    "location_level": null,
    "accept_notify": false,
    "role_type": "Internal",
    "inv_close_wo": "Do not display",
    "name": "eDxNlenXOA",
    "created": "2015-08-12T16:44:16.576Z",
    "wo_edit_closeout": false,
    "modules": "",
    "modified": "2015-08-12T16:44:16.576Z",
    "inv_req_attach": true,
    "wo_allow_backdate": false,
    "default_auth_currency": "bd4d973c-2534-454d-98c9-f3cc98cb876c",
    "default_auth_amount": "0.0000",
    "inv_wait": null,
    "wo_notes": false,
    "accept_assign": false,
    "inv_options": "new"
  },
  "model": "person.role",
  "pk": "21bce1b4-bc7c-496f-973d-9bd270bb5aa3"
},
{
  "fields": {
    "msg_stored_link": false,
    "msg_copy_default": false,
    "tabs": "",
    "msg_copy_email": false,
    "create_all": false,
    "allow_approval": false,
    "msg_viewall": false,
    "inv_select_assign": "all",
    "inv_autoapprove": false,
    "dashboad_links": "",
    "proxy_set": false,
    "password_expire_alert": true,
    "password_min_length": 6,
    "group": 12,
    "default_accept_notify": true,
    "password_history_length": null,
    "inv_wo_status": null,
    "proxy_approval_bypass": false,
    "password_char_types": "PgUmzXgNGWPsYruMveNiOypsgWpDMjHwhtQRTCoynHKtxxeIAePogwmdDoYdrIoluenWJuDvLqzKGraiKnEGvGCsWbOSvjiafptH",
    "dashboad_text": "",
    "password_expire": null,
    "inv_max_approval_currency": "usd",
    "wo_show_tkt_attach": false,
    "wo_show_inactive": false,
    "deleted": null,
    "msg_address": false,
    "wo_days_backdate": null,
    "inv_max_approval_amount": 0,
    "default_accept_assign": true,
    "location_level": null,
    "accept_notify": false,
    "role_type": "Internal",
    "inv_close_wo": "Do not display",
    "name": "kzMvgNgbBq",
    "created": "2015-08-12T16:46:58.868Z",
    "wo_edit_closeout": false,
    "modules": "",
    "modified": "2015-08-12T16:46:58.868Z",
    "inv_req_attach": true,
    "wo_allow_backdate": false,
    "default_auth_currency": "bd4d973c-2534-454d-98c9-f3cc98cb876c",
    "default_auth_amount": "0.0000",
    "inv_wait": null,
    "wo_notes": false,
    "accept_assign": false,
    "inv_options": "new"
  },
  "model": "person.role",
  "pk": "29e5e122-d4dd-4a71-b58b-44a63bd6c57e"
},
{
  "fields": {
    "msg_stored_link": false,
    "msg_copy_default": false,
    "tabs": "",
    "msg_copy_email": false,
    "create_all": false,
    "allow_approval": false,
    "msg_viewall": false,
    "inv_select_assign": "all",
    "inv_autoapprove": false,
    "dashboad_links": "",
    "proxy_set": false,
    "password_expire_alert": true,
    "password_min_length": 6,
    "group": 16,
    "default_accept_notify": true,
    "password_history_length": null,
    "inv_wo_status": null,
    "proxy_approval_bypass": false,
    "password_char_types": "GWJEvuQDyPOcQqfYGJmJljSbZetmxRFZhQKjQpTWBhnIPgpMBsBNUIsOzNhdMVEaCOydelNIKAxLzRXQTfJspKsyRWajAQcovxFM",
    "dashboad_text": "",
    "password_expire": null,
    "inv_max_approval_currency": "usd",
    "wo_show_tkt_attach": false,
    "wo_show_inactive": false,
    "deleted": null,
    "msg_address": false,
    "wo_days_backdate": null,
    "inv_max_approval_amount": 0,
    "default_accept_assign": true,
    "location_level": null,
    "accept_notify": false,
    "role_type": "Internal",
    "inv_close_wo": "Do not display",
    "name": "HayWWEwJVE",
    "created": "2015-08-12T16:46:59.268Z",
    "wo_edit_closeout": false,
    "modules": "",
    "modified": "2015-08-12T16:46:59.268Z",
    "inv_req_attach": true,
    "wo_allow_backdate": false,
    "default_auth_currency": "bd4d973c-2534-454d-98c9-f3cc98cb876c",
    "default_auth_amount": "0.0000",
    "inv_wait": null,
    "wo_notes": false,
    "accept_assign": false,
    "inv_options": "new"
  },
  "model": "person.role",
  "pk": "2b2d610a-1d74-4e4c-8e70-9970c25eb665"
},
{
  "fields": {
    "msg_stored_link": false,
    "msg_copy_default": false,
    "tabs": "",
    "msg_copy_email": false,
    "create_all": false,
    "allow_approval": false,
    "msg_viewall": false,
    "inv_select_assign": "all",
    "inv_autoapprove": false,
    "dashboad_links": "",
    "proxy_set": false,
    "password_expire_alert": true,
    "password_min_length": 6,
    "group": 10,
    "default_accept_notify": true,
    "password_history_length": null,
    "inv_wo_status": null,
    "proxy_approval_bypass": false,
    "password_char_types": "vPRABtsLRDkuerswcVbkQqBpfHabKlvCytsFcbJGNCNpbImMWIPiakIqaZOmyBGznRnxEXwRcoZwQJHvzMiadQycmIeIHAoDQgdG",
    "dashboad_text": "",
    "password_expire": null,
    "inv_max_approval_currency": "usd",
    "wo_show_tkt_attach": false,
    "wo_show_inactive": false,
    "deleted": null,
    "msg_address": false,
    "wo_days_backdate": null,
    "inv_max_approval_amount": 0,
    "default_accept_assign": true,
    "location_level": null,
    "accept_notify": false,
    "role_type": "Internal",
    "inv_close_wo": "Do not display",
    "name": "KlfmwjuoVg",
    "created": "2015-08-12T16:46:58.679Z",
    "wo_edit_closeout": false,
    "modules": "",
    "modified": "2015-08-12T16:46:58.679Z",
    "inv_req_attach": true,
    "wo_allow_backdate": false,
    "default_auth_currency": "bd4d973c-2534-454d-98c9-f3cc98cb876c",
    "default_auth_amount": "0.0000",
    "inv_wait": null,
    "wo_notes": false,
    "accept_assign": false,
    "inv_options": "new"
  },
  "model": "person.role",
  "pk": "3787ed2e-000c-49a6-bb8d-9dafd78279d4"
},
{
  "fields": {
    "msg_stored_link": false,
    "msg_copy_default": false,
    "tabs": "",
    "msg_copy_email": false,
    "create_all": false,
    "allow_approval": false,
    "msg_viewall": false,
    "inv_select_assign": "all",
    "inv_autoapprove": false,
    "dashboad_links": "",
    "proxy_set": false,
    "password_expire_alert": true,
    "password_min_length": 6,
    "group": 28,
    "default_accept_notify": true,
    "password_history_length": null,
    "inv_wo_status": null,
    "proxy_approval_bypass": false,
    "password_char_types": "kUPpGKmKrTrhPbauBBhfeUhVULowqFSUOCrRfQczWoBAfMxwxCMbcunYIETStsJoDqJGFzmXFDiiGfryNKmzWLwYxbmqgloZNOor",
    "dashboad_text": "",
    "password_expire": null,
    "inv_max_approval_currency": "usd",
    "wo_show_tkt_attach": false,
    "wo_show_inactive": false,
    "deleted": null,
    "msg_address": false,
    "wo_days_backdate": null,
    "inv_max_approval_amount": 0,
    "default_accept_assign": true,
    "location_level": null,
    "accept_notify": false,
    "role_type": "Internal",
    "inv_close_wo": "Do not display",
    "name": "UaktWIjrDY",
    "created": "2015-08-12T16:47:00.444Z",
    "wo_edit_closeout": false,
    "modules": "",
    "modified": "2015-08-12T16:47:00.444Z",
    "inv_req_attach": true,
    "wo_allow_backdate": false,
    "default_auth_currency": "bd4d973c-2534-454d-98c9-f3cc98cb876c",
    "default_auth_amount": "0.0000",
    "inv_wait": null,
    "wo_notes": false,
    "accept_assign": false,
    "inv_options": "new"
  },
  "model": "person.role",
  "pk": "3a1757d1-210d-4c54-8a27-0b5dc1d7f0d2"
},
{
  "fields": {
    "msg_stored_link": false,
    "msg_copy_default": false,
    "tabs": "",
    "msg_copy_email": false,
    "create_all": false,
    "allow_approval": false,
    "msg_viewall": false,
    "inv_select_assign": "all",
    "inv_autoapprove": false,
    "dashboad_links": "",
    "proxy_set": false,
    "password_expire_alert": true,
    "password_min_length": 6,
    "group": 29,
    "default_accept_notify": true,
    "password_history_length": null,
    "inv_wo_status": null,
    "proxy_approval_bypass": false,
    "password_char_types": "AZuXhkOlnThldObcGbPNVerFnZBTSnXuJZLOjIhgnAepQRzwfZzATNCjTBzrUsdZsXLdHdANvQxHXgnnFiEqcHZAnNobBUAMRakd",
    "dashboad_text": "",
    "password_expire": null,
    "inv_max_approval_currency": "usd",
    "wo_show_tkt_attach": false,
    "wo_show_inactive": false,
    "deleted": null,
    "msg_address": false,
    "wo_days_backdate": null,
    "inv_max_approval_amount": 0,
    "default_accept_assign": true,
    "location_level": null,
    "accept_notify": false,
    "role_type": "Internal",
    "inv_close_wo": "Do not display",
    "name": "IvItJKWyPv",
    "created": "2015-08-12T16:47:00.554Z",
    "wo_edit_closeout": false,
    "modules": "",
    "modified": "2015-08-12T16:47:00.554Z",
    "inv_req_attach": true,
    "wo_allow_backdate": false,
    "default_auth_currency": "bd4d973c-2534-454d-98c9-f3cc98cb876c",
    "default_auth_amount": "0.0000",
    "inv_wait": null,
    "wo_notes": false,
    "accept_assign": false,
    "inv_options": "new"
  },
  "model": "person.role",
  "pk": "3c3ebd8e-3d4d-429f-81fd-d616327ca3ac"
},
{
  "fields": {
    "msg_stored_link": false,
    "msg_copy_default": false,
    "tabs": "",
    "msg_copy_email": false,
    "create_all": false,
    "allow_approval": false,
    "msg_viewall": false,
    "inv_select_assign": "all",
    "inv_autoapprove": false,
    "dashboad_links": "",
    "proxy_set": false,
    "password_expire_alert": true,
    "password_min_length": 6,
    "group": 14,
    "default_accept_notify": true,
    "password_history_length": null,
    "inv_wo_status": null,
    "proxy_approval_bypass": false,
    "password_char_types": "WAAUTUlWrPIffYVYcZOLrkaYKzunJOvPPNLNHBXpPBFwdJyatSsFhJojGlEhBNleyCvyTZeEsjLVPpkJPVrKHcHJxsPYlTGTiLmf",
    "dashboad_text": "",
    "password_expire": null,
    "inv_max_approval_currency": "usd",
    "wo_show_tkt_attach": false,
    "wo_show_inactive": false,
    "deleted": null,
    "msg_address": false,
    "wo_days_backdate": null,
    "inv_max_approval_amount": 0,
    "default_accept_assign": true,
    "location_level": null,
    "accept_notify": false,
    "role_type": "Internal",
    "inv_close_wo": "Do not display",
    "name": "QgnRgOAuFJ",
    "created": "2015-08-12T16:46:59.061Z",
    "wo_edit_closeout": false,
    "modules": "",
    "modified": "2015-08-12T16:46:59.061Z",
    "inv_req_attach": true,
    "wo_allow_backdate": false,
    "default_auth_currency": "bd4d973c-2534-454d-98c9-f3cc98cb876c",
    "default_auth_amount": "0.0000",
    "inv_wait": null,
    "wo_notes": false,
    "accept_assign": false,
    "inv_options": "new"
  },
  "model": "person.role",
  "pk": "4b1dd8b7-b674-4560-8264-42015d40e748"
},
{
  "fields": {
    "msg_stored_link": false,
    "msg_copy_default": false,
    "tabs": "",
    "msg_copy_email": false,
    "create_all": false,
    "allow_approval": false,
    "msg_viewall": false,
    "inv_select_assign": "all",
    "inv_autoapprove": false,
    "dashboad_links": "",
    "proxy_set": false,
    "password_expire_alert": true,
    "password_min_length": 6,
    "group": 24,
    "default_accept_notify": true,
    "password_history_length": null,
    "inv_wo_status": null,
    "proxy_approval_bypass": false,
    "password_char_types": "IClaPyDXJfaJHIFCnAOjrTIurxQeLOcLRCmXNSNcVdVQzmmBuGxxZsrPgcLJOYmzdrhgqIwHMuCvXWkggmqxLixWhlvVUjdQABFC",
    "dashboad_text": "",
    "password_expire": null,
    "inv_max_approval_currency": "usd",
    "wo_show_tkt_attach": false,
    "wo_show_inactive": false,
    "deleted": null,
    "msg_address": false,
    "wo_days_backdate": null,
    "inv_max_approval_amount": 0,
    "default_accept_assign": true,
    "location_level": null,
    "accept_notify": false,
    "role_type": "Internal",
    "inv_close_wo": "Do not display",
    "name": "gzspYIjnyF",
    "created": "2015-08-12T16:47:00.045Z",
    "wo_edit_closeout": false,
    "modules": "",
    "modified": "2015-08-12T16:47:00.045Z",
    "inv_req_attach": true,
    "wo_allow_backdate": false,
    "default_auth_currency": "bd4d973c-2534-454d-98c9-f3cc98cb876c",
    "default_auth_amount": "0.0000",
    "inv_wait": null,
    "wo_notes": false,
    "accept_assign": false,
    "inv_options": "new"
  },
  "model": "person.role",
  "pk": "56e42ff8-5293-4d00-9bad-5cfd1716d672"
},
{
  "fields": {
    "msg_stored_link": false,
    "msg_copy_default": false,
    "tabs": "",
    "msg_copy_email": false,
    "create_all": false,
    "allow_approval": false,
    "msg_viewall": false,
    "inv_select_assign": "all",
    "inv_autoapprove": false,
    "dashboad_links": "",
    "proxy_set": false,
    "password_expire_alert": true,
    "password_min_length": 6,
    "group": 11,
    "default_accept_notify": true,
    "password_history_length": null,
    "inv_wo_status": null,
    "proxy_approval_bypass": false,
    "password_char_types": "QkuGHXSiRHyQGdIMkMYQTUuuTmzdInKUbetBNFnXsFLGPUwESDczrCdeALetnrnfstkUvzxBFObGaWRgtNHOdnnygTMVRPcKLwLU",
    "dashboad_text": "",
    "password_expire": null,
    "inv_max_approval_currency": "usd",
    "wo_show_tkt_attach": false,
    "wo_show_inactive": false,
    "deleted": null,
    "msg_address": false,
    "wo_days_backdate": null,
    "inv_max_approval_amount": 0,
    "default_accept_assign": true,
    "location_level": null,
    "accept_notify": false,
    "role_type": "Internal",
    "inv_close_wo": "Do not display",
    "name": "ymrMDSVNIv",
    "created": "2015-08-12T16:46:58.777Z",
    "wo_edit_closeout": false,
    "modules": "",
    "modified": "2015-08-12T16:46:58.777Z",
    "inv_req_attach": true,
    "wo_allow_backdate": false,
    "default_auth_currency": "bd4d973c-2534-454d-98c9-f3cc98cb876c",
    "default_auth_amount": "0.0000",
    "inv_wait": null,
    "wo_notes": false,
    "accept_assign": false,
    "inv_options": "new"
  },
  "model": "person.role",
  "pk": "6a48df08-7ed6-4c7d-adef-ba010b8851b5"
},
{
  "fields": {
    "msg_stored_link": false,
    "msg_copy_default": false,
    "tabs": "",
    "msg_copy_email": false,
    "create_all": false,
    "allow_approval": false,
    "msg_viewall": false,
    "inv_select_assign": "all",
    "inv_autoapprove": false,
    "dashboad_links": "",
    "proxy_set": false,
    "password_expire_alert": true,
    "password_min_length": 6,
    "group": 23,
    "default_accept_notify": true,
    "password_history_length": null,
    "inv_wo_status": null,
    "proxy_approval_bypass": false,
    "password_char_types": "yDpqLHBKdywueRbUSxNbPPilqJXmuRzsJkOsjBADaGKqNYpEiNbxKMDCBSxVWUiuYdYJNqloxiXkIQWLWAFHrpdrXkLDMYvzeVoE",
    "dashboad_text": "",
    "password_expire": null,
    "inv_max_approval_currency": "usd",
    "wo_show_tkt_attach": false,
    "wo_show_inactive": false,
    "deleted": null,
    "msg_address": false,
    "wo_days_backdate": null,
    "inv_max_approval_amount": 0,
    "default_accept_assign": true,
    "location_level": null,
    "accept_notify": false,
    "role_type": "Internal",
    "inv_close_wo": "Do not display",
    "name": "dysTeqJyJH",
    "created": "2015-08-12T16:46:59.954Z",
    "wo_edit_closeout": false,
    "modules": "",
    "modified": "2015-08-12T16:46:59.954Z",
    "inv_req_attach": true,
    "wo_allow_backdate": false,
    "default_auth_currency": "bd4d973c-2534-454d-98c9-f3cc98cb876c",
    "default_auth_amount": "0.0000",
    "inv_wait": null,
    "wo_notes": false,
    "accept_assign": false,
    "inv_options": "new"
  },
  "model": "person.role",
  "pk": "70f30038-e609-4d1b-a78f-9885856f1fe0"
},
{
  "fields": {
    "msg_stored_link": false,
    "msg_copy_default": false,
    "tabs": "",
    "msg_copy_email": false,
    "create_all": false,
    "allow_approval": false,
    "msg_viewall": false,
    "inv_select_assign": "all",
    "inv_autoapprove": false,
    "dashboad_links": "",
    "proxy_set": false,
    "password_expire_alert": true,
    "password_min_length": 6,
    "group": 22,
    "default_accept_notify": true,
    "password_history_length": null,
    "inv_wo_status": null,
    "proxy_approval_bypass": false,
    "password_char_types": "kygTrLAZpEgLWtbdQMlLdJtMjzgwkZdHaklYlThZkqSFwtsexlPcufZNgFSTHOjkOKVkmDmIMnIWdPYmVGxBUdsnynWEHhsLiNuD",
    "dashboad_text": "",
    "password_expire": null,
    "inv_max_approval_currency": "usd",
    "wo_show_tkt_attach": false,
    "wo_show_inactive": false,
    "deleted": null,
    "msg_address": false,
    "wo_days_backdate": null,
    "inv_max_approval_amount": 0,
    "default_accept_assign": true,
    "location_level": null,
    "accept_notify": false,
    "role_type": "Internal",
    "inv_close_wo": "Do not display",
    "name": "BiNkuSONWQ",
    "created": "2015-08-12T16:46:59.858Z",
    "wo_edit_closeout": false,
    "modules": "",
    "modified": "2015-08-12T16:46:59.858Z",
    "inv_req_attach": true,
    "wo_allow_backdate": false,
    "default_auth_currency": "bd4d973c-2534-454d-98c9-f3cc98cb876c",
    "default_auth_amount": "0.0000",
    "inv_wait": null,
    "wo_notes": false,
    "accept_assign": false,
    "inv_options": "new"
  },
  "model": "person.role",
  "pk": "72118e42-cee5-4123-91d2-a487c3fe93c0"
},
{
  "fields": {
    "msg_stored_link": false,
    "msg_copy_default": false,
    "tabs": "",
    "msg_copy_email": false,
    "create_all": false,
    "allow_approval": false,
    "msg_viewall": false,
    "inv_select_assign": "all",
    "inv_autoapprove": false,
    "dashboad_links": "",
    "proxy_set": false,
    "password_expire_alert": true,
    "password_min_length": 6,
    "group": 25,
    "default_accept_notify": true,
    "password_history_length": null,
    "inv_wo_status": null,
    "proxy_approval_bypass": false,
    "password_char_types": "qocSuczPxkaooZTPPtPpFedwEBSlzNvAaTbEeqCQuwIbQBwCgLuELaEwMJjTAUNtWyiSkbyvhAFhXrBGiVOcylbLlBbgjDMEiTaW",
    "dashboad_text": "",
    "password_expire": null,
    "inv_max_approval_currency": "usd",
    "wo_show_tkt_attach": false,
    "wo_show_inactive": false,
    "deleted": null,
    "msg_address": false,
    "wo_days_backdate": null,
    "inv_max_approval_amount": 0,
    "default_accept_assign": true,
    "location_level": null,
    "accept_notify": false,
    "role_type": "Internal",
    "inv_close_wo": "Do not display",
    "name": "NvzOkDARtE",
    "created": "2015-08-12T16:47:00.142Z",
    "wo_edit_closeout": false,
    "modules": "",
    "modified": "2015-08-12T16:47:00.142Z",
    "inv_req_attach": true,
    "wo_allow_backdate": false,
    "default_auth_currency": "bd4d973c-2534-454d-98c9-f3cc98cb876c",
    "default_auth_amount": "0.0000",
    "inv_wait": null,
    "wo_notes": false,
    "accept_assign": false,
    "inv_options": "new"
  },
  "model": "person.role",
  "pk": "75ac423c-03be-4acd-9e0b-7115d2596fd6"
},
{
  "fields": {
    "msg_stored_link": false,
    "msg_copy_default": false,
    "tabs": "",
    "msg_copy_email": false,
    "create_all": false,
    "allow_approval": false,
    "msg_viewall": false,
    "inv_select_assign": "all",
    "inv_autoapprove": false,
    "dashboad_links": "",
    "proxy_set": false,
    "password_expire_alert": true,
    "password_min_length": 6,
    "group": 17,
    "default_accept_notify": true,
    "password_history_length": null,
    "inv_wo_status": null,
    "proxy_approval_bypass": false,
    "password_char_types": "YHREDJLPTzVHflaCoPrUWVkmpMSryPJPOWGytrwAoefNBvjEiXpQxbPIEbRsnzkdraGzUmuuNmTSCxYYRmfzxiSuXWbggBoSGueg",
    "dashboad_text": "",
    "password_expire": null,
    "inv_max_approval_currency": "usd",
    "wo_show_tkt_attach": false,
    "wo_show_inactive": false,
    "deleted": null,
    "msg_address": false,
    "wo_days_backdate": null,
    "inv_max_approval_amount": 0,
    "default_accept_assign": true,
    "location_level": null,
    "accept_notify": false,
    "role_type": "Internal",
    "inv_close_wo": "Do not display",
    "name": "pKoDfgxtMr",
    "created": "2015-08-12T16:46:59.371Z",
    "wo_edit_closeout": false,
    "modules": "",
    "modified": "2015-08-12T16:46:59.371Z",
    "inv_req_attach": true,
    "wo_allow_backdate": false,
    "default_auth_currency": "bd4d973c-2534-454d-98c9-f3cc98cb876c",
    "default_auth_amount": "0.0000",
    "inv_wait": null,
    "wo_notes": false,
    "accept_assign": false,
    "inv_options": "new"
  },
  "model": "person.role",
  "pk": "7702133c-ea9d-4dc7-be31-0bd4f983cc4e"
},
{
  "fields": {
    "msg_stored_link": false,
    "msg_copy_default": false,
    "tabs": "",
    "msg_copy_email": false,
    "create_all": false,
    "allow_approval": false,
    "msg_viewall": false,
    "inv_select_assign": "all",
    "inv_autoapprove": false,
    "dashboad_links": "",
    "proxy_set": false,
    "password_expire_alert": true,
    "password_min_length": 6,
    "group": 6,
    "default_accept_notify": true,
    "password_history_length": null,
    "inv_wo_status": null,
    "proxy_approval_bypass": false,
    "password_char_types": "YZCRravZjHsmvoWBrQBOrelLZQhMdnFGeLEsPqVvIyAFAQeJpknILKmDMVUTqFdXCKSfeUPynKTRPVVBHBXZheElChEEjZlCRgZx",
    "dashboad_text": "",
    "password_expire": null,
    "inv_max_approval_currency": "usd",
    "wo_show_tkt_attach": false,
    "wo_show_inactive": false,
    "deleted": null,
    "msg_address": false,
    "wo_days_backdate": null,
    "inv_max_approval_amount": 0,
    "default_accept_assign": true,
    "location_level": null,
    "accept_notify": false,
    "role_type": "Internal",
    "inv_close_wo": "Do not display",
    "name": "aFjDpwUbSO",
    "created": "2015-08-12T16:46:58.311Z",
    "wo_edit_closeout": false,
    "modules": "",
    "modified": "2015-08-12T16:46:58.311Z",
    "inv_req_attach": true,
    "wo_allow_backdate": false,
    "default_auth_currency": "bd4d973c-2534-454d-98c9-f3cc98cb876c",
    "default_auth_amount": "0.0000",
    "inv_wait": null,
    "wo_notes": false,
    "accept_assign": false,
    "inv_options": "new"
  },
  "model": "person.role",
  "pk": "8fc20571-87bc-4d41-89cf-116d5b39c639"
},
{
  "fields": {
    "msg_stored_link": false,
    "msg_copy_default": false,
    "tabs": "",
    "msg_copy_email": false,
    "create_all": false,
    "allow_approval": false,
    "msg_viewall": false,
    "inv_select_assign": "all",
    "inv_autoapprove": false,
    "dashboad_links": "",
    "proxy_set": false,
    "password_expire_alert": true,
    "password_min_length": 6,
    "group": 20,
    "default_accept_notify": true,
    "password_history_length": null,
    "inv_wo_status": null,
    "proxy_approval_bypass": false,
    "password_char_types": "BlagAhYTdUYoWYKNAuNrMNNWagJtbJIAaeOVfVWCLwhAtnOTwjIIFpMvmZrlPSIekJJGNbejsrYMdxlOsUMHTDWXAiyiAUIVTXBE",
    "dashboad_text": "",
    "password_expire": null,
    "inv_max_approval_currency": "usd",
    "wo_show_tkt_attach": false,
    "wo_show_inactive": false,
    "deleted": null,
    "msg_address": false,
    "wo_days_backdate": null,
    "inv_max_approval_amount": 0,
    "default_accept_assign": true,
    "location_level": null,
    "accept_notify": false,
    "role_type": "Internal",
    "inv_close_wo": "Do not display",
    "name": "kfDNmGTKdq",
    "created": "2015-08-12T16:46:59.664Z",
    "wo_edit_closeout": false,
    "modules": "",
    "modified": "2015-08-12T16:46:59.664Z",
    "inv_req_attach": true,
    "wo_allow_backdate": false,
    "default_auth_currency": "bd4d973c-2534-454d-98c9-f3cc98cb876c",
    "default_auth_amount": "0.0000",
    "inv_wait": null,
    "wo_notes": false,
    "accept_assign": false,
    "inv_options": "new"
  },
  "model": "person.role",
  "pk": "91a30c96-f6b0-4473-bed1-bc581bf17381"
},
{
  "fields": {
    "msg_stored_link": false,
    "msg_copy_default": false,
    "tabs": "",
    "msg_copy_email": false,
    "create_all": false,
    "allow_approval": false,
    "msg_viewall": false,
    "inv_select_assign": "all",
    "inv_autoapprove": false,
    "dashboad_links": "",
    "proxy_set": false,
    "password_expire_alert": true,
    "password_min_length": 6,
    "group": 27,
    "default_accept_notify": true,
    "password_history_length": null,
    "inv_wo_status": null,
    "proxy_approval_bypass": false,
    "password_char_types": "lDtQdWuflaWjBTTxyHHhkbrKEgpQllWQUOfOTowseNkDKfiEeStypyNhqSCMDXYstxzNcuJkbFoNuNXjbkZsxFlQCFQDNHnJadYa",
    "dashboad_text": "",
    "password_expire": null,
    "inv_max_approval_currency": "usd",
    "wo_show_tkt_attach": false,
    "wo_show_inactive": false,
    "deleted": null,
    "msg_address": false,
    "wo_days_backdate": null,
    "inv_max_approval_amount": 0,
    "default_accept_assign": true,
    "location_level": null,
    "accept_notify": false,
    "role_type": "Internal",
    "inv_close_wo": "Do not display",
    "name": "JWUwJqJqEr",
    "created": "2015-08-12T16:47:00.338Z",
    "wo_edit_closeout": false,
    "modules": "",
    "modified": "2015-08-12T16:47:00.338Z",
    "inv_req_attach": true,
    "wo_allow_backdate": false,
    "default_auth_currency": "bd4d973c-2534-454d-98c9-f3cc98cb876c",
    "default_auth_amount": "0.0000",
    "inv_wait": null,
    "wo_notes": false,
    "accept_assign": false,
    "inv_options": "new"
  },
  "model": "person.role",
  "pk": "ae920558-7bd0-4841-9574-e530d1bae698"
},
{
  "fields": {
    "msg_stored_link": false,
    "msg_copy_default": false,
    "tabs": "",
    "msg_copy_email": false,
    "create_all": false,
    "allow_approval": false,
    "msg_viewall": false,
    "inv_select_assign": "all",
    "inv_autoapprove": false,
    "dashboad_links": "",
    "proxy_set": false,
    "password_expire_alert": true,
    "password_min_length": 6,
    "group": 18,
    "default_accept_notify": true,
    "password_history_length": null,
    "inv_wo_status": null,
    "proxy_approval_bypass": false,
    "password_char_types": "VwbqRXkWZDHQSHSnGDBChLLOtXbXXUcWtBoOLoKxfVTvYucddHjZASvqBTOBCmloJHSevlmmRrwGNBmEXewLnCbPCVnTYdhwCUjH",
    "dashboad_text": "",
    "password_expire": null,
    "inv_max_approval_currency": "usd",
    "wo_show_tkt_attach": false,
    "wo_show_inactive": false,
    "deleted": null,
    "msg_address": false,
    "wo_days_backdate": null,
    "inv_max_approval_amount": 0,
    "default_accept_assign": true,
    "location_level": null,
    "accept_notify": false,
    "role_type": "Internal",
    "inv_close_wo": "Do not display",
    "name": "GdBAOOLgFS",
    "created": "2015-08-12T16:46:59.473Z",
    "wo_edit_closeout": false,
    "modules": "",
    "modified": "2015-08-12T16:46:59.473Z",
    "inv_req_attach": true,
    "wo_allow_backdate": false,
    "default_auth_currency": "bd4d973c-2534-454d-98c9-f3cc98cb876c",
    "default_auth_amount": "0.0000",
    "inv_wait": null,
    "wo_notes": false,
    "accept_assign": false,
    "inv_options": "new"
  },
  "model": "person.role",
  "pk": "b5f49244-5361-4999-88c6-613f01129cab"
},
{
  "fields": {
    "msg_stored_link": false,
    "msg_copy_default": false,
    "tabs": "",
    "msg_copy_email": false,
    "create_all": false,
    "allow_approval": false,
    "msg_viewall": false,
    "inv_select_assign": "all",
    "inv_autoapprove": false,
    "dashboad_links": "",
    "proxy_set": false,
    "password_expire_alert": true,
    "password_min_length": 6,
    "group": 19,
    "default_accept_notify": true,
    "password_history_length": null,
    "inv_wo_status": null,
    "proxy_approval_bypass": false,
    "password_char_types": "MxwGuFAIYbHKsgqoBZWKqRItFwqEwTBtxOcHvgmvwymvYPYtIVaGDpworPjfrRoUwjlSrWfOhaaPasdZkJuBBremSPUxuCIIflNT",
    "dashboad_text": "",
    "password_expire": null,
    "inv_max_approval_currency": "usd",
    "wo_show_tkt_attach": false,
    "wo_show_inactive": false,
    "deleted": null,
    "msg_address": false,
    "wo_days_backdate": null,
    "inv_max_approval_amount": 0,
    "default_accept_assign": true,
    "location_level": null,
    "accept_notify": false,
    "role_type": "Internal",
    "inv_close_wo": "Do not display",
    "name": "GJzLANtCgT",
    "created": "2015-08-12T16:46:59.572Z",
    "wo_edit_closeout": false,
    "modules": "",
    "modified": "2015-08-12T16:46:59.572Z",
    "inv_req_attach": true,
    "wo_allow_backdate": false,
    "default_auth_currency": "bd4d973c-2534-454d-98c9-f3cc98cb876c",
    "default_auth_amount": "0.0000",
    "inv_wait": null,
    "wo_notes": false,
    "accept_assign": false,
    "inv_options": "new"
  },
  "model": "person.role",
  "pk": "bf75c3d0-40cc-4398-8678-e649e3d39fdd"
},
{
  "fields": {
    "msg_stored_link": false,
    "msg_copy_default": false,
    "tabs": "",
    "msg_copy_email": false,
    "create_all": false,
    "allow_approval": false,
    "msg_viewall": false,
    "inv_select_assign": "all",
    "inv_autoapprove": false,
    "dashboad_links": "",
    "proxy_set": false,
    "password_expire_alert": true,
    "password_min_length": 6,
    "group": 21,
    "default_accept_notify": true,
    "password_history_length": null,
    "inv_wo_status": null,
    "proxy_approval_bypass": false,
    "password_char_types": "awGWLeLfKTuIzAhCvTpyKHEwsgjxFxCclJSEwuHImhNikMFRxiVlLebRTMfOZJkNrmEVKwOrrIXydmxcMHcptAMolYchkOFvmEmk",
    "dashboad_text": "",
    "password_expire": null,
    "inv_max_approval_currency": "usd",
    "wo_show_tkt_attach": false,
    "wo_show_inactive": false,
    "deleted": null,
    "msg_address": false,
    "wo_days_backdate": null,
    "inv_max_approval_amount": 0,
    "default_accept_assign": true,
    "location_level": null,
    "accept_notify": false,
    "role_type": "Internal",
    "inv_close_wo": "Do not display",
    "name": "kJaClCFBFa",
    "created": "2015-08-12T16:46:59.759Z",
    "wo_edit_closeout": false,
    "modules": "",
    "modified": "2015-08-12T16:46:59.759Z",
    "inv_req_attach": true,
    "wo_allow_backdate": false,
    "default_auth_currency": "bd4d973c-2534-454d-98c9-f3cc98cb876c",
    "default_auth_amount": "0.0000",
    "inv_wait": null,
    "wo_notes": false,
    "accept_assign": false,
    "inv_options": "new"
  },
  "model": "person.role",
  "pk": "cf4ab9a1-5f0e-4f33-a415-959bf0b7c004"
},
{
  "fields": {
    "msg_stored_link": false,
    "msg_copy_default": false,
    "tabs": "",
    "msg_copy_email": false,
    "create_all": false,
    "allow_approval": false,
    "msg_viewall": false,
    "inv_select_assign": "all",
    "inv_autoapprove": false,
    "dashboad_links": "",
    "proxy_set": false,
    "password_expire_alert": true,
    "password_min_length": 6,
    "group": 8,
    "default_accept_notify": true,
    "password_history_length": null,
    "inv_wo_status": null,
    "proxy_approval_bypass": false,
    "password_char_types": "yxYufZcOePOeTwHtdAOlddcfeaeXhPIYrkjHwolFMejJnyYIFxBvGMKDiMrjFilwPwyZkMpBYlVrdyOlpsZyFXSgdCqiPixisncP",
    "dashboad_text": "",
    "password_expire": null,
    "inv_max_approval_currency": "usd",
    "wo_show_tkt_attach": false,
    "wo_show_inactive": false,
    "deleted": null,
    "msg_address": false,
    "wo_days_backdate": null,
    "inv_max_approval_amount": 0,
    "default_accept_assign": true,
    "location_level": null,
    "accept_notify": false,
    "role_type": "Internal",
    "inv_close_wo": "Do not display",
    "name": "rzAjXiXvqT",
    "created": "2015-08-12T16:46:58.502Z",
    "wo_edit_closeout": false,
    "modules": "",
    "modified": "2015-08-12T16:46:58.502Z",
    "inv_req_attach": true,
    "wo_allow_backdate": false,
    "default_auth_currency": "bd4d973c-2534-454d-98c9-f3cc98cb876c",
    "default_auth_amount": "0.0000",
    "inv_wait": null,
    "wo_notes": false,
    "accept_assign": false,
    "inv_options": "new"
  },
  "model": "person.role",
  "pk": "d482944f-eccd-4e4f-8400-49854a7d1c7f"
},
{
  "fields": {
    "msg_stored_link": false,
    "msg_copy_default": false,
    "tabs": "",
    "msg_copy_email": false,
    "create_all": false,
    "allow_approval": false,
    "msg_viewall": false,
    "inv_select_assign": "all",
    "inv_autoapprove": false,
    "dashboad_links": "",
    "proxy_set": false,
    "password_expire_alert": true,
    "password_min_length": 6,
    "group": 4,
    "default_accept_notify": true,
    "password_history_length": null,
    "inv_wo_status": null,
    "proxy_approval_bypass": false,
    "password_char_types": "tXPItyCOWoNYybIclnsIXRMQEYxjVEBlIntGxWUhwGtMfyofXqxlolXZkinXExmssVinygnqNJiNZGzxTNqWLirthFpWMZzxSFIg",
    "dashboad_text": "",
    "password_expire": null,
    "inv_max_approval_currency": "usd",
    "wo_show_tkt_attach": false,
    "wo_show_inactive": false,
    "deleted": null,
    "msg_address": false,
    "wo_days_backdate": null,
    "inv_max_approval_amount": 0,
    "default_accept_assign": true,
    "location_level": null,
    "accept_notify": false,
    "role_type": "Internal",
    "inv_close_wo": "Do not display",
    "name": "SYpqpHaEzP",
    "created": "2015-08-12T16:44:16.680Z",
    "wo_edit_closeout": false,
    "modules": "",
    "modified": "2015-08-12T16:44:16.680Z",
    "inv_req_attach": true,
    "wo_allow_backdate": false,
    "default_auth_currency": "bd4d973c-2534-454d-98c9-f3cc98cb876c",
    "default_auth_amount": "0.0000",
    "inv_wait": null,
    "wo_notes": false,
    "accept_assign": false,
    "inv_options": "new"
  },
  "model": "person.role",
  "pk": "dac18d77-1c5b-4180-bfc5-ca031522c7ea"
},
{
  "fields": {
    "msg_stored_link": false,
    "msg_copy_default": false,
    "tabs": "",
    "msg_copy_email": false,
    "create_all": false,
    "allow_approval": false,
    "msg_viewall": false,
    "inv_select_assign": "all",
    "inv_autoapprove": false,
    "dashboad_links": "",
    "proxy_set": false,
    "password_expire_alert": true,
    "password_min_length": 6,
    "group": 1,
    "default_accept_notify": true,
    "password_history_length": null,
    "inv_wo_status": null,
    "proxy_approval_bypass": false,
    "password_char_types": "gApagnqInXaLoDyEbvZURpAJVwkwXEWELGIlnoDUIISFTYfVqEGDSIqcaLMgCqSvTdLkNLohsahZbJwFhIuODaxgkXKuOrrYLYvE",
    "dashboad_text": "",
    "password_expire": null,
    "inv_max_approval_currency": "usd",
    "wo_show_tkt_attach": false,
    "wo_show_inactive": false,
    "deleted": null,
    "msg_address": false,
    "wo_days_backdate": null,
    "inv_max_approval_amount": 0,
    "default_accept_assign": true,
    "location_level": null,
    "accept_notify": false,
    "role_type": "Internal",
    "inv_close_wo": "Do not display",
    "name": "egDxPklVjF",
    "created": "2015-08-11T16:11:45.332Z",
    "wo_edit_closeout": false,
    "modules": "",
    "modified": "2015-08-11T16:11:45.332Z",
    "inv_req_attach": true,
    "wo_allow_backdate": false,
    "default_auth_currency": "bd4d973c-2534-454d-98c9-f3cc98cb876c",
    "default_auth_amount": "0.0000",
    "inv_wait": null,
    "wo_notes": false,
    "accept_assign": false,
    "inv_options": "new"
  },
  "model": "person.role",
  "pk": "ecbb47a0-9774-49b4-9d28-d94f8691a334"
},
{
  "fields": {
    "msg_stored_link": false,
    "msg_copy_default": false,
    "tabs": "",
    "msg_copy_email": false,
    "create_all": false,
    "allow_approval": false,
    "msg_viewall": false,
    "inv_select_assign": "all",
    "inv_autoapprove": false,
    "dashboad_links": "",
    "proxy_set": false,
    "password_expire_alert": true,
    "password_min_length": 6,
    "group": 13,
    "default_accept_notify": true,
    "password_history_length": null,
    "inv_wo_status": null,
    "proxy_approval_bypass": false,
    "password_char_types": "mWGwFgkRYHANHxnzKdqgSQejnXOsmueQMJASUXUEnSghpeTNyJGVojuIwScHJdUexSxpsQZphWASKptTKXYccGkZZcpWZTxPzmLm",
    "dashboad_text": "",
    "password_expire": null,
    "inv_max_approval_currency": "usd",
    "wo_show_tkt_attach": false,
    "wo_show_inactive": false,
    "deleted": null,
    "msg_address": false,
    "wo_days_backdate": null,
    "inv_max_approval_amount": 0,
    "default_accept_assign": true,
    "location_level": null,
    "accept_notify": false,
    "role_type": "Internal",
    "inv_close_wo": "Do not display",
    "name": "AXLrawHGqi",
    "created": "2015-08-12T16:46:58.965Z",
    "wo_edit_closeout": false,
    "modules": "",
    "modified": "2015-08-12T16:46:58.965Z",
    "inv_req_attach": true,
    "wo_allow_backdate": false,
    "default_auth_currency": "bd4d973c-2534-454d-98c9-f3cc98cb876c",
    "default_auth_amount": "0.0000",
    "inv_wait": null,
    "wo_notes": false,
    "accept_assign": false,
    "inv_options": "new"
  },
  "model": "person.role",
  "pk": "ee12adc5-246a-4105-b617-0ccce1e6c7e7"
},
{
  "fields": {
    "msg_stored_link": false,
    "msg_copy_default": false,
    "tabs": "",
    "msg_copy_email": false,
    "create_all": false,
    "allow_approval": false,
    "msg_viewall": false,
    "inv_select_assign": "all",
    "inv_autoapprove": false,
    "dashboad_links": "",
    "proxy_set": false,
    "password_expire_alert": true,
    "password_min_length": 6,
    "group": 26,
    "default_accept_notify": true,
    "password_history_length": null,
    "inv_wo_status": null,
    "proxy_approval_bypass": false,
    "password_char_types": "AydTJcYYsuKJFISfOiyHIoJIoDTKJNGRxUoCthIQjvURsJCBLOYyZpetRtoFDtTvGPfvRLXEcDcVSKZXFehNKkNnKjyWbdbfMzfb",
    "dashboad_text": "",
    "password_expire": null,
    "inv_max_approval_currency": "usd",
    "wo_show_tkt_attach": false,
    "wo_show_inactive": false,
    "deleted": null,
    "msg_address": false,
    "wo_days_backdate": null,
    "inv_max_approval_amount": 0,
    "default_accept_assign": true,
    "location_level": null,
    "accept_notify": false,
    "role_type": "Internal",
    "inv_close_wo": "Do not display",
    "name": "VXSacUMUwU",
    "created": "2015-08-12T16:47:00.240Z",
    "wo_edit_closeout": false,
    "modules": "",
    "modified": "2015-08-12T16:47:00.240Z",
    "inv_req_attach": true,
    "wo_allow_backdate": false,
    "default_auth_currency": "bd4d973c-2534-454d-98c9-f3cc98cb876c",
    "default_auth_amount": "0.0000",
    "inv_wait": null,
    "wo_notes": false,
    "accept_assign": false,
    "inv_options": "new"
  },
  "model": "person.role",
  "pk": "f8fd5273-8312-4cf9-93ca-059d3128c122"
},
{
  "fields": {
    "msg_stored_link": false,
    "msg_copy_default": false,
    "tabs": "",
    "msg_copy_email": false,
    "create_all": false,
    "allow_approval": false,
    "msg_viewall": false,
    "inv_select_assign": "all",
    "inv_autoapprove": false,
    "dashboad_links": "",
    "proxy_set": false,
    "password_expire_alert": true,
    "password_min_length": 6,
    "group": 2,
    "default_accept_notify": true,
    "password_history_length": null,
    "inv_wo_status": null,
    "proxy_approval_bypass": false,
    "password_char_types": "FtGIsvbEKRsiEGgxcJEuBMbfaZmVfgwAxIPufWrzuagSDIogHlqxiSEJXCivWUXhPBzxMEUxogLpYJVgRvsEEAytwOMAHzNZusbq",
    "dashboad_text": "",
    "password_expire": null,
    "inv_max_approval_currency": "usd",
    "wo_show_tkt_attach": false,
    "wo_show_inactive": false,
    "deleted": null,
    "msg_address": false,
    "wo_days_backdate": null,
    "inv_max_approval_amount": 0,
    "default_accept_assign": true,
    "location_level": null,
    "accept_notify": false,
    "role_type": "Internal",
    "inv_close_wo": "Do not display",
    "name": "kGtDcjgTVE",
    "created": "2015-08-12T16:44:16.465Z",
    "wo_edit_closeout": false,
    "modules": "",
    "modified": "2015-08-12T16:44:16.465Z",
    "inv_req_attach": true,
    "wo_allow_backdate": false,
    "default_auth_currency": "bd4d973c-2534-454d-98c9-f3cc98cb876c",
    "default_auth_amount": "0.0000",
    "inv_wait": null,
    "wo_notes": false,
    "accept_assign": false,
    "inv_options": "new"
  },
  "model": "person.role",
  "pk": "ffd9d6fd-09ad-4ea1-9813-fedfcf290d61"
},
{
  "fields": {
    "status": "6ff0132a-965c-4cd3-8d58-6bc1d6d7af8c",
    "last_name": "",
    "proxy_start_date": null,
    "next_approver": null,
    "is_staff": false,
    "user_permissions": [],
    "proxy_end_date": null,
    "date_joined": "2015-08-12T16:46:59.665Z",
    "middle_initial": null,
    "first_name": "TMRCifQzhh",
    "employee_id": null,
    "auth_amount": "0.0000",
    "title": null,
    "is_superuser": false,
    "last_login": null,
    "location": null,
    "password_expire": null,
    "role": "91a30c96-f6b0-4473-bed1-bc581bf17381",
    "auth_currency": "bd4d973c-2534-454d-98c9-f3cc98cb876c",
    "username": "id",
    "deleted": null,
    "password_one_time": null,
    "is_active": true,
    "groups": [
      20
    ],
    "accept_notify": true,
    "password": "pbkdf2_sha256$20000$OF6jrbVHFsBm$W2JUANnPYypxhFyP9EDxCun9CZ4dBZ7rtiVwmeffe/I=",
    "proxy_status": null,
    "proxy_user": null,
    "created": "2015-08-12T16:46:59.746Z",
    "modified": "2015-08-12T16:46:59.746Z",
    "email": "myemail@mail.com",
    "accept_assign": true,
    "password_change": ""
  },
  "model": "person.person",
  "pk": "017ae5a0-1fd3-424f-9c67-0c728fb29957"
},
{
  "fields": {
    "status": "6ff0132a-965c-4cd3-8d58-6bc1d6d7af8c",
    "last_name": "",
    "proxy_start_date": null,
    "next_approver": null,
    "is_staff": false,
    "user_permissions": [],
    "proxy_end_date": null,
    "date_joined": "2015-08-11T16:11:45.334Z",
    "middle_initial": null,
    "first_name": "UWEaKEhhFg",
    "employee_id": null,
    "auth_amount": "0.0000",
    "title": "MVP",
    "is_superuser": false,
    "last_login": "2015-08-11T16:14:06.301Z",
    "location": null,
    "password_expire": null,
    "role": "ecbb47a0-9774-49b4-9d28-d94f8691a334",
    "auth_currency": "bd4d973c-2534-454d-98c9-f3cc98cb876c",
    "username": "aaron",
    "deleted": null,
    "password_one_time": null,
    "is_active": true,
    "groups": [
      1
    ],
    "accept_notify": true,
    "password": "md5$vtFVEB3tR9Ry$e8f60b26a790190cf7c369d5b20e40fd",
    "proxy_status": null,
    "proxy_user": null,
    "created": "2015-08-11T16:11:45.424Z",
    "modified": "2015-08-11T16:13:51.801Z",
    "email": "myemail@mail.com",
    "accept_assign": true,
    "password_change": ""
  },
  "model": "person.person",
  "pk": "0708a847-7fd5-489d-adb2-e6fb977ae614"
},
{
  "fields": {
    "status": "6ff0132a-965c-4cd3-8d58-6bc1d6d7af8c",
    "last_name": "",
    "proxy_start_date": null,
    "next_approver": null,
    "is_staff": false,
    "user_permissions": [],
    "proxy_end_date": null,
    "date_joined": "2015-08-12T16:46:58.966Z",
    "middle_initial": null,
    "first_name": "OfPzuikedn",
    "employee_id": null,
    "auth_amount": "0.0000",
    "title": null,
    "is_superuser": false,
    "last_login": null,
    "location": null,
    "password_expire": null,
    "role": "ee12adc5-246a-4105-b617-0ccce1e6c7e7",
    "auth_currency": "bd4d973c-2534-454d-98c9-f3cc98cb876c",
    "username": "laboris",
    "deleted": null,
    "password_one_time": null,
    "is_active": true,
    "groups": [
      13
    ],
    "accept_notify": true,
    "password": "pbkdf2_sha256$20000$H9WDeMTolI57$DlIPouXLKF7++M5sUELM+KaISzHuciGBZoTpO9hPMxI=",
    "proxy_status": null,
    "proxy_user": null,
    "created": "2015-08-12T16:46:59.046Z",
    "modified": "2015-08-12T16:46:59.046Z",
    "email": "myemail@mail.com",
    "accept_assign": true,
    "password_change": ""
  },
  "model": "person.person",
  "pk": "127b4041-0bca-40bf-b5aa-8396dd7ef2da"
},
{
  "fields": {
    "status": "6ff0132a-965c-4cd3-8d58-6bc1d6d7af8c",
    "last_name": "",
    "proxy_start_date": null,
    "next_approver": null,
    "is_staff": false,
    "user_permissions": [],
    "proxy_end_date": null,
    "date_joined": "2015-08-12T16:46:59.859Z",
    "middle_initial": null,
    "first_name": "qYeVeRszbF",
    "employee_id": null,
    "auth_amount": "0.0000",
    "title": null,
    "is_superuser": false,
    "last_login": null,
    "location": null,
    "password_expire": null,
    "role": "72118e42-cee5-4123-91d2-a487c3fe93c0",
    "auth_currency": "bd4d973c-2534-454d-98c9-f3cc98cb876c",
    "username": "adipisicing",
    "deleted": null,
    "password_one_time": null,
    "is_active": true,
    "groups": [
      22
    ],
    "accept_notify": true,
    "password": "pbkdf2_sha256$20000$O3U1eihpBhg9$++HAZgDcxeLEi2PrHAWl+IC6ff3M6RsXFZLYfaPRxZo=",
    "proxy_status": null,
    "proxy_user": null,
    "created": "2015-08-12T16:46:59.940Z",
    "modified": "2015-08-12T16:46:59.940Z",
    "email": "myemail@mail.com",
    "accept_assign": true,
    "password_change": ""
  },
  "model": "person.person",
  "pk": "19a09e68-d036-41a1-8785-4bfb1c80c2e9"
},
{
  "fields": {
    "status": "6ff0132a-965c-4cd3-8d58-6bc1d6d7af8c",
    "last_name": "",
    "proxy_start_date": null,
    "next_approver": null,
    "is_staff": false,
    "user_permissions": [],
    "proxy_end_date": null,
    "date_joined": "2015-08-12T16:47:00.446Z",
    "middle_initial": null,
    "first_name": "aWdMvitstH",
    "employee_id": null,
    "auth_amount": "0.0000",
    "title": null,
    "is_superuser": false,
    "last_login": null,
    "location": null,
    "password_expire": null,
    "role": "3a1757d1-210d-4c54-8a27-0b5dc1d7f0d2",
    "auth_currency": "bd4d973c-2534-454d-98c9-f3cc98cb876c",
    "username": "irure",
    "deleted": null,
    "password_one_time": null,
    "is_active": true,
    "groups": [
      28
    ],
    "accept_notify": true,
    "password": "pbkdf2_sha256$20000$a1shsymOWFyK$VGgBibk0piyIODeqlF3lZWSIQLgqnxNt4ehSTNmGSjA=",
    "proxy_status": null,
    "proxy_user": null,
    "created": "2015-08-12T16:47:00.541Z",
    "modified": "2015-08-12T16:47:00.541Z",
    "email": "myemail@mail.com",
    "accept_assign": true,
    "password_change": ""
  },
  "model": "person.person",
  "pk": "235bd8e9-995d-454c-8a81-8586beece49a"
},
{
  "fields": {
    "status": "6ff0132a-965c-4cd3-8d58-6bc1d6d7af8c",
    "last_name": "",
    "proxy_start_date": null,
    "next_approver": null,
    "is_staff": false,
    "user_permissions": [],
    "proxy_end_date": null,
    "date_joined": "2015-08-12T16:47:00.046Z",
    "middle_initial": null,
    "first_name": "dHLEoScNDD",
    "employee_id": null,
    "auth_amount": "0.0000",
    "title": null,
    "is_superuser": false,
    "last_login": null,
    "location": null,
    "password_expire": null,
    "role": "56e42ff8-5293-4d00-9bad-5cfd1716d672",
    "auth_currency": "bd4d973c-2534-454d-98c9-f3cc98cb876c",
    "username": "consequat.",
    "deleted": null,
    "password_one_time": null,
    "is_active": true,
    "groups": [
      24
    ],
    "accept_notify": true,
    "password": "pbkdf2_sha256$20000$ptfb55H7AanA$GJ+CWhXq+fv4jV7DOvOOklF1DGwKbBHYxknSO4jO6J4=",
    "proxy_status": null,
    "proxy_user": null,
    "created": "2015-08-12T16:47:00.129Z",
    "modified": "2015-08-12T16:47:00.129Z",
    "email": "myemail@mail.com",
    "accept_assign": true,
    "password_change": ""
  },
  "model": "person.person",
  "pk": "235c9da3-0b7a-4d82-9358-1a0e788c899b"
},
{
  "fields": {
    "status": "6ff0132a-965c-4cd3-8d58-6bc1d6d7af8c",
    "last_name": "",
    "proxy_start_date": null,
    "next_approver": null,
    "is_staff": false,
    "user_permissions": [],
    "proxy_end_date": null,
    "date_joined": "2015-08-12T16:47:00.242Z",
    "middle_initial": null,
    "first_name": "xjnXLzxiiC",
    "employee_id": null,
    "auth_amount": "0.0000",
    "title": null,
    "is_superuser": false,
    "last_login": null,
    "location": null,
    "password_expire": null,
    "role": "f8fd5273-8312-4cf9-93ca-059d3128c122",
    "auth_currency": "bd4d973c-2534-454d-98c9-f3cc98cb876c",
    "username": "dolore",
    "deleted": null,
    "password_one_time": null,
    "is_active": true,
    "groups": [
      26
    ],
    "accept_notify": true,
    "password": "pbkdf2_sha256$20000$NFcOkPhe340T$B50cgvKiT4g3nJtyHMNtJ+qCFndGz5I35dT38TuvBJU=",
    "proxy_status": null,
    "proxy_user": null,
    "created": "2015-08-12T16:47:00.324Z",
    "modified": "2015-08-12T16:47:00.324Z",
    "email": "myemail@mail.com",
    "accept_assign": true,
    "password_change": ""
  },
  "model": "person.person",
  "pk": "448bbd74-9a80-4c82-85cc-af00fc9ac68c"
},
{
  "fields": {
    "status": "6ff0132a-965c-4cd3-8d58-6bc1d6d7af8c",
    "last_name": "",
    "proxy_start_date": null,
    "next_approver": null,
    "is_staff": false,
    "user_permissions": [],
    "proxy_end_date": null,
    "date_joined": "2015-08-12T16:44:16.578Z",
    "middle_initial": null,
    "first_name": "lopPwqkcBs",
    "employee_id": null,
    "auth_amount": "0.0000",
    "title": null,
    "is_superuser": false,
    "last_login": null,
    "location": null,
    "password_expire": null,
    "role": "21bce1b4-bc7c-496f-973d-9bd270bb5aa3",
    "auth_currency": "bd4d973c-2534-454d-98c9-f3cc98cb876c",
    "username": "enim",
    "deleted": null,
    "password_one_time": null,
    "is_active": true,
    "groups": [
      3
    ],
    "accept_notify": true,
    "password": "pbkdf2_sha256$20000$4WICs4HoNnO6$7ktIV61d1lRcj3VopFZSziXOO1qlVy9t6FbzIKkA15s=",
    "proxy_status": null,
    "proxy_user": null,
    "created": "2015-08-12T16:44:16.666Z",
    "modified": "2015-08-12T16:44:16.666Z",
    "email": "myemail@mail.com",
    "accept_assign": true,
    "password_change": ""
  },
  "model": "person.person",
  "pk": "4a3ca1ad-e409-488f-acd8-70e2f8c240bb"
},
{
  "fields": {
    "status": "6ff0132a-965c-4cd3-8d58-6bc1d6d7af8c",
    "last_name": "",
    "proxy_start_date": null,
    "next_approver": null,
    "is_staff": false,
    "user_permissions": [],
    "proxy_end_date": null,
    "date_joined": "2015-08-12T16:46:58.504Z",
    "middle_initial": null,
    "first_name": "VNfHrByiMq",
    "employee_id": null,
    "auth_amount": "0.0000",
    "title": null,
    "is_superuser": false,
    "last_login": null,
    "location": null,
    "password_expire": null,
    "role": "d482944f-eccd-4e4f-8400-49854a7d1c7f",
    "auth_currency": "bd4d973c-2534-454d-98c9-f3cc98cb876c",
    "username": "veniam,",
    "deleted": null,
    "password_one_time": null,
    "is_active": true,
    "groups": [
      8
    ],
    "accept_notify": true,
    "password": "pbkdf2_sha256$20000$X33cCo35I5zz$6/XprKth2ei/OAQXIDuSjhLGXCZs6ZKM0UnBtDjT3zo=",
    "proxy_status": null,
    "proxy_user": null,
    "created": "2015-08-12T16:46:58.581Z",
    "modified": "2015-08-12T16:46:58.581Z",
    "email": "myemail@mail.com",
    "accept_assign": true,
    "password_change": ""
  },
  "model": "person.person",
  "pk": "7476b5de-9b39-482e-b51b-38e47d982f04"
},
{
  "fields": {
    "status": "6ff0132a-965c-4cd3-8d58-6bc1d6d7af8c",
    "last_name": "",
    "proxy_start_date": null,
    "next_approver": null,
    "is_staff": false,
    "user_permissions": [],
    "proxy_end_date": null,
    "date_joined": "2015-08-12T16:46:58.312Z",
    "middle_initial": null,
    "first_name": "ABibWwspQa",
    "employee_id": null,
    "auth_amount": "0.0000",
    "title": null,
    "is_superuser": false,
    "last_login": null,
    "location": null,
    "password_expire": null,
    "role": "8fc20571-87bc-4d41-89cf-116d5b39c639",
    "auth_currency": "bd4d973c-2534-454d-98c9-f3cc98cb876c",
    "username": "ea",
    "deleted": null,
    "password_one_time": null,
    "is_active": true,
    "groups": [
      6
    ],
    "accept_notify": true,
    "password": "pbkdf2_sha256$20000$aNcJtggEWiww$NcQxuqNXAwJA7g5jEC/T+IUg9CKrzYPNhv+IfVLUdSQ=",
    "proxy_status": null,
    "proxy_user": null,
    "created": "2015-08-12T16:46:58.390Z",
    "modified": "2015-08-12T16:46:58.390Z",
    "email": "myemail@mail.com",
    "accept_assign": true,
    "password_change": ""
  },
  "model": "person.person",
  "pk": "a1d0dfcc-48b8-42ce-ad99-df051f2636a3"
},
{
  "fields": {
    "status": "6ff0132a-965c-4cd3-8d58-6bc1d6d7af8c",
    "last_name": "",
    "proxy_start_date": null,
    "next_approver": null,
    "is_staff": false,
    "user_permissions": [],
    "proxy_end_date": null,
    "date_joined": "2015-08-12T16:46:59.269Z",
    "middle_initial": null,
    "first_name": "RRttiVNfuI",
    "employee_id": null,
    "auth_amount": "0.0000",
    "title": null,
    "is_superuser": false,
    "last_login": null,
    "location": null,
    "password_expire": null,
    "role": "2b2d610a-1d74-4e4c-8e70-9970c25eb665",
    "auth_currency": "bd4d973c-2534-454d-98c9-f3cc98cb876c",
    "username": "anim",
    "deleted": null,
    "password_one_time": null,
    "is_active": true,
    "groups": [
      16
    ],
    "accept_notify": true,
    "password": "pbkdf2_sha256$20000$AztvrF2n9CJ0$xBuuy3aAJCmzd6HJy1qxI0hdRwzvKhlndmOOV7vs1i4=",
    "proxy_status": null,
    "proxy_user": null,
    "created": "2015-08-12T16:46:59.357Z",
    "modified": "2015-08-12T16:46:59.357Z",
    "email": "myemail@mail.com",
    "accept_assign": true,
    "password_change": ""
  },
  "model": "person.person",
  "pk": "a65a5123-ccf9-4461-af88-82a122e2a060"
},
{
  "fields": {
    "status": "6ff0132a-965c-4cd3-8d58-6bc1d6d7af8c",
    "last_name": "",
    "proxy_start_date": null,
    "next_approver": null,
    "is_staff": false,
    "user_permissions": [],
    "proxy_end_date": null,
    "date_joined": "2015-08-12T16:46:59.475Z",
    "middle_initial": null,
    "first_name": "mPAMLenrxR",
    "employee_id": null,
    "auth_amount": "0.0000",
    "title": null,
    "is_superuser": false,
    "last_login": null,
    "location": null,
    "password_expire": null,
    "role": "b5f49244-5361-4999-88c6-613f01129cab",
    "auth_currency": "bd4d973c-2534-454d-98c9-f3cc98cb876c",
    "username": "ipsum",
    "deleted": null,
    "password_one_time": null,
    "is_active": true,
    "groups": [
      18
    ],
    "accept_notify": true,
    "password": "pbkdf2_sha256$20000$1RDM6ax6BdyY$h/RYPDcknQVYCQ6kd5yzyhL7+jqMIrfkdEA4rgAJ/8M=",
    "proxy_status": null,
    "proxy_user": null,
    "created": "2015-08-12T16:46:59.560Z",
    "modified": "2015-08-12T16:46:59.560Z",
    "email": "myemail@mail.com",
    "accept_assign": true,
    "password_change": ""
  },
  "model": "person.person",
  "pk": "a784aa97-a0b4-4b39-88c9-f5386b302342"
},
{
  "fields": {
    "status": "6ff0132a-965c-4cd3-8d58-6bc1d6d7af8c",
    "last_name": "",
    "proxy_start_date": null,
    "next_approver": null,
    "is_staff": false,
    "user_permissions": [],
    "proxy_end_date": null,
    "date_joined": "2015-08-12T16:46:59.760Z",
    "middle_initial": null,
    "first_name": "GNtcwXIwgq",
    "employee_id": null,
    "auth_amount": "0.0000",
    "title": null,
    "is_superuser": false,
    "last_login": null,
    "location": null,
    "password_expire": null,
    "role": "cf4ab9a1-5f0e-4f33-a415-959bf0b7c004",
    "auth_currency": "bd4d973c-2534-454d-98c9-f3cc98cb876c",
    "username": "exercitation",
    "deleted": null,
    "password_one_time": null,
    "is_active": true,
    "groups": [
      21
    ],
    "accept_notify": true,
    "password": "pbkdf2_sha256$20000$rjoLzKxnQik1$+Tkt8TECz7LH3B3N5tZ6TtUYI6DOoG6EBhwdezCVWPI=",
    "proxy_status": null,
    "proxy_user": null,
    "created": "2015-08-12T16:46:59.844Z",
    "modified": "2015-08-12T16:46:59.844Z",
    "email": "myemail@mail.com",
    "accept_assign": true,
    "password_change": ""
  },
  "model": "person.person",
  "pk": "bd91f507-8951-4029-9040-e550bc7f945e"
},
{
  "fields": {
    "status": "6ff0132a-965c-4cd3-8d58-6bc1d6d7af8c",
    "last_name": "",
    "proxy_start_date": null,
    "next_approver": null,
    "is_staff": false,
    "user_permissions": [],
    "proxy_end_date": null,
    "date_joined": "2015-08-12T16:47:00.556Z",
    "middle_initial": null,
    "first_name": "LDTzXElhLC",
    "employee_id": null,
    "auth_amount": "0.0000",
    "title": null,
    "is_superuser": false,
    "last_login": null,
    "location": null,
    "password_expire": null,
    "role": "3c3ebd8e-3d4d-429f-81fd-d616327ca3ac",
    "auth_currency": "bd4d973c-2534-454d-98c9-f3cc98cb876c",
    "username": "nostrud",
    "deleted": null,
    "password_one_time": null,
    "is_active": true,
    "groups": [
      29
    ],
    "accept_notify": true,
    "password": "pbkdf2_sha256$20000$vv7H5tfdZazN$rBbuPWA6kEP23Dcx1gKDgrnTkX6YBujNYmaOtKK7xM4=",
    "proxy_status": null,
    "proxy_user": null,
    "created": "2015-08-12T16:47:00.645Z",
    "modified": "2015-08-12T16:47:00.645Z",
    "email": "myemail@mail.com",
    "accept_assign": true,
    "password_change": ""
  },
  "model": "person.person",
  "pk": "bdf63b19-7c4f-47ab-b7ad-1e1f0ccc4d25"
},
{
  "fields": {
    "status": "6ff0132a-965c-4cd3-8d58-6bc1d6d7af8c",
    "last_name": "",
    "proxy_start_date": null,
    "next_approver": null,
    "is_staff": false,
    "user_permissions": [],
    "proxy_end_date": null,
    "date_joined": "2015-08-12T16:46:58.681Z",
    "middle_initial": null,
    "first_name": "BeVuBMnDor",
    "employee_id": null,
    "auth_amount": "0.0000",
    "title": null,
    "is_superuser": false,
    "last_login": null,
    "location": null,
    "password_expire": null,
    "role": "3787ed2e-000c-49a6-bb8d-9dafd78279d4",
    "auth_currency": "bd4d973c-2534-454d-98c9-f3cc98cb876c",
    "username": "deserunt",
    "deleted": null,
    "password_one_time": null,
    "is_active": true,
    "groups": [
      10
    ],
    "accept_notify": true,
    "password": "pbkdf2_sha256$20000$LvIsFLnfQDeQ$MBOe1QkVsf0bzgG9P7ofu82AmtamC/+xKZYuQY6CFJk=",
    "proxy_status": null,
    "proxy_user": null,
    "created": "2015-08-12T16:46:58.764Z",
    "modified": "2015-08-12T16:46:58.764Z",
    "email": "myemail@mail.com",
    "accept_assign": true,
    "password_change": ""
  },
  "model": "person.person",
  "pk": "d45146a3-6f71-47c7-852a-7ba9c95e3002"
},
{
  "fields": {
    "status": "6ff0132a-965c-4cd3-8d58-6bc1d6d7af8c",
    "last_name": "",
    "proxy_start_date": null,
    "next_approver": null,
    "is_staff": false,
    "user_permissions": [],
    "proxy_end_date": null,
    "date_joined": "2015-08-12T16:46:58.870Z",
    "middle_initial": null,
    "first_name": "SMhIFkpzyC",
    "employee_id": null,
    "auth_amount": "0.0000",
    "title": null,
    "is_superuser": false,
    "last_login": null,
    "location": null,
    "password_expire": null,
    "role": "29e5e122-d4dd-4a71-b58b-44a63bd6c57e",
    "auth_currency": "bd4d973c-2534-454d-98c9-f3cc98cb876c",
    "username": "proident,",
    "deleted": null,
    "password_one_time": null,
    "is_active": true,
    "groups": [
      12
    ],
    "accept_notify": true,
    "password": "pbkdf2_sha256$20000$eXJ4haMCcfdy$beN+vCzPd2cD7IF3OffkNXrjBU8zAAi1zwK0e1+TxB4=",
    "proxy_status": null,
    "proxy_user": null,
    "created": "2015-08-12T16:46:58.953Z",
    "modified": "2015-08-12T16:46:58.953Z",
    "email": "myemail@mail.com",
    "accept_assign": true,
    "password_change": ""
  },
  "model": "person.person",
  "pk": "d538b84a-c902-44f0-805b-95b59a09386a"
},
{
  "fields": {
    "status": "6ff0132a-965c-4cd3-8d58-6bc1d6d7af8c",
    "last_name": "",
    "proxy_start_date": null,
    "next_approver": null,
    "is_staff": false,
    "user_permissions": [],
    "proxy_end_date": null,
    "date_joined": "2015-08-12T16:46:59.158Z",
    "middle_initial": null,
    "first_name": "aPrcForKhe",
    "employee_id": null,
    "auth_amount": "0.0000",
    "title": null,
    "is_superuser": false,
    "last_login": null,
    "location": null,
    "password_expire": null,
    "role": "118ea8a5-d52d-44f4-afee-c1e63e7d7296",
    "auth_currency": "bd4d973c-2534-454d-98c9-f3cc98cb876c",
    "username": "eu",
    "deleted": null,
    "password_one_time": null,
    "is_active": true,
    "groups": [
      15
    ],
    "accept_notify": true,
    "password": "pbkdf2_sha256$20000$px36FLMpn87y$UYHzkAb15NyjECM4GJ+wTTdrJ/dUtSQRfxnz7FLX9gI=",
    "proxy_status": null,
    "proxy_user": null,
    "created": "2015-08-12T16:46:59.255Z",
    "modified": "2015-08-12T16:46:59.255Z",
    "email": "myemail@mail.com",
    "accept_assign": true,
    "password_change": ""
  },
  "model": "person.person",
  "pk": "d6b3bc43-590c-41e4-b180-5b55b71da642"
},
{
  "fields": {
    "status": "6ff0132a-965c-4cd3-8d58-6bc1d6d7af8c",
    "last_name": "",
    "proxy_start_date": null,
    "next_approver": null,
    "is_staff": false,
    "user_permissions": [],
    "proxy_end_date": null,
    "date_joined": "2015-08-12T16:46:58.778Z",
    "middle_initial": null,
    "first_name": "dfNaZVNecj",
    "employee_id": null,
    "auth_amount": "0.0000",
    "title": null,
    "is_superuser": false,
    "last_login": null,
    "location": null,
    "password_expire": null,
    "role": "6a48df08-7ed6-4c7d-adef-ba010b8851b5",
    "auth_currency": "bd4d973c-2534-454d-98c9-f3cc98cb876c",
    "username": "elit,",
    "deleted": null,
    "password_one_time": null,
    "is_active": true,
    "groups": [
      11
    ],
    "accept_notify": true,
    "password": "pbkdf2_sha256$20000$ZZKTxUOzYzPw$2KnrifnxcIq1KIhC06c+BLeGhb1ZnKp/kZlx57PS6SM=",
    "proxy_status": null,
    "proxy_user": null,
    "created": "2015-08-12T16:46:58.856Z",
    "modified": "2015-08-12T16:46:58.856Z",
    "email": "myemail@mail.com",
    "accept_assign": true,
    "password_change": ""
  },
  "model": "person.person",
  "pk": "d80cddc1-84f9-437c-89e0-33795b1bd416"
},
{
  "fields": {
    "status": "6ff0132a-965c-4cd3-8d58-6bc1d6d7af8c",
    "last_name": "",
    "proxy_start_date": null,
    "next_approver": null,
    "is_staff": false,
    "user_permissions": [],
    "proxy_end_date": null,
    "date_joined": "2015-08-12T16:46:58.210Z",
    "middle_initial": null,
    "first_name": "TVkljZEKXe",
    "employee_id": null,
    "auth_amount": "0.0000",
    "title": null,
    "is_superuser": false,
    "last_login": null,
    "location": null,
    "password_expire": null,
    "role": "2080c380-e0b1-4a56-8f7c-dbd97cf3a461",
    "auth_currency": "bd4d973c-2534-454d-98c9-f3cc98cb876c",
    "username": "quis",
    "deleted": null,
    "password_one_time": null,
    "is_active": true,
    "groups": [
      5
    ],
    "accept_notify": true,
    "password": "pbkdf2_sha256$20000$gnjMayTBSAv1$4vcD5+uqpJPZSlHDNhwn0ZCaxrZLNRcuOl37LpMBqLo=",
    "proxy_status": null,
    "proxy_user": null,
    "created": "2015-08-12T16:46:58.296Z",
    "modified": "2015-08-12T16:46:58.296Z",
    "email": "myemail@mail.com",
    "accept_assign": true,
    "password_change": ""
  },
  "model": "person.person",
  "pk": "e00afda2-4d17-40e3-a771-902c76edec43"
},
{
  "fields": {
    "status": "6ff0132a-965c-4cd3-8d58-6bc1d6d7af8c",
    "last_name": "",
    "proxy_start_date": null,
    "next_approver": null,
    "is_staff": false,
    "user_permissions": [],
    "proxy_end_date": null,
    "date_joined": "2015-08-12T16:46:59.062Z",
    "middle_initial": null,
    "first_name": "BviNTkttCN",
    "employee_id": null,
    "auth_amount": "0.0000",
    "title": null,
    "is_superuser": false,
    "last_login": null,
    "location": null,
    "password_expire": null,
    "role": "4b1dd8b7-b674-4560-8264-42015d40e748",
    "auth_currency": "bd4d973c-2534-454d-98c9-f3cc98cb876c",
    "username": "occaecat",
    "deleted": null,
    "password_one_time": null,
    "is_active": true,
    "groups": [
      14
    ],
    "accept_notify": true,
    "password": "pbkdf2_sha256$20000$cfHSanj2wKIh$gW0rTarRgbYDVTBeU+fxWKaRVfTiLBObSl6WyJF1yMY=",
    "proxy_status": null,
    "proxy_user": null,
    "created": "2015-08-12T16:46:59.145Z",
    "modified": "2015-08-12T16:46:59.145Z",
    "email": "myemail@mail.com",
    "accept_assign": true,
    "password_change": ""
  },
  "model": "person.person",
  "pk": "e45f488f-d782-44fe-baa0-22102aecb86d"
},
{
  "fields": {
    "status": "6ff0132a-965c-4cd3-8d58-6bc1d6d7af8c",
    "last_name": "",
    "proxy_start_date": null,
    "next_approver": null,
    "is_staff": false,
    "user_permissions": [],
    "proxy_end_date": null,
    "date_joined": "2015-08-12T16:44:16.468Z",
    "middle_initial": null,
    "first_name": "zvStoemSQm",
    "employee_id": null,
    "auth_amount": "0.0000",
    "title": null,
    "is_superuser": false,
    "last_login": null,
    "location": null,
    "password_expire": null,
    "role": "ffd9d6fd-09ad-4ea1-9813-fedfcf290d61",
    "auth_currency": "bd4d973c-2534-454d-98c9-f3cc98cb876c",
    "username": "incididunt",
    "deleted": null,
    "password_one_time": null,
    "is_active": true,
    "groups": [
      2
    ],
    "accept_notify": true,
    "password": "pbkdf2_sha256$20000$yVezLXcrbahm$LcJtyPBwO5zPbR8g99UGeViM1X7cfETwGT8nUH5jeu0=",
    "proxy_status": null,
    "proxy_user": null,
    "created": "2015-08-12T16:44:16.556Z",
    "modified": "2015-08-12T16:44:16.556Z",
    "email": "myemail@mail.com",
    "accept_assign": true,
    "password_change": ""
  },
  "model": "person.person",
  "pk": "ebdad122-e2e1-4be0-bf97-886c4feda214"
},
{
  "fields": {
    "status": "6ff0132a-965c-4cd3-8d58-6bc1d6d7af8c",
    "last_name": "",
    "proxy_start_date": null,
    "next_approver": null,
    "is_staff": false,
    "user_permissions": [],
    "proxy_end_date": null,
    "date_joined": "2015-08-12T16:46:59.573Z",
    "middle_initial": null,
    "first_name": "nAvEhvYwQP",
    "employee_id": null,
    "auth_amount": "0.0000",
    "title": null,
    "is_superuser": false,
    "last_login": null,
    "location": null,
    "password_expire": null,
    "role": "bf75c3d0-40cc-4398-8678-e649e3d39fdd",
    "auth_currency": "bd4d973c-2534-454d-98c9-f3cc98cb876c",
    "username": "fugiat",
    "deleted": null,
    "password_one_time": null,
    "is_active": true,
    "groups": [
      19
    ],
    "accept_notify": true,
    "password": "pbkdf2_sha256$20000$3tIrrtDGzyAm$BLTBAGOScEOvX6WHTDZfxrzm/K8aPLNLRBPX6aLdwzI=",
    "proxy_status": null,
    "proxy_user": null,
    "created": "2015-08-12T16:46:59.651Z",
    "modified": "2015-08-12T16:46:59.651Z",
    "email": "myemail@mail.com",
    "accept_assign": true,
    "password_change": ""
  },
  "model": "person.person",
  "pk": "f124d429-b578-41cf-9d01-5c3b785e32ae"
},
{
  "fields": {
    "status": "6ff0132a-965c-4cd3-8d58-6bc1d6d7af8c",
    "last_name": "",
    "proxy_start_date": null,
    "next_approver": null,
    "is_staff": false,
    "user_permissions": [],
    "proxy_end_date": null,
    "date_joined": "2015-08-12T16:46:58.407Z",
    "middle_initial": null,
    "first_name": "owLTBEyxkV",
    "employee_id": null,
    "auth_amount": "0.0000",
    "title": null,
    "is_superuser": false,
    "last_login": null,
    "location": null,
    "password_expire": null,
    "role": "1e749399-dcb5-4b99-9e88-40c2fbed56ac",
    "auth_currency": "bd4d973c-2534-454d-98c9-f3cc98cb876c",
    "username": "reprehenderit",
    "deleted": null,
    "password_one_time": null,
    "is_active": true,
    "groups": [
      7
    ],
    "accept_notify": true,
    "password": "pbkdf2_sha256$20000$4BnOaunNooqj$o0fjrdNlNzogB2Dgio1bajO5Pd5fEOnLWCYnzFS6UOI=",
    "proxy_status": null,
    "proxy_user": null,
    "created": "2015-08-12T16:46:58.488Z",
    "modified": "2015-08-12T16:46:58.488Z",
    "email": "myemail@mail.com",
    "accept_assign": true,
    "password_change": ""
  },
  "model": "person.person",
  "pk": "f37c8f78-29b4-4e5d-a864-0696f75e50d9"
}
]
