[
{
  "fields": {
    "model": "logentry",
    "app_label": "admin"
  },
  "model": "contenttypes.contenttype",
  "pk": 1
},
{
  "fields": {
    "model": "permission",
    "app_label": "auth"
  },
  "model": "contenttypes.contenttype",
  "pk": 2
},
{
  "fields": {
    "model": "group",
    "app_label": "auth"
  },
  "model": "contenttypes.contenttype",
  "pk": 3
},
{
  "fields": {
    "model": "contenttype",
    "app_label": "contenttypes"
  },
  "model": "contenttypes.contenttype",
  "pk": 4
},
{
  "fields": {
    "model": "session",
    "app_label": "sessions"
  },
  "model": "contenttypes.contenttype",
  "pk": 5
},
{
  "fields": {
    "model": "site",
    "app_label": "sites"
  },
  "model": "contenttypes.contenttype",
  "pk": 6
},
{
  "fields": {
    "model": "flatpage",
    "app_label": "flatpages"
  },
  "model": "contenttypes.contenttype",
  "pk": 7
},
{
  "fields": {
    "model": "corsmodel",
    "app_label": "corsheaders"
  },
  "model": "contenttypes.contenttype",
  "pk": 8
},
{
  "fields": {
    "model": "currency",
    "app_label": "accounting"
  },
  "model": "contenttypes.contenttype",
  "pk": 9
},
{
  "fields": {
    "model": "category",
    "app_label": "category"
  },
  "model": "contenttypes.contenttype",
  "pk": 10
},
{
  "fields": {
    "model": "phonenumbertype",
    "app_label": "contact"
  },
  "model": "contenttypes.contenttype",
  "pk": 11
},
{
  "fields": {
    "model": "phonenumber",
    "app_label": "contact"
  },
  "model": "contenttypes.contenttype",
  "pk": 12
},
{
  "fields": {
    "model": "addresstype",
    "app_label": "contact"
  },
  "model": "contenttypes.contenttype",
  "pk": 13
},
{
  "fields": {
    "model": "address",
    "app_label": "contact"
  },
  "model": "contenttypes.contenttype",
  "pk": 14
},
{
  "fields": {
    "model": "emailtype",
    "app_label": "contact"
  },
  "model": "contenttypes.contenttype",
  "pk": 15
},
{
  "fields": {
    "model": "email",
    "app_label": "contact"
  },
  "model": "contenttypes.contenttype",
  "pk": 16
},
{
  "fields": {
    "model": "locationlevel",
    "app_label": "location"
  },
  "model": "contenttypes.contenttype",
  "pk": 17
},
{
  "fields": {
    "model": "locationstatus",
    "app_label": "location"
  },
  "model": "contenttypes.contenttype",
  "pk": 18
},
{
  "fields": {
    "model": "locationtype",
    "app_label": "location"
  },
  "model": "contenttypes.contenttype",
  "pk": 19
},
{
  "fields": {
    "model": "location",
    "app_label": "location"
  },
  "model": "contenttypes.contenttype",
  "pk": 20
},
{
  "fields": {
    "model": "role",
    "app_label": "person"
  },
  "model": "contenttypes.contenttype",
  "pk": 21
},
{
  "fields": {
    "model": "proxyrole",
    "app_label": "person"
  },
  "model": "contenttypes.contenttype",
  "pk": 22
},
{
  "fields": {
    "model": "personstatus",
    "app_label": "person"
  },
  "model": "contenttypes.contenttype",
  "pk": 23
},
{
  "fields": {
    "model": "person",
    "app_label": "person"
  },
  "model": "contenttypes.contenttype",
  "pk": 24
},
{
  "fields": {
    "model": "locale",
    "app_label": "translation"
  },
  "model": "contenttypes.contenttype",
  "pk": 25
},
{
  "fields": {
    "model": "translation",
    "app_label": "translation"
  },
  "model": "contenttypes.contenttype",
  "pk": 26
},
{
  "fields": {
    "model": "tester",
    "app_label": "util"
  },
  "model": "contenttypes.contenttype",
  "pk": 27
},
{
  "fields": {
    "model": "mainsetting",
    "app_label": "util"
  },
  "model": "contenttypes.contenttype",
  "pk": 28
},
{
  "fields": {
    "model": "customsetting",
    "app_label": "util"
  },
  "model": "contenttypes.contenttype",
  "pk": 29
},
{
  "fields": {
    "model": "state",
    "app_label": "util"
  },
  "model": "contenttypes.contenttype",
  "pk": 30
},
{
  "fields": {
    "model": "workorderstatus",
    "app_label": "order"
  },
  "model": "contenttypes.contenttype",
  "pk": 31
},
{
  "fields": {
    "model": "workorder",
    "app_label": "order"
  },
  "model": "contenttypes.contenttype",
  "pk": 32
},
{
  "fields": {
    "domain": "example.com",
    "name": "example.com"
  },
  "model": "sites.site",
  "pk": 1
},
{
  "fields": {
    "code": "usd",
    "name": "US Dollar",
    "created": "2015-08-26T18:27:41.066Z",
    "deleted": null,
    "symbol": "$",
    "format": "$00.00",
    "modified": "2015-08-26T18:27:41.066Z"
  },
  "model": "accounting.currency",
  "pk": "76584047-a8d9-4e88-985f-bfb4e163a1f4"
},
{
  "fields": {
    "deleted": null,
    "children": [
      "21174e02-8c56-43a7-9dcc-fde593553845"
    ],
    "modified": "2015-08-26T18:27:41.007Z",
    "name": "district",
    "created": "2015-08-26T18:27:41.007Z"
  },
  "model": "location.locationlevel",
  "pk": "0f8b8e6f-6e72-4637-8d40-38ce2c7c1ab2"
},
{
  "fields": {
    "deleted": null,
    "children": [
      "8941bf73-e5ed-4280-b6ce-81b468949eaf"
    ],
    "modified": "2015-08-26T18:27:41.010Z",
    "name": "store",
    "created": "2015-08-26T18:27:41.010Z"
  },
  "model": "location.locationlevel",
  "pk": "21174e02-8c56-43a7-9dcc-fde593553845"
},
{
  "fields": {
    "deleted": null,
    "children": [
      "0f8b8e6f-6e72-4637-8d40-38ce2c7c1ab2",
      "98fd16fc-4191-4690-9305-7905bfa11f89"
    ],
    "modified": "2015-08-26T18:27:41.006Z",
    "name": "region",
    "created": "2015-08-26T18:27:41.005Z"
  },
  "model": "location.locationlevel",
  "pk": "87fb4e28-c5c0-4ed0-b889-3f84ef1e0dbd"
},
{
  "fields": {
    "deleted": null,
    "children": [],
    "modified": "2015-08-26T18:27:41.012Z",
    "name": "department",
    "created": "2015-08-26T18:27:41.012Z"
  },
  "model": "location.locationlevel",
  "pk": "8941bf73-e5ed-4280-b6ce-81b468949eaf"
},
{
  "fields": {
    "deleted": null,
    "children": [],
    "modified": "2015-08-26T18:27:41.009Z",
    "name": "district_lp",
    "created": "2015-08-26T18:27:41.009Z"
  },
  "model": "location.locationlevel",
  "pk": "98fd16fc-4191-4690-9305-7905bfa11f89"
},
{
  "fields": {
    "deleted": null,
    "modified": "2015-08-26T18:27:41.028Z",
    "name": "Open",
    "created": "2015-08-26T18:27:41.028Z"
  },
  "model": "location.locationstatus",
  "pk": "f13b5bc2-2581-4581-b0d9-300fb15808f4"
},
{
  "fields": {
    "deleted": null,
    "modified": "2015-08-26T18:27:41.031Z",
    "name": "big_store",
    "created": "2015-08-26T18:27:41.031Z"
  },
  "model": "location.locationtype",
  "pk": "132aee41-38a8-470b-94bd-6160f52b7a7f"
},
{
  "fields": {
    "status": "f13b5bc2-2581-4581-b0d9-300fb15808f4",
    "name": "ca",
    "created": "2015-08-26T18:27:41.038Z",
    "deleted": null,
    "modified": "2015-08-26T18:27:41.038Z",
    "number": "dEDOJJKZZwsNYfySeReAsnTFqMuvbIYogkigTmOGDtXsOqvzwH",
    "location_level": "0f8b8e6f-6e72-4637-8d40-38ce2c7c1ab2",
    "type": "132aee41-38a8-470b-94bd-6160f52b7a7f",
    "children": [
      "a7969307-aaf5-4a70-a6f2-7e12c92a97ec",
      "3b231ba3-fdab-4428-838d-64ae136b2f9f"
    ]
  },
  "model": "location.location",
  "pk": "0db7209e-abd9-4f9b-abe1-b02f1af9ad81"
},
{
  "fields": {
    "status": "f13b5bc2-2581-4581-b0d9-300fb15808f4",
    "name": "nv",
    "created": "2015-08-26T18:27:41.042Z",
    "deleted": null,
    "modified": "2015-08-26T18:27:41.042Z",
    "number": "rqlYNaNwJjjRzPaNmsiuWOUwmfjRmjikrqQTosZQtAgwoAYEHQ",
    "location_level": "0f8b8e6f-6e72-4637-8d40-38ce2c7c1ab2",
    "type": "132aee41-38a8-470b-94bd-6160f52b7a7f",
    "children": []
  },
  "model": "location.location",
  "pk": "1b263ef7-b8dd-4e71-86b4-276cdb89873d"
},
{
  "fields": {
    "status": "f13b5bc2-2581-4581-b0d9-300fb15808f4",
    "name": "east",
    "created": "2015-08-26T18:27:41.033Z",
    "deleted": null,
    "modified": "2015-08-26T18:27:41.033Z",
    "number": "qZIKMrDIKRTFGfItypJOsLoKFEQzBdfSjTUGvXtPzPnROGGHOo",
    "location_level": "87fb4e28-c5c0-4ed0-b889-3f84ef1e0dbd",
    "type": "132aee41-38a8-470b-94bd-6160f52b7a7f",
    "children": [
      "0db7209e-abd9-4f9b-abe1-b02f1af9ad81",
      "1b263ef7-b8dd-4e71-86b4-276cdb89873d"
    ]
  },
  "model": "location.location",
  "pk": "1f99f29d-4f03-472a-ae3f-eab8c52e55ba"
},
{
  "fields": {
    "status": "f13b5bc2-2581-4581-b0d9-300fb15808f4",
    "name": "los_angeles",
    "created": "2015-08-26T18:27:41.050Z",
    "deleted": null,
    "modified": "2015-08-26T18:27:41.050Z",
    "number": "iMrZvFsxkiOfSWstUzPhZNaXLOELMumeHXqZXkbsvndcxSDPly",
    "location_level": "21174e02-8c56-43a7-9dcc-fde593553845",
    "type": "132aee41-38a8-470b-94bd-6160f52b7a7f",
    "children": []
  },
  "model": "location.location",
  "pk": "3b231ba3-fdab-4428-838d-64ae136b2f9f"
},
{
  "fields": {
    "status": "f13b5bc2-2581-4581-b0d9-300fb15808f4",
    "name": "san_diego",
    "created": "2015-08-26T18:27:41.046Z",
    "deleted": null,
    "modified": "2015-08-26T18:27:41.046Z",
    "number": "QykamPtatUgaKtFXtvDDORuMtlQNMgXcOWoilmebYUzLNzVBUK",
    "location_level": "21174e02-8c56-43a7-9dcc-fde593553845",
    "type": "132aee41-38a8-470b-94bd-6160f52b7a7f",
    "children": []
  },
  "model": "location.location",
  "pk": "a7969307-aaf5-4a70-a6f2-7e12c92a97ec"
},
{
  "fields": {
    "deleted": null,
    "description": "active",
    "modified": "2015-08-26T18:27:41.099Z",
    "name": "",
    "created": "2015-08-26T18:27:41.099Z"
  },
  "model": "person.personstatus",
  "pk": "155d34e6-d515-497b-9350-4c5b4a675f9f"
},
{
  "fields": {
    "codename": "add_logentry",
    "name": "Can add log entry",
    "content_type": 1
  },
  "model": "auth.permission",
  "pk": 1
},
{
  "fields": {
    "codename": "change_logentry",
    "name": "Can change log entry",
    "content_type": 1
  },
  "model": "auth.permission",
  "pk": 2
},
{
  "fields": {
    "codename": "delete_logentry",
    "name": "Can delete log entry",
    "content_type": 1
  },
  "model": "auth.permission",
  "pk": 3
},
{
  "fields": {
    "codename": "add_permission",
    "name": "Can add permission",
    "content_type": 2
  },
  "model": "auth.permission",
  "pk": 4
},
{
  "fields": {
    "codename": "change_permission",
    "name": "Can change permission",
    "content_type": 2
  },
  "model": "auth.permission",
  "pk": 5
},
{
  "fields": {
    "codename": "delete_permission",
    "name": "Can delete permission",
    "content_type": 2
  },
  "model": "auth.permission",
  "pk": 6
},
{
  "fields": {
    "codename": "add_group",
    "name": "Can add group",
    "content_type": 3
  },
  "model": "auth.permission",
  "pk": 7
},
{
  "fields": {
    "codename": "change_group",
    "name": "Can change group",
    "content_type": 3
  },
  "model": "auth.permission",
  "pk": 8
},
{
  "fields": {
    "codename": "delete_group",
    "name": "Can delete group",
    "content_type": 3
  },
  "model": "auth.permission",
  "pk": 9
},
{
  "fields": {
    "codename": "add_contenttype",
    "name": "Can add content type",
    "content_type": 4
  },
  "model": "auth.permission",
  "pk": 10
},
{
  "fields": {
    "codename": "change_contenttype",
    "name": "Can change content type",
    "content_type": 4
  },
  "model": "auth.permission",
  "pk": 11
},
{
  "fields": {
    "codename": "delete_contenttype",
    "name": "Can delete content type",
    "content_type": 4
  },
  "model": "auth.permission",
  "pk": 12
},
{
  "fields": {
    "codename": "add_session",
    "name": "Can add session",
    "content_type": 5
  },
  "model": "auth.permission",
  "pk": 13
},
{
  "fields": {
    "codename": "change_session",
    "name": "Can change session",
    "content_type": 5
  },
  "model": "auth.permission",
  "pk": 14
},
{
  "fields": {
    "codename": "delete_session",
    "name": "Can delete session",
    "content_type": 5
  },
  "model": "auth.permission",
  "pk": 15
},
{
  "fields": {
    "codename": "add_site",
    "name": "Can add site",
    "content_type": 6
  },
  "model": "auth.permission",
  "pk": 16
},
{
  "fields": {
    "codename": "change_site",
    "name": "Can change site",
    "content_type": 6
  },
  "model": "auth.permission",
  "pk": 17
},
{
  "fields": {
    "codename": "delete_site",
    "name": "Can delete site",
    "content_type": 6
  },
  "model": "auth.permission",
  "pk": 18
},
{
  "fields": {
    "codename": "add_flatpage",
    "name": "Can add flat page",
    "content_type": 7
  },
  "model": "auth.permission",
  "pk": 19
},
{
  "fields": {
    "codename": "change_flatpage",
    "name": "Can change flat page",
    "content_type": 7
  },
  "model": "auth.permission",
  "pk": 20
},
{
  "fields": {
    "codename": "delete_flatpage",
    "name": "Can delete flat page",
    "content_type": 7
  },
  "model": "auth.permission",
  "pk": 21
},
{
  "fields": {
    "codename": "add_corsmodel",
    "name": "Can add cors model",
    "content_type": 8
  },
  "model": "auth.permission",
  "pk": 22
},
{
  "fields": {
    "codename": "change_corsmodel",
    "name": "Can change cors model",
    "content_type": 8
  },
  "model": "auth.permission",
  "pk": 23
},
{
  "fields": {
    "codename": "delete_corsmodel",
    "name": "Can delete cors model",
    "content_type": 8
  },
  "model": "auth.permission",
  "pk": 24
},
{
  "fields": {
    "codename": "add_currency",
    "name": "Can add currency",
    "content_type": 9
  },
  "model": "auth.permission",
  "pk": 25
},
{
  "fields": {
    "codename": "change_currency",
    "name": "Can change currency",
    "content_type": 9
  },
  "model": "auth.permission",
  "pk": 26
},
{
  "fields": {
    "codename": "delete_currency",
    "name": "Can delete currency",
    "content_type": 9
  },
  "model": "auth.permission",
  "pk": 27
},
{
  "fields": {
    "codename": "add_category",
    "name": "Can add category",
    "content_type": 10
  },
  "model": "auth.permission",
  "pk": 28
},
{
  "fields": {
    "codename": "change_category",
    "name": "Can change category",
    "content_type": 10
  },
  "model": "auth.permission",
  "pk": 29
},
{
  "fields": {
    "codename": "delete_category",
    "name": "Can delete category",
    "content_type": 10
  },
  "model": "auth.permission",
  "pk": 30
},
{
  "fields": {
    "codename": "add_phonenumbertype",
    "name": "Can add phone number type",
    "content_type": 11
  },
  "model": "auth.permission",
  "pk": 31
},
{
  "fields": {
    "codename": "change_phonenumbertype",
    "name": "Can change phone number type",
    "content_type": 11
  },
  "model": "auth.permission",
  "pk": 32
},
{
  "fields": {
    "codename": "delete_phonenumbertype",
    "name": "Can delete phone number type",
    "content_type": 11
  },
  "model": "auth.permission",
  "pk": 33
},
{
  "fields": {
    "codename": "add_phonenumber",
    "name": "Can add phone number",
    "content_type": 12
  },
  "model": "auth.permission",
  "pk": 34
},
{
  "fields": {
    "codename": "change_phonenumber",
    "name": "Can change phone number",
    "content_type": 12
  },
  "model": "auth.permission",
  "pk": 35
},
{
  "fields": {
    "codename": "delete_phonenumber",
    "name": "Can delete phone number",
    "content_type": 12
  },
  "model": "auth.permission",
  "pk": 36
},
{
  "fields": {
    "codename": "add_addresstype",
    "name": "Can add address type",
    "content_type": 13
  },
  "model": "auth.permission",
  "pk": 37
},
{
  "fields": {
    "codename": "change_addresstype",
    "name": "Can change address type",
    "content_type": 13
  },
  "model": "auth.permission",
  "pk": 38
},
{
  "fields": {
    "codename": "delete_addresstype",
    "name": "Can delete address type",
    "content_type": 13
  },
  "model": "auth.permission",
  "pk": 39
},
{
  "fields": {
    "codename": "add_address",
    "name": "Can add address",
    "content_type": 14
  },
  "model": "auth.permission",
  "pk": 40
},
{
  "fields": {
    "codename": "change_address",
    "name": "Can change address",
    "content_type": 14
  },
  "model": "auth.permission",
  "pk": 41
},
{
  "fields": {
    "codename": "delete_address",
    "name": "Can delete address",
    "content_type": 14
  },
  "model": "auth.permission",
  "pk": 42
},
{
  "fields": {
    "codename": "add_emailtype",
    "name": "Can add email type",
    "content_type": 15
  },
  "model": "auth.permission",
  "pk": 43
},
{
  "fields": {
    "codename": "change_emailtype",
    "name": "Can change email type",
    "content_type": 15
  },
  "model": "auth.permission",
  "pk": 44
},
{
  "fields": {
    "codename": "delete_emailtype",
    "name": "Can delete email type",
    "content_type": 15
  },
  "model": "auth.permission",
  "pk": 45
},
{
  "fields": {
    "codename": "add_email",
    "name": "Can add email",
    "content_type": 16
  },
  "model": "auth.permission",
  "pk": 46
},
{
  "fields": {
    "codename": "change_email",
    "name": "Can change email",
    "content_type": 16
  },
  "model": "auth.permission",
  "pk": 47
},
{
  "fields": {
    "codename": "delete_email",
    "name": "Can delete email",
    "content_type": 16
  },
  "model": "auth.permission",
  "pk": 48
},
{
  "fields": {
    "codename": "add_locationlevel",
    "name": "Can add location level",
    "content_type": 17
  },
  "model": "auth.permission",
  "pk": 49
},
{
  "fields": {
    "codename": "change_locationlevel",
    "name": "Can change location level",
    "content_type": 17
  },
  "model": "auth.permission",
  "pk": 50
},
{
  "fields": {
    "codename": "delete_locationlevel",
    "name": "Can delete location level",
    "content_type": 17
  },
  "model": "auth.permission",
  "pk": 51
},
{
  "fields": {
    "codename": "add_locationstatus",
    "name": "Can add location status",
    "content_type": 18
  },
  "model": "auth.permission",
  "pk": 52
},
{
  "fields": {
    "codename": "change_locationstatus",
    "name": "Can change location status",
    "content_type": 18
  },
  "model": "auth.permission",
  "pk": 53
},
{
  "fields": {
    "codename": "delete_locationstatus",
    "name": "Can delete location status",
    "content_type": 18
  },
  "model": "auth.permission",
  "pk": 54
},
{
  "fields": {
    "codename": "add_locationtype",
    "name": "Can add location type",
    "content_type": 19
  },
  "model": "auth.permission",
  "pk": 55
},
{
  "fields": {
    "codename": "change_locationtype",
    "name": "Can change location type",
    "content_type": 19
  },
  "model": "auth.permission",
  "pk": 56
},
{
  "fields": {
    "codename": "delete_locationtype",
    "name": "Can delete location type",
    "content_type": 19
  },
  "model": "auth.permission",
  "pk": 57
},
{
  "fields": {
    "codename": "add_location",
    "name": "Can add location",
    "content_type": 20
  },
  "model": "auth.permission",
  "pk": 58
},
{
  "fields": {
    "codename": "change_location",
    "name": "Can change location",
    "content_type": 20
  },
  "model": "auth.permission",
  "pk": 59
},
{
  "fields": {
    "codename": "delete_location",
    "name": "Can delete location",
    "content_type": 20
  },
  "model": "auth.permission",
  "pk": 60
},
{
  "fields": {
    "codename": "add_role",
    "name": "Can add role",
    "content_type": 21
  },
  "model": "auth.permission",
  "pk": 61
},
{
  "fields": {
    "codename": "change_role",
    "name": "Can change role",
    "content_type": 21
  },
  "model": "auth.permission",
  "pk": 62
},
{
  "fields": {
    "codename": "delete_role",
    "name": "Can delete role",
    "content_type": 21
  },
  "model": "auth.permission",
  "pk": 63
},
{
  "fields": {
    "codename": "add_proxyrole",
    "name": "Can add proxy role",
    "content_type": 22
  },
  "model": "auth.permission",
  "pk": 64
},
{
  "fields": {
    "codename": "change_proxyrole",
    "name": "Can change proxy role",
    "content_type": 22
  },
  "model": "auth.permission",
  "pk": 65
},
{
  "fields": {
    "codename": "delete_proxyrole",
    "name": "Can delete proxy role",
    "content_type": 22
  },
  "model": "auth.permission",
  "pk": 66
},
{
  "fields": {
    "codename": "add_personstatus",
    "name": "Can add person status",
    "content_type": 23
  },
  "model": "auth.permission",
  "pk": 67
},
{
  "fields": {
    "codename": "change_personstatus",
    "name": "Can change person status",
    "content_type": 23
  },
  "model": "auth.permission",
  "pk": 68
},
{
  "fields": {
    "codename": "delete_personstatus",
    "name": "Can delete person status",
    "content_type": 23
  },
  "model": "auth.permission",
  "pk": 69
},
{
  "fields": {
    "codename": "add_person",
    "name": "Can add person",
    "content_type": 24
  },
  "model": "auth.permission",
  "pk": 70
},
{
  "fields": {
    "codename": "change_person",
    "name": "Can change person",
    "content_type": 24
  },
  "model": "auth.permission",
  "pk": 71
},
{
  "fields": {
    "codename": "delete_person",
    "name": "Can delete person",
    "content_type": 24
  },
  "model": "auth.permission",
  "pk": 72
},
{
  "fields": {
    "codename": "add_locale",
    "name": "Can add locale",
    "content_type": 25
  },
  "model": "auth.permission",
  "pk": 73
},
{
  "fields": {
    "codename": "change_locale",
    "name": "Can change locale",
    "content_type": 25
  },
  "model": "auth.permission",
  "pk": 74
},
{
  "fields": {
    "codename": "delete_locale",
    "name": "Can delete locale",
    "content_type": 25
  },
  "model": "auth.permission",
  "pk": 75
},
{
  "fields": {
    "codename": "add_translation",
    "name": "Can add translation",
    "content_type": 26
  },
  "model": "auth.permission",
  "pk": 76
},
{
  "fields": {
    "codename": "change_translation",
    "name": "Can change translation",
    "content_type": 26
  },
  "model": "auth.permission",
  "pk": 77
},
{
  "fields": {
    "codename": "delete_translation",
    "name": "Can delete translation",
    "content_type": 26
  },
  "model": "auth.permission",
  "pk": 78
},
{
  "fields": {
    "codename": "add_tester",
    "name": "Can add tester",
    "content_type": 27
  },
  "model": "auth.permission",
  "pk": 79
},
{
  "fields": {
    "codename": "change_tester",
    "name": "Can change tester",
    "content_type": 27
  },
  "model": "auth.permission",
  "pk": 80
},
{
  "fields": {
    "codename": "delete_tester",
    "name": "Can delete tester",
    "content_type": 27
  },
  "model": "auth.permission",
  "pk": 81
},
{
  "fields": {
    "codename": "add_mainsetting",
    "name": "Can add main setting",
    "content_type": 28
  },
  "model": "auth.permission",
  "pk": 82
},
{
  "fields": {
    "codename": "change_mainsetting",
    "name": "Can change main setting",
    "content_type": 28
  },
  "model": "auth.permission",
  "pk": 83
},
{
  "fields": {
    "codename": "delete_mainsetting",
    "name": "Can delete main setting",
    "content_type": 28
  },
  "model": "auth.permission",
  "pk": 84
},
{
  "fields": {
    "codename": "add_customsetting",
    "name": "Can add custom setting",
    "content_type": 29
  },
  "model": "auth.permission",
  "pk": 85
},
{
  "fields": {
    "codename": "change_customsetting",
    "name": "Can change custom setting",
    "content_type": 29
  },
  "model": "auth.permission",
  "pk": 86
},
{
  "fields": {
    "codename": "delete_customsetting",
    "name": "Can delete custom setting",
    "content_type": 29
  },
  "model": "auth.permission",
  "pk": 87
},
{
  "fields": {
    "codename": "add_state",
    "name": "Can add state",
    "content_type": 30
  },
  "model": "auth.permission",
  "pk": 88
},
{
  "fields": {
    "codename": "change_state",
    "name": "Can change state",
    "content_type": 30
  },
  "model": "auth.permission",
  "pk": 89
},
{
  "fields": {
    "codename": "delete_state",
    "name": "Can delete state",
    "content_type": 30
  },
  "model": "auth.permission",
  "pk": 90
},
{
  "fields": {
    "codename": "add_workorderstatus",
    "name": "Can add work order status",
    "content_type": 31
  },
  "model": "auth.permission",
  "pk": 91
},
{
  "fields": {
    "codename": "change_workorderstatus",
    "name": "Can change work order status",
    "content_type": 31
  },
  "model": "auth.permission",
  "pk": 92
},
{
  "fields": {
    "codename": "delete_workorderstatus",
    "name": "Can delete work order status",
    "content_type": 31
  },
  "model": "auth.permission",
  "pk": 93
},
{
  "fields": {
    "codename": "add_workorder",
    "name": "Can add work order",
    "content_type": 32
  },
  "model": "auth.permission",
  "pk": 94
},
{
  "fields": {
    "codename": "change_workorder",
    "name": "Can change work order",
    "content_type": 32
  },
  "model": "auth.permission",
  "pk": 95
},
{
  "fields": {
    "codename": "delete_workorder",
    "name": "Can delete work order",
    "content_type": 32
  },
  "model": "auth.permission",
  "pk": 96
},
{
  "fields": {
    "name": "region-role",
    "permissions": []
  },
  "model": "auth.group",
  "pk": 1
},
{
  "fields": {
    "name": "district-role",
    "permissions": []
  },
  "model": "auth.group",
  "pk": 2
},
{
  "fields": {
    "name": "district_lp-role",
    "permissions": []
  },
  "model": "auth.group",
  "pk": 3
},
{
  "fields": {
    "name": "store-role",
    "permissions": []
  },
  "model": "auth.group",
  "pk": 4
},
{
  "fields": {
    "name": "department-role",
    "permissions": []
  },
  "model": "auth.group",
  "pk": 5
},
{
  "fields": {
    "msg_stored_link": false,
    "msg_copy_default": false,
    "tabs": "",
    "msg_copy_email": false,
    "create_all": false,
    "allow_approval": false,
    "msg_viewall": false,
    "inv_select_assign": "all",
    "inv_autoapprove": false,
    "dashboad_links": "",
    "proxy_set": false,
    "password_expire_alert": true,
    "password_min_length": 6,
    "group": 5,
    "default_accept_notify": true,
    "password_history_length": null,
    "inv_wo_status": null,
    "proxy_approval_bypass": false,
    "password_char_types": "eXIkYdahwGFKiNKUhFZGXcwuTPuieknFOrsjbaqPHdJWoEmHFOzFBEFCnOHWLVxuhppDaXiWMAgaSbpGFzGbRdcYbbFrXpaYJFoJ",
    "dashboad_text": "",
    "password_expire": null,
    "inv_max_approval_currency": "usd",
    "wo_show_tkt_attach": false,
    "wo_show_inactive": false,
    "deleted": null,
    "msg_address": false,
    "wo_days_backdate": null,
    "inv_max_approval_amount": 0,
    "default_accept_assign": true,
    "location_level": "8941bf73-e5ed-4280-b6ce-81b468949eaf",
    "accept_notify": false,
    "role_type": "Internal",
    "inv_close_wo": "Do not display",
    "name": "department-role",
    "created": "2015-08-26T18:27:41.093Z",
    "wo_edit_closeout": false,
    "modules": "",
    "modified": "2015-08-26T18:27:41.093Z",
    "inv_req_attach": true,
    "wo_allow_backdate": false,
    "default_auth_currency": "76584047-a8d9-4e88-985f-bfb4e163a1f4",
    "default_auth_amount": "0.0000",
    "inv_wait": null,
    "wo_notes": false,
    "accept_assign": false,
    "inv_options": "new"
  },
  "model": "person.role",
  "pk": "038a4232-9ec6-495d-923c-d8259e33fd71"
},
{
  "fields": {
    "msg_stored_link": false,
    "msg_copy_default": false,
    "tabs": "",
    "msg_copy_email": false,
    "create_all": false,
    "allow_approval": false,
    "msg_viewall": false,
    "inv_select_assign": "all",
    "inv_autoapprove": false,
    "dashboad_links": "",
    "proxy_set": false,
    "password_expire_alert": true,
    "password_min_length": 6,
    "group": 4,
    "default_accept_notify": true,
    "password_history_length": null,
    "inv_wo_status": null,
    "proxy_approval_bypass": false,
    "password_char_types": "dIRTioddNDXOuPmOsHDgmYGlDBMGOoeLWdHGHfPknOTSAmAjjKcyQaFkTjsKJYVVQxxZTTPdpdSTxPEfBpOsrraeyLqinxSttwJj",
    "dashboad_text": "",
    "password_expire": null,
    "inv_max_approval_currency": "usd",
    "wo_show_tkt_attach": false,
    "wo_show_inactive": false,
    "deleted": null,
    "msg_address": false,
    "wo_days_backdate": null,
    "inv_max_approval_amount": 0,
    "default_accept_assign": true,
    "location_level": "21174e02-8c56-43a7-9dcc-fde593553845",
    "accept_notify": false,
    "role_type": "Internal",
    "inv_close_wo": "Do not display",
    "name": "store-role",
    "created": "2015-08-26T18:27:41.087Z",
    "wo_edit_closeout": false,
    "modules": "",
    "modified": "2015-08-26T18:27:41.087Z",
    "inv_req_attach": true,
    "wo_allow_backdate": false,
    "default_auth_currency": "76584047-a8d9-4e88-985f-bfb4e163a1f4",
    "default_auth_amount": "0.0000",
    "inv_wait": null,
    "wo_notes": false,
    "accept_assign": false,
    "inv_options": "new"
  },
  "model": "person.role",
  "pk": "1814501c-abd5-44d0-b35f-5dc55f989ce7"
},
{
  "fields": {
    "msg_stored_link": false,
    "msg_copy_default": false,
    "tabs": "",
    "msg_copy_email": false,
    "create_all": false,
    "allow_approval": false,
    "msg_viewall": false,
    "inv_select_assign": "all",
    "inv_autoapprove": false,
    "dashboad_links": "",
    "proxy_set": false,
    "password_expire_alert": true,
    "password_min_length": 6,
    "group": 1,
    "default_accept_notify": true,
    "password_history_length": null,
    "inv_wo_status": null,
    "proxy_approval_bypass": false,
    "password_char_types": "ktMFLNiGbswdSifGlqHBVxdKxMHsCLuXfOxxbCuMfZJepIQtlATvNrZlMXUJNpXKKQixnTUKjWsEpzcjUPioOIgVTYBxHyPovSOh",
    "dashboad_text": "",
    "password_expire": null,
    "inv_max_approval_currency": "usd",
    "wo_show_tkt_attach": false,
    "wo_show_inactive": false,
    "deleted": null,
    "msg_address": false,
    "wo_days_backdate": null,
    "inv_max_approval_amount": 0,
    "default_accept_assign": true,
    "location_level": "87fb4e28-c5c0-4ed0-b889-3f84ef1e0dbd",
    "accept_notify": false,
    "role_type": "Internal",
    "inv_close_wo": "Do not display",
    "name": "region-role",
    "created": "2015-08-26T18:27:41.069Z",
    "wo_edit_closeout": false,
    "modules": "",
    "modified": "2015-08-26T18:27:41.069Z",
    "inv_req_attach": true,
    "wo_allow_backdate": false,
    "default_auth_currency": "76584047-a8d9-4e88-985f-bfb4e163a1f4",
    "default_auth_amount": "0.0000",
    "inv_wait": null,
    "wo_notes": false,
    "accept_assign": false,
    "inv_options": "new"
  },
  "model": "person.role",
  "pk": "3ff2851d-1d48-45f5-ae3e-7405a9c495ef"
},
{
  "fields": {
    "msg_stored_link": false,
    "msg_copy_default": false,
    "tabs": "",
    "msg_copy_email": false,
    "create_all": false,
    "allow_approval": false,
    "msg_viewall": false,
    "inv_select_assign": "all",
    "inv_autoapprove": false,
    "dashboad_links": "",
    "proxy_set": false,
    "password_expire_alert": true,
    "password_min_length": 6,
    "group": 3,
    "default_accept_notify": true,
    "password_history_length": null,
    "inv_wo_status": null,
    "proxy_approval_bypass": false,
    "password_char_types": "WVTnkyHQosmOPxPETetBBrnXwaBjrgBpimMAVcFZyqbZyYxPPRqrWpaNyUFCYmWXxulMTvzjnOEksximvdOgJgSUVWnEdiVkSAaS",
    "dashboad_text": "",
    "password_expire": null,
    "inv_max_approval_currency": "usd",
    "wo_show_tkt_attach": false,
    "wo_show_inactive": false,
    "deleted": null,
    "msg_address": false,
    "wo_days_backdate": null,
    "inv_max_approval_amount": 0,
    "default_accept_assign": true,
    "location_level": "98fd16fc-4191-4690-9305-7905bfa11f89",
    "accept_notify": false,
    "role_type": "Internal",
    "inv_close_wo": "Do not display",
    "name": "district_lp-role",
    "created": "2015-08-26T18:27:41.081Z",
    "wo_edit_closeout": false,
    "modules": "",
    "modified": "2015-08-26T18:27:41.081Z",
    "inv_req_attach": true,
    "wo_allow_backdate": false,
    "default_auth_currency": "76584047-a8d9-4e88-985f-bfb4e163a1f4",
    "default_auth_amount": "0.0000",
    "inv_wait": null,
    "wo_notes": false,
    "accept_assign": false,
    "inv_options": "new"
  },
  "model": "person.role",
  "pk": "c1af3150-b533-4cb3-b0ff-4838156dcd1c"
},
{
  "fields": {
    "msg_stored_link": false,
    "msg_copy_default": false,
    "tabs": "",
    "msg_copy_email": false,
    "create_all": false,
    "allow_approval": false,
    "msg_viewall": false,
    "inv_select_assign": "all",
    "inv_autoapprove": false,
    "dashboad_links": "",
    "proxy_set": false,
    "password_expire_alert": true,
    "password_min_length": 6,
    "group": 2,
    "default_accept_notify": true,
    "password_history_length": null,
    "inv_wo_status": null,
    "proxy_approval_bypass": false,
    "password_char_types": "dRLMXnCMIVrWZnBYmYrsWbbTEutRgnZDKxJpKJMbQlKYuQGVsKbrhhrxjjRNbnFCMvmLMTJbzRBoZhJwklywRzIznreIsSyVurGN",
    "dashboad_text": "",
    "password_expire": null,
    "inv_max_approval_currency": "usd",
    "wo_show_tkt_attach": false,
    "wo_show_inactive": false,
    "deleted": null,
    "msg_address": false,
    "wo_days_backdate": null,
    "inv_max_approval_amount": 0,
    "default_accept_assign": true,
    "location_level": "0f8b8e6f-6e72-4637-8d40-38ce2c7c1ab2",
    "accept_notify": false,
    "role_type": "Internal",
    "inv_close_wo": "Do not display",
    "name": "district-role",
    "created": "2015-08-26T18:27:41.075Z",
    "wo_edit_closeout": false,
    "modules": "",
    "modified": "2015-08-26T18:27:41.075Z",
    "inv_req_attach": true,
    "wo_allow_backdate": false,
    "default_auth_currency": "76584047-a8d9-4e88-985f-bfb4e163a1f4",
    "default_auth_amount": "0.0000",
    "inv_wait": null,
    "wo_notes": false,
    "accept_assign": false,
    "inv_options": "new"
  },
  "model": "person.role",
  "pk": "f6e6198a-994e-438e-bc4a-3c2fcbdd8de5"
},
{
  "fields": {
    "status": "155d34e6-d515-497b-9350-4c5b4a675f9f",
    "last_name": "",
    "proxy_start_date": null,
    "next_approver": null,
    "locations": [
      "a7969307-aaf5-4a70-a6f2-7e12c92a97ec",
      "3b231ba3-fdab-4428-838d-64ae136b2f9f"
    ],
    "is_staff": false,
    "user_permissions": [],
    "proxy_end_date": null,
    "date_joined": "2015-08-26T18:27:41.230Z",
    "middle_initial": null,
    "first_name": "nisi",
    "employee_id": null,
    "auth_amount": "0.0000",
    "title": null,
    "is_superuser": false,
    "last_login": null,
    "password_expire": null,
    "role": "1814501c-abd5-44d0-b35f-5dc55f989ce7",
    "auth_currency": "76584047-a8d9-4e88-985f-bfb4e163a1f4",
    "username": "nisi",
    "deleted": null,
    "password_one_time": null,
    "is_active": true,
    "groups": [
      4
    ],
    "accept_notify": true,
    "password": "mWbPksUtNyCTfTrcUUttZyADgTCCyqVDCJiEhiDhJpCndanTPnZaPNytPeIrIdcGSRQqYZphbagPKwsoSTKeZRuconErNdmkTBcjgQqbpUpUgMNEvRUFDpZaZLowNotk",
    "proxy_status": null,
    "proxy_user": null,
    "created": "2015-08-26T18:27:41.234Z",
    "modified": "2015-08-26T18:27:41.234Z",
    "email": "",
    "accept_assign": true,
    "password_change": "TJzqAOERvyteXtNOkbOcBggEWkhAIfQZobbLUvctWFxbgFHrqyOwXZcNNSWwBMiFLXHPNxhKZHrKmvbDgRIcZrsMIpwaWvyQhPJaKSqkttHXvBSDWixpYAYMoTtSaKyLePgIJgcszKZmnUlpOwnxmcbdufsvmldXQvBjGTRiWHUmAOdVtogteFDSJDwzQrprILZeqjeqoLURfvpUTOQHHqNRDCRtOcCUqFxGqIKEATBwNckSseIcyagUdNJctHAFhzeIIAHmXeyObddFtDOHoOycCuFYsFFtXYCtGdEatGrf"
  },
  "model": "person.person",
  "pk": "185f8859-bf61-48c5-af6a-5af66f205621"
},
{
  "fields": {
    "status": "155d34e6-d515-497b-9350-4c5b4a675f9f",
    "last_name": "",
    "proxy_start_date": null,
    "next_approver": null,
    "locations": [],
    "is_staff": false,
    "user_permissions": [],
    "proxy_end_date": null,
    "date_joined": "2015-08-26T18:27:41.456Z",
    "middle_initial": null,
    "first_name": "consequat.",
    "employee_id": null,
    "auth_amount": "0.0000",
    "title": null,
    "is_superuser": false,
    "last_login": null,
    "password_expire": null,
    "role": "038a4232-9ec6-495d-923c-d8259e33fd71",
    "auth_currency": "76584047-a8d9-4e88-985f-bfb4e163a1f4",
    "username": "consequat.",
    "deleted": null,
    "password_one_time": null,
    "is_active": true,
    "groups": [
      5
    ],
    "accept_notify": true,
    "password": "juoqtxcfkwwDPhgSVjSJnmuamrwqrJHUXnsInQkFdUmTOUiftBpgQJiuqjUmMbEUfcpcOnWxYOSvXVtdwJpDEtHosqQabcNhtaNWrZUvMOKkpGlsfHdPAqOXRNmvGHYk",
    "proxy_status": null,
    "proxy_user": null,
    "created": "2015-08-26T18:27:41.459Z",
    "modified": "2015-08-26T18:27:41.459Z",
    "email": "",
    "accept_assign": true,
    "password_change": "JpFxQgibWCCgFxxJhRTBbRVAWGxqybNeKencaRTRaTKaCJhhchsDzgryQXKFuAigBMDHgqgCwwfLuiZecWqOYlCNPrZJKPSjPTjFsUsgnUYFfTLclusgKAksJlCrzmBYZsFqIfQckPLYmRgntCJRoXAbklpSYNSAPWlhCMNALBOQtrwJfAXyJxfnwztMIARiczpFUagsBoFeautHzZlcJzkZxxgJlyYSerpVuBQGfQohXSNDlcLKKKirqNkpEcOBzxPTmQMlDbURXmpVOoiTnxChRcvizNmlRKNeRzpnFMjZ"
  },
  "model": "person.person",
  "pk": "32a3daf2-7b42-44a5-af87-86e674101b58"
},
{
  "fields": {
    "status": "155d34e6-d515-497b-9350-4c5b4a675f9f",
    "last_name": "",
    "proxy_start_date": null,
    "next_approver": null,
    "locations": [
      "0db7209e-abd9-4f9b-abe1-b02f1af9ad81",
      "1b263ef7-b8dd-4e71-86b4-276cdb89873d"
    ],
    "is_staff": false,
    "user_permissions": [],
    "proxy_end_date": null,
    "date_joined": "2015-08-26T18:27:41.269Z",
    "middle_initial": null,
    "first_name": "laborum.",
    "employee_id": null,
    "auth_amount": "0.0000",
    "title": null,
    "is_superuser": false,
    "last_login": null,
    "password_expire": null,
    "role": "f6e6198a-994e-438e-bc4a-3c2fcbdd8de5",
    "auth_currency": "76584047-a8d9-4e88-985f-bfb4e163a1f4",
    "username": "laborum.",
    "deleted": null,
    "password_one_time": null,
    "is_active": true,
    "groups": [
      2
    ],
    "accept_notify": true,
    "password": "KlxkazIatZlgTfiEfuHddlQdWqwbdQMdajOOjHCyOesFAWCHppBxTYvhkjDoycmjeBqkjgIXhAItOUFtVJedRpTuMQulbcrEVUCXaNXwdlUdfxTtZnsIBOdUHdDbidMv",
    "proxy_status": null,
    "proxy_user": null,
    "created": "2015-08-26T18:27:41.272Z",
    "modified": "2015-08-26T18:27:41.272Z",
    "email": "",
    "accept_assign": true,
    "password_change": "TQqxhHKWyFCMbqzTZuxEyDHryPpJwECaVywDdzNqyeuCUbKpBSuiHJVtsXwXSGPXnFkDnclGvFAUNYwzqxwhMMTGQUztdSqpwKRscntkYanzbcnbgapqjtzPBPykBZqyAvsLZftcvqKkDRISYHZxCpcpKyswnbKQToebIfcFyFnpShEmueYsAGACCJzuXiRAToeyXzBZfhUIgIUpTsvsTfgaQmceCDglogQmolmsdtSEFMmJeyYxiUSKTLJCwixufutiHTRcRUwGqcBblTVRddHddNDHCSekgInBcmZoeVED"
  },
  "model": "person.person",
  "pk": "3cacad7f-77c8-40cf-8fcb-2f8de840d1c2"
},
{
  "fields": {
    "status": "155d34e6-d515-497b-9350-4c5b4a675f9f",
    "last_name": "",
    "proxy_start_date": null,
    "next_approver": null,
    "locations": [
      "1f99f29d-4f03-472a-ae3f-eab8c52e55ba"
    ],
    "is_staff": false,
    "user_permissions": [],
    "proxy_end_date": null,
    "date_joined": "2015-08-26T18:27:41.313Z",
    "middle_initial": null,
    "first_name": "eu",
    "employee_id": null,
    "auth_amount": "0.0000",
    "title": null,
    "is_superuser": false,
    "last_login": null,
    "password_expire": null,
    "role": "3ff2851d-1d48-45f5-ae3e-7405a9c495ef",
    "auth_currency": "76584047-a8d9-4e88-985f-bfb4e163a1f4",
    "username": "eu",
    "deleted": null,
    "password_one_time": null,
    "is_active": true,
    "groups": [
      1
    ],
    "accept_notify": true,
    "password": "bfHGfdaMQijZUWigdAhKjBebXHqySFHrKoByRRWXFbvkmjrlTqEjeZhhDsvnKbSsJHotYJMVzmGvLlhEgrYJOquBQLlruLioWnkoeBiaZPUTZitYnGfGNTTKiPRpBwBO",
    "proxy_status": null,
    "proxy_user": null,
    "created": "2015-08-26T18:27:41.316Z",
    "modified": "2015-08-26T18:27:41.316Z",
    "email": "",
    "accept_assign": true,
    "password_change": "TtqhQnHFLEMuyPtMQWBQdtkTOvRkEeRtZwNxwFvsXfHysddQUphHnDuJgGTVRGWbwaoTnaovdISbABGVIRSlmMEYOXWzHtsgBzjIUYQTlMwzuWieueJSmMXENjQvbeclsEWFpZsZRRtgIlRPUoXUcSApDSxEPhhRZvozRGPeAhgCkBKJcWdvLcbKDPWhsycAQMHyVnCjZiaznPlfAxvVtXrvfVneBUJMQXtiyMrYvzdJqleaRGMaLJkaQElvjVAuFibpzZKtJCJORrTwrhwiCFuvuDaywPZsnhaAFJGGiOLQ"
  },
  "model": "person.person",
  "pk": "46ca8d3f-d57a-4dd0-bc50-30c4a09a9a08"
},
{
  "fields": {
    "status": "155d34e6-d515-497b-9350-4c5b4a675f9f",
    "last_name": "",
    "proxy_start_date": null,
    "next_approver": null,
    "locations": [
      "0db7209e-abd9-4f9b-abe1-b02f1af9ad81",
      "1b263ef7-b8dd-4e71-86b4-276cdb89873d"
    ],
    "is_staff": false,
    "user_permissions": [],
    "proxy_end_date": null,
    "date_joined": "2015-08-26T18:27:41.336Z",
    "middle_initial": null,
    "first_name": "do",
    "employee_id": null,
    "auth_amount": "0.0000",
    "title": null,
    "is_superuser": false,
    "last_login": null,
    "password_expire": null,
    "role": "f6e6198a-994e-438e-bc4a-3c2fcbdd8de5",
    "auth_currency": "76584047-a8d9-4e88-985f-bfb4e163a1f4",
    "username": "do",
    "deleted": null,
    "password_one_time": null,
    "is_active": true,
    "groups": [
      2
    ],
    "accept_notify": true,
    "password": "AyerPFaYGhnqhDytWNmUpaxyIplhJUEjtaoOnejPLwWbnBrUHmtQipEhZPecindmYsGycsNvzNRGarHeZOZTTNRaEMvtPCWreipZhrZVRMdiyAMRomxeuNLemUvFRNdX",
    "proxy_status": null,
    "proxy_user": null,
    "created": "2015-08-26T18:27:41.339Z",
    "modified": "2015-08-26T18:27:41.339Z",
    "email": "",
    "accept_assign": true,
    "password_change": "KVgadrfzSvJagpqTWRjUIfxyUhkxDjTOhsnbLKfFyXBWdkLFDugLLwSxaZuPXaqBDophwTlXcPgIBZmKRgJLdezdWvZfVDbLuykCFAFYbwTPsjdHVPdGJXkkKqexkbTlAavdCVNjkmKlhZdPnBWRzyKsaTSlvpYsFhOlVkzHqmISrwaLXSCjkaQhPHFDVfkHecILOQALtEHvtLyKppTfIXxpZyHLdjHkXgOZaSIpdqkwlNheQSjtmLmlWifxIQuBVvxUgaQwLDTtXrwvcvkyIbOZNyPzKVeFpnhFTRSrHGrN"
  },
  "model": "person.person",
  "pk": "4aab8500-d763-4c1d-b440-ff5732c0e624"
},
{
  "fields": {
    "status": "155d34e6-d515-497b-9350-4c5b4a675f9f",
    "last_name": "",
    "proxy_start_date": null,
    "next_approver": null,
    "locations": [
      "1f99f29d-4f03-472a-ae3f-eab8c52e55ba"
    ],
    "is_staff": false,
    "user_permissions": [],
    "proxy_end_date": null,
    "date_joined": "2015-08-26T18:27:41.293Z",
    "middle_initial": null,
    "first_name": "reprehenderit",
    "employee_id": null,
    "auth_amount": "0.0000",
    "title": null,
    "is_superuser": false,
    "last_login": null,
    "password_expire": null,
    "role": "3ff2851d-1d48-45f5-ae3e-7405a9c495ef",
    "auth_currency": "76584047-a8d9-4e88-985f-bfb4e163a1f4",
    "username": "reprehenderit",
    "deleted": null,
    "password_one_time": null,
    "is_active": true,
    "groups": [
      1
    ],
    "accept_notify": true,
    "password": "QDraXvJrBydsrreDRFfnHPGlyZWLWbonEwNpefLQVeUGARezFeEXUqcazlfVdHasYZhTxsuQjWvMuWJiGMNeJqTBTWyrXQprExaMApsulPllkdBSLsUkNRJvipGMFJNp",
    "proxy_status": null,
    "proxy_user": null,
    "created": "2015-08-26T18:27:41.296Z",
    "modified": "2015-08-26T18:27:41.296Z",
    "email": "",
    "accept_assign": true,
    "password_change": "FDkAOygzSAhyqRiupVgvzGSpRcQfFnwfPtXuRiBTlxNLheFqRpzyMdutjYyTGumUPvznCOgjivGVmzrhKzlTtVuIhrHYSMrhpQRJXpWGvWMSWhAkaxwrzMtqxXjJanwUOcAPWNqccVOScoWKlSHqgYHdqUcjlopwHNUICWHkqejOjjDuZKeWWkNDoDWeNuAzRhaRvcLMknbfgfEcWHdabvPdhwyOhcoSoCNkEjsoiCBZJjrhYRbewJKktAwmsGnkuBoGqdgKxZeDftQhXajUsppxJUOWEnsFnTIONctLVOca"
  },
  "model": "person.person",
  "pk": "5b608dca-9696-4a27-8398-fe42778c5f72"
},
{
  "fields": {
    "status": "155d34e6-d515-497b-9350-4c5b4a675f9f",
    "last_name": "",
    "proxy_start_date": null,
    "next_approver": null,
    "locations": [
      "0db7209e-abd9-4f9b-abe1-b02f1af9ad81",
      "1b263ef7-b8dd-4e71-86b4-276cdb89873d"
    ],
    "is_staff": false,
    "user_permissions": [],
    "proxy_end_date": null,
    "date_joined": "2015-08-26T18:27:41.324Z",
    "middle_initial": null,
    "first_name": "in",
    "employee_id": null,
    "auth_amount": "0.0000",
    "title": null,
    "is_superuser": false,
    "last_login": null,
    "password_expire": null,
    "role": "f6e6198a-994e-438e-bc4a-3c2fcbdd8de5",
    "auth_currency": "76584047-a8d9-4e88-985f-bfb4e163a1f4",
    "username": "in",
    "deleted": null,
    "password_one_time": null,
    "is_active": true,
    "groups": [
      2
    ],
    "accept_notify": true,
    "password": "GhePczElQAmkxvKvDPvkLuQqFxGFkYexOHbsQYuOhWLbKfqWywiVFvWjjEzerMSNaqsNSHdVCwfESsSdoOGkAZUmHPYahOwnCrzjOMEhSxvDDkXZERAiXKzuPOgJdNrY",
    "proxy_status": null,
    "proxy_user": null,
    "created": "2015-08-26T18:27:41.327Z",
    "modified": "2015-08-26T18:27:41.327Z",
    "email": "",
    "accept_assign": true,
    "password_change": "tLkOyfMbEYtjuvEBxlXpuTnvLXRomdwmhGeMbeauoMvQAwQsiDNbegGSUHRmNZAfGlFJmbTaHzPKgDmozdHvBIAKlzCClwGfbagFoGBuvluereuNTeUxYDegYIdASSMOPHxFMarllPOZWrsxCrwkoOQJfEgfJRDOZDDbgczDqdPnEXyQkqQSNflyUrdhYgGcHpXJoTOebSKkZjDzzhVJwuDuGWexfPSfqHCHRqbTtQRHkdVssMlxtOiHdKGIDqOACFqfJphDpzakYgNfKTayaJnKzQlsbBHPPGtmgaZDbuqF"
  },
  "model": "person.person",
  "pk": "6082848f-2b70-4c0a-abe6-4168d6629c87"
},
{
  "fields": {
    "status": "155d34e6-d515-497b-9350-4c5b4a675f9f",
    "last_name": "",
    "proxy_start_date": null,
    "next_approver": null,
    "locations": [
      "1f99f29d-4f03-472a-ae3f-eab8c52e55ba"
    ],
    "is_staff": false,
    "user_permissions": [],
    "proxy_end_date": null,
    "date_joined": "2015-08-26T18:27:41.244Z",
    "middle_initial": null,
    "first_name": "cillum",
    "employee_id": null,
    "auth_amount": "0.0000",
    "title": null,
    "is_superuser": false,
    "last_login": null,
    "password_expire": null,
    "role": "3ff2851d-1d48-45f5-ae3e-7405a9c495ef",
    "auth_currency": "76584047-a8d9-4e88-985f-bfb4e163a1f4",
    "username": "cillum",
    "deleted": null,
    "password_one_time": null,
    "is_active": true,
    "groups": [
      1
    ],
    "accept_notify": true,
    "password": "TrWtREsMTFLXNlCpZxryQEsQDgnaXfxMLDdzQQtmdgYcbPiTxsLfGLfPfVDsqxWbsygzUdpReisivyUJCAPVoUifFHorkHFnRBNPXTstaCNEezvJvLZmjMNgtdAWOQoO",
    "proxy_status": null,
    "proxy_user": null,
    "created": "2015-08-26T18:27:41.249Z",
    "modified": "2015-08-26T18:27:41.249Z",
    "email": "",
    "accept_assign": true,
    "password_change": "RaCsyAXWQXnzoduflmdKdaRSMepySZfRVjOvAxBbXuwcaEVESLGeifTTXsaNcZROFlXzPvZBwsFBmEHHmxHNxneDHkscViDXSRgLncMCHIyhEpashWaDjVDnqmRbqPNLaiCQWrYdHBelAoVXWPKuNFWQwrjrZprfADSTgOlStHkTMxQmUQwSuecqAOTKZbUaSxYNzfaNsrwzTulbnZldEYclOpfpdlqpkoJUsuLlkHkEbAbloELbTMojNPPiXxlEDrmtawGHsANjtlTyvQeZAMSAVcsdUrvdjleiflSwOPpm"
  },
  "model": "person.person",
  "pk": "6162c8c0-03d1-4dd6-ac25-7b2943690b94"
},
{
  "fields": {
    "status": "155d34e6-d515-497b-9350-4c5b4a675f9f",
    "last_name": "",
    "proxy_start_date": null,
    "next_approver": null,
    "locations": [
      "0db7209e-abd9-4f9b-abe1-b02f1af9ad81",
      "1b263ef7-b8dd-4e71-86b4-276cdb89873d"
    ],
    "is_staff": false,
    "user_permissions": [],
    "proxy_end_date": null,
    "date_joined": "2015-08-26T18:27:41.202Z",
    "middle_initial": null,
    "first_name": "ut",
    "employee_id": null,
    "auth_amount": "0.0000",
    "title": null,
    "is_superuser": false,
    "last_login": null,
    "password_expire": null,
    "role": "f6e6198a-994e-438e-bc4a-3c2fcbdd8de5",
    "auth_currency": "76584047-a8d9-4e88-985f-bfb4e163a1f4",
    "username": "ut",
    "deleted": null,
    "password_one_time": null,
    "is_active": true,
    "groups": [
      2
    ],
    "accept_notify": true,
    "password": "INHToQiJXLcrMdLmKaNXPysoIelcoQfrxAeYCyjTffRgzlcVXpwRusbKZooUlTOAWfEBwhmBYESxQFuwhSqrlkkZyKeKBIQwRjlKJQMOKUAUnKxKgDHHzxrWCvnZQxyW",
    "proxy_status": null,
    "proxy_user": null,
    "created": "2015-08-26T18:27:41.207Z",
    "modified": "2015-08-26T18:27:41.207Z",
    "email": "",
    "accept_assign": true,
    "password_change": "YMWRGeIIBSlpDxwDJYoYyGVKIUOuHMPAsWLaJKvTjRhIVNEHHuUmuEVljLwreSBbfNICsfbzwUjNwhloJKJvoTMRQrtqymZxQxoZOmpQytoSriAMRIjyhvPYqFlhrEGfLzrhWYYzJGeyUsMKpMocayUPVpKwhLENfGUHioNbxXsPRFlWnnlpFvmJMBDyRwlPZaFFtwzFnFEWZdXRVOHhlHEmQXYHMrCRvrnJUPNVhkjCBHWFQQYUpRvibksAleuBXtrTmGFzlGYeMZVUDmwlTyWEmViDGbeNKtxEdNsJfDBX"
  },
  "model": "person.person",
  "pk": "62600b75-a499-4fda-a9d8-652653d98dba"
},
{
  "fields": {
    "status": "155d34e6-d515-497b-9350-4c5b4a675f9f",
    "last_name": "",
    "proxy_start_date": null,
    "next_approver": null,
    "locations": [
      "1f99f29d-4f03-472a-ae3f-eab8c52e55ba"
    ],
    "is_staff": false,
    "user_permissions": [],
    "proxy_end_date": null,
    "date_joined": "2015-08-26T18:27:41.393Z",
    "middle_initial": null,
    "first_name": "pariatur.",
    "employee_id": null,
    "auth_amount": "0.0000",
    "title": null,
    "is_superuser": false,
    "last_login": null,
    "password_expire": null,
    "role": "3ff2851d-1d48-45f5-ae3e-7405a9c495ef",
    "auth_currency": "76584047-a8d9-4e88-985f-bfb4e163a1f4",
    "username": "pariatur.",
    "deleted": null,
    "password_one_time": null,
    "is_active": true,
    "groups": [
      1
    ],
    "accept_notify": true,
    "password": "EORXCTTWMqouPCQqGEIkoDcYnlJYsrEFngfvfHleFsNqoNXepSjgfJZZAAhgFPQyELknWmLPFtQsMwrkpBPcNCtwmKWGOkPGTQlSrNCPLuoZCourMWSbsBXMAVFOdhAL",
    "proxy_status": null,
    "proxy_user": null,
    "created": "2015-08-26T18:27:41.397Z",
    "modified": "2015-08-26T18:27:41.397Z",
    "email": "",
    "accept_assign": true,
    "password_change": "RvZorjZiFJkMVsrJdEjIYcGPAIWNBUbokFVdaJpBQlAehGJBvoIwBdhIJlsqvSyimuzjBuzFduoGayCVAikFHkHDRqvfPHyacnwYFcZvVMYMZnwurrBGUWPZfuvLWGqCsnZUsbtaurbvFepLaikBSvdqxipUacDtyMwxbXsXRghMLXMoKarQWaCSVAISJSHgCQTANgrmChcsVZIuYemhHOchyQDXdbdCYRUmldbVOmogpwLUWhXIcAHeMOevAGEWJoZTVAFigGqPVmspRDXFhhqmFcbyRfPfRAEVRjmmRHgi"
  },
  "model": "person.person",
  "pk": "63bb2e59-8ae4-4acf-9567-a1faf99242fb"
},
{
  "fields": {
    "status": "155d34e6-d515-497b-9350-4c5b4a675f9f",
    "last_name": "",
    "proxy_start_date": null,
    "next_approver": null,
    "locations": [],
    "is_staff": false,
    "user_permissions": [],
    "proxy_end_date": null,
    "date_joined": "2015-08-26T18:27:41.465Z",
    "middle_initial": null,
    "first_name": "laboris",
    "employee_id": null,
    "auth_amount": "0.0000",
    "title": null,
    "is_superuser": false,
    "last_login": null,
    "password_expire": null,
    "role": "c1af3150-b533-4cb3-b0ff-4838156dcd1c",
    "auth_currency": "76584047-a8d9-4e88-985f-bfb4e163a1f4",
    "username": "laboris",
    "deleted": null,
    "password_one_time": null,
    "is_active": true,
    "groups": [
      3
    ],
    "accept_notify": true,
    "password": "VFWkeculGXxWtyRbblxhlZzzUHpwzzrdyeRkNzFZOVSeSAjTzlizHtWjIKbZFgzRoudnVcopYDHaRlEAFwNNFtbYdyqkpmiJFrulAkFQxukecxnXWBJJYgcGtAAAjALy",
    "proxy_status": null,
    "proxy_user": null,
    "created": "2015-08-26T18:27:41.468Z",
    "modified": "2015-08-26T18:27:41.468Z",
    "email": "",
    "accept_assign": true,
    "password_change": "iIwqHppXAidXGdeMyLGgkuaslbDZTNfzQMXasVzHyGDgZvAxHpvjxCkNxgKPXuPoxtfRCOBjLTVWidMjyTsevWngLpnMeGDfyXJFXevMvGTKekinJirTbekryoGqbcvsxTYicBteATXYaTYYdeNuaRSlDkpvdkBKeFTLLSjhZnjvtaGetxnCdUooKyHaQggUzlEmbjTqKJJhqbmSqMUZIQVAzgMwWbLLhxdsAIwxGtfNBnHvBTCyDfSIQqTkTfhqHjnGgpASuIvxLmKrJepApWxcvPoVdXHNgSdPxRFOrLWB"
  },
  "model": "person.person",
  "pk": "67d0a5df-cfb0-4af1-8604-80d27d6b1c19"
},
{
  "fields": {
    "status": "155d34e6-d515-497b-9350-4c5b4a675f9f",
    "last_name": "",
    "proxy_start_date": null,
    "next_approver": null,
    "locations": [],
    "is_staff": false,
    "user_permissions": [],
    "proxy_end_date": null,
    "date_joined": "2015-08-26T18:27:41.447Z",
    "middle_initial": null,
    "first_name": "aute",
    "employee_id": null,
    "auth_amount": "0.0000",
    "title": null,
    "is_superuser": false,
    "last_login": null,
    "password_expire": null,
    "role": "038a4232-9ec6-495d-923c-d8259e33fd71",
    "auth_currency": "76584047-a8d9-4e88-985f-bfb4e163a1f4",
    "username": "aute",
    "deleted": null,
    "password_one_time": null,
    "is_active": true,
    "groups": [
      5
    ],
    "accept_notify": true,
    "password": "aesGZNntPzOhldVEiQDiSQHQvdzssHGvkRCSqccLvyglSsSCJImzuwcHmqWOKmeIkGMeUqynJHzhpkQZQFAzTnkwkcwviiZcZjcDhwOrSEvjnfKuMfRRNmZHNNptcwIS",
    "proxy_status": null,
    "proxy_user": null,
    "created": "2015-08-26T18:27:41.450Z",
    "modified": "2015-08-26T18:27:41.450Z",
    "email": "",
    "accept_assign": true,
    "password_change": "UMZGbWHCYhhtnPDEhBLFuwpiphXHfAObqBBytQuviZhCIxSMdvXuiPgFxoEajjssjMJSsucfRBIDBHyKbzCECirDssGidClyhRjoIVhYezXmJkNozImrjzQSQLjXpJQlVvXRwxAnkMgTkLaScyrmjjLdUTczgAPgQZpKhNSgZRQALBLLcQGPzdcWqABgOQuRwwaesuaVhNMCXjIgFMXKZlvQmoFapDaRauOEJfyOCtkrCdDwkdFOVwVyGhMbWIfdjuBxEapCSuhtWEfZqOQjUmLdPseZxaCJnyAhyrmJnYLF"
  },
  "model": "person.person",
  "pk": "759a0fd0-9bab-4705-b93e-b0a8c635e043"
},
{
  "fields": {
    "status": "155d34e6-d515-497b-9350-4c5b4a675f9f",
    "last_name": "",
    "proxy_start_date": null,
    "next_approver": null,
    "locations": [],
    "is_staff": false,
    "user_permissions": [],
    "proxy_end_date": null,
    "date_joined": "2015-08-26T18:27:41.258Z",
    "middle_initial": null,
    "first_name": "nulla",
    "employee_id": null,
    "auth_amount": "0.0000",
    "title": null,
    "is_superuser": false,
    "last_login": null,
    "password_expire": null,
    "role": "c1af3150-b533-4cb3-b0ff-4838156dcd1c",
    "auth_currency": "76584047-a8d9-4e88-985f-bfb4e163a1f4",
    "username": "nulla",
    "deleted": null,
    "password_one_time": null,
    "is_active": true,
    "groups": [
      3
    ],
    "accept_notify": true,
    "password": "rnsTgCzCewOsNSrOGDGiYojfduiZvBjXKHVRWxSiWvSoFHGPJLkUcOhEImMcvaxXitXJPqYDQYPRrZIWdCthWujCqqbILylluzErJahYYrrhDqqZGEgdBsBuZyIBzlte",
    "proxy_status": null,
    "proxy_user": null,
    "created": "2015-08-26T18:27:41.262Z",
    "modified": "2015-08-26T18:27:41.262Z",
    "email": "",
    "accept_assign": true,
    "password_change": "geFYLAMiOsUaBTLpqbsOALFVkBqUowVhMxpdfVmrKcGamHFrwGGSxtmUxwCsIAaYLbpyJgLRQlDFRTXHvtwZITpfKjVGFDuhUCtLIYURJYimCgRwnoWOKovOmOCEtShjNpnABTmgZrzrQwUvcGOnnWtsMarZevoVKoGsAltlcdLeePzzDjXbhFHrhOyyFnRUfyQBBzQDiQvYLUeWEBMAKVkXZwrdEFrpmvspHDmMcnVmPmBgtedCkSebGjGUCcNWVMCfVQjHTeiRJaaYdDYaCDUdXvUegGoLDSNcasKRaDQV"
  },
  "model": "person.person",
  "pk": "83111973-4955-41b1-b205-54e5a70d1eb7"
},
{
  "fields": {
    "status": "155d34e6-d515-497b-9350-4c5b4a675f9f",
    "last_name": "",
    "proxy_start_date": null,
    "next_approver": null,
    "locations": [],
    "is_staff": false,
    "user_permissions": [],
    "proxy_end_date": null,
    "date_joined": "2015-08-26T18:27:41.426Z",
    "middle_initial": null,
    "first_name": "quis",
    "employee_id": null,
    "auth_amount": "0.0000",
    "title": null,
    "is_superuser": false,
    "last_login": null,
    "password_expire": null,
    "role": "c1af3150-b533-4cb3-b0ff-4838156dcd1c",
    "auth_currency": "76584047-a8d9-4e88-985f-bfb4e163a1f4",
    "username": "quis",
    "deleted": null,
    "password_one_time": null,
    "is_active": true,
    "groups": [
      3
    ],
    "accept_notify": true,
    "password": "ZpgqIspNJGkaOvFtrPXvVKSCUBjZNPBVKvdIEpGhKajyupsGAtYCaPuTOCwlMCXMuvxZGDxXAWElIsYWlqeyeHscWIDSxnGHpCFIwOYHpEnEVhfamljuRHoIFXWeAfCS",
    "proxy_status": null,
    "proxy_user": null,
    "created": "2015-08-26T18:27:41.430Z",
    "modified": "2015-08-26T18:27:41.430Z",
    "email": "",
    "accept_assign": true,
    "password_change": "ZVCZBpeFCEWeEiyCzeAvilDPMgGskfGqNzEEELSAiswRBSGswyYWNaqTlbVLRZqQVPyBHxPxbRELoOEjqRByFTVrxvQgpvcSAEHmZhOgGqWKDXSTmFCBbFxOXwEZnHZMaivlWJqYZqgRwYPesoLlRIXtWRGOzquHWkhIWqqvPJbhIXLGoGaZKjlVTqZdoHzJXpiUebUBBLMyVuiyijldMudNumYkAqfzjemtCpkjDhwGgxyCJeLuiRkrFOEHnLvAeDjRaKFbixNLQEngNdyNTivIiEqtMhenHcMVwBMdKssX"
  },
  "model": "person.person",
  "pk": "93546eb6-a7f7-499f-b958-15f6c4d14b8f"
},
{
  "fields": {
    "status": "155d34e6-d515-497b-9350-4c5b4a675f9f",
    "last_name": "",
    "proxy_start_date": null,
    "next_approver": null,
    "locations": [
      "a7969307-aaf5-4a70-a6f2-7e12c92a97ec",
      "3b231ba3-fdab-4428-838d-64ae136b2f9f"
    ],
    "is_staff": false,
    "user_permissions": [],
    "proxy_end_date": null,
    "date_joined": "2015-08-26T18:27:41.382Z",
    "middle_initial": null,
    "first_name": "ea",
    "employee_id": null,
    "auth_amount": "0.0000",
    "title": null,
    "is_superuser": false,
    "last_login": null,
    "password_expire": null,
    "role": "1814501c-abd5-44d0-b35f-5dc55f989ce7",
    "auth_currency": "76584047-a8d9-4e88-985f-bfb4e163a1f4",
    "username": "ea",
    "deleted": null,
    "password_one_time": null,
    "is_active": true,
    "groups": [
      4
    ],
    "accept_notify": true,
    "password": "gGXNfHQPzNUigYpArNNMDQOZHhlJFyakVyrTilsWQIMDKblPWZQauJgkcKBUdAiuhuuRocIowZDmtafqsAsSUmeCMwZHtHKkbyRqrAvMKoPRwiItyLvYWAuzDZDsOKmK",
    "proxy_status": null,
    "proxy_user": null,
    "created": "2015-08-26T18:27:41.386Z",
    "modified": "2015-08-26T18:27:41.386Z",
    "email": "",
    "accept_assign": true,
    "password_change": "KhNkAChuVwggkaBsXKlpyHCnNTKBctPrrDckDpNIWKFOmfiEVNyybbjuQZfcZAjRQnQLgEYbAAnrbFIqVAdfUAVdoRsoYJqczSpxOGojaiArkFJuNKVrrcBSfoGaFCBnCFnOkZrfWvcvAjXrXcNkqOmUChpEYLYPWUWNwqyTZfhSvOZLdEUaeabaVABpelSFxvlApbwElNtvBFYQEKgqtckGPZyYePeIqDTqBYAMqJAPXQVJzDhEglqhyrnQQOkNKLRfMMeMpNiUKCpqhWHiOQwkrSeBRXVMopgqjTWkFyyZ"
  },
  "model": "person.person",
  "pk": "a68c5a45-0d3b-48f2-9f77-a0a5b10f3acd"
},
{
  "fields": {
    "status": "155d34e6-d515-497b-9350-4c5b4a675f9f",
    "last_name": "",
    "proxy_start_date": null,
    "next_approver": null,
    "locations": [],
    "is_staff": false,
    "user_permissions": [],
    "proxy_end_date": null,
    "date_joined": "2015-08-26T18:27:41.217Z",
    "middle_initial": null,
    "first_name": "fugiat",
    "employee_id": null,
    "auth_amount": "0.0000",
    "title": null,
    "is_superuser": false,
    "last_login": null,
    "password_expire": null,
    "role": "038a4232-9ec6-495d-923c-d8259e33fd71",
    "auth_currency": "76584047-a8d9-4e88-985f-bfb4e163a1f4",
    "username": "fugiat",
    "deleted": null,
    "password_one_time": null,
    "is_active": true,
    "groups": [
      5
    ],
    "accept_notify": true,
    "password": "DhetTeYejINjCkrmVSVjiVPXueXNrpWBMMZxSLWBRYQZGaXwuSOObpjzjvIzqLDpprlpqtKKnGPOAvnWVWphHtswfPgRxlgxLxCuYBwpWYNUYejYUSOWCBIevnNOUITd",
    "proxy_status": null,
    "proxy_user": null,
    "created": "2015-08-26T18:27:41.222Z",
    "modified": "2015-08-26T18:27:41.222Z",
    "email": "",
    "accept_assign": true,
    "password_change": "CcMQCHaUUFfGZpkbPzpoctepJbomoBnFQgMaqrTFRNEiegEaTGYAIvUEZnxrQyboSnxbmCyvoszQNpiDuaWLZzGVFvUoZwghQVyFOzkYqKCMpdPkTEdytNSpGrRLnjVcyTOaJZpGvGrzGmEiKNCjIobhYLnjzBuHZIFrsOUEEBYAvKtuMDOvjdlVGJhuzjlKJyzeUUGVjEqoHkDeHwtlTGtLDHPxfEyuhTSKwvAEHQaVaNvsskiSYREHIGLgAJtuutFBhjqsLcTIKjYhIkEOfbCDHsqJjGVjMvsWgHsUttBb"
  },
  "model": "person.person",
  "pk": "ab9d91a5-5d02-49df-a2a5-d25838f70f5a"
},
{
  "fields": {
    "status": "155d34e6-d515-497b-9350-4c5b4a675f9f",
    "last_name": "",
    "proxy_start_date": null,
    "next_approver": null,
    "locations": [
      "1f99f29d-4f03-472a-ae3f-eab8c52e55ba"
    ],
    "is_staff": false,
    "user_permissions": [],
    "proxy_end_date": null,
    "date_joined": "2015-08-26T18:27:41.474Z",
    "middle_initial": null,
    "first_name": "veniam,",
    "employee_id": null,
    "auth_amount": "0.0000",
    "title": null,
    "is_superuser": false,
    "last_login": null,
    "password_expire": null,
    "role": "3ff2851d-1d48-45f5-ae3e-7405a9c495ef",
    "auth_currency": "76584047-a8d9-4e88-985f-bfb4e163a1f4",
    "username": "veniam,",
    "deleted": null,
    "password_one_time": null,
    "is_active": true,
    "groups": [
      1
    ],
    "accept_notify": true,
    "password": "TDAMpztPkbQjTJHCvZseEnSJKunLTKkNxsaHmtPjPbLizZofMPFcQzpkKoevXsogYSxqLlAeDFfXTkhTaYoGvbhBdfDxlqSpyLLHNBJALWWEfRhRxRtzBEVDGpXPZckw",
    "proxy_status": null,
    "proxy_user": null,
    "created": "2015-08-26T18:27:41.478Z",
    "modified": "2015-08-26T18:27:41.478Z",
    "email": "",
    "accept_assign": true,
    "password_change": "mSmdcNPbhhvMlfhPjVUkUFCaVHnKiOcUKVLxvyTDmToAPRqmcXCyNbnkDXhoaEKqOSbbaDPtMgbxuvvYnFYJgTItXIgibneZulbSdFjKRDZByfJfgsHEdIJmeAwIDwUgLWzLgVWdSypvEndElawMFSgAKujJFwyvESpnbdWvKGPjiYmwWdnkbfymlIxqjtQzUZLnRHxSDBlsmOEzalulaohpsloWLvOIPFOabBWzDpFiNpyQRioGwTPSuTTRtRqGmNemQZxVpIAPYpuDZurrvEDnDuAiOSjDLwaDiYEclihT"
  },
  "model": "person.person",
  "pk": "b3dd27ce-3e7f-4ff5-bfdc-e10d643ac45d"
},
{
  "fields": {
    "status": "155d34e6-d515-497b-9350-4c5b4a675f9f",
    "last_name": "",
    "proxy_start_date": null,
    "next_approver": null,
    "locations": [],
    "is_staff": false,
    "user_permissions": [],
    "proxy_end_date": null,
    "date_joined": "2015-08-26T18:27:41.359Z",
    "middle_initial": null,
    "first_name": "anim",
    "employee_id": null,
    "auth_amount": "0.0000",
    "title": null,
    "is_superuser": false,
    "last_login": null,
    "password_expire": null,
    "role": "c1af3150-b533-4cb3-b0ff-4838156dcd1c",
    "auth_currency": "76584047-a8d9-4e88-985f-bfb4e163a1f4",
    "username": "anim",
    "deleted": null,
    "password_one_time": null,
    "is_active": true,
    "groups": [
      3
    ],
    "accept_notify": true,
    "password": "EMfUhPvFbAadbUQtjlCVIAlWDxtlmMUBUdzwxkJfHwwOnvObDoKVfaDLaVCTOGTQqaXYbYVTkgTVJGuANXQvEPRrOopUJGZgrtKcNkOhBwBiJGaODHsfLIdSPvgIBmFX",
    "proxy_status": null,
    "proxy_user": null,
    "created": "2015-08-26T18:27:41.362Z",
    "modified": "2015-08-26T18:27:41.362Z",
    "email": "",
    "accept_assign": true,
    "password_change": "yoCILpmsWLWWUNYXeXbLtLywquSizNraRGDZhgMhzGVTAhlRleUcvSXlyLfHXtYgeThcHpiKefTGKUtoZANvBxSdiPDGpIzIGcAUHAtWjKGImuuGkJKgjmAKykCMXMNttKeDIozTrMnwPbLIIkhsTcTlphqatOPbxKDOJvLWuLIuuNDdNBeIEuGLBHMyxhBXHooHhOnjQIVepAguZXTTNrqkvpNwqwYerjhrzvKMAjyoutjbblSyRIELqjVMHIPPicSmEAjmriDbrKxauaYnMNeDCRYGlCpGhlZcSjoZUnHi"
  },
  "model": "person.person",
  "pk": "b45576fd-361e-4e91-8c76-d8d1c01e1b87"
},
{
  "fields": {
    "status": "155d34e6-d515-497b-9350-4c5b4a675f9f",
    "last_name": "",
    "proxy_start_date": null,
    "next_approver": null,
    "locations": [
      "0db7209e-abd9-4f9b-abe1-b02f1af9ad81",
      "1b263ef7-b8dd-4e71-86b4-276cdb89873d"
    ],
    "is_staff": false,
    "user_permissions": [],
    "proxy_end_date": null,
    "date_joined": "2015-08-26T18:27:41.280Z",
    "middle_initial": null,
    "first_name": "culpa",
    "employee_id": null,
    "auth_amount": "0.0000",
    "title": null,
    "is_superuser": false,
    "last_login": null,
    "password_expire": null,
    "role": "f6e6198a-994e-438e-bc4a-3c2fcbdd8de5",
    "auth_currency": "76584047-a8d9-4e88-985f-bfb4e163a1f4",
    "username": "culpa",
    "deleted": null,
    "password_one_time": null,
    "is_active": true,
    "groups": [
      2
    ],
    "accept_notify": true,
    "password": "nuzvhieoGbklLrsNIfQtlKRVuVUBEusIJQZCcenfBioBUyWAtYQOzxuzvPEbOajXNHXUyYRWWmZIYRybafkfKvrOBkFhAxZwsjHMzhBrSHUcfYzFBTNYUCPgLmszaIma",
    "proxy_status": null,
    "proxy_user": null,
    "created": "2015-08-26T18:27:41.284Z",
    "modified": "2015-08-26T18:27:41.284Z",
    "email": "",
    "accept_assign": true,
    "password_change": "JTfuYJbHiMjrZlEWMMSgPbgHhQrhoYZFYwrZvmYwfHcELCHdMPHcwMGPuQYtuMsdLyqKWtJyYvzlszeiwqUvSQDZoEfJYVlhZwtCmBdrsWzHLhddJGWNruHpCBBZvwUnjSpKXlNLLPqYzpPoPGwmKzpwQAYpaQcmyTqKqdTwwNThZhpVJrICltgslawQSzIvXbmlOHxpxBqYJrQyhKqNFMPKYhZmnIVeJGBHHqDtzgKbeYKDYfzCqFrHvWCbQAtfVRuKekTLzyRDrJXeOVlFRjsEtFHOVwFICGnpVNuLiOhs"
  },
  "model": "person.person",
  "pk": "bf37e3be-3f59-4cc4-89b0-261a909ebe63"
},
{
  "fields": {
    "status": "155d34e6-d515-497b-9350-4c5b4a675f9f",
    "last_name": "",
    "proxy_start_date": null,
    "next_approver": null,
    "locations": [],
    "is_staff": false,
    "user_permissions": [],
    "proxy_end_date": null,
    "date_joined": "2015-08-26T18:27:41.098Z",
    "middle_initial": null,
    "first_name": "",
    "employee_id": null,
    "auth_amount": "0.0000",
    "title": null,
    "is_superuser": false,
    "last_login": null,
    "password_expire": null,
    "role": "038a4232-9ec6-495d-923c-d8259e33fd71",
    "auth_currency": "76584047-a8d9-4e88-985f-bfb4e163a1f4",
    "username": "aaron",
    "deleted": null,
    "password_one_time": null,
    "is_active": true,
    "groups": [
      5
    ],
    "accept_notify": true,
    "password": "pbkdf2_sha256$20000$5l8uWAwtyGZS$Tdu1mzN6eY2uBw2c67k3vHgHwMrogbuf78yiDuFiBPo=",
    "proxy_status": null,
    "proxy_user": null,
    "created": "2015-08-26T18:27:41.105Z",
    "modified": "2015-08-26T18:27:41.189Z",
    "email": "",
    "accept_assign": true,
    "password_change": "nlqekysaffNFOQZateSeLCWVzHZhkATaGYTdnKTokTpHnEmIoYGPVXAhLuXiiUlMrBKMryyDpywCoymMmoJaozbuftxmCaWVUorQbZIzZnuhPCveOJQfFVHPnCzKnWlkzhcAfVLNqzrLkzxqHXtmpoKAiLObayMBWETKhgSncMryCCSumlbojETMZgpORYhYDBxurywVHjYDZsjWMHYlfdZosJhXttItUXoVjaSMVAsGtNJKBWCDPcdpHXVhEnFLaNasTNCODfyZlUbBkeZcsQZoslZwDLYZekcRooiYfojg"
  },
  "model": "person.person",
  "pk": "cc6f391b-248a-44c6-a3ba-64dcb6764e0a"
},
{
  "fields": {
    "status": "155d34e6-d515-497b-9350-4c5b4a675f9f",
    "last_name": "",
    "proxy_start_date": null,
    "next_approver": null,
    "locations": [],
    "is_staff": false,
    "user_permissions": [],
    "proxy_end_date": null,
    "date_joined": "2015-08-26T18:27:41.304Z",
    "middle_initial": null,
    "first_name": "dolore",
    "employee_id": null,
    "auth_amount": "0.0000",
    "title": null,
    "is_superuser": false,
    "last_login": null,
    "password_expire": null,
    "role": "c1af3150-b533-4cb3-b0ff-4838156dcd1c",
    "auth_currency": "76584047-a8d9-4e88-985f-bfb4e163a1f4",
    "username": "dolore",
    "deleted": null,
    "password_one_time": null,
    "is_active": true,
    "groups": [
      3
    ],
    "accept_notify": true,
    "password": "NwBrPMTZpYSaXWllHALUOsHoEuDGzXtvUKjRVVamYxJTwrZdMpesDQpGBaZmXjxtNqkbAqDoxUwIDrKWBNckJctNlFQMqNNyDYlFoZqVnrYzhbiQIyPdGODosYEHwDYF",
    "proxy_status": null,
    "proxy_user": null,
    "created": "2015-08-26T18:27:41.307Z",
    "modified": "2015-08-26T18:27:41.307Z",
    "email": "",
    "accept_assign": true,
    "password_change": "QIEkzJPsBtzWuagEJCmuhYlZticcABQrJoKOnsxXHtWIOImJYRbmRTSKEwXmJmFFXdcsGHOCpAgVOIhvASXCwENCcEhTtHCiDAmOztRJDOdDYGwbbLbUBqphdMxutezuMuNSLAkctoYDolpLUXrcVzAuiGxuPFMiDEXswaIwIaiFPNcAlcLrKUdIWIKhJieeSHTowSIkuExNxVnpWRqExausbrOBPlHoGXVGfGycGYOIYmsQBmDiPLPvsWfzQXFNoBgOShBPsyGtuGtWHvjFvjDEkFmeXZCBcnnEfgAgZYgb"
  },
  "model": "person.person",
  "pk": "e4c447fd-ff7b-4b9e-842e-ede9df7879ad"
},
{
  "fields": {
    "status": "155d34e6-d515-497b-9350-4c5b4a675f9f",
    "last_name": "",
    "proxy_start_date": null,
    "next_approver": null,
    "locations": [
      "0db7209e-abd9-4f9b-abe1-b02f1af9ad81",
      "1b263ef7-b8dd-4e71-86b4-276cdb89873d"
    ],
    "is_staff": false,
    "user_permissions": [],
    "proxy_end_date": null,
    "date_joined": "2015-08-26T18:27:41.404Z",
    "middle_initial": null,
    "first_name": "incididunt",
    "employee_id": null,
    "auth_amount": "0.0000",
    "title": null,
    "is_superuser": false,
    "last_login": null,
    "password_expire": null,
    "role": "f6e6198a-994e-438e-bc4a-3c2fcbdd8de5",
    "auth_currency": "76584047-a8d9-4e88-985f-bfb4e163a1f4",
    "username": "incididunt",
    "deleted": null,
    "password_one_time": null,
    "is_active": true,
    "groups": [
      2
    ],
    "accept_notify": true,
    "password": "eIBIhufhscPotNhMWSKrosKzNZgiimXFFYAblwzWsaDyvzAsrdSsxBOSHmdNJaAfghsMWKkpqbobNQGhEAlSAVeXqUaBYkgkBXJZKrdioDEnPDWshHjztFFBMKomEXnV",
    "proxy_status": null,
    "proxy_user": null,
    "created": "2015-08-26T18:27:41.407Z",
    "modified": "2015-08-26T18:27:41.407Z",
    "email": "",
    "accept_assign": true,
    "password_change": "gyUWatopNhSjBvORzGxDqAyfbrJGYMqKHTxWyeRqEEFpGDGefHQHACotXJsdwHNdZFawrvimbNIzBFYKVfNoPhVmOiRZeufPFPDGrCQGzwWWZapaPDjCmHYqBbXpIaciGLtaVlKYwWWFJnMnYVOftzDYJvQzXUofaOqvaWoSyBPgmjwRLhYgUOGEVHhhSHepwWWZkMZOksxNXpNMrpUjdlQFlGRgWfthQiBNzDHMIcAMRcOUYvgtUSdEghLQbKgoRluvxDYHNItVlubKCEtjxeSAgRycOHsECGSwyCbIlCVx"
  },
  "model": "person.person",
  "pk": "eee49697-e9f0-4ced-bec1-927ed30d9239"
},
{
  "fields": {
    "status": "155d34e6-d515-497b-9350-4c5b4a675f9f",
    "last_name": "",
    "proxy_start_date": null,
    "next_approver": null,
    "locations": [],
    "is_staff": false,
    "user_permissions": [],
    "proxy_end_date": null,
    "date_joined": "2015-08-26T18:27:41.368Z",
    "middle_initial": null,
    "first_name": "occaecat",
    "employee_id": null,
    "auth_amount": "0.0000",
    "title": null,
    "is_superuser": false,
    "last_login": null,
    "password_expire": null,
    "role": "c1af3150-b533-4cb3-b0ff-4838156dcd1c",
    "auth_currency": "76584047-a8d9-4e88-985f-bfb4e163a1f4",
    "username": "occaecat",
    "deleted": null,
    "password_one_time": null,
    "is_active": true,
    "groups": [
      3
    ],
    "accept_notify": true,
    "password": "xFkOENDOBUPTFkFWxnxHEeygVSMIxmgowjjesfDYbxIOaYPQSJWBXnJvarIbUtZbhxJYFNHgaxhfSWXDnXUlPuPresggAyTUmIVrBHjJDYVWMTGJSoZOteXUjVWUvFHE",
    "proxy_status": null,
    "proxy_user": null,
    "created": "2015-08-26T18:27:41.371Z",
    "modified": "2015-08-26T18:27:41.371Z",
    "email": "",
    "accept_assign": true,
    "password_change": "OaaRUEjwvKMraAaFhoDoESRDnBHqXRckbugJXTHHRYeGglxaNdxYZZbNESJCBKJSlaZJERpSzHolrZcahxShxJRKMzfdUOpYMFAeYjHVOdHZpZZxIMSDscPhiJcgeDoMcLAjRIUaGLoxsLPrCxIhzjjgOqLANRekjTdSNbhhAXZYtiSPoYwSxtvzKprLePRrcKoSkiHFbtLvQctYeiMgyoXODBbQrEijbgYDqcnkcCQoYNRHZZCfSdIJSDWDvkSSXHTKfOeGwgEuctVerAWUvcsWSMKmwoGktqDcLtibKJGM"
  },
  "model": "person.person",
  "pk": "efbd2341-8e25-4d61-80c1-f82bced925bf"
}
]
