[{"fields": {"model": "logentry", "app_label": "admin"}, "model": "contenttypes.contenttype", "pk": 1}, {"fields": {"model": "permission", "app_label": "auth"}, "model": "contenttypes.contenttype", "pk": 2}, {"fields": {"model": "group", "app_label": "auth"}, "model": "contenttypes.contenttype", "pk": 3}, {"fields": {"model": "contenttype", "app_label": "contenttypes"}, "model": "contenttypes.contenttype", "pk": 4}, {"fields": {"model": "session", "app_label": "sessions"}, "model": "contenttypes.contenttype", "pk": 5}, {"fields": {"model": "site", "app_label": "sites"}, "model": "contenttypes.contenttype", "pk": 6}, {"fields": {"model": "flatpage", "app_label": "flatpages"}, "model": "contenttypes.contenttype", "pk": 7}, {"fields": {"model": "corsmodel", "app_label": "corsheaders"}, "model": "contenttypes.contenttype", "pk": 8}, {"fields": {"model": "currency", "app_label": "accounting"}, "model": "contenttypes.contenttype", "pk": 9}, {"fields": {"model": "phonenumbertype", "app_label": "contact"}, "model": "contenttypes.contenttype", "pk": 10}, {"fields": {"model": "phonenumber", "app_label": "contact"}, "model": "contenttypes.contenttype", "pk": 11}, {"fields": {"model": "addresstype", "app_label": "contact"}, "model": "contenttypes.contenttype", "pk": 12}, {"fields": {"model": "address", "app_label": "contact"}, "model": "contenttypes.contenttype", "pk": 13}, {"fields": {"model": "emailtype", "app_label": "contact"}, "model": "contenttypes.contenttype", "pk": 14}, {"fields": {"model": "email", "app_label": "contact"}, "model": "contenttypes.contenttype", "pk": 15}, {"fields": {"model": "locationlevel", "app_label": "location"}, "model": "contenttypes.contenttype", "pk": 16}, {"fields": {"model": "locationstatus", "app_label": "location"}, "model": "contenttypes.contenttype", "pk": 17}, {"fields": {"model": "locationtype", "app_label": "location"}, "model": "contenttypes.contenttype", "pk": 18}, {"fields": {"model": "location", "app_label": "location"}, "model": "contenttypes.contenttype", "pk": 19}, {"fields": {"model": "role", "app_label": "person"}, "model": "contenttypes.contenttype", "pk": 20}, {"fields": {"model": "proxyrole", "app_label": "person"}, "model": "contenttypes.contenttype", "pk": 21}, {"fields": {"model": "personstatus", "app_label": "person"}, "model": "contenttypes.contenttype", "pk": 22}, {"fields": {"model": "person", "app_label": "person"}, "model": "contenttypes.contenttype", "pk": 23}, {"fields": {"model": "category", "app_label": "role"}, "model": "contenttypes.contenttype", "pk": 24}, {"fields": {"model": "tester", "app_label": "util"}, "model": "contenttypes.contenttype", "pk": 25}, {"fields": {"model": "mainsetting", "app_label": "util"}, "model": "contenttypes.contenttype", "pk": 26}, {"fields": {"model": "customsetting", "app_label": "util"}, "model": "contenttypes.contenttype", "pk": 27}, {"fields": {"model": "workorderstatus", "app_label": "order"}, "model": "contenttypes.contenttype", "pk": 28}, {"fields": {"model": "workorder", "app_label": "order"}, "model": "contenttypes.contenttype", "pk": 29}, {"fields": {"model": "state", "app_label": "util"}, "model": "contenttypes.contenttype", "pk": 30}, {"fields": {"expire_date": "2015-08-17T19:23:55.531Z", "session_data": "YzRhOWE3NGE1OTIyNjc4NTRkMjkxYmYwMzZhYmNkNGJjZGNkODA1NDp7Il9hdXRoX3VzZXJfaGFzaCI6IjA4YWUyNGFmN2QyYTBhMDFiZjU1ZmZhYmVmYTBlMGE5ZTdjMjVlNzgiLCJfYXV0aF91c2VyX2JhY2tlbmQiOiJkamFuZ28uY29udHJpYi5hdXRoLmJhY2tlbmRzLk1vZGVsQmFja2VuZCIsIl9hdXRoX3VzZXJfaWQiOiJjNjY3N2JmMC03ZTE5LTRiNDYtYWYyNi1kMDFkMjM3YzgyYjAifQ=="}, "model": "sessions.session", "pk": "1m7xl12d4l9de0yugix282sciasgoh9l"}, {"fields": {"expire_date": "2015-08-14T00:31:09.421Z", "session_data": "YzRhOWE3NGE1OTIyNjc4NTRkMjkxYmYwMzZhYmNkNGJjZGNkODA1NDp7Il9hdXRoX3VzZXJfaGFzaCI6IjA4YWUyNGFmN2QyYTBhMDFiZjU1ZmZhYmVmYTBlMGE5ZTdjMjVlNzgiLCJfYXV0aF91c2VyX2JhY2tlbmQiOiJkamFuZ28uY29udHJpYi5hdXRoLmJhY2tlbmRzLk1vZGVsQmFja2VuZCIsIl9hdXRoX3VzZXJfaWQiOiJjNjY3N2JmMC03ZTE5LTRiNDYtYWYyNi1kMDFkMjM3YzgyYjAifQ=="}, "model": "sessions.session", "pk": "1xycro5kk3ooij23qyx6r1v1ewj0o4gl"}, {"fields": {"expire_date": "2015-08-17T19:23:49.979Z", "session_data": "YzRhOWE3NGE1OTIyNjc4NTRkMjkxYmYwMzZhYmNkNGJjZGNkODA1NDp7Il9hdXRoX3VzZXJfaGFzaCI6IjA4YWUyNGFmN2QyYTBhMDFiZjU1ZmZhYmVmYTBlMGE5ZTdjMjVlNzgiLCJfYXV0aF91c2VyX2JhY2tlbmQiOiJkamFuZ28uY29udHJpYi5hdXRoLmJhY2tlbmRzLk1vZGVsQmFja2VuZCIsIl9hdXRoX3VzZXJfaWQiOiJjNjY3N2JmMC03ZTE5LTRiNDYtYWYyNi1kMDFkMjM3YzgyYjAifQ=="}, "model": "sessions.session", "pk": "7u0v20svwkvc8zjju4eu7hcm2h2up18m"}, {"fields": {"expire_date": "2015-08-17T18:28:49.358Z", "session_data": "YzRhOWE3NGE1OTIyNjc4NTRkMjkxYmYwMzZhYmNkNGJjZGNkODA1NDp7Il9hdXRoX3VzZXJfaGFzaCI6IjA4YWUyNGFmN2QyYTBhMDFiZjU1ZmZhYmVmYTBlMGE5ZTdjMjVlNzgiLCJfYXV0aF91c2VyX2JhY2tlbmQiOiJkamFuZ28uY29udHJpYi5hdXRoLmJhY2tlbmRzLk1vZGVsQmFja2VuZCIsIl9hdXRoX3VzZXJfaWQiOiJjNjY3N2JmMC03ZTE5LTRiNDYtYWYyNi1kMDFkMjM3YzgyYjAifQ=="}, "model": "sessions.session", "pk": "9eheew57a5yqbnyqus7s4ma0ogrwl60e"}, {"fields": {"expire_date": "2015-08-17T19:38:55.040Z", "session_data": "YzRhOWE3NGE1OTIyNjc4NTRkMjkxYmYwMzZhYmNkNGJjZGNkODA1NDp7Il9hdXRoX3VzZXJfaGFzaCI6IjA4YWUyNGFmN2QyYTBhMDFiZjU1ZmZhYmVmYTBlMGE5ZTdjMjVlNzgiLCJfYXV0aF91c2VyX2JhY2tlbmQiOiJkamFuZ28uY29udHJpYi5hdXRoLmJhY2tlbmRzLk1vZGVsQmFja2VuZCIsIl9hdXRoX3VzZXJfaWQiOiJjNjY3N2JmMC03ZTE5LTRiNDYtYWYyNi1kMDFkMjM3YzgyYjAifQ=="}, "model": "sessions.session", "pk": "el01l20opb0ccgtm4fwk3wunqhvvp8vf"}, {"fields": {"expire_date": "2015-08-17T18:28:47.107Z", "session_data": "YzRhOWE3NGE1OTIyNjc4NTRkMjkxYmYwMzZhYmNkNGJjZGNkODA1NDp7Il9hdXRoX3VzZXJfaGFzaCI6IjA4YWUyNGFmN2QyYTBhMDFiZjU1ZmZhYmVmYTBlMGE5ZTdjMjVlNzgiLCJfYXV0aF91c2VyX2JhY2tlbmQiOiJkamFuZ28uY29udHJpYi5hdXRoLmJhY2tlbmRzLk1vZGVsQmFja2VuZCIsIl9hdXRoX3VzZXJfaWQiOiJjNjY3N2JmMC03ZTE5LTRiNDYtYWYyNi1kMDFkMjM3YzgyYjAifQ=="}, "model": "sessions.session", "pk": "fqw7lqsw4brj4p4fhoq52crscvbbk4dy"}, {"fields": {"expire_date": "2015-08-12T16:52:07.222Z", "session_data": "YzRhOWE3NGE1OTIyNjc4NTRkMjkxYmYwMzZhYmNkNGJjZGNkODA1NDp7Il9hdXRoX3VzZXJfaGFzaCI6IjA4YWUyNGFmN2QyYTBhMDFiZjU1ZmZhYmVmYTBlMGE5ZTdjMjVlNzgiLCJfYXV0aF91c2VyX2JhY2tlbmQiOiJkamFuZ28uY29udHJpYi5hdXRoLmJhY2tlbmRzLk1vZGVsQmFja2VuZCIsIl9hdXRoX3VzZXJfaWQiOiJjNjY3N2JmMC03ZTE5LTRiNDYtYWYyNi1kMDFkMjM3YzgyYjAifQ=="}, "model": "sessions.session", "pk": "p7ppgsf6ns2i494fk6rgeub1scb3ypv2"}, {"fields": {"expire_date": "2015-08-17T18:28:55.809Z", "session_data": "YzRhOWE3NGE1OTIyNjc4NTRkMjkxYmYwMzZhYmNkNGJjZGNkODA1NDp7Il9hdXRoX3VzZXJfaGFzaCI6IjA4YWUyNGFmN2QyYTBhMDFiZjU1ZmZhYmVmYTBlMGE5ZTdjMjVlNzgiLCJfYXV0aF91c2VyX2JhY2tlbmQiOiJkamFuZ28uY29udHJpYi5hdXRoLmJhY2tlbmRzLk1vZGVsQmFja2VuZCIsIl9hdXRoX3VzZXJfaWQiOiJjNjY3N2JmMC03ZTE5LTRiNDYtYWYyNi1kMDFkMjM3YzgyYjAifQ=="}, "model": "sessions.session", "pk": "pxrhaw0776xoipg9njjo4ge2suhkyzno"}, {"fields": {"expire_date": "2015-08-17T22:00:24.304Z", "session_data": "M2IzYmJkODI1NDE3MDc5OGUyMTAwOTMwMGQwMDJlZGFiNDc5M2RiMDp7Il9hdXRoX3VzZXJfaGFzaCI6IjE5YzQ2OGFhMjJmNzg2NWQxNjU0M2RlZmU1OTJhN2IwYWFmM2RmMGUiLCJfYXV0aF91c2VyX2JhY2tlbmQiOiJkamFuZ28uY29udHJpYi5hdXRoLmJhY2tlbmRzLk1vZGVsQmFja2VuZCIsIl9hdXRoX3VzZXJfaWQiOiJjNjY3N2JmMC03ZTE5LTRiNDYtYWYyNi1kMDFkMjM3YzgyYjAifQ=="}, "model": "sessions.session", "pk": "t4g1zrf7x2bryscjtymlll2n9ehy7g3v"}, {"fields": {"expire_date": "2015-08-14T00:31:12.500Z", "session_data": "YzRhOWE3NGE1OTIyNjc4NTRkMjkxYmYwMzZhYmNkNGJjZGNkODA1NDp7Il9hdXRoX3VzZXJfaGFzaCI6IjA4YWUyNGFmN2QyYTBhMDFiZjU1ZmZhYmVmYTBlMGE5ZTdjMjVlNzgiLCJfYXV0aF91c2VyX2JhY2tlbmQiOiJkamFuZ28uY29udHJpYi5hdXRoLmJhY2tlbmRzLk1vZGVsQmFja2VuZCIsIl9hdXRoX3VzZXJfaWQiOiJjNjY3N2JmMC03ZTE5LTRiNDYtYWYyNi1kMDFkMjM3YzgyYjAifQ=="}, "model": "sessions.session", "pk": "tdhv8cc01nzeusovusuz8u52fl5n4yuo"}, {"fields": {"expire_date": "2015-08-17T19:39:03.086Z", "session_data": "YzRhOWE3NGE1OTIyNjc4NTRkMjkxYmYwMzZhYmNkNGJjZGNkODA1NDp7Il9hdXRoX3VzZXJfaGFzaCI6IjA4YWUyNGFmN2QyYTBhMDFiZjU1ZmZhYmVmYTBlMGE5ZTdjMjVlNzgiLCJfYXV0aF91c2VyX2JhY2tlbmQiOiJkamFuZ28uY29udHJpYi5hdXRoLmJhY2tlbmRzLk1vZGVsQmFja2VuZCIsIl9hdXRoX3VzZXJfaWQiOiJjNjY3N2JmMC03ZTE5LTRiNDYtYWYyNi1kMDFkMjM3YzgyYjAifQ=="}, "model": "sessions.session", "pk": "w8khfy46762r7yhswlrxppqesg8fi495"}, {"fields": {"expire_date": "2015-08-17T19:23:47.764Z", "session_data": "YzRhOWE3NGE1OTIyNjc4NTRkMjkxYmYwMzZhYmNkNGJjZGNkODA1NDp7Il9hdXRoX3VzZXJfaGFzaCI6IjA4YWUyNGFmN2QyYTBhMDFiZjU1ZmZhYmVmYTBlMGE5ZTdjMjVlNzgiLCJfYXV0aF91c2VyX2JhY2tlbmQiOiJkamFuZ28uY29udHJpYi5hdXRoLmJhY2tlbmRzLk1vZGVsQmFja2VuZCIsIl9hdXRoX3VzZXJfaWQiOiJjNjY3N2JmMC03ZTE5LTRiNDYtYWYyNi1kMDFkMjM3YzgyYjAifQ=="}, "model": "sessions.session", "pk": "x6tzqtl5jnt6n3lo966af2ynjhq68y74"}, {"fields": {"expire_date": "2015-08-14T00:31:18.098Z", "session_data": "YzRhOWE3NGE1OTIyNjc4NTRkMjkxYmYwMzZhYmNkNGJjZGNkODA1NDp7Il9hdXRoX3VzZXJfaGFzaCI6IjA4YWUyNGFmN2QyYTBhMDFiZjU1ZmZhYmVmYTBlMGE5ZTdjMjVlNzgiLCJfYXV0aF91c2VyX2JhY2tlbmQiOiJkamFuZ28uY29udHJpYi5hdXRoLmJhY2tlbmRzLk1vZGVsQmFja2VuZCIsIl9hdXRoX3VzZXJfaWQiOiJjNjY3N2JmMC03ZTE5LTRiNDYtYWYyNi1kMDFkMjM3YzgyYjAifQ=="}, "model": "sessions.session", "pk": "yn7gumztgkbv7gw4vjob21brsmhvim2j"}, {"fields": {"expire_date": "2015-08-18T16:00:34.767Z", "session_data": "M2IzYmJkODI1NDE3MDc5OGUyMTAwOTMwMGQwMDJlZGFiNDc5M2RiMDp7Il9hdXRoX3VzZXJfaGFzaCI6IjE5YzQ2OGFhMjJmNzg2NWQxNjU0M2RlZmU1OTJhN2IwYWFmM2RmMGUiLCJfYXV0aF91c2VyX2JhY2tlbmQiOiJkamFuZ28uY29udHJpYi5hdXRoLmJhY2tlbmRzLk1vZGVsQmFja2VuZCIsIl9hdXRoX3VzZXJfaWQiOiJjNjY3N2JmMC03ZTE5LTRiNDYtYWYyNi1kMDFkMjM3YzgyYjAifQ=="}, "model": "sessions.session", "pk": "yva97e2nsezw9606x2p13gu4ca31f9dq"}, {"fields": {"expire_date": "2015-08-17T19:38:57.255Z", "session_data": "YzRhOWE3NGE1OTIyNjc4NTRkMjkxYmYwMzZhYmNkNGJjZGNkODA1NDp7Il9hdXRoX3VzZXJfaGFzaCI6IjA4YWUyNGFmN2QyYTBhMDFiZjU1ZmZhYmVmYTBlMGE5ZTdjMjVlNzgiLCJfYXV0aF91c2VyX2JhY2tlbmQiOiJkamFuZ28uY29udHJpYi5hdXRoLmJhY2tlbmRzLk1vZGVsQmFja2VuZCIsIl9hdXRoX3VzZXJfaWQiOiJjNjY3N2JmMC03ZTE5LTRiNDYtYWYyNi1kMDFkMjM3YzgyYjAifQ=="}, "model": "sessions.session", "pk": "zns7i6shr7ve7818wp4zuo543z1s33u7"}, {"fields": {"domain": "example.com", "name": "example.com"}, "model": "sites.site", "pk": 1}, {"fields": {"code": "usd", "name": "US Dollar", "created": "2015-07-31T22:23:26.616Z", "deleted": null, "symbol": "$", "format": "00.00", "modified": "2015-07-31T22:23:26.616Z"}, "model": "accounting.currency", "pk": "528c9e8e-fdd0-4d7d-9386-dd4ac7addc53"}, {"fields": {"code": "qGi", "name": "zBRutTjsgUHnGRoBHdqlbxzJdszoVdGIAbxFydBPyObDjPJLHj", "created": "2015-07-29T01:02:04.212Z", "deleted": null, "symbol": "C", "format": "VEUwUgIMBR", "modified": "2015-07-29T01:02:04.212Z"}, "model": "accounting.currency", "pk": "f8716abf-65f1-4d85-ac8c-55afffb2f7dd"}, {"fields": {"deleted": null, "order": 0, "modified": "2015-08-03T17:53:57.952Z", "name": "kvAWKSXNKdRuEYChUOCpyGmLpxmMsDOAylucHqZlhmTwUxUTlmFbYnvZbAquTwVnzgkhhfMawKLjEYgIMnfyxRrpzwWSMUqBhTYj", "created": "2015-08-03T17:53:57.952Z"}, "model": "contact.phonenumbertype", "pk": "38e42ed7-5049-4aa2-91d6-1a2a1167a9c9"}, {"fields": {"deleted": null, "order": 1, "modified": "2015-07-28T21:59:23.843Z", "name": "admin.phonenumbertype.mobile", "created": "2015-07-28T21:59:23.843Z"}, "model": "contact.phonenumbertype", "pk": "3ab97a52-9623-44a9-a8a7-087ad2e2e9e2"}, {"fields": {"deleted": null, "order": 0, "modified": "2015-07-28T21:58:23.843Z", "name": "admin.phonenumbertype.office", "created": "2015-07-28T21:58:23.843Z"}, "model": "contact.phonenumbertype", "pk": "44008afd-4c85-42e1-8754-a1f6d9fc9d05"}, {"fields": {"deleted": null, "order": 0, "modified": "2015-07-31T22:23:26.710Z", "name": "qzVOJimhmZqnFCDCBgtksDxBrEDkxtoqqhWQIHGxpcdFTqbnRdQViWYjRPJKqzNizDdxRTUeMtGwmkOTVlGFYJYXQVGHTLdKMxKD", "created": "2015-07-31T22:23:26.710Z"}, "model": "contact.phonenumbertype", "pk": "59a03cf8-b332-4a63-b1d1-5a51a61f492e"}, {"fields": {"deleted": null, "order": 0, "modified": "2015-07-31T21:41:49.616Z", "name": "XmvLXvssbCiqoKxrhWGeFiyFpyTGAKoooSOVlKNTBCVrxcVSukkpWRztgHPhcobOvvnovbVylHCTbZiXeSXPWPMTukescCDKjHSi", "created": "2015-07-31T21:41:49.616Z"}, "model": "contact.phonenumbertype", "pk": "953c2b76-225e-4e74-8071-4f09da532677"}, {"fields": {"deleted": null, "order": 0, "modified": "2015-07-31T22:23:26.714Z", "name": "CMfSZWfJsvjZStDokFEzYYybtErnPANDukmJyRawXYjkikwJGPFSBMQcmalfWQSGQMYrcMYdEyldHziMcdrNjZSlFfwDJVnTrDvl", "created": "2015-07-31T22:23:26.714Z"}, "model": "contact.addresstype", "pk": "196c1bc6-af59-4a28-ae66-1dbd6dcd5bae"}, {"fields": {"deleted": null, "order": 0, "modified": "2015-08-03T17:53:57.957Z", "name": "kgoAxNOKfNcYHMBUrikIgJISxFPoyKftlsuMBvsPDnwsRUVzOUHmrAYMBqOKYWVPRYVuNdqrvYqnpEPMTQwbfKVFwGoZttVyKXtX", "created": "2015-08-03T17:53:57.957Z"}, "model": "contact.addresstype", "pk": "b88ec6e0-ef34-496f-b519-37878a96d7b8"}, {"fields": {"deleted": null, "order": 0, "modified": "2015-08-03T17:53:57.962Z", "name": "jXhIenpyYONScgOYQxvYKuywGYrLqKqoFZTRJtVRlPoKZkdEeSJMvGKhZGLRgkSYiyDRVqWEwUPMecwYMJibJsTsPiwQqbEMqnof", "created": "2015-08-03T17:53:57.962Z"}, "model": "contact.emailtype", "pk": "013d4932-f0ad-4b5d-9ead-94fb9788da5c"}, {"fields": {"deleted": null, "order": 0, "modified": "2015-07-31T22:23:26.719Z", "name": "FulvWnjwXZnMYaBrwwMkJQpIDuWqnpFSQUXTOYTEpVhKuZbgefCcbMqdgtKfaKOmaNRAUDhhnyFrHpNZVJLHdOfQdxIHpSnwuoAr", "created": "2015-07-31T22:23:26.719Z"}, "model": "contact.emailtype", "pk": "093090e2-57ee-46bb-8abe-4de2dd8ac2c2"}, {"fields": {"name": "department", "created": "2015-08-04T18:02:31.547Z", "deleted": null, "modified": "2015-08-04T18:02:31.547Z", "children": [], "role_type": "Internal"}, "model": "location.locationlevel", "pk": "263a5cc1-c80a-450a-bc09-dad5505e21d4"}, {"fields": {"name": "GYWpbqkfvvkfAsSMxzsBGAHCRcHnYjyYtFOATyFhkbMphpAjOsDGEAUIsasTnHFDrDlJefKMQejbpCwLXmaXWxEJbWbMpaDKHolF", "created": "2015-07-31T18:27:16.478Z", "deleted": null, "modified": "2015-07-31T18:27:16.478Z", "children": [], "role_type": "Internal"}, "model": "location.locationlevel", "pk": "3d1e756c-e734-45a7-a827-f21b5100d91e"}, {"fields": {"name": "district", "created": "2015-08-04T18:02:31.541Z", "deleted": null, "modified": "2015-08-04T18:02:31.541Z", "children": ["dde465bd-bb9c-4cd7-8f40-12c7d2ad1528"], "role_type": "Internal"}, "model": "location.locationlevel", "pk": "ba9bea81-0c64-4af8-b1d3-006a2be0da40"}, {"fields": {"name": "district_lp", "created": "2015-08-04T18:02:31.543Z", "deleted": null, "modified": "2015-08-04T18:02:31.543Z", "children": [], "role_type": "Internal"}, "model": "location.locationlevel", "pk": "ccb5c090-edb5-48d5-aff4-e9b40c3c48cd"}, {"fields": {"name": "lAEnaaPACtbbyGcjLkahmTYNAtFXPguuPjTiaoIuQkImcyzCASeFUNYIzEHDkAhsYyfPpUNOiFayruMnQrrvYYbYWcEMFqDEepqU", "created": "2015-07-30T23:04:35.010Z", "deleted": null, "modified": "2015-07-30T23:04:35.010Z", "children": [], "role_type": "Internal"}, "model": "location.locationlevel", "pk": "dcd6e582-7c27-4be5-89cf-1bef48f073d6"}, {"fields": {"name": "store", "created": "2015-08-04T18:02:31.545Z", "deleted": null, "modified": "2015-08-04T18:02:31.545Z", "children": ["263a5cc1-c80a-450a-bc09-dad5505e21d4"], "role_type": "Internal"}, "model": "location.locationlevel", "pk": "dde465bd-bb9c-4cd7-8f40-12c7d2ad1528"}, {"fields": {"name": "region_lp", "created": "2015-08-04T18:52:23.398Z", "deleted": null, "modified": "2015-08-04T18:52:23.398Z", "children": [], "role_type": "Internal"}, "model": "location.locationlevel", "pk": "e0eb8a23-534b-4cd1-bb81-5fae519978f9"}, {"fields": {"name": "region", "created": "2015-08-04T18:02:31.539Z", "deleted": null, "modified": "2015-08-04T18:02:31.539Z", "children": ["ba9bea81-0c64-4af8-b1d3-006a2be0da40", "ccb5c090-edb5-48d5-aff4-e9b40c3c48cd"], "role_type": "Internal"}, "model": "location.locationlevel", "pk": "fd6e804d-9101-462b-8e2f-0860a2741b56"}, {"fields": {"deleted": null, "modified": "2015-07-30T23:04:35.015Z", "name": "active", "created": "2015-07-30T23:04:35.015Z"}, "model": "location.locationstatus", "pk": "2b3a0265-1981-4c87-bfcf-5f0c9bd83446"}, {"fields": {"deleted": null, "modified": "2015-08-04T21:18:44.170Z", "name": "UcCoSfYYtiOAgZcNAmmwUHvJBjsLwINOWSHfnrfswQovuczGILflxdhPZmHiXrusUjqqRAsEtjwXEywKvLfPnlOiJSvtqgISeuui", "created": "2015-08-04T21:18:44.170Z"}, "model": "location.locationstatus", "pk": "b46bd197-a9cb-49cd-988a-fc134436eba3"}, {"fields": {"deleted": null, "modified": "2015-07-30T23:04:35.018Z", "name": "big_store", "created": "2015-07-30T23:04:35.018Z"}, "model": "location.locationtype", "pk": "ee6c2ec4-8fb8-4d97-8ea7-8374508d0979"}, {"fields": {"status": "2b3a0265-1981-4c87-bfcf-5f0c9bd83446", "name": "los_angeles", "created": "2015-08-04T20:10:39.929Z", "deleted": null, "modified": "2015-08-04T20:10:39.929Z", "number": "RsLiCCRGizNgxZpXTbJL", "location_level": "ba9bea81-0c64-4af8-b1d3-006a2be0da40", "type": "ee6c2ec4-8fb8-4d97-8ea7-8374508d0979", "children": []}, "model": "location.location", "pk": "05fb12fa-cb5c-4212-a39f-618e7ef5aef6"}, {"fields": {"status": "2b3a0265-1981-4c87-bfcf-5f0c9bd83446", "name": "CmoAAxiCZUcuqxIbFOPrRTLCxoFbMuENOFoEDeIvAtrjasCjiBIaCXQMgRFLGWyeZUpZYLsyWIreNNMxiBRpTJGiTZofXWrEFKug", "created": "2015-07-31T18:27:16.484Z", "deleted": null, "modified": "2015-07-31T18:27:16.484Z", "number": "fJRvGWBaIZUYAKcnvMOI", "location_level": "3d1e756c-e734-45a7-a827-f21b5100d91e", "type": "ee6c2ec4-8fb8-4d97-8ea7-8374508d0979", "children": []}, "model": "location.location", "pk": "20d63f3c-cd98-4a91-91bb-4ecd726017ad"}, {"fields": {"status": "2b3a0265-1981-4c87-bfcf-5f0c9bd83446", "name": "san_diego", "created": "2015-08-04T20:10:39.925Z", "deleted": null, "modified": "2015-08-04T20:10:39.925Z", "number": "KEgtdHpHoVSzkWIHBuDg", "location_level": "ba9bea81-0c64-4af8-b1d3-006a2be0da40", "type": "ee6c2ec4-8fb8-4d97-8ea7-8374508d0979", "children": []}, "model": "location.location", "pk": "3a188547-d187-4474-96fe-2604db9db407"}, {"fields": {"status": "2b3a0265-1981-4c87-bfcf-5f0c9bd83446", "name": "ca", "created": "2015-08-04T20:10:39.916Z", "deleted": null, "modified": "2015-08-04T21:19:33.708Z", "number": "sCWBSglRxzNkRrAuoars", "location_level": "ba9bea81-0c64-4af8-b1d3-006a2be0da40", "type": "ee6c2ec4-8fb8-4d97-8ea7-8374508d0979", "children": ["3a188547-d187-4474-96fe-2604db9db407", "05fb12fa-cb5c-4212-a39f-618e7ef5aef6"]}, "model": "location.location", "pk": "77ecd7d9-899e-45c2-8449-108a01d96c14"}, {"fields": {"status": "2b3a0265-1981-4c87-bfcf-5f0c9bd83446", "name": "nv", "created": "2015-08-04T20:10:39.920Z", "deleted": null, "modified": "2015-08-04T20:10:39.920Z", "number": "CScfwxmOAlvVMRlErKKT", "location_level": "ba9bea81-0c64-4af8-b1d3-006a2be0da40", "type": "ee6c2ec4-8fb8-4d97-8ea7-8374508d0979", "children": []}, "model": "location.location", "pk": "80afe1e8-7b4d-485b-864c-92ed03040c19"}, {"fields": {"status": "2b3a0265-1981-4c87-bfcf-5f0c9bd83446", "name": "yjlmbDQlxvRAlEbwXbzhdsmuCmVTKNMxYmPOCKHEbOUGzTCQpEZAprHaXmbTRUGezWEBkyvZoBDYKOyWtGZVZPXgjMshEhomhhfP", "created": "2015-07-30T23:04:35.021Z", "deleted": null, "modified": "2015-07-30T23:04:35.021Z", "number": "NfisTXLIqroNymziTGYR", "location_level": "dcd6e582-7c27-4be5-89cf-1bef48f073d6", "type": "ee6c2ec4-8fb8-4d97-8ea7-8374508d0979", "children": []}, "model": "location.location", "pk": "a13f74dd-4f8a-4e1d-a386-14c2e63df759"}, {"fields": {"status": "2b3a0265-1981-4c87-bfcf-5f0c9bd83446", "name": "east", "created": "2015-08-04T20:10:39.911Z", "deleted": null, "modified": "2015-08-04T20:10:39.911Z", "number": "ZUjHVeaLTFHorBrULuoT", "location_level": "fd6e804d-9101-462b-8e2f-0860a2741b56", "type": "ee6c2ec4-8fb8-4d97-8ea7-8374508d0979", "children": ["80afe1e8-7b4d-485b-864c-92ed03040c19", "77ecd7d9-899e-45c2-8449-108a01d96c14"]}, "model": "location.location", "pk": "b5c57bd1-3792-4354-9b3d-12924a30c71d"}, {"fields": {"deleted": null, "description": "active", "modified": "2015-07-29T01:02:04.304Z", "name": "", "created": "2015-07-29T01:02:04.304Z"}, "model": "person.personstatus", "pk": "a2413603-44ea-4433-9f61-7fc4cc5439ff"}, {"fields": {"deleted": null, "abbrev": "TN", "modified": "2015-08-03T21:50:38.857Z", "name": "Tennessee", "created": "2015-08-03T21:50:38.857Z"}, "model": "util.state", "pk": "00a8e49f-90f8-4e68-b8f6-f0c1668ad0f0"}, {"fields": {"deleted": null, "abbrev": "MT", "modified": "2015-08-03T21:50:38.840Z", "name": "Montana", "created": "2015-08-03T21:50:38.840Z"}, "model": "util.state", "pk": "072b3b9d-b291-4123-b765-866e6e19f491"}, {"fields": {"deleted": null, "abbrev": "WA", "modified": "2015-08-03T21:50:38.861Z", "name": "Washington", "created": "2015-08-03T21:50:38.861Z"}, "model": "util.state", "pk": "0bd5f0af-ae7a-42f6-8117-1af25bd2d26c"}, {"fields": {"deleted": null, "abbrev": "SD", "modified": "2015-08-03T21:50:38.856Z", "name": "South Dakota", "created": "2015-08-03T21:50:38.856Z"}, "model": "util.state", "pk": "1248e0c5-1979-4441-b139-f5d94dc64f26"}, {"fields": {"deleted": null, "abbrev": "UT", "modified": "2015-08-03T21:50:38.858Z", "name": "Utah", "created": "2015-08-03T21:50:38.858Z"}, "model": "util.state", "pk": "14be812a-1343-4265-84a1-a27206f343bf"}, {"fields": {"deleted": null, "abbrev": "AL", "modified": "2015-08-03T21:50:38.818Z", "name": "Alabama", "created": "2015-08-03T21:50:38.818Z"}, "model": "util.state", "pk": "18151798-241c-4c2d-9b73-cf061513d7f5"}, {"fields": {"deleted": null, "abbrev": "VT", "modified": "2015-08-03T21:50:38.859Z", "name": "Vermont", "created": "2015-08-03T21:50:38.859Z"}, "model": "util.state", "pk": "23869606-b0b3-44e6-814d-f28186266e7d"}, {"fields": {"deleted": null, "abbrev": "MI", "modified": "2015-08-03T21:50:38.851Z", "name": "Michigan", "created": "2015-08-03T21:50:38.851Z"}, "model": "util.state", "pk": "2b94af8e-67b6-4935-ac91-f8550d63591c"}, {"fields": {"deleted": null, "abbrev": "OK", "modified": "2015-08-03T21:50:38.848Z", "name": "Oklahoma", "created": "2015-08-03T21:50:38.848Z"}, "model": "util.state", "pk": "2cc5e77a-52a4-4a3c-b42c-e58757f380b9"}, {"fields": {"deleted": null, "abbrev": "HI", "modified": "2015-08-03T21:50:38.832Z", "name": "Hawaii", "created": "2015-08-03T21:50:38.832Z"}, "model": "util.state", "pk": "2dcba19d-df59-4ac0-85e2-93e40dad5dd0"}, {"fields": {"deleted": null, "abbrev": "WV", "modified": "2015-08-03T21:50:38.861Z", "name": "West Virginia", "created": "2015-08-03T21:50:38.861Z"}, "model": "util.state", "pk": "2e6e72b3-7d3a-432e-b1d8-18a9b7903e98"}, {"fields": {"deleted": null, "abbrev": "CA", "modified": "2015-08-03T21:50:38.825Z", "name": "California", "created": "2015-08-03T21:50:38.825Z"}, "model": "util.state", "pk": "2f9be8b9-f64c-4476-adb7-296dfd4d34a3"}, {"fields": {"deleted": null, "abbrev": "TX", "modified": "2015-08-03T21:50:38.858Z", "name": "Texas", "created": "2015-08-03T21:50:38.858Z"}, "model": "util.state", "pk": "366e1535-1332-4f56-a4dd-2eccd2917343"}, {"fields": {"deleted": null, "abbrev": "MD", "modified": "2015-08-03T21:50:38.850Z", "name": "Maryland", "created": "2015-08-03T21:50:38.850Z"}, "model": "util.state", "pk": "370124b6-a2b7-43b3-906a-a64d2caf26dd"}, {"fields": {"deleted": null, "abbrev": "ME", "modified": "2015-08-03T21:50:38.839Z", "name": "Maine", "created": "2015-08-03T21:50:38.839Z"}, "model": "util.state", "pk": "3ad8eff4-2d6d-4f89-8542-c9e9d3b1512f"}, {"fields": {"deleted": null, "abbrev": "MN", "modified": "2015-08-03T21:50:38.852Z", "name": "Minnesota", "created": "2015-08-03T21:50:38.852Z"}, "model": "util.state", "pk": "3b963b95-c87b-48c1-a83a-fd68b7effa33"}, {"fields": {"deleted": null, "abbrev": "AZ", "modified": "2015-08-03T21:50:38.823Z", "name": "Arizona", "created": "2015-08-03T21:50:38.823Z"}, "model": "util.state", "pk": "3c4d9e5b-d3c9-4d26-a030-c04cf8f243a6"}, {"fields": {"deleted": null, "abbrev": "NY", "modified": "2015-08-03T21:50:38.845Z", "name": "New York", "created": "2015-08-03T21:50:38.845Z"}, "model": "util.state", "pk": "3f5974eb-2816-4cea-9b12-d8aa2f819ad6"}, {"fields": {"deleted": null, "abbrev": "MA", "modified": "2015-08-03T21:50:38.851Z", "name": "Massachusetts", "created": "2015-08-03T21:50:38.851Z"}, "model": "util.state", "pk": "3f92db15-31ae-4368-b233-538f70960f83"}, {"fields": {"deleted": null, "abbrev": "ID", "modified": "2015-08-03T21:50:38.833Z", "name": "Idaho", "created": "2015-08-03T21:50:38.833Z"}, "model": "util.state", "pk": "45dfad59-5ca7-4696-9e61-d18645fb3e75"}, {"fields": {"deleted": null, "abbrev": "NE", "modified": "2015-08-03T21:50:38.841Z", "name": "Nebraska", "created": "2015-08-03T21:50:38.841Z"}, "model": "util.state", "pk": "464bb5a0-e224-4035-aa72-8ed9efa461ce"}, {"fields": {"deleted": null, "abbrev": "NV", "modified": "2015-08-03T21:50:38.842Z", "name": "Nevada", "created": "2015-08-03T21:50:38.842Z"}, "model": "util.state", "pk": "548c5a51-6c0f-42cc-bf45-3cdfde199beb"}, {"fields": {"deleted": null, "abbrev": "RI", "modified": "2015-08-03T21:50:38.855Z", "name": "Rhode Island", "created": "2015-08-03T21:50:38.855Z"}, "model": "util.state", "pk": "5d25e6b8-e4eb-412d-a8e2-5e0371bf06e4"}, {"fields": {"deleted": null, "abbrev": "OR", "modified": "2015-08-03T21:50:38.849Z", "name": "Oregon", "created": "2015-08-03T21:50:38.849Z"}, "model": "util.state", "pk": "6d45947e-ea9e-4981-a48c-91bd821b63d6"}, {"fields": {"deleted": null, "abbrev": "SC", "modified": "2015-08-03T21:50:38.856Z", "name": "South Carolina", "created": "2015-08-03T21:50:38.856Z"}, "model": "util.state", "pk": "6fdf644c-3a14-4673-b3fc-0faaebf86a14"}, {"fields": {"deleted": null, "abbrev": "NM", "modified": "2015-08-03T21:50:38.844Z", "name": "New Mexico", "created": "2015-08-03T21:50:38.844Z"}, "model": "util.state", "pk": "78fe198a-e45e-4020-a306-8d5f6b0132e7"}, {"fields": {"deleted": null, "abbrev": "MO", "modified": "2015-08-03T21:50:38.853Z", "name": "Missouri", "created": "2015-08-03T21:50:38.853Z"}, "model": "util.state", "pk": "7bd7148b-a8ed-40a2-92de-6b0e165d2aec"}, {"fields": {"deleted": null, "abbrev": "CT", "modified": "2015-08-03T21:50:38.827Z", "name": "Connecticut", "created": "2015-08-03T21:50:38.827Z"}, "model": "util.state", "pk": "8112a34f-81db-4c8a-bdcd-89b7640ef021"}, {"fields": {"deleted": null, "abbrev": "CO", "modified": "2015-08-03T21:50:38.826Z", "name": "Colorado", "created": "2015-08-03T21:50:38.826Z"}, "model": "util.state", "pk": "8308895f-84b5-4442-9b05-76218f490f26"}, {"fields": {"deleted": null, "abbrev": "IN", "modified": "2015-08-03T21:50:38.835Z", "name": "Indiana", "created": "2015-08-03T21:50:38.835Z"}, "model": "util.state", "pk": "8be6bcbb-893a-4367-8855-492730beec14"}, {"fields": {"deleted": null, "abbrev": "KS", "modified": "2015-08-03T21:50:38.837Z", "name": "Kansas", "created": "2015-08-03T21:50:38.837Z"}, "model": "util.state", "pk": "977f269c-f5c8-4ceb-92b5-16ccb824a8ff"}, {"fields": {"deleted": null, "abbrev": "VA", "modified": "2015-08-03T21:50:38.860Z", "name": "Virginia", "created": "2015-08-03T21:50:38.860Z"}, "model": "util.state", "pk": "9c9a3366-bee1-4417-a510-1a7156432048"}, {"fields": {"deleted": null, "abbrev": "KY", "modified": "2015-08-03T21:50:38.838Z", "name": "Kentucky", "created": "2015-08-03T21:50:38.838Z"}, "model": "util.state", "pk": "9fe4ac89-4830-41d6-a2a2-8da6e22aa7ee"}, {"fields": {"deleted": null, "abbrev": "NC", "modified": "2015-08-03T21:50:38.846Z", "name": "North Carolina", "created": "2015-08-03T21:50:38.846Z"}, "model": "util.state", "pk": "a1139092-17eb-4173-b0ae-f1fd6dcca0f2"}, {"fields": {"deleted": null, "abbrev": "GA", "modified": "2015-08-03T21:50:38.831Z", "name": "Georgia", "created": "2015-08-03T21:50:38.831Z"}, "model": "util.state", "pk": "a17d7b0f-6a3e-4182-9c4f-947f1c03290f"}, {"fields": {"deleted": null, "abbrev": "AR", "modified": "2015-08-03T21:50:38.824Z", "name": "Arkansas", "created": "2015-08-03T21:50:38.824Z"}, "model": "util.state", "pk": "a18e127f-6b23-4973-b120-74fadecb1811"}, {"fields": {"deleted": null, "abbrev": "NJ", "modified": "2015-08-03T21:50:38.843Z", "name": "New Jersey", "created": "2015-08-03T21:50:38.843Z"}, "model": "util.state", "pk": "a25c6d43-c6de-4e40-acb7-20549f1cc594"}, {"fields": {"deleted": null, "abbrev": "AK", "modified": "2015-08-03T21:50:38.822Z", "name": "Alaska", "created": "2015-08-03T21:50:38.822Z"}, "model": "util.state", "pk": "abfd0d61-1971-448a-a472-497fb61fbb50"}, {"fields": {"deleted": null, "abbrev": "OH", "modified": "2015-08-03T21:50:38.847Z", "name": "Ohio", "created": "2015-08-03T21:50:38.847Z"}, "model": "util.state", "pk": "b213e799-d2a2-4d26-91f5-2975d06c27f2"}, {"fields": {"deleted": null, "abbrev": "WY", "modified": "2015-08-03T21:50:38.863Z", "name": "Wyoming", "created": "2015-08-03T21:50:38.863Z"}, "model": "util.state", "pk": "b5477558-b5f1-4b5c-9e88-524ead69fbcc"}, {"fields": {"deleted": null, "abbrev": "MS", "modified": "2015-08-03T21:50:38.853Z", "name": "Mississippi", "created": "2015-08-03T21:50:38.853Z"}, "model": "util.state", "pk": "b5b6777d-492b-42cf-9e9f-644b0a3c160c"}, {"fields": {"deleted": null, "abbrev": "LA", "modified": "2015-08-03T21:50:38.839Z", "name": "Louisiana", "created": "2015-08-03T21:50:38.839Z"}, "model": "util.state", "pk": "b69a10e7-17d8-4b7e-87d3-fba685ab0352"}, {"fields": {"deleted": null, "abbrev": "ND", "modified": "2015-08-03T21:50:38.847Z", "name": "North Dakota", "created": "2015-08-03T21:50:38.847Z"}, "model": "util.state", "pk": "c3149c95-fc90-46e7-b37b-f23338c88d13"}, {"fields": {"deleted": null, "abbrev": "DE", "modified": "2015-08-03T21:50:38.828Z", "name": "Delaware", "created": "2015-08-03T21:50:38.828Z"}, "model": "util.state", "pk": "c660bffd-b102-429c-be6f-d5644ce50bbd"}, {"fields": {"deleted": null, "abbrev": "FL", "modified": "2015-08-03T21:50:38.830Z", "name": "Florida", "created": "2015-08-03T21:50:38.830Z"}, "model": "util.state", "pk": "c8a87caa-0796-4a7b-b160-dc6212f0ac36"}, {"fields": {"deleted": null, "abbrev": "IL", "modified": "2015-08-03T21:50:38.834Z", "name": "Illinois", "created": "2015-08-03T21:50:38.834Z"}, "model": "util.state", "pk": "d55962b8-d311-42f4-a05f-8139978cf981"}, {"fields": {"deleted": null, "abbrev": "WI", "modified": "2015-08-03T21:50:38.862Z", "name": "Wisconsin", "created": "2015-08-03T21:50:38.862Z"}, "model": "util.state", "pk": "e13b54f2-0234-4797-babf-576c9046ade6"}, {"fields": {"deleted": null, "abbrev": "PA", "modified": "2015-08-03T21:50:38.854Z", "name": "Pennsylvania", "created": "2015-08-03T21:50:38.854Z"}, "model": "util.state", "pk": "edbaa2b6-82ea-4701-b77d-35728f62c30e"}, {"fields": {"deleted": null, "abbrev": "NH", "modified": "2015-08-03T21:50:38.843Z", "name": "New Hampshire", "created": "2015-08-03T21:50:38.843Z"}, "model": "util.state", "pk": "f56a5cd5-c2a1-4db2-8d43-15fabffe7ebe"}, {"fields": {"deleted": null, "abbrev": "IA", "modified": "2015-08-03T21:50:38.836Z", "name": "Iowa", "created": "2015-08-03T21:50:38.836Z"}, "model": "util.state", "pk": "fb42f33f-005d-4a83-879d-bfa06b11f3c5"}, {"fields": {"codename": "add_logentry", "name": "Can add log entry", "content_type": 1}, "model": "auth.permission", "pk": 1}, {"fields": {"codename": "change_logentry", "name": "Can change log entry", "content_type": 1}, "model": "auth.permission", "pk": 2}, {"fields": {"codename": "delete_logentry", "name": "Can delete log entry", "content_type": 1}, "model": "auth.permission", "pk": 3}, {"fields": {"codename": "add_permission", "name": "Can add permission", "content_type": 2}, "model": "auth.permission", "pk": 4}, {"fields": {"codename": "change_permission", "name": "Can change permission", "content_type": 2}, "model": "auth.permission", "pk": 5}, {"fields": {"codename": "delete_permission", "name": "Can delete permission", "content_type": 2}, "model": "auth.permission", "pk": 6}, {"fields": {"codename": "add_group", "name": "Can add group", "content_type": 3}, "model": "auth.permission", "pk": 7}, {"fields": {"codename": "change_group", "name": "Can change group", "content_type": 3}, "model": "auth.permission", "pk": 8}, {"fields": {"codename": "delete_group", "name": "Can delete group", "content_type": 3}, "model": "auth.permission", "pk": 9}, {"fields": {"codename": "add_contenttype", "name": "Can add content type", "content_type": 4}, "model": "auth.permission", "pk": 10}, {"fields": {"codename": "change_contenttype", "name": "Can change content type", "content_type": 4}, "model": "auth.permission", "pk": 11}, {"fields": {"codename": "delete_contenttype", "name": "Can delete content type", "content_type": 4}, "model": "auth.permission", "pk": 12}, {"fields": {"codename": "add_session", "name": "Can add session", "content_type": 5}, "model": "auth.permission", "pk": 13}, {"fields": {"codename": "change_session", "name": "Can change session", "content_type": 5}, "model": "auth.permission", "pk": 14}, {"fields": {"codename": "delete_session", "name": "Can delete session", "content_type": 5}, "model": "auth.permission", "pk": 15}, {"fields": {"codename": "add_site", "name": "Can add site", "content_type": 6}, "model": "auth.permission", "pk": 16}, {"fields": {"codename": "change_site", "name": "Can change site", "content_type": 6}, "model": "auth.permission", "pk": 17}, {"fields": {"codename": "delete_site", "name": "Can delete site", "content_type": 6}, "model": "auth.permission", "pk": 18}, {"fields": {"codename": "add_flatpage", "name": "Can add flat page", "content_type": 7}, "model": "auth.permission", "pk": 19}, {"fields": {"codename": "change_flatpage", "name": "Can change flat page", "content_type": 7}, "model": "auth.permission", "pk": 20}, {"fields": {"codename": "delete_flatpage", "name": "Can delete flat page", "content_type": 7}, "model": "auth.permission", "pk": 21}, {"fields": {"codename": "add_corsmodel", "name": "Can add cors model", "content_type": 8}, "model": "auth.permission", "pk": 22}, {"fields": {"codename": "change_corsmodel", "name": "Can change cors model", "content_type": 8}, "model": "auth.permission", "pk": 23}, {"fields": {"codename": "delete_corsmodel", "name": "Can delete cors model", "content_type": 8}, "model": "auth.permission", "pk": 24}, {"fields": {"codename": "add_currency", "name": "Can add currency", "content_type": 9}, "model": "auth.permission", "pk": 25}, {"fields": {"codename": "change_currency", "name": "Can change currency", "content_type": 9}, "model": "auth.permission", "pk": 26}, {"fields": {"codename": "delete_currency", "name": "Can delete currency", "content_type": 9}, "model": "auth.permission", "pk": 27}, {"fields": {"codename": "add_phonenumbertype", "name": "Can add phone number type", "content_type": 10}, "model": "auth.permission", "pk": 28}, {"fields": {"codename": "change_phonenumbertype", "name": "Can change phone number type", "content_type": 10}, "model": "auth.permission", "pk": 29}, {"fields": {"codename": "delete_phonenumbertype", "name": "Can delete phone number type", "content_type": 10}, "model": "auth.permission", "pk": 30}, {"fields": {"codename": "add_phonenumber", "name": "Can add phone number", "content_type": 11}, "model": "auth.permission", "pk": 31}, {"fields": {"codename": "change_phonenumber", "name": "Can change phone number", "content_type": 11}, "model": "auth.permission", "pk": 32}, {"fields": {"codename": "delete_phonenumber", "name": "Can delete phone number", "content_type": 11}, "model": "auth.permission", "pk": 33}, {"fields": {"codename": "add_addresstype", "name": "Can add address type", "content_type": 12}, "model": "auth.permission", "pk": 34}, {"fields": {"codename": "change_addresstype", "name": "Can change address type", "content_type": 12}, "model": "auth.permission", "pk": 35}, {"fields": {"codename": "delete_addresstype", "name": "Can delete address type", "content_type": 12}, "model": "auth.permission", "pk": 36}, {"fields": {"codename": "add_address", "name": "Can add address", "content_type": 13}, "model": "auth.permission", "pk": 37}, {"fields": {"codename": "change_address", "name": "Can change address", "content_type": 13}, "model": "auth.permission", "pk": 38}, {"fields": {"codename": "delete_address", "name": "Can delete address", "content_type": 13}, "model": "auth.permission", "pk": 39}, {"fields": {"codename": "add_emailtype", "name": "Can add email type", "content_type": 14}, "model": "auth.permission", "pk": 40}, {"fields": {"codename": "change_emailtype", "name": "Can change email type", "content_type": 14}, "model": "auth.permission", "pk": 41}, {"fields": {"codename": "delete_emailtype", "name": "Can delete email type", "content_type": 14}, "model": "auth.permission", "pk": 42}, {"fields": {"codename": "add_email", "name": "Can add email", "content_type": 15}, "model": "auth.permission", "pk": 43}, {"fields": {"codename": "change_email", "name": "Can change email", "content_type": 15}, "model": "auth.permission", "pk": 44}, {"fields": {"codename": "delete_email", "name": "Can delete email", "content_type": 15}, "model": "auth.permission", "pk": 45}, {"fields": {"codename": "add_locationlevel", "name": "Can add location level", "content_type": 16}, "model": "auth.permission", "pk": 46}, {"fields": {"codename": "change_locationlevel", "name": "Can change location level", "content_type": 16}, "model": "auth.permission", "pk": 47}, {"fields": {"codename": "delete_locationlevel", "name": "Can delete location level", "content_type": 16}, "model": "auth.permission", "pk": 48}, {"fields": {"codename": "add_locationstatus", "name": "Can add location status", "content_type": 17}, "model": "auth.permission", "pk": 49}, {"fields": {"codename": "change_locationstatus", "name": "Can change location status", "content_type": 17}, "model": "auth.permission", "pk": 50}, {"fields": {"codename": "delete_locationstatus", "name": "Can delete location status", "content_type": 17}, "model": "auth.permission", "pk": 51}, {"fields": {"codename": "add_locationtype", "name": "Can add location type", "content_type": 18}, "model": "auth.permission", "pk": 52}, {"fields": {"codename": "change_locationtype", "name": "Can change location type", "content_type": 18}, "model": "auth.permission", "pk": 53}, {"fields": {"codename": "delete_locationtype", "name": "Can delete location type", "content_type": 18}, "model": "auth.permission", "pk": 54}, {"fields": {"codename": "add_location", "name": "Can add location", "content_type": 19}, "model": "auth.permission", "pk": 55}, {"fields": {"codename": "change_location", "name": "Can change location", "content_type": 19}, "model": "auth.permission", "pk": 56}, {"fields": {"codename": "delete_location", "name": "Can delete location", "content_type": 19}, "model": "auth.permission", "pk": 57}, {"fields": {"codename": "add_role", "name": "Can add role", "content_type": 20}, "model": "auth.permission", "pk": 58}, {"fields": {"codename": "change_role", "name": "Can change role", "content_type": 20}, "model": "auth.permission", "pk": 59}, {"fields": {"codename": "delete_role", "name": "Can delete role", "content_type": 20}, "model": "auth.permission", "pk": 60}, {"fields": {"codename": "add_proxyrole", "name": "Can add proxy role", "content_type": 21}, "model": "auth.permission", "pk": 61}, {"fields": {"codename": "change_proxyrole", "name": "Can change proxy role", "content_type": 21}, "model": "auth.permission", "pk": 62}, {"fields": {"codename": "delete_proxyrole", "name": "Can delete proxy role", "content_type": 21}, "model": "auth.permission", "pk": 63}, {"fields": {"codename": "add_personstatus", "name": "Can add person status", "content_type": 22}, "model": "auth.permission", "pk": 64}, {"fields": {"codename": "change_personstatus", "name": "Can change person status", "content_type": 22}, "model": "auth.permission", "pk": 65}, {"fields": {"codename": "delete_personstatus", "name": "Can delete person status", "content_type": 22}, "model": "auth.permission", "pk": 66}, {"fields": {"codename": "add_person", "name": "Can add person", "content_type": 23}, "model": "auth.permission", "pk": 67}, {"fields": {"codename": "change_person", "name": "Can change person", "content_type": 23}, "model": "auth.permission", "pk": 68}, {"fields": {"codename": "delete_person", "name": "Can delete person", "content_type": 23}, "model": "auth.permission", "pk": 69}, {"fields": {"codename": "add_category", "name": "Can add Category", "content_type": 24}, "model": "auth.permission", "pk": 70}, {"fields": {"codename": "change_category", "name": "Can change Category", "content_type": 24}, "model": "auth.permission", "pk": 71}, {"fields": {"codename": "delete_category", "name": "Can delete Category", "content_type": 24}, "model": "auth.permission", "pk": 72}, {"fields": {"codename": "add_tester", "name": "Can add tester", "content_type": 25}, "model": "auth.permission", "pk": 73}, {"fields": {"codename": "change_tester", "name": "Can change tester", "content_type": 25}, "model": "auth.permission", "pk": 74}, {"fields": {"codename": "delete_tester", "name": "Can delete tester", "content_type": 25}, "model": "auth.permission", "pk": 75}, {"fields": {"codename": "add_mainsetting", "name": "Can add main setting", "content_type": 26}, "model": "auth.permission", "pk": 76}, {"fields": {"codename": "change_mainsetting", "name": "Can change main setting", "content_type": 26}, "model": "auth.permission", "pk": 77}, {"fields": {"codename": "delete_mainsetting", "name": "Can delete main setting", "content_type": 26}, "model": "auth.permission", "pk": 78}, {"fields": {"codename": "add_customsetting", "name": "Can add custom setting", "content_type": 27}, "model": "auth.permission", "pk": 79}, {"fields": {"codename": "change_customsetting", "name": "Can change custom setting", "content_type": 27}, "model": "auth.permission", "pk": 80}, {"fields": {"codename": "delete_customsetting", "name": "Can delete custom setting", "content_type": 27}, "model": "auth.permission", "pk": 81}, {"fields": {"codename": "add_workorderstatus", "name": "Can add work order status", "content_type": 28}, "model": "auth.permission", "pk": 82}, {"fields": {"codename": "change_workorderstatus", "name": "Can change work order status", "content_type": 28}, "model": "auth.permission", "pk": 83}, {"fields": {"codename": "delete_workorderstatus", "name": "Can delete work order status", "content_type": 28}, "model": "auth.permission", "pk": 84}, {"fields": {"codename": "add_workorder", "name": "Can add work order", "content_type": 29}, "model": "auth.permission", "pk": 85}, {"fields": {"codename": "change_workorder", "name": "Can change work order", "content_type": 29}, "model": "auth.permission", "pk": 86}, {"fields": {"codename": "delete_workorder", "name": "Can delete work order", "content_type": 29}, "model": "auth.permission", "pk": 87}, {"fields": {"codename": "add_state", "name": "Can add state", "content_type": 30}, "model": "auth.permission", "pk": 88}, {"fields": {"codename": "change_state", "name": "Can change state", "content_type": 30}, "model": "auth.permission", "pk": 89}, {"fields": {"codename": "delete_state", "name": "Can delete state", "content_type": 30}, "model": "auth.permission", "pk": 90}, {"fields": {"name": "ZmDJijVdex", "permissions": []}, "model": "auth.group", "pk": 1}, {"fields": {"name": "FMDTqaqXdi", "permissions": []}, "model": "auth.group", "pk": 2}, {"fields": {"msg_stored_link": false, "msg_copy_default": false, "tabs": "", "msg_copy_email": false, "create_all": false, "allow_approval": false, "msg_viewall": false, "inv_select_assign": "all", "inv_autoapprove": false, "dashboad_links": "", "proxy_set": false, "password_expire_alert": true, "password_min_length": 6, "group": 2, "default_accept_notify": true, "password_history_length": null, "inv_wo_status": null, "proxy_approval_bypass": false, "password_char_types": "ehnnabPIPrKYvQeAFikjNCIuuzKYtUUcsVhIoUzQsatkleDXkGRPmmDcAuwOofRfowlhEFSIloPIgMLrHynmcvWSxPvHvFGAoavb", "dashboad_text": "", "password_expire": null, "inv_max_approval_currency": "usd", "wo_show_tkt_attach": false, "wo_show_inactive": false, "deleted": null, "msg_address": false, "wo_days_backdate": null, "inv_max_approval_amount": 0, "default_accept_assign": true, "location_level": null, "accept_notify": false, "default_auth_amount_currency": "528c9e8e-fdd0-4d7d-9386-dd4ac7addc53", "role_type": "Internal", "inv_close_wo": "Do not display", "name": "FMDTqaqXdi", "created": "2015-07-31T22:23:26.619Z", "wo_edit_closeout": false, "modules": "", "modified": "2015-07-31T22:23:26.619Z", "inv_req_attach": true, "wo_allow_backdate": false, "default_auth_amount": "0.0000", "inv_wait": null, "wo_notes": false, "accept_assign": false, "inv_options": "new"}, "model": "person.role", "pk": "0a2de0a2-c554-47ab-8a98-ded84f064e22"}, {"fields": {"msg_stored_link": false, "msg_copy_default": false, "tabs": "", "msg_copy_email": false, "create_all": false, "allow_approval": false, "msg_viewall": false, "inv_select_assign": "all", "inv_autoapprove": false, "dashboad_links": "", "proxy_set": false, "password_expire_alert": true, "password_min_length": 6, "group": 1, "default_accept_notify": true, "password_history_length": null, "inv_wo_status": null, "proxy_approval_bypass": false, "password_char_types": "rLvdrGgKhFtBfBgKDsHVaBBYgfMmtsVoUFwWPHDidawygWwMRkiGRLuypmFqPQzcMYGVwsRnErFKdHFbpwdCpUPklTVktFvqiTbY", "dashboad_text": "", "password_expire": null, "inv_max_approval_currency": "usd", "wo_show_tkt_attach": false, "wo_show_inactive": false, "deleted": null, "msg_address": false, "wo_days_backdate": null, "inv_max_approval_amount": 0, "default_accept_assign": true, "location_level": null, "accept_notify": false, "default_auth_amount_currency": "f8716abf-65f1-4d85-ac8c-55afffb2f7dd", "role_type": "contractor", "inv_close_wo": "Do not display", "name": "ZmDJijVdex", "created": "2015-07-29T01:02:04.219Z", "wo_edit_closeout": false, "modules": "", "modified": "2015-07-29T01:02:04.219Z", "inv_req_attach": true, "wo_allow_backdate": false, "default_auth_amount": "42437325620.8307", "inv_wait": null, "wo_notes": false, "accept_assign": false, "inv_options": "new"}, "model": "person.role", "pk": "35a51e17-8bea-4ef2-9917-646d71660b42"}, {"fields": {"status": "a2413603-44ea-4433-9f61-7fc4cc5439ff", "last_name": "", "proxy_start_date": null, "auth_amount_currency": "528c9e8e-fdd0-4d7d-9386-dd4ac7addc53", "next_approver": null, "is_staff": false, "user_permissions": [], "date_joined": "2015-08-03T20:58:44.760Z", "middle_initial": null, "first_name": "", "employee_id": null, "auth_amount": "0.0000", "title": null, "is_superuser": false, "last_login": null, "location": "a13f74dd-4f8a-4e1d-a386-14c2e63df759", "password_expire": null, "role": "0a2de0a2-c554-47ab-8a98-ded84f064e22", "email": "", "username": "WbwEBQlzVySXorORSROaVvnGJvfDjn", "deleted": null, "password_one_time": null, "is_active": true, "groups": [2], "accept_notify": true, "password": "TujSuiUNCGbuivcSIXRmVfTyIcvYoXBGUYOheggEoSxYZDSrWNroVEsGHujRRrRmnjnYMkkDvjGpMgpwcRveWfDRnilAtqZVGSGOmOIGLgMBGtHYEZoVOrVNjFskPieI", "proxy_status": null, "proxy_user": null, "created": "2015-08-03T20:58:44.767Z", "modified": "2015-08-03T22:05:05.027Z", "proxy_end_date": null, "accept_assign": true, "password_change": "gHyQYPBnDlZcYUzEpDNdaOKwyGeFFdQFsixzXZfvaUfLfegIWNjBPGIaDGVOExoSBvPnZKmbpcmCqokEbeVjZpNIMVogzamlmIJUzTlkhUFZTHrYwYExMcLvgYSCUfBGCbdrgpMVpuSuMWYhFnXJAPyqXLtuNNfPORAOFHFoKPjIzTdnNgOcdInjZxQVUqoFpmRtStNqrhSIhNTIbouCCXnAHCHsrJGNEFUgcMHflDGzCNMVNDTxPsOnHNwVGhnljDIkKpPmLswdVxrkVthKGPJQJeqduTRHoLxIVgNduVpD"}, "model": "person.person", "pk": "0a9b73eb-1c54-43fd-bfcf-8d164eb92aa8"}, {"fields": {"status": "a2413603-44ea-4433-9f61-7fc4cc5439ff", "last_name": "", "proxy_start_date": null, "auth_amount_currency": "528c9e8e-fdd0-4d7d-9386-dd4ac7addc53", "next_approver": null, "is_staff": false, "user_permissions": [], "date_joined": "2015-07-31T22:23:26.621Z", "middle_initial": null, "first_name": "", "employee_id": null, "auth_amount": "0.0000", "title": null, "is_superuser": false, "last_login": null, "location": "a13f74dd-4f8a-4e1d-a386-14c2e63df759", "password_expire": null, "role": "0a2de0a2-c554-47ab-8a98-ded84f064e22", "email": "myemail@mail.com", "username": "fRozYECKCC", "deleted": null, "password_one_time": null, "is_active": true, "groups": [2], "accept_notify": true, "password": "pbkdf2_sha256$20000$sYOmzpe0SRXY$Qo0Ifx+RfLA0Cz2PxX6scRLTt64VQEk6fw+gW/XqIxM=", "proxy_status": null, "proxy_user": null, "created": "2015-07-31T22:23:26.705Z", "modified": "2015-08-03T22:05:05.012Z", "proxy_end_date": null, "accept_assign": true, "password_change": ""}, "model": "person.person", "pk": "af18181c-77e3-426e-b4b1-c2fd23f1e6df"}, {"fields": {"status": "a2413603-44ea-4433-9f61-7fc4cc5439ff", "last_name": "", "proxy_start_date": null, "auth_amount_currency": "f8716abf-65f1-4d85-ac8c-55afffb2f7dd", "next_approver": null, "is_staff": false, "user_permissions": [], "date_joined": "2015-07-29T01:02:04.221Z", "middle_initial": null, "first_name": "", "employee_id": null, "auth_amount": "42437325620.8307", "title": null, "is_superuser": false, "last_login": "2015-08-04T16:00:34.751Z", "location": "a13f74dd-4f8a-4e1d-a386-14c2e63df759", "password_expire": null, "role": "35a51e17-8bea-4ef2-9917-646d71660b42", "email": "myemail@mail.com", "username": "aaron", "deleted": null, "password_one_time": null, "is_active": true, "groups": [1], "accept_notify": true, "password": "pbkdf2_sha256$20000$VT71iAY2GKeP$VfUZfFEdUZfn9trxuETIXx8h9YWPZIjVuIatSML5HCs=", "proxy_status": null, "proxy_user": null, "created": "2015-07-29T01:02:04.309Z", "modified": "2015-08-03T22:05:05.037Z", "proxy_end_date": null, "accept_assign": true, "password_change": ""}, "model": "person.person", "pk": "c6677bf0-7e19-4b46-af26-d01d237c82b0"}, {"fields": {"status": "a2413603-44ea-4433-9f61-7fc4cc5439ff", "last_name": "Gibson", "proxy_start_date": null, "auth_amount_currency": "f8716abf-65f1-4d85-ac8c-55afffb2f7dd", "next_approver": null, "is_staff": false, "user_permissions": [], "date_joined": "2015-07-31T00:31:15.354Z", "middle_initial": null, "first_name": "0b55685f-4706-4b62-8a48-a2fe2", "employee_id": null, "auth_amount": "1000.1234", "title": null, "is_superuser": false, "last_login": null, "location": "a13f74dd-4f8a-4e1d-a386-14c2e63df759", "password_expire": null, "role": "35a51e17-8bea-4ef2-9917-646d71660b42", "email": "", "username": "9055ae1e-8dfa-476f-8d97-73bda", "deleted": null, "password_one_time": null, "is_active": true, "groups": [1], "accept_notify": true, "password": "md5$S1l8p6XuGzzf$761f1556feb2404736c8b9f62b48d92a", "proxy_status": null, "proxy_user": null, "created": "2015-07-31T00:31:15.357Z", "modified": "2015-08-03T23:44:00.547Z", "proxy_end_date": null, "accept_assign": true, "password_change": ""}, "model": "person.person", "pk": "eb262e33-6051-45c4-8813-8b700db9f2b1"}, {"fields": {"created": "2015-08-03T17:53:57.964Z", "deleted": null, "modified": "2015-08-03T23:44:00.561Z", "person": "eb262e33-6051-45c4-8813-8b700db9f2b1", "location": null, "type": "013d4932-f0ad-4b5d-9ead-94fb9788da5c", "email": "vaNrdlTlbN@example.com"}, "model": "contact.email", "pk": "8af42b98-440f-4b55-ad69-e0c8c97eabae"}, {"fields": {"created": "2015-07-31T22:23:26.721Z", "deleted": null, "modified": "2015-07-31T22:23:26.721Z", "person": "af18181c-77e3-426e-b4b1-c2fd23f1e6df", "location": null, "type": "093090e2-57ee-46bb-8abe-4de2dd8ac2c2", "email": "RgdqvkIngo@example.com"}, "model": "contact.email", "pk": "a3f0fccb-ca85-455b-82e0-de1b9769515f"}, {"fields": {"city": null, "created": "2015-08-03T17:53:57.959Z", "deleted": null, "country": null, "modified": "2015-08-03T23:44:00.559Z", "person": "eb262e33-6051-45c4-8813-8b700db9f2b1", "state": null, "postal_code": null, "location": null, "address": null, "type": "b88ec6e0-ef34-496f-b519-37878a96d7b8"}, "model": "contact.address", "pk": "7e76a8d7-81b0-41f3-9ec8-10dac78ddccc"}, {"fields": {"city": null, "created": "2015-07-31T22:23:26.716Z", "deleted": null, "country": null, "modified": "2015-07-31T22:23:26.717Z", "person": "af18181c-77e3-426e-b4b1-c2fd23f1e6df", "state": null, "postal_code": null, "location": null, "address": null, "type": "196c1bc6-af59-4a28-ae66-1dbd6dcd5bae"}, "model": "contact.address", "pk": "8c32b333-d0eb-4b96-8b4d-135b190d1337"}, {"fields": {"created": "2015-07-31T22:23:26.712Z", "deleted": null, "modified": "2015-07-31T22:23:26.712Z", "number": "ZXAMGEnOUXEZZuIpIJzbAlIPvshopLgm", "person": "af18181c-77e3-426e-b4b1-c2fd23f1e6df", "location": null, "type": "59a03cf8-b332-4a63-b1d1-5a51a61f492e"}, "model": "contact.phonenumber", "pk": "2fd0144c-9169-43bb-a7f8-2df5420f019b"}, {"fields": {"created": "2015-07-31T21:41:49.618Z", "deleted": null, "modified": "2015-08-03T23:43:12.551Z", "number": "sDAObDdEpydrAlpIECREUceECergeMUx", "person": "eb262e33-6051-45c4-8813-8b700db9f2b1", "location": null, "type": "953c2b76-225e-4e74-8071-4f09da532677"}, "model": "contact.phonenumber", "pk": "38f5cb3d-656d-4b12-9389-a3b79f3b70dd"}, {"fields": {"created": "2015-08-03T17:53:57.954Z", "deleted": null, "modified": "2015-08-03T23:44:00.556Z", "number": "xfyexFwghBvlTqqgWNjtzauWTorjeBOh", "person": "eb262e33-6051-45c4-8813-8b700db9f2b1", "location": null, "type": "38e42ed7-5049-4aa2-91d6-1a2a1167a9c9"}, "model": "contact.phonenumber", "pk": "62a7ae54-0d90-44a8-804f-b833946b5cbd"},
{
  "fields": {
    "deleted": null,
    "description": "active",
    "modified": "2015-07-29T01:02:04.304Z",
    "name": "",
    "created": "2015-07-29T01:02:04.304Z"
  },
  "model": "person.personstatus",
  "pk": "a2413603-44ea-4433-9f61-7fc4cc5439ff"
},
{
  "fields": {
    "code": "qGi",
    "name": "zBRutTjsgUHnGRoBHdqlbxzJdszoVdGIAbxFydBPyObDjPJLHj",
    "created": "2015-07-29T01:02:04.212Z",
    "deleted": null,
    "symbol": "C",
    "format": "VEUwUgIMBR",
    "modified": "2015-07-29T01:02:04.212Z"
  },
  "model": "accounting.currency",
  "pk": "f8716abf-65f1-4d85-ac8c-55afffb2f7dd"
},
{
  "fields": {
    "name": "ZmDJijVdex",
    "permissions": []
  },
  "model": "auth.group",
  "pk": 1
},
{
  "fields": {
    "msg_stored_link": false,
    "msg_copy_default": false,
    "tabs": "",
    "msg_copy_email": false,
    "create_all": false,
    "allow_approval": false,
    "msg_viewall": false,
    "inv_select_assign": "all",
    "inv_autoapprove": false,
    "dashboad_links": "",
    "proxy_set": false,
    "password_expire_alert": true,
    "password_min_length": 6,
    "group": 1,
    "default_accept_notify": true,
    "password_history_length": null,
    "inv_wo_status": null,
    "proxy_approval_bypass": false,
    "password_char_types": "rLvdrGgKhFtBfBgKDsHVaBBYgfMmtsVoUFwWPHDidawygWwMRkiGRLuypmFqPQzcMYGVwsRnErFKdHFbpwdCpUPklTVktFvqiTbY",
    "dashboad_text": "",
    "password_expire": null,
    "inv_max_approval_currency": "usd",
    "wo_show_tkt_attach": false,
    "wo_show_inactive": false,
    "deleted": null,
    "msg_address": false,
    "wo_days_backdate": null,
    "inv_max_approval_amount": 0,
    "default_accept_assign": true,
    "location_level": null,
    "accept_notify": false,
    "role_type": "contractor",
    "inv_close_wo": "Do not display",
    "name": "ZmDJijVdex",
    "created": "2015-07-29T01:02:04.219Z",
    "wo_edit_closeout": false,
    "modules": "",
    "modified": "2015-07-29T01:02:04.219Z",
    "inv_req_attach": true,
    "wo_allow_backdate": false,
    "default_auth_amount": "42437325620.8307",
    "inv_wait": null,
    "wo_notes": false,
    "accept_assign": false,
    "inv_options": "new"
  },
  "model": "person.role",
  "pk": "35a51e17-8bea-4ef2-9917-646d71660b42"
},
{
  "fields": {
    "status": "a2413603-44ea-4433-9f61-7fc4cc5439ff",
    "last_name": "",
    "proxy_start_date": null,
    "auth_amount_currency": "f8716abf-65f1-4d85-ac8c-55afffb2f7dd",
    "next_approver": null,
    "is_staff": false,
    "user_permissions": [],
    "date_joined": "2015-07-29T01:02:04.221Z",
    "middle_initial": null,
    "first_name": "",
    "employee_id": null,
    "auth_amount": "42437325620.8307",
    "title": null,
    "is_superuser": false,
    "last_login": "2015-07-29T16:52:07.217Z",
    "location": null,
    "password_expire": null,
    "role": "35a51e17-8bea-4ef2-9917-646d71660b42",
    "email": "myemail@mail.com",
    "username": "aaron",
    "deleted": null,
    "password_one_time": null,
    "is_active": true,
    "groups": [],
    "accept_notify": true,
    "password": "md5$iwy4LZgnXqKV$41eab96d52babab5de8dd0c6baa37b00",
    "proxy_status": null,
    "proxy_user": null,
    "created": "2015-07-29T01:02:04.309Z",
    "modified": "2015-07-29T16:50:41.796Z",
    "proxy_end_date": null,
    "accept_assign": true,
    "password_change": ""
  },
  "model": "person.person",
  "pk": "c6677bf0-7e19-4b46-af26-d01d237c82b0"
}
]
