[
{
  "fields": {
    "model": "logentry",
    "app_label": "admin"
  },
  "model": "contenttypes.contenttype",
  "pk": 1
},
{
  "fields": {
    "model": "permission",
    "app_label": "auth"
  },
  "model": "contenttypes.contenttype",
  "pk": 2
},
{
  "fields": {
    "model": "group",
    "app_label": "auth"
  },
  "model": "contenttypes.contenttype",
  "pk": 3
},
{
  "fields": {
    "model": "contenttype",
    "app_label": "contenttypes"
  },
  "model": "contenttypes.contenttype",
  "pk": 4
},
{
  "fields": {
    "model": "session",
    "app_label": "sessions"
  },
  "model": "contenttypes.contenttype",
  "pk": 5
},
{
  "fields": {
    "model": "site",
    "app_label": "sites"
  },
  "model": "contenttypes.contenttype",
  "pk": 6
},
{
  "fields": {
    "model": "flatpage",
    "app_label": "flatpages"
  },
  "model": "contenttypes.contenttype",
  "pk": 7
},
{
  "fields": {
    "model": "corsmodel",
    "app_label": "corsheaders"
  },
  "model": "contenttypes.contenttype",
  "pk": 8
},
{
  "fields": {
    "model": "currency",
    "app_label": "accounting"
  },
  "model": "contenttypes.contenttype",
  "pk": 9
},
{
  "fields": {
    "model": "category",
    "app_label": "category"
  },
  "model": "contenttypes.contenttype",
  "pk": 10
},
{
  "fields": {
    "model": "phonenumbertype",
    "app_label": "contact"
  },
  "model": "contenttypes.contenttype",
  "pk": 11
},
{
  "fields": {
    "model": "phonenumber",
    "app_label": "contact"
  },
  "model": "contenttypes.contenttype",
  "pk": 12
},
{
  "fields": {
    "model": "addresstype",
    "app_label": "contact"
  },
  "model": "contenttypes.contenttype",
  "pk": 13
},
{
  "fields": {
    "model": "address",
    "app_label": "contact"
  },
  "model": "contenttypes.contenttype",
  "pk": 14
},
{
  "fields": {
    "model": "emailtype",
    "app_label": "contact"
  },
  "model": "contenttypes.contenttype",
  "pk": 15
},
{
  "fields": {
    "model": "email",
    "app_label": "contact"
  },
  "model": "contenttypes.contenttype",
  "pk": 16
},
{
  "fields": {
    "model": "state",
    "app_label": "location"
  },
  "model": "contenttypes.contenttype",
  "pk": 17
},
{
  "fields": {
    "model": "country",
    "app_label": "location"
  },
  "model": "contenttypes.contenttype",
  "pk": 18
},
{
  "fields": {
    "model": "locationlevel",
    "app_label": "location"
  },
  "model": "contenttypes.contenttype",
  "pk": 19
},
{
  "fields": {
    "model": "locationstatus",
    "app_label": "location"
  },
  "model": "contenttypes.contenttype",
  "pk": 20
},
{
  "fields": {
    "model": "locationtype",
    "app_label": "location"
  },
  "model": "contenttypes.contenttype",
  "pk": 21
},
{
  "fields": {
    "model": "location",
    "app_label": "location"
  },
  "model": "contenttypes.contenttype",
  "pk": 22
},
{
  "fields": {
    "model": "role",
    "app_label": "person"
  },
  "model": "contenttypes.contenttype",
  "pk": 23
},
{
  "fields": {
    "model": "proxyrole",
    "app_label": "person"
  },
  "model": "contenttypes.contenttype",
  "pk": 24
},
{
  "fields": {
    "model": "personstatus",
    "app_label": "person"
  },
  "model": "contenttypes.contenttype",
  "pk": 25
},
{
  "fields": {
    "model": "person",
    "app_label": "person"
  },
  "model": "contenttypes.contenttype",
  "pk": 26
},
{
  "fields": {
    "model": "locale",
    "app_label": "translation"
  },
  "model": "contenttypes.contenttype",
  "pk": 27
},
{
  "fields": {
    "model": "translation",
    "app_label": "translation"
  },
  "model": "contenttypes.contenttype",
  "pk": 28
},
{
  "fields": {
    "model": "tester",
    "app_label": "util"
  },
  "model": "contenttypes.contenttype",
  "pk": 29
},
{
  "fields": {
    "model": "mainsetting",
    "app_label": "util"
  },
  "model": "contenttypes.contenttype",
  "pk": 30
},
{
  "fields": {
    "model": "customsetting",
    "app_label": "util"
  },
  "model": "contenttypes.contenttype",
  "pk": 31
},
{
  "fields": {
    "model": "workorderstatus",
    "app_label": "order"
  },
  "model": "contenttypes.contenttype",
  "pk": 32
},
{
  "fields": {
    "model": "workorder",
    "app_label": "order"
  },
  "model": "contenttypes.contenttype",
  "pk": 33
},
{
  "fields": {
    "domain": "example.com",
    "name": "example.com"
  },
  "model": "sites.site",
  "pk": 1
},
{
  "fields": {
    "code": "USD",
    "name": "US Dollar",
    "created": "2015-08-31T21:35:37.785Z",
    "deleted": null,
    "symbol": "$",
    "modified": "2015-08-31T21:35:37.785Z",
    "symbol_native": "$",
    "decimal_digits": 2,
    "rounding": 0,
    "name_plural": "US Dollars"
  },
  "model": "accounting.currency",
  "pk": "0b32e42d-9e8d-4e76-8368-2427c9e243a2"
},
{
  "fields": {
    "deleted": null,
    "children": [
      "9b1f93ff-eb17-4b4b-bb71-e5d495fbe5d4"
    ],
    "modified": "2015-08-31T21:35:37.730Z",
    "name": "district",
    "created": "2015-08-31T21:35:37.730Z"
  },
  "model": "location.locationlevel",
  "pk": "56d122e5-6d86-43ff-a920-87f4d29390e0"
},
{
  "fields": {
    "deleted": null,
    "children": [
      "9d6f28d0-3ae7-43bb-932c-a6141f8eb5cc"
    ],
    "modified": "2015-08-31T21:35:37.733Z",
    "name": "store",
    "created": "2015-08-31T21:35:37.733Z"
  },
  "model": "location.locationlevel",
  "pk": "9b1f93ff-eb17-4b4b-bb71-e5d495fbe5d4"
},
{
  "fields": {
    "deleted": null,
    "children": [],
    "modified": "2015-08-31T21:35:37.734Z",
    "name": "department",
    "created": "2015-08-31T21:35:37.734Z"
  },
  "model": "location.locationlevel",
  "pk": "9d6f28d0-3ae7-43bb-932c-a6141f8eb5cc"
},
{
  "fields": {
    "deleted": null,
    "children": [],
    "modified": "2015-08-31T21:35:37.731Z",
    "name": "district_lp",
    "created": "2015-08-31T21:35:37.731Z"
  },
  "model": "location.locationlevel",
  "pk": "a53c0b21-0d54-406a-9671-d3f804aad62c"
},
{
  "fields": {
    "deleted": null,
    "children": [
      "56d122e5-6d86-43ff-a920-87f4d29390e0",
      "a53c0b21-0d54-406a-9671-d3f804aad62c"
    ],
    "modified": "2015-08-31T21:35:37.728Z",
    "name": "region",
    "created": "2015-08-31T21:35:37.728Z"
  },
  "model": "location.locationlevel",
  "pk": "b17b6a6d-77c1-450c-aee8-031e9a279a7b"
},
{
  "fields": {
    "deleted": null,
    "modified": "2015-08-31T21:35:37.749Z",
    "name": "Open",
    "created": "2015-08-31T21:35:37.749Z"
  },
  "model": "location.locationstatus",
  "pk": "7b42722b-1e38-48b4-b74b-e3d5046df78b"
},
{
  "fields": {
    "deleted": null,
    "modified": "2015-08-31T21:35:37.751Z",
    "name": "big_store",
    "created": "2015-08-31T21:35:37.751Z"
  },
  "model": "location.locationtype",
  "pk": "7ef664c5-b473-4468-aa16-6eaf0bc53f38"
},
{
  "fields": {
    "status": "7b42722b-1e38-48b4-b74b-e3d5046df78b",
    "name": "east",
    "created": "2015-08-31T21:35:37.753Z",
    "deleted": null,
    "modified": "2015-08-31T21:35:37.753Z",
    "number": "bLpobSCRWmmHzuxFhflLGfIYvIbkIMqYxsVAcVIuLfrUgtnXsc",
    "location_level": "b17b6a6d-77c1-450c-aee8-031e9a279a7b",
    "type": "7ef664c5-b473-4468-aa16-6eaf0bc53f38",
    "children": [
      "4ce97a2a-1be3-4401-9789-788d5415d833",
      "3b352c75-8be1-4d5f-8557-9eaa8b284a17"
    ]
  },
  "model": "location.location",
  "pk": "00494cdd-bd5d-4fc4-97d7-c594094037d7"
},
{
  "fields": {
    "status": "7b42722b-1e38-48b4-b74b-e3d5046df78b",
    "name": "nv",
    "created": "2015-08-31T21:35:37.761Z",
    "deleted": null,
    "modified": "2015-08-31T21:35:37.761Z",
    "number": "CrXadWRTXMxkVibvagXDkzpcwNiLtykqxIWrozgGtyYZsFhrnY",
    "location_level": "56d122e5-6d86-43ff-a920-87f4d29390e0",
    "type": "7ef664c5-b473-4468-aa16-6eaf0bc53f38",
    "children": []
  },
  "model": "location.location",
  "pk": "3b352c75-8be1-4d5f-8557-9eaa8b284a17"
},
{
  "fields": {
    "status": "7b42722b-1e38-48b4-b74b-e3d5046df78b",
    "name": "ca",
    "created": "2015-08-31T21:35:37.757Z",
    "deleted": null,
    "modified": "2015-08-31T21:35:37.757Z",
    "number": "tfmiwvVoGcgeOVdLcblgZtSzxAsenZoKqiVeSmblbYhwnaSfFd",
    "location_level": "56d122e5-6d86-43ff-a920-87f4d29390e0",
    "type": "7ef664c5-b473-4468-aa16-6eaf0bc53f38",
    "children": [
      "ae79b4b9-ba3a-4007-807e-4f557b749590",
      "c77aeadf-cb0e-4863-8253-470e61c8d64b"
    ]
  },
  "model": "location.location",
  "pk": "4ce97a2a-1be3-4401-9789-788d5415d833"
},
{
  "fields": {
    "status": "7b42722b-1e38-48b4-b74b-e3d5046df78b",
    "name": "san_diego",
    "created": "2015-08-31T21:35:37.765Z",
    "deleted": null,
    "modified": "2015-08-31T21:35:37.765Z",
    "number": "kTDfeTzxwnCZgLsnlEycHxaUjKhmwpmhLsCQRTlhTrxEKoMQti",
    "location_level": "9b1f93ff-eb17-4b4b-bb71-e5d495fbe5d4",
    "type": "7ef664c5-b473-4468-aa16-6eaf0bc53f38",
    "children": []
  },
  "model": "location.location",
  "pk": "ae79b4b9-ba3a-4007-807e-4f557b749590"
},
{
  "fields": {
    "status": "7b42722b-1e38-48b4-b74b-e3d5046df78b",
    "name": "los_angeles",
    "created": "2015-08-31T21:35:37.769Z",
    "deleted": null,
    "modified": "2015-08-31T21:35:37.769Z",
    "number": "SRGbAvGGXUBxyrczXnILVFokfjDaUTqyvLRAofQKcJwQtrotgh",
    "location_level": "9b1f93ff-eb17-4b4b-bb71-e5d495fbe5d4",
    "type": "7ef664c5-b473-4468-aa16-6eaf0bc53f38",
    "children": []
  },
  "model": "location.location",
  "pk": "c77aeadf-cb0e-4863-8253-470e61c8d64b"
},
{
  "fields": {
    "deleted": null,
    "description": "active",
    "modified": "2015-08-31T21:35:37.817Z",
    "name": "",
    "created": "2015-08-31T21:35:37.817Z"
  },
  "model": "person.personstatus",
  "pk": "7b9275ab-9a7f-4644-9fa9-d1e9aa0b567f"
},
{
  "fields": {
    "codename": "add_logentry",
    "name": "Can add log entry",
    "content_type": 1
  },
  "model": "auth.permission",
  "pk": 1
},
{
  "fields": {
    "codename": "change_logentry",
    "name": "Can change log entry",
    "content_type": 1
  },
  "model": "auth.permission",
  "pk": 2
},
{
  "fields": {
    "codename": "delete_logentry",
    "name": "Can delete log entry",
    "content_type": 1
  },
  "model": "auth.permission",
  "pk": 3
},
{
  "fields": {
    "codename": "add_permission",
    "name": "Can add permission",
    "content_type": 2
  },
  "model": "auth.permission",
  "pk": 4
},
{
  "fields": {
    "codename": "change_permission",
    "name": "Can change permission",
    "content_type": 2
  },
  "model": "auth.permission",
  "pk": 5
},
{
  "fields": {
    "codename": "delete_permission",
    "name": "Can delete permission",
    "content_type": 2
  },
  "model": "auth.permission",
  "pk": 6
},
{
  "fields": {
    "codename": "add_group",
    "name": "Can add group",
    "content_type": 3
  },
  "model": "auth.permission",
  "pk": 7
},
{
  "fields": {
    "codename": "change_group",
    "name": "Can change group",
    "content_type": 3
  },
  "model": "auth.permission",
  "pk": 8
},
{
  "fields": {
    "codename": "delete_group",
    "name": "Can delete group",
    "content_type": 3
  },
  "model": "auth.permission",
  "pk": 9
},
{
  "fields": {
    "codename": "add_contenttype",
    "name": "Can add content type",
    "content_type": 4
  },
  "model": "auth.permission",
  "pk": 10
},
{
  "fields": {
    "codename": "change_contenttype",
    "name": "Can change content type",
    "content_type": 4
  },
  "model": "auth.permission",
  "pk": 11
},
{
  "fields": {
    "codename": "delete_contenttype",
    "name": "Can delete content type",
    "content_type": 4
  },
  "model": "auth.permission",
  "pk": 12
},
{
  "fields": {
    "codename": "add_session",
    "name": "Can add session",
    "content_type": 5
  },
  "model": "auth.permission",
  "pk": 13
},
{
  "fields": {
    "codename": "change_session",
    "name": "Can change session",
    "content_type": 5
  },
  "model": "auth.permission",
  "pk": 14
},
{
  "fields": {
    "codename": "delete_session",
    "name": "Can delete session",
    "content_type": 5
  },
  "model": "auth.permission",
  "pk": 15
},
{
  "fields": {
    "codename": "add_site",
    "name": "Can add site",
    "content_type": 6
  },
  "model": "auth.permission",
  "pk": 16
},
{
  "fields": {
    "codename": "change_site",
    "name": "Can change site",
    "content_type": 6
  },
  "model": "auth.permission",
  "pk": 17
},
{
  "fields": {
    "codename": "delete_site",
    "name": "Can delete site",
    "content_type": 6
  },
  "model": "auth.permission",
  "pk": 18
},
{
  "fields": {
    "codename": "add_flatpage",
    "name": "Can add flat page",
    "content_type": 7
  },
  "model": "auth.permission",
  "pk": 19
},
{
  "fields": {
    "codename": "change_flatpage",
    "name": "Can change flat page",
    "content_type": 7
  },
  "model": "auth.permission",
  "pk": 20
},
{
  "fields": {
    "codename": "delete_flatpage",
    "name": "Can delete flat page",
    "content_type": 7
  },
  "model": "auth.permission",
  "pk": 21
},
{
  "fields": {
    "codename": "add_corsmodel",
    "name": "Can add cors model",
    "content_type": 8
  },
  "model": "auth.permission",
  "pk": 22
},
{
  "fields": {
    "codename": "change_corsmodel",
    "name": "Can change cors model",
    "content_type": 8
  },
  "model": "auth.permission",
  "pk": 23
},
{
  "fields": {
    "codename": "delete_corsmodel",
    "name": "Can delete cors model",
    "content_type": 8
  },
  "model": "auth.permission",
  "pk": 24
},
{
  "fields": {
    "codename": "add_currency",
    "name": "Can add currency",
    "content_type": 9
  },
  "model": "auth.permission",
  "pk": 25
},
{
  "fields": {
    "codename": "change_currency",
    "name": "Can change currency",
    "content_type": 9
  },
  "model": "auth.permission",
  "pk": 26
},
{
  "fields": {
    "codename": "delete_currency",
    "name": "Can delete currency",
    "content_type": 9
  },
  "model": "auth.permission",
  "pk": 27
},
{
  "fields": {
    "codename": "add_category",
    "name": "Can add category",
    "content_type": 10
  },
  "model": "auth.permission",
  "pk": 28
},
{
  "fields": {
    "codename": "change_category",
    "name": "Can change category",
    "content_type": 10
  },
  "model": "auth.permission",
  "pk": 29
},
{
  "fields": {
    "codename": "delete_category",
    "name": "Can delete category",
    "content_type": 10
  },
  "model": "auth.permission",
  "pk": 30
},
{
  "fields": {
    "codename": "add_phonenumbertype",
    "name": "Can add phone number type",
    "content_type": 11
  },
  "model": "auth.permission",
  "pk": 31
},
{
  "fields": {
    "codename": "change_phonenumbertype",
    "name": "Can change phone number type",
    "content_type": 11
  },
  "model": "auth.permission",
  "pk": 32
},
{
  "fields": {
    "codename": "delete_phonenumbertype",
    "name": "Can delete phone number type",
    "content_type": 11
  },
  "model": "auth.permission",
  "pk": 33
},
{
  "fields": {
    "codename": "add_phonenumber",
    "name": "Can add phone number",
    "content_type": 12
  },
  "model": "auth.permission",
  "pk": 34
},
{
  "fields": {
    "codename": "change_phonenumber",
    "name": "Can change phone number",
    "content_type": 12
  },
  "model": "auth.permission",
  "pk": 35
},
{
  "fields": {
    "codename": "delete_phonenumber",
    "name": "Can delete phone number",
    "content_type": 12
  },
  "model": "auth.permission",
  "pk": 36
},
{
  "fields": {
    "codename": "add_addresstype",
    "name": "Can add address type",
    "content_type": 13
  },
  "model": "auth.permission",
  "pk": 37
},
{
  "fields": {
    "codename": "change_addresstype",
    "name": "Can change address type",
    "content_type": 13
  },
  "model": "auth.permission",
  "pk": 38
},
{
  "fields": {
    "codename": "delete_addresstype",
    "name": "Can delete address type",
    "content_type": 13
  },
  "model": "auth.permission",
  "pk": 39
},
{
  "fields": {
    "codename": "add_address",
    "name": "Can add address",
    "content_type": 14
  },
  "model": "auth.permission",
  "pk": 40
},
{
  "fields": {
    "codename": "change_address",
    "name": "Can change address",
    "content_type": 14
  },
  "model": "auth.permission",
  "pk": 41
},
{
  "fields": {
    "codename": "delete_address",
    "name": "Can delete address",
    "content_type": 14
  },
  "model": "auth.permission",
  "pk": 42
},
{
  "fields": {
    "codename": "add_emailtype",
    "name": "Can add email type",
    "content_type": 15
  },
  "model": "auth.permission",
  "pk": 43
},
{
  "fields": {
    "codename": "change_emailtype",
    "name": "Can change email type",
    "content_type": 15
  },
  "model": "auth.permission",
  "pk": 44
},
{
  "fields": {
    "codename": "delete_emailtype",
    "name": "Can delete email type",
    "content_type": 15
  },
  "model": "auth.permission",
  "pk": 45
},
{
  "fields": {
    "codename": "add_email",
    "name": "Can add email",
    "content_type": 16
  },
  "model": "auth.permission",
  "pk": 46
},
{
  "fields": {
    "codename": "change_email",
    "name": "Can change email",
    "content_type": 16
  },
  "model": "auth.permission",
  "pk": 47
},
{
  "fields": {
    "codename": "delete_email",
    "name": "Can delete email",
    "content_type": 16
  },
  "model": "auth.permission",
  "pk": 48
},
{
  "fields": {
    "codename": "add_state",
    "name": "Can add state",
    "content_type": 17
  },
  "model": "auth.permission",
  "pk": 49
},
{
  "fields": {
    "codename": "change_state",
    "name": "Can change state",
    "content_type": 17
  },
  "model": "auth.permission",
  "pk": 50
},
{
  "fields": {
    "codename": "delete_state",
    "name": "Can delete state",
    "content_type": 17
  },
  "model": "auth.permission",
  "pk": 51
},
{
  "fields": {
    "codename": "add_country",
    "name": "Can add country",
    "content_type": 18
  },
  "model": "auth.permission",
  "pk": 52
},
{
  "fields": {
    "codename": "change_country",
    "name": "Can change country",
    "content_type": 18
  },
  "model": "auth.permission",
  "pk": 53
},
{
  "fields": {
    "codename": "delete_country",
    "name": "Can delete country",
    "content_type": 18
  },
  "model": "auth.permission",
  "pk": 54
},
{
  "fields": {
    "codename": "add_locationlevel",
    "name": "Can add location level",
    "content_type": 19
  },
  "model": "auth.permission",
  "pk": 55
},
{
  "fields": {
    "codename": "change_locationlevel",
    "name": "Can change location level",
    "content_type": 19
  },
  "model": "auth.permission",
  "pk": 56
},
{
  "fields": {
    "codename": "delete_locationlevel",
    "name": "Can delete location level",
    "content_type": 19
  },
  "model": "auth.permission",
  "pk": 57
},
{
  "fields": {
    "codename": "add_locationstatus",
    "name": "Can add location status",
    "content_type": 20
  },
  "model": "auth.permission",
  "pk": 58
},
{
  "fields": {
    "codename": "change_locationstatus",
    "name": "Can change location status",
    "content_type": 20
  },
  "model": "auth.permission",
  "pk": 59
},
{
  "fields": {
    "codename": "delete_locationstatus",
    "name": "Can delete location status",
    "content_type": 20
  },
  "model": "auth.permission",
  "pk": 60
},
{
  "fields": {
    "codename": "add_locationtype",
    "name": "Can add location type",
    "content_type": 21
  },
  "model": "auth.permission",
  "pk": 61
},
{
  "fields": {
    "codename": "change_locationtype",
    "name": "Can change location type",
    "content_type": 21
  },
  "model": "auth.permission",
  "pk": 62
},
{
  "fields": {
    "codename": "delete_locationtype",
    "name": "Can delete location type",
    "content_type": 21
  },
  "model": "auth.permission",
  "pk": 63
},
{
  "fields": {
    "codename": "add_location",
    "name": "Can add location",
    "content_type": 22
  },
  "model": "auth.permission",
  "pk": 64
},
{
  "fields": {
    "codename": "change_location",
    "name": "Can change location",
    "content_type": 22
  },
  "model": "auth.permission",
  "pk": 65
},
{
  "fields": {
    "codename": "delete_location",
    "name": "Can delete location",
    "content_type": 22
  },
  "model": "auth.permission",
  "pk": 66
},
{
  "fields": {
    "codename": "add_role",
    "name": "Can add role",
    "content_type": 23
  },
  "model": "auth.permission",
  "pk": 67
},
{
  "fields": {
    "codename": "change_role",
    "name": "Can change role",
    "content_type": 23
  },
  "model": "auth.permission",
  "pk": 68
},
{
  "fields": {
    "codename": "delete_role",
    "name": "Can delete role",
    "content_type": 23
  },
  "model": "auth.permission",
  "pk": 69
},
{
  "fields": {
    "codename": "add_proxyrole",
    "name": "Can add proxy role",
    "content_type": 24
  },
  "model": "auth.permission",
  "pk": 70
},
{
  "fields": {
    "codename": "change_proxyrole",
    "name": "Can change proxy role",
    "content_type": 24
  },
  "model": "auth.permission",
  "pk": 71
},
{
  "fields": {
    "codename": "delete_proxyrole",
    "name": "Can delete proxy role",
    "content_type": 24
  },
  "model": "auth.permission",
  "pk": 72
},
{
  "fields": {
    "codename": "add_personstatus",
    "name": "Can add person status",
    "content_type": 25
  },
  "model": "auth.permission",
  "pk": 73
},
{
  "fields": {
    "codename": "change_personstatus",
    "name": "Can change person status",
    "content_type": 25
  },
  "model": "auth.permission",
  "pk": 74
},
{
  "fields": {
    "codename": "delete_personstatus",
    "name": "Can delete person status",
    "content_type": 25
  },
  "model": "auth.permission",
  "pk": 75
},
{
  "fields": {
    "codename": "add_person",
    "name": "Can add person",
    "content_type": 26
  },
  "model": "auth.permission",
  "pk": 76
},
{
  "fields": {
    "codename": "change_person",
    "name": "Can change person",
    "content_type": 26
  },
  "model": "auth.permission",
  "pk": 77
},
{
  "fields": {
    "codename": "delete_person",
    "name": "Can delete person",
    "content_type": 26
  },
  "model": "auth.permission",
  "pk": 78
},
{
  "fields": {
    "codename": "add_locale",
    "name": "Can add locale",
    "content_type": 27
  },
  "model": "auth.permission",
  "pk": 79
},
{
  "fields": {
    "codename": "change_locale",
    "name": "Can change locale",
    "content_type": 27
  },
  "model": "auth.permission",
  "pk": 80
},
{
  "fields": {
    "codename": "delete_locale",
    "name": "Can delete locale",
    "content_type": 27
  },
  "model": "auth.permission",
  "pk": 81
},
{
  "fields": {
    "codename": "add_translation",
    "name": "Can add translation",
    "content_type": 28
  },
  "model": "auth.permission",
  "pk": 82
},
{
  "fields": {
    "codename": "change_translation",
    "name": "Can change translation",
    "content_type": 28
  },
  "model": "auth.permission",
  "pk": 83
},
{
  "fields": {
    "codename": "delete_translation",
    "name": "Can delete translation",
    "content_type": 28
  },
  "model": "auth.permission",
  "pk": 84
},
{
  "fields": {
    "codename": "add_tester",
    "name": "Can add tester",
    "content_type": 29
  },
  "model": "auth.permission",
  "pk": 85
},
{
  "fields": {
    "codename": "change_tester",
    "name": "Can change tester",
    "content_type": 29
  },
  "model": "auth.permission",
  "pk": 86
},
{
  "fields": {
    "codename": "delete_tester",
    "name": "Can delete tester",
    "content_type": 29
  },
  "model": "auth.permission",
  "pk": 87
},
{
  "fields": {
    "codename": "add_mainsetting",
    "name": "Can add main setting",
    "content_type": 30
  },
  "model": "auth.permission",
  "pk": 88
},
{
  "fields": {
    "codename": "change_mainsetting",
    "name": "Can change main setting",
    "content_type": 30
  },
  "model": "auth.permission",
  "pk": 89
},
{
  "fields": {
    "codename": "delete_mainsetting",
    "name": "Can delete main setting",
    "content_type": 30
  },
  "model": "auth.permission",
  "pk": 90
},
{
  "fields": {
    "codename": "add_customsetting",
    "name": "Can add custom setting",
    "content_type": 31
  },
  "model": "auth.permission",
  "pk": 91
},
{
  "fields": {
    "codename": "change_customsetting",
    "name": "Can change custom setting",
    "content_type": 31
  },
  "model": "auth.permission",
  "pk": 92
},
{
  "fields": {
    "codename": "delete_customsetting",
    "name": "Can delete custom setting",
    "content_type": 31
  },
  "model": "auth.permission",
  "pk": 93
},
{
  "fields": {
    "codename": "add_workorderstatus",
    "name": "Can add work order status",
    "content_type": 32
  },
  "model": "auth.permission",
  "pk": 94
},
{
  "fields": {
    "codename": "change_workorderstatus",
    "name": "Can change work order status",
    "content_type": 32
  },
  "model": "auth.permission",
  "pk": 95
},
{
  "fields": {
    "codename": "delete_workorderstatus",
    "name": "Can delete work order status",
    "content_type": 32
  },
  "model": "auth.permission",
  "pk": 96
},
{
  "fields": {
    "codename": "add_workorder",
    "name": "Can add work order",
    "content_type": 33
  },
  "model": "auth.permission",
  "pk": 97
},
{
  "fields": {
    "codename": "change_workorder",
    "name": "Can change work order",
    "content_type": 33
  },
  "model": "auth.permission",
  "pk": 98
},
{
  "fields": {
    "codename": "delete_workorder",
    "name": "Can delete work order",
    "content_type": 33
  },
  "model": "auth.permission",
  "pk": 99
},
{
  "fields": {
    "name": "region-role",
    "permissions": []
  },
  "model": "auth.group",
  "pk": 1
},
{
  "fields": {
    "name": "district-role",
    "permissions": []
  },
  "model": "auth.group",
  "pk": 2
},
{
  "fields": {
    "name": "district_lp-role",
    "permissions": []
  },
  "model": "auth.group",
  "pk": 3
},
{
  "fields": {
    "name": "store-role",
    "permissions": []
  },
  "model": "auth.group",
  "pk": 4
},
{
  "fields": {
    "name": "department-role",
    "permissions": []
  },
  "model": "auth.group",
  "pk": 5
},
{
  "fields": {
    "msg_stored_link": false,
    "msg_copy_default": false,
    "tabs": "",
    "msg_copy_email": false,
    "create_all": false,
    "allow_approval": false,
    "msg_viewall": false,
    "inv_select_assign": "all",
    "inv_autoapprove": false,
    "dashboad_links": "",
    "proxy_set": false,
    "password_expire_alert": true,
    "password_min_length": 6,
    "group": 5,
    "default_accept_notify": true,
    "password_history_length": null,
    "inv_wo_status": null,
    "proxy_approval_bypass": false,
    "password_char_types": "dopACZgytwZZjXnyYqouLRYmYtwcTxxJcdjvMKyxhrXewbNYUaBvbFJCqGkzxnCVaTbGIsWthbfsUUJrJVNryOwLsMZRZQuoLTZO",
    "dashboad_text": "",
    "password_expire": null,
    "inv_max_approval_currency": "usd",
    "wo_show_tkt_attach": false,
    "wo_show_inactive": false,
    "deleted": null,
    "msg_address": false,
    "wo_days_backdate": null,
    "inv_max_approval_amount": 0,
    "default_accept_assign": true,
    "location_level": "9d6f28d0-3ae7-43bb-932c-a6141f8eb5cc",
    "accept_notify": false,
    "role_type": "Internal",
    "inv_close_wo": "Do not display",
    "name": "department-role",
    "created": "2015-08-31T21:35:37.811Z",
    "wo_edit_closeout": false,
    "modules": "",
    "modified": "2015-08-31T21:35:37.811Z",
    "inv_req_attach": true,
    "wo_allow_backdate": false,
    "default_auth_currency": "0b32e42d-9e8d-4e76-8368-2427c9e243a2",
    "default_auth_amount": "0.0000",
    "inv_wait": null,
    "wo_notes": false,
    "accept_assign": false,
    "inv_options": "new"
  },
  "model": "person.role",
  "pk": "08ca709f-6171-4395-9efb-93810dad5498"
},
{
  "fields": {
    "msg_stored_link": false,
    "msg_copy_default": false,
    "tabs": "",
    "msg_copy_email": false,
    "create_all": false,
    "allow_approval": false,
    "msg_viewall": false,
    "inv_select_assign": "all",
    "inv_autoapprove": false,
    "dashboad_links": "",
    "proxy_set": false,
    "password_expire_alert": true,
    "password_min_length": 6,
    "group": 3,
    "default_accept_notify": true,
    "password_history_length": null,
    "inv_wo_status": null,
    "proxy_approval_bypass": false,
    "password_char_types": "NXayHXatAxoEmLqnjUzECXNpSWDRnDQvcKROmWXqkvTlOFlodOdXJOZfWdjOGnRHmBiLGakxdPYxrxcwyqVffxIktTjHeYPQaYkM",
    "dashboad_text": "",
    "password_expire": null,
    "inv_max_approval_currency": "usd",
    "wo_show_tkt_attach": false,
    "wo_show_inactive": false,
    "deleted": null,
    "msg_address": false,
    "wo_days_backdate": null,
    "inv_max_approval_amount": 0,
    "default_accept_assign": true,
    "location_level": "a53c0b21-0d54-406a-9671-d3f804aad62c",
    "accept_notify": false,
    "role_type": "Internal",
    "inv_close_wo": "Do not display",
    "name": "district_lp-role",
    "created": "2015-08-31T21:35:37.800Z",
    "wo_edit_closeout": false,
    "modules": "",
    "modified": "2015-08-31T21:35:37.800Z",
    "inv_req_attach": true,
    "wo_allow_backdate": false,
    "default_auth_currency": "0b32e42d-9e8d-4e76-8368-2427c9e243a2",
    "default_auth_amount": "0.0000",
    "inv_wait": null,
    "wo_notes": false,
    "accept_assign": false,
    "inv_options": "new"
  },
  "model": "person.role",
  "pk": "135a8b71-f37a-423a-b6fd-91507bca99b3"
},
{
  "fields": {
    "msg_stored_link": false,
    "msg_copy_default": false,
    "tabs": "",
    "msg_copy_email": false,
    "create_all": false,
    "allow_approval": false,
    "msg_viewall": false,
    "inv_select_assign": "all",
    "inv_autoapprove": false,
    "dashboad_links": "",
    "proxy_set": false,
    "password_expire_alert": true,
    "password_min_length": 6,
    "group": 2,
    "default_accept_notify": true,
    "password_history_length": null,
    "inv_wo_status": null,
    "proxy_approval_bypass": false,
    "password_char_types": "DGXKiKHHKLgBpyiJMOsYNgDFCJhcOhjMLMgImAhHPvPMyUtOrxYrTDfsSvKEBRjEfkwvmrIeZNNlBGPJnkOKVNbwzkVcgVyAIbfD",
    "dashboad_text": "",
    "password_expire": null,
    "inv_max_approval_currency": "usd",
    "wo_show_tkt_attach": false,
    "wo_show_inactive": false,
    "deleted": null,
    "msg_address": false,
    "wo_days_backdate": null,
    "inv_max_approval_amount": 0,
    "default_accept_assign": true,
    "location_level": "56d122e5-6d86-43ff-a920-87f4d29390e0",
    "accept_notify": false,
    "role_type": "Internal",
    "inv_close_wo": "Do not display",
    "name": "district-role",
    "created": "2015-08-31T21:35:37.794Z",
    "wo_edit_closeout": false,
    "modules": "",
    "modified": "2015-08-31T21:35:37.794Z",
    "inv_req_attach": true,
    "wo_allow_backdate": false,
    "default_auth_currency": "0b32e42d-9e8d-4e76-8368-2427c9e243a2",
    "default_auth_amount": "0.0000",
    "inv_wait": null,
    "wo_notes": false,
    "accept_assign": false,
    "inv_options": "new"
  },
  "model": "person.role",
  "pk": "526a388c-e5bb-4fad-af2d-f494bf4a9431"
},
{
  "fields": {
    "msg_stored_link": false,
    "msg_copy_default": false,
    "tabs": "",
    "msg_copy_email": false,
    "create_all": false,
    "allow_approval": false,
    "msg_viewall": false,
    "inv_select_assign": "all",
    "inv_autoapprove": false,
    "dashboad_links": "",
    "proxy_set": false,
    "password_expire_alert": true,
    "password_min_length": 6,
    "group": 1,
    "default_accept_notify": true,
    "password_history_length": null,
    "inv_wo_status": null,
    "proxy_approval_bypass": false,
    "password_char_types": "RQLwGqXCKENxvGRRUzspSRpZUwwnWxMMOlvxXKhGsbhlEkRDKSGcGCTgbVEaInKzLtRWnDMlqLwZHtloEDxoAVCgTgblpFAKwmZd",
    "dashboad_text": "",
    "password_expire": null,
    "inv_max_approval_currency": "usd",
    "wo_show_tkt_attach": false,
    "wo_show_inactive": false,
    "deleted": null,
    "msg_address": false,
    "wo_days_backdate": null,
    "inv_max_approval_amount": 0,
    "default_accept_assign": true,
    "location_level": "b17b6a6d-77c1-450c-aee8-031e9a279a7b",
    "accept_notify": false,
    "role_type": "Internal",
    "inv_close_wo": "Do not display",
    "name": "region-role",
    "created": "2015-08-31T21:35:37.788Z",
    "wo_edit_closeout": false,
    "modules": "",
    "modified": "2015-08-31T21:35:37.788Z",
    "inv_req_attach": true,
    "wo_allow_backdate": false,
    "default_auth_currency": "0b32e42d-9e8d-4e76-8368-2427c9e243a2",
    "default_auth_amount": "0.0000",
    "inv_wait": null,
    "wo_notes": false,
    "accept_assign": false,
    "inv_options": "new"
  },
  "model": "person.role",
  "pk": "7667e06a-d65e-4383-8d95-5877adf5a377"
},
{
  "fields": {
    "msg_stored_link": false,
    "msg_copy_default": false,
    "tabs": "",
    "msg_copy_email": false,
    "create_all": false,
    "allow_approval": false,
    "msg_viewall": false,
    "inv_select_assign": "all",
    "inv_autoapprove": false,
    "dashboad_links": "",
    "proxy_set": false,
    "password_expire_alert": true,
    "password_min_length": 6,
    "group": 4,
    "default_accept_notify": true,
    "password_history_length": null,
    "inv_wo_status": null,
    "proxy_approval_bypass": false,
    "password_char_types": "CTVjEfeOhncHvnLRUVpTXKJEaBpwsEODltgGAJQHTDlJgPIHVKMJSNgeariDwcdXEgYZtOtvmuGphHmblhekJHyRRkDVdTBdxheV",
    "dashboad_text": "",
    "password_expire": null,
    "inv_max_approval_currency": "usd",
    "wo_show_tkt_attach": false,
    "wo_show_inactive": false,
    "deleted": null,
    "msg_address": false,
    "wo_days_backdate": null,
    "inv_max_approval_amount": 0,
    "default_accept_assign": true,
    "location_level": "9b1f93ff-eb17-4b4b-bb71-e5d495fbe5d4",
    "accept_notify": false,
    "role_type": "Internal",
    "inv_close_wo": "Do not display",
    "name": "store-role",
    "created": "2015-08-31T21:35:37.805Z",
    "wo_edit_closeout": false,
    "modules": "",
    "modified": "2015-08-31T21:35:37.806Z",
    "inv_req_attach": true,
    "wo_allow_backdate": false,
    "default_auth_currency": "0b32e42d-9e8d-4e76-8368-2427c9e243a2",
    "default_auth_amount": "0.0000",
    "inv_wait": null,
    "wo_notes": false,
    "accept_assign": false,
    "inv_options": "new"
  },
  "model": "person.role",
  "pk": "e5cfbc65-1ddd-4dca-90e8-e6923c5552aa"
},
{
  "fields": {
    "status": "7b9275ab-9a7f-4644-9fa9-d1e9aa0b567f",
    "last_name": "",
    "proxy_start_date": null,
    "locale": null,
    "next_approver": null,
    "locations": [
      "00494cdd-bd5d-4fc4-97d7-c594094037d7"
    ],
    "is_staff": false,
    "user_permissions": [],
    "proxy_end_date": null,
    "date_joined": "2015-08-31T21:35:38.061Z",
    "middle_initial": null,
    "first_name": "exercitation",
    "employee_id": null,
    "auth_amount": "0.0000",
    "title": null,
    "is_superuser": false,
    "last_login": null,
    "password_expire": null,
    "role": "7667e06a-d65e-4383-8d95-5877adf5a377",
    "auth_currency": "0b32e42d-9e8d-4e76-8368-2427c9e243a2",
    "username": "exercitation",
    "deleted": null,
    "password_one_time": null,
    "is_active": true,
    "groups": [
      1
    ],
    "accept_notify": true,
    "password": "YtZHsOVXXgECECzHUmDbGVagYzZfJIpPAyCyXyhWsTUlWXdPiQfVKPDOdxwoGNVPKVEyxwEzxiOzrkQJEbEowwkSnqDPcfcKCrxeVJefaQbDGfgumYDCYnWybMBNMSUU",
    "proxy_status": null,
    "proxy_user": null,
    "created": "2015-08-31T21:35:38.064Z",
    "modified": "2015-08-31T21:35:38.064Z",
    "email": "",
    "accept_assign": true,
    "password_change": "sYBXqFDdpcSTkEvPrHKzMpsweVLjwKniUuMYuxljbHiShxZxXEnTwQAitSfgfzGSnTstZWlanTEWgyUGycVpMTbLCWsVNtVHpqAjugCiZAtCdFFXiNGsAprUpUHJJkZzNqBZuqHcrpXvBlkalclegGWQgTunLQZWYziZGXBMFDClvMIkUvbKSvhpIivoNGzMXgzsFyWUuiGVMuwVXScKxAAFNoEmvybOMICnHtiSeGXbzjvKsPpidVMVfGzKvnMBdZaIFlSWHpBpdKrkKdCMsCmqlanllWimFijeiPMcpVMM"
  },
  "model": "person.person",
  "pk": "067234db-ec38-442c-8b91-6f74f05a9409"
},
{
  "fields": {
    "status": "7b9275ab-9a7f-4644-9fa9-d1e9aa0b567f",
    "last_name": "",
    "proxy_start_date": null,
    "locale": null,
    "next_approver": null,
    "locations": [],
    "is_staff": false,
    "user_permissions": [],
    "proxy_end_date": null,
    "date_joined": "2015-08-31T21:35:38.019Z",
    "middle_initial": null,
    "first_name": "est",
    "employee_id": null,
    "auth_amount": "0.0000",
    "title": null,
    "is_superuser": false,
    "last_login": null,
    "password_expire": null,
    "role": "08ca709f-6171-4395-9efb-93810dad5498",
    "auth_currency": "0b32e42d-9e8d-4e76-8368-2427c9e243a2",
    "username": "est",
    "deleted": null,
    "password_one_time": null,
    "is_active": true,
    "groups": [
      5
    ],
    "accept_notify": true,
    "password": "jXXLqTFGuJhqPUsgXCPYXGlneAziQEuUYrFMHDmlHxJYmxGTmiXrAaoobQLpXQemiSwJjBeHtUbtmdrVDqnaBTjtUJvkRUJpEkPziMlrqdbTYqSbkYeuJoUWrwcCNGuo",
    "proxy_status": null,
    "proxy_user": null,
    "created": "2015-08-31T21:35:38.023Z",
    "modified": "2015-08-31T21:35:38.023Z",
    "email": "",
    "accept_assign": true,
    "password_change": "DGzafYLyYQcGXYzbskWqDISQUMLEFYAuVOEhLmDitZdIjbpJeOrdBlekGsZsvnoMEjtChjbxkWmODeFNXkAQlymvTxEuRJHFYYlKwIVsQhlPFYAwABljAxuDXPEShKzAsfBeJbkYcshUYmNYvgBjUrqcOAoZchNpRycTJjqqHiBtwLlgUeAjFceVpCcLMaYvvmwOZKtkPscLksXqJbquPgLwClFTEhdjXGqzQhCiyZmKcYfzlyTpktxDzwOynOhVtzDuVzatLtLdjhTLOOibyTreHYuqltZsoQZJbbDoAnLs"
  },
  "model": "person.person",
  "pk": "06db7b27-7f05-4e16-9144-f27ef258a2ae"
},
{
  "fields": {
    "status": "7b9275ab-9a7f-4644-9fa9-d1e9aa0b567f",
    "last_name": "",
    "proxy_start_date": null,
    "locale": null,
    "next_approver": null,
    "locations": [
      "4ce97a2a-1be3-4401-9789-788d5415d833",
      "3b352c75-8be1-4d5f-8557-9eaa8b284a17"
    ],
    "is_staff": false,
    "user_permissions": [],
    "proxy_end_date": null,
    "date_joined": "2015-08-31T21:35:38.049Z",
    "middle_initial": null,
    "first_name": "commodo",
    "employee_id": null,
    "auth_amount": "0.0000",
    "title": null,
    "is_superuser": false,
    "last_login": null,
    "password_expire": null,
    "role": "526a388c-e5bb-4fad-af2d-f494bf4a9431",
    "auth_currency": "0b32e42d-9e8d-4e76-8368-2427c9e243a2",
    "username": "commodo",
    "deleted": null,
    "password_one_time": null,
    "is_active": true,
    "groups": [
      2
    ],
    "accept_notify": true,
    "password": "AfoZytjCZIGiDCQShKmwumgzFiByhYVuBdAeRrNHwMyNxLFhmkRyAGHPLUSEwHzVgHsGwBgKRYGhTjgohIvtTNTLDCXwtLjyNEWoQNRTbQxHSzzjNXSOloQxuNeqgnFZ",
    "proxy_status": null,
    "proxy_user": null,
    "created": "2015-08-31T21:35:38.053Z",
    "modified": "2015-08-31T21:35:38.053Z",
    "email": "",
    "accept_assign": true,
    "password_change": "hslBpcyDjrsgwyIdIDhxJHrWNRdcuJgrrIWHwgvqCnOXfzqZDjApcHNJkfhQECTZKuEegmSsZJnopVSBEfrKoYWiPHzmVbcBnNfFpkHqfzNuIJcZxyfsdjMhcVwDBiDVSLloaAgTuKgcUIeMyZFigqEYFKJHqTGqhljTIYqlVXvjngMIqMtBjNYfPBTvBfXMjFKIBwIQBOcJDIFkKvsvGKmnwoBfFQUTMxGCzDliipWRCguKqeikpStEhlZUQpcKoTBGldnQIJeLaggoNeYthAWVVpwrcOBLjOHJaPJVGSrG"
  },
  "model": "person.person",
  "pk": "08a91987-7f3f-4e8f-87ff-13415b049e0f"
},
{
  "fields": {
    "status": "7b9275ab-9a7f-4644-9fa9-d1e9aa0b567f",
    "last_name": "",
    "proxy_start_date": null,
    "locale": null,
    "next_approver": null,
    "locations": [],
    "is_staff": false,
    "user_permissions": [],
    "proxy_end_date": null,
    "date_joined": "2015-08-31T21:35:37.921Z",
    "middle_initial": null,
    "first_name": "ad",
    "employee_id": null,
    "auth_amount": "0.0000",
    "title": null,
    "is_superuser": false,
    "last_login": null,
    "password_expire": null,
    "role": "08ca709f-6171-4395-9efb-93810dad5498",
    "auth_currency": "0b32e42d-9e8d-4e76-8368-2427c9e243a2",
    "username": "ad",
    "deleted": null,
    "password_one_time": null,
    "is_active": true,
    "groups": [
      5
    ],
    "accept_notify": true,
    "password": "YiEfypysyqLkXaZJgSFcKsxNgnYhFaNkSJgACdFWHGRWjBxhAvQjuCeBpTEsgWAaJayVVvIvnerfvKMMesKQJrNpxKmsninIPlOuJDGDYtoZqrBHhcxcVWwArfDhpWdj",
    "proxy_status": null,
    "proxy_user": null,
    "created": "2015-08-31T21:35:37.925Z",
    "modified": "2015-08-31T21:35:37.925Z",
    "email": "",
    "accept_assign": true,
    "password_change": "mYRsIfaJJbPMixKvdCXsRChtLALdeuSwQxuDmKMfKYeTXmPWfvevNsfdHKBtRKgUUeLGqtOFFlucOsORVdLZmXsWZpnnUkvmAhfPXXaJbVzwYZmlGRXSqCCiOheukIDLVjChbJRnHgTPgNjGrkPQUAeQntIZQCEtWcKYcqZzphRAXXqZXfHNBIyqCtiaCyhdXyJrWBHFoJGqRnCuWaTQNlzuBBfIehgTTfzVsLaGJnWtHjoQtpBSaoYLBxORCPjdMlAuSijRnhbLwnMaebmuIkljRjzGRZuyvZStDBtOpYqk"
  },
  "model": "person.person",
  "pk": "0b154d56-2604-4461-a871-81bff7053d3f"
},
{
  "fields": {
    "status": "7b9275ab-9a7f-4644-9fa9-d1e9aa0b567f",
    "last_name": "",
    "proxy_start_date": null,
    "locale": null,
    "next_approver": null,
    "locations": [
      "ae79b4b9-ba3a-4007-807e-4f557b749590",
      "c77aeadf-cb0e-4863-8253-470e61c8d64b"
    ],
    "is_staff": false,
    "user_permissions": [],
    "proxy_end_date": null,
    "date_joined": "2015-08-31T21:35:38.072Z",
    "middle_initial": null,
    "first_name": "ex",
    "employee_id": null,
    "auth_amount": "0.0000",
    "title": null,
    "is_superuser": false,
    "last_login": null,
    "password_expire": null,
    "role": "e5cfbc65-1ddd-4dca-90e8-e6923c5552aa",
    "auth_currency": "0b32e42d-9e8d-4e76-8368-2427c9e243a2",
    "username": "ex",
    "deleted": null,
    "password_one_time": null,
    "is_active": true,
    "groups": [
      4
    ],
    "accept_notify": true,
    "password": "mTEaRGVrDZHnMxaYWegmIHPLESFSnkbAChBYLsTGLycpmlQiFUhazxkScrClpfFgYvJVYluKVeiJyfcVWTzUdNvCvxeVtOiFMaKcxbrDPeejrsZECxTPKvNQuNslgeKl",
    "proxy_status": null,
    "proxy_user": null,
    "created": "2015-08-31T21:35:38.076Z",
    "modified": "2015-08-31T21:35:38.076Z",
    "email": "",
    "accept_assign": true,
    "password_change": "TSsFAZzlqFwiTQJafFUvdgJoWmaZmyHaryMCOCIxGFjQkJgaeoJbZDDGvBGRICuSnUVmTqSEFAvVQSxQQoSeqXLxNHPUaMwFzmiIsoQsAOejrlwbjbTkFQVVpxiNDRrYBjDSxauareTULBwRyfOaLDZdOVRtRHpqLkdtntywLKIMprKeHQmQCftdLCaVIiZhUlCFAHFlQoXbcqDxlTHfkYUFtTiPcKZajkgTAXpGlfVRaMnckhwqaEDFHIncXjFEteCgCDibFPYlsTOjVekTVbSkmsvyxZYvRXdDPHAXDxZX"
  },
  "model": "person.person",
  "pk": "2b472062-1d7c-431c-9658-bbfc97bf40cc"
},
{
  "fields": {
    "status": "7b9275ab-9a7f-4644-9fa9-d1e9aa0b567f",
    "last_name": "",
    "proxy_start_date": null,
    "locale": null,
    "next_approver": null,
    "locations": [
      "00494cdd-bd5d-4fc4-97d7-c594094037d7"
    ],
    "is_staff": false,
    "user_permissions": [],
    "proxy_end_date": null,
    "date_joined": "2015-08-31T21:35:38.008Z",
    "middle_initial": null,
    "first_name": "consectetur",
    "employee_id": null,
    "auth_amount": "0.0000",
    "title": null,
    "is_superuser": false,
    "last_login": null,
    "password_expire": null,
    "role": "7667e06a-d65e-4383-8d95-5877adf5a377",
    "auth_currency": "0b32e42d-9e8d-4e76-8368-2427c9e243a2",
    "username": "consectetur",
    "deleted": null,
    "password_one_time": null,
    "is_active": true,
    "groups": [
      1
    ],
    "accept_notify": true,
    "password": "uluEQUGlqiqmIUFKVwFbcqnGpVAFkFtvfwDmtbXSEELnuBJNfXLajMfXltKwNxMSioxCoNrIeOIIUfLTWXPEWyoGTWrFxkfXirYVHQHAqdLsblWDJmOCYEZrOgqZrZdw",
    "proxy_status": null,
    "proxy_user": null,
    "created": "2015-08-31T21:35:38.012Z",
    "modified": "2015-08-31T21:35:38.012Z",
    "email": "",
    "accept_assign": true,
    "password_change": "SkLeSXuEoSUSWgzMPjTVYXMLHqLcSzpRUWTwpTwQmPTGlBmXmwvevfXLSpXADaRRRFbfnOWogLXmLNHlqyrHPBBWFJMloIOlWSUgbgDLegCDHVApxPmWbZiMoXjWCObxjYUMriTwwUKsWGtlEHXAEhIWxcPYLwvWqIkPXxPaKYRPCcmbIkvRwCVPJgXkgWcQJIHdrXiNkTOdrWOAnUQKQsukfUdSQdywkclSUDQaHhAFrcwPrqJsHRLurTfcRYeRvcHHRQWgXUWhUluPsRWNHdwPyWihTvKGErovtUYwjHFp"
  },
  "model": "person.person",
  "pk": "2b7e0d33-b29b-4f49-9598-57675b2eff34"
},
{
  "fields": {
    "status": "7b9275ab-9a7f-4644-9fa9-d1e9aa0b567f",
    "last_name": "",
    "proxy_start_date": null,
    "locale": null,
    "next_approver": null,
    "locations": [
      "ae79b4b9-ba3a-4007-807e-4f557b749590",
      "c77aeadf-cb0e-4863-8253-470e61c8d64b"
    ],
    "is_staff": false,
    "user_permissions": [],
    "proxy_end_date": null,
    "date_joined": "2015-08-31T21:35:38.029Z",
    "middle_initial": null,
    "first_name": "in",
    "employee_id": null,
    "auth_amount": "0.0000",
    "title": null,
    "is_superuser": false,
    "last_login": null,
    "password_expire": null,
    "role": "e5cfbc65-1ddd-4dca-90e8-e6923c5552aa",
    "auth_currency": "0b32e42d-9e8d-4e76-8368-2427c9e243a2",
    "username": "in",
    "deleted": null,
    "password_one_time": null,
    "is_active": true,
    "groups": [
      4
    ],
    "accept_notify": true,
    "password": "RihRIBRhdMdlXIGCZgBJjtzKKWFFoGwRLKWynRhOuFCCIfXHeOaUeRpdvWaocUMIOaTHElndjjVbIuTjMPvjALsuRtzuiMVeqCIEFfDLyYoWixtgUmxNdMjDfHTyEOpu",
    "proxy_status": null,
    "proxy_user": null,
    "created": "2015-08-31T21:35:38.032Z",
    "modified": "2015-08-31T21:35:38.032Z",
    "email": "",
    "accept_assign": true,
    "password_change": "cYVyMvBgWtpvJMYQLfoDxNLRLyORIBsHRMBibYbCsnNXbeetkYoCddLDzkSdaLBLlLELNRuCiIFLdiDNigiRANKUlJCbYvtInOUItEKlfaCXRJHQLMmdQRHiNQUSPLKkLhrBbnZkqvPFfjutEehMwQxixKMkCVFibpDgqqdfsNtlYLgOILdUQIqXFlTzDmrSnOsrffbOicraSGWOxAabvoDkABIAiGgFoeBKPYpGzzmkRqQsRHGXibCFmvJyoOWaIPPdTQWTbnUvbDJvdNZoPxmxKAHvFbxNObSuuMcXSEnx"
  },
  "model": "person.person",
  "pk": "3a8ce834-feb8-4d69-9f85-e18ad5d21fd5"
},
{
  "fields": {
    "status": "7b9275ab-9a7f-4644-9fa9-d1e9aa0b567f",
    "last_name": "",
    "proxy_start_date": null,
    "locale": null,
    "next_approver": null,
    "locations": [
      "4ce97a2a-1be3-4401-9789-788d5415d833",
      "3b352c75-8be1-4d5f-8557-9eaa8b284a17"
    ],
    "is_staff": false,
    "user_permissions": [],
    "proxy_end_date": null,
    "date_joined": "2015-08-31T21:35:37.997Z",
    "middle_initial": null,
    "first_name": "deserunt",
    "employee_id": null,
    "auth_amount": "0.0000",
    "title": null,
    "is_superuser": false,
    "last_login": null,
    "password_expire": null,
    "role": "526a388c-e5bb-4fad-af2d-f494bf4a9431",
    "auth_currency": "0b32e42d-9e8d-4e76-8368-2427c9e243a2",
    "username": "deserunt",
    "deleted": null,
    "password_one_time": null,
    "is_active": true,
    "groups": [
      2
    ],
    "accept_notify": true,
    "password": "GubBWIaNWRUPHRlwEChNnfwMTCOsuZJxnYRBBbJlBSGrDXlODvuDXzvpFaEioyGwtOLfEBMZgGDoXOXtHunjPQWIMSZLcVInuZRTalbihADxtnqpshnApCSkkmFTrcuu",
    "proxy_status": null,
    "proxy_user": null,
    "created": "2015-08-31T21:35:38.000Z",
    "modified": "2015-08-31T21:35:38.000Z",
    "email": "",
    "accept_assign": true,
    "password_change": "zXgPzbCzDRNCmCCtkkrlLQnAoDPWihNXIIuNoVpIJkQyPyJSEiQJGxNfvNvleldhRQQrvsJRerxeWjlvjbYRFYTLUMzQyOwfiEpYQLinkOBLAElCmYwFptpEKexBrRlNVZBdLbvlzlVRFIueFuPtQueMNRTFmkmjCQiRKMfftXFiumgcUGiwLgYmSJmICYWFWfjJvEGvNEDxUeYPuFAOhZoaQAYoAgTrCfoPDMiVVvFgPubaZvekLJYNJdbDaoSHtWHnyOhDYsXFXPxUKxBIjcBnaGObehJVLpUGwnOytxBD"
  },
  "model": "person.person",
  "pk": "3e7e388d-b0d9-472a-ac5d-3fef172ac68c"
},
{
  "fields": {
    "status": "7b9275ab-9a7f-4644-9fa9-d1e9aa0b567f",
    "last_name": "",
    "proxy_start_date": null,
    "locale": null,
    "next_approver": null,
    "locations": [],
    "is_staff": false,
    "user_permissions": [],
    "proxy_end_date": null,
    "date_joined": "2015-08-31T21:35:37.987Z",
    "middle_initial": null,
    "first_name": "amet,",
    "employee_id": null,
    "auth_amount": "0.0000",
    "title": null,
    "is_superuser": false,
    "last_login": null,
    "password_expire": null,
    "role": "08ca709f-6171-4395-9efb-93810dad5498",
    "auth_currency": "0b32e42d-9e8d-4e76-8368-2427c9e243a2",
    "username": "amet,",
    "deleted": null,
    "password_one_time": null,
    "is_active": true,
    "groups": [
      5
    ],
    "accept_notify": true,
    "password": "NkdmRRlFRPEUMbkSmtKNPwHygDdZqduWyrvmwBGjAVinCKhRogZiQbcsfBafMjTNRpeRnypLHLcVEZzAFJjkUstltyXoktvrolXpfFnRCkoWVfdpgIRLJzRINELlMtzs",
    "proxy_status": null,
    "proxy_user": null,
    "created": "2015-08-31T21:35:37.990Z",
    "modified": "2015-08-31T21:35:37.990Z",
    "email": "",
    "accept_assign": true,
    "password_change": "NTydlcECJWdGyNPcSPJMbypUeDFTVWRUYzEaTcDzZeLcaWRTgjHwwzkWsrgTBHlpdrXRIDOyjkrHXoDjlbmmrjePhschcGOBfncaVWlqCrsPqLDFpGlRkWvQOPcaCXWCbjGvHAUIeOSqWYnQsNqiFCfwqrydSGFAblvAOSGMXXUDfjvyuBnyiOOByLbcxJjIudzQmPlXVDpHuBLrBHZiseHHHhuVuoydZXQlSDUhZSSzfNwwkrNTQPSGhpMbbmekJvtzQnMVmyeZmQLAznCrlUwPqLqKizzRIyxUtkoizTOk"
  },
  "model": "person.person",
  "pk": "3fc81606-69dd-45f5-9a7c-bae1732fe9fe"
},
{
  "fields": {
    "status": "7b9275ab-9a7f-4644-9fa9-d1e9aa0b567f",
    "last_name": "",
    "proxy_start_date": null,
    "locale": null,
    "next_approver": null,
    "locations": [],
    "is_staff": false,
    "user_permissions": [],
    "proxy_end_date": null,
    "date_joined": "2015-08-31T21:35:38.173Z",
    "middle_initial": null,
    "first_name": "consequat.",
    "employee_id": null,
    "auth_amount": "0.0000",
    "title": null,
    "is_superuser": false,
    "last_login": null,
    "password_expire": null,
    "role": "135a8b71-f37a-423a-b6fd-91507bca99b3",
    "auth_currency": "0b32e42d-9e8d-4e76-8368-2427c9e243a2",
    "username": "consequat.",
    "deleted": null,
    "password_one_time": null,
    "is_active": true,
    "groups": [
      3
    ],
    "accept_notify": true,
    "password": "TkqVRtVcquDYyaaSxaMJqBxQHsDWlrSvsaxnavokWhgqolCmzHaimkCWjrMkolkroVnQDxiIjxheqRKowbWwMkZpOkzUUVNbjMphgWAsIQcliMrqIoZAmAyOQPuHfXGD",
    "proxy_status": null,
    "proxy_user": null,
    "created": "2015-08-31T21:35:38.177Z",
    "modified": "2015-08-31T21:35:38.177Z",
    "email": "",
    "accept_assign": true,
    "password_change": "YbXzkdBeHdRsXTtKhrlbRQAbvFhVBfjzEyqdZIYGsxVghgIIUQGnnXxMvqrLYhEGQLkPHkRzQvwkgPkHyzRwfxmRbHRiiwWkHhmkOBWjZbMNfZIxMTZNsmZrknREiXSTNOFIKWubNAYHifhjWdchJdfAutKOsOFLCBmUaUEHKfvnnfOUQXDhfFNZBABQAaaKarkkgBZnCwsqNVBHHgEDQZiZZifCgEPcBdaVTRLDVPcAXUuaXdfNSEyVyIhphJjcYEoplatxBcalFxraAzuHkPZhjyHRggaeQxgkPBEiwExJ"
  },
  "model": "person.person",
  "pk": "5aebe474-0426-44f1-8e95-df2fe02dd160"
},
{
  "fields": {
    "status": "7b9275ab-9a7f-4644-9fa9-d1e9aa0b567f",
    "last_name": "",
    "proxy_start_date": null,
    "locale": null,
    "next_approver": null,
    "locations": [],
    "is_staff": true,
    "user_permissions": [],
    "proxy_end_date": null,
    "date_joined": "2015-08-31T21:35:37.816Z",
    "middle_initial": null,
    "first_name": "",
    "employee_id": null,
    "auth_amount": "0.0000",
    "title": null,
    "is_superuser": true,
    "last_login": null,
    "password_expire": null,
    "role": "08ca709f-6171-4395-9efb-93810dad5498",
    "auth_currency": "0b32e42d-9e8d-4e76-8368-2427c9e243a2",
    "username": "aaron",
    "deleted": null,
    "password_one_time": null,
    "is_active": true,
    "groups": [
      5
    ],
    "accept_notify": true,
    "password": "pbkdf2_sha256$20000$uwYGXjdp20bd$FKDOMLGFLp0vBWGxc6Jb9YTgOh5ShmBtfZQkUrtk87k=",
    "proxy_status": null,
    "proxy_user": null,
    "created": "2015-08-31T21:35:37.822Z",
    "modified": "2015-08-31T21:35:37.907Z",
    "email": "",
    "accept_assign": true,
    "password_change": "XqVijNFDgHmDQRoPnUXdIDxZMHPKXcAssZvrIWSzNEeauEymxNchAJzAibqVcRnERCrgelKThzaUlgGpjxcuVvNQLcJiJIVYXFTItZxSAadiBrShtIxvzrBRNMtTEmhKoCCUaQJjKuRHqniqcwieuWsfKgjgtKcDjxAqkrvfzLXRYQXetgvfagTRVwhMXYRkFQsGLgYUpMAjLRUIeOCxqFTusPOcfTcgpDyXwTbkBYyNElSoujPefjFPcCOudpopFQbDJELFzfQXClHRvVFCtjEUGckVWEerVkChTHqgiFKx"
  },
  "model": "person.person",
  "pk": "5efdcc42-748a-4137-b682-f38bfbaebfa9"
},
{
  "fields": {
    "status": "7b9275ab-9a7f-4644-9fa9-d1e9aa0b567f",
    "last_name": "",
    "proxy_start_date": null,
    "locale": null,
    "next_approver": null,
    "locations": [
      "4ce97a2a-1be3-4401-9789-788d5415d833",
      "3b352c75-8be1-4d5f-8557-9eaa8b284a17"
    ],
    "is_staff": false,
    "user_permissions": [],
    "proxy_end_date": null,
    "date_joined": "2015-08-31T21:35:38.084Z",
    "middle_initial": null,
    "first_name": "dolor",
    "employee_id": null,
    "auth_amount": "0.0000",
    "title": null,
    "is_superuser": false,
    "last_login": null,
    "password_expire": null,
    "role": "526a388c-e5bb-4fad-af2d-f494bf4a9431",
    "auth_currency": "0b32e42d-9e8d-4e76-8368-2427c9e243a2",
    "username": "dolor",
    "deleted": null,
    "password_one_time": null,
    "is_active": true,
    "groups": [
      2
    ],
    "accept_notify": true,
    "password": "JBSXAjjrnqpsEmHvRAwsnMcpVsKTkkBSImTPbSIBOypHXzAGgyeTgiFikUOJHbcboEFASLvnhfmVQSVxcVcvKhbpjqEefOyTFLCpteNkgRChovURmWnDKxwqpbTfabCN",
    "proxy_status": null,
    "proxy_user": null,
    "created": "2015-08-31T21:35:38.087Z",
    "modified": "2015-08-31T21:35:38.087Z",
    "email": "",
    "accept_assign": true,
    "password_change": "seQiqDZywbSYhHLsNRimdEHTIbiokGYDpWkisQLyQNApsDBzjKRbRcUFMUwgIfrDNqwmcBDrRAZSAKYsjHAeazgAxoCnGtnkkIZmEAyXKIfHtWshaQHYcGWEntSesGAcxDwipEHMzlOUbiyKxqLJypUAVRAfOgPwkDACfGIIwDhFZXYRsGePBoCZQsRXOVvjjhvAvazDJXreTpOkCluHTpOaNrcjrIeJedFsBEgUHYmfMMVimNlvxgzqMPatWhhVbnLVLNwHOzXWawVqCkWJVFpoKQWxnMSDNGSRdfwWLHuJ"
  },
  "model": "person.person",
  "pk": "6403ffbf-98b5-4a3a-bc13-2b97e68b504d"
},
{
  "fields": {
    "status": "7b9275ab-9a7f-4644-9fa9-d1e9aa0b567f",
    "last_name": "",
    "proxy_start_date": null,
    "locale": null,
    "next_approver": null,
    "locations": [
      "00494cdd-bd5d-4fc4-97d7-c594094037d7"
    ],
    "is_staff": false,
    "user_permissions": [],
    "proxy_end_date": null,
    "date_joined": "2015-08-31T21:35:37.975Z",
    "middle_initial": null,
    "first_name": "qui",
    "employee_id": null,
    "auth_amount": "0.0000",
    "title": null,
    "is_superuser": false,
    "last_login": null,
    "password_expire": null,
    "role": "7667e06a-d65e-4383-8d95-5877adf5a377",
    "auth_currency": "0b32e42d-9e8d-4e76-8368-2427c9e243a2",
    "username": "qui",
    "deleted": null,
    "password_one_time": null,
    "is_active": true,
    "groups": [
      1
    ],
    "accept_notify": true,
    "password": "rTnAqdaoFXXPGcQcJZUZfxLMJangwkWUHVpIuDlMdrtGcYVImCvCXbUYiqlgZVNgFkHnnvyiIzaJUSXtoowOdveLfJWtvgmPTzuwBfXIfRJFDclwOrrXgpHUoXEEDwAe",
    "proxy_status": null,
    "proxy_user": null,
    "created": "2015-08-31T21:35:37.979Z",
    "modified": "2015-08-31T21:35:37.979Z",
    "email": "",
    "accept_assign": true,
    "password_change": "BGxLBqTAplmXCYmUfAinZlvebhHpyceHdKnpckcHcynSeKyvLfRAVbJPnXgmpAHOWUjqUnHCYrVpPwkwbttLXYSCRSpSynAxSzDTEJBivXzgshXhbPgYOACYaFwscRwNPIwWTYMVDaOYAhQeicBzczUwhSCusdHFBwNhDtjGRGglgRDkxCjmxtGBZKblRlfWuYwWAzJrXOVgYckSgClwcdvyHmiZdyQOSmDWZgrLwEfFcWgPikwreFuHWBiQTDHVOkfoiCZzWxulfwevorHABfVBocgBAXiXdlOWtabnLvrm"
  },
  "model": "person.person",
  "pk": "6aa9d5f4-017b-462d-bfe9-29a2fae74be4"
},
{
  "fields": {
    "status": "7b9275ab-9a7f-4644-9fa9-d1e9aa0b567f",
    "last_name": "",
    "proxy_start_date": null,
    "locale": null,
    "next_approver": null,
    "locations": [
      "00494cdd-bd5d-4fc4-97d7-c594094037d7"
    ],
    "is_staff": false,
    "user_permissions": [],
    "proxy_end_date": null,
    "date_joined": "2015-08-31T21:35:37.948Z",
    "middle_initial": null,
    "first_name": "Duis",
    "employee_id": null,
    "auth_amount": "0.0000",
    "title": null,
    "is_superuser": false,
    "last_login": null,
    "password_expire": null,
    "role": "7667e06a-d65e-4383-8d95-5877adf5a377",
    "auth_currency": "0b32e42d-9e8d-4e76-8368-2427c9e243a2",
    "username": "Duis",
    "deleted": null,
    "password_one_time": null,
    "is_active": true,
    "groups": [
      1
    ],
    "accept_notify": true,
    "password": "yteHypUfpAsUrugUqIyUQsYeetCyNQPPAxGryOAUOMBfzARHvNgRwpdJvrptGkFMYbzQzhAQOuUZnUJaMjFKBzAoLJcGopKcEzfXuNXduahWVjSiFpkvSnRMhKNfvvmS",
    "proxy_status": null,
    "proxy_user": null,
    "created": "2015-08-31T21:35:37.952Z",
    "modified": "2015-08-31T21:35:37.952Z",
    "email": "",
    "accept_assign": true,
    "password_change": "OvzrVnRyaTyXyYCxKSyDIPCydPfiqfVBAffADniapvmxSPWZqlREeeInrDZPCljdgsKQCtzmmmyFOHdUPPXOcKqzDZsLOvyDGOVKKhgwfMVycYwRbfcvRadASccQejbEhezHkhTDpUeUWmyrJWZcSIbtiHZSSKCgnnWkIpPkiXiDtaRKatIilAmjWhKhRgweGuBOJPsLONnbdxHhbkkCzVYHsQsgbsxSPZjpytsYUrzaCTVsPGDyqapdcPEyoGorLvBrwQcYMMUsSjUzMWyEnsXSZZmIWhxGGDpYQyGFrLxR"
  },
  "model": "person.person",
  "pk": "7bb0e0dd-eb49-4b04-9e11-b988d33ed6c3"
},
{
  "fields": {
    "status": "7b9275ab-9a7f-4644-9fa9-d1e9aa0b567f",
    "last_name": "",
    "proxy_start_date": null,
    "locale": null,
    "next_approver": null,
    "locations": [
      "ae79b4b9-ba3a-4007-807e-4f557b749590",
      "c77aeadf-cb0e-4863-8253-470e61c8d64b"
    ],
    "is_staff": false,
    "user_permissions": [],
    "proxy_end_date": null,
    "date_joined": "2015-08-31T21:35:37.933Z",
    "middle_initial": null,
    "first_name": "eiusmod",
    "employee_id": null,
    "auth_amount": "0.0000",
    "title": null,
    "is_superuser": false,
    "last_login": null,
    "password_expire": null,
    "role": "e5cfbc65-1ddd-4dca-90e8-e6923c5552aa",
    "auth_currency": "0b32e42d-9e8d-4e76-8368-2427c9e243a2",
    "username": "eiusmod",
    "deleted": null,
    "password_one_time": null,
    "is_active": true,
    "groups": [
      4
    ],
    "accept_notify": true,
    "password": "zMnYBHpBnbzvzuLgUuAQBICQfSSOMrGPVOxMZYNpZektFTfoILGgLgBdLLlByGptlMFfmuAwSKTZftRfRXPnJkMCtXSRDtpGOpzfqYuVkBVwsEqDgcEvNYcwrvSkkxAx",
    "proxy_status": null,
    "proxy_user": null,
    "created": "2015-08-31T21:35:37.937Z",
    "modified": "2015-08-31T21:35:37.937Z",
    "email": "",
    "accept_assign": true,
    "password_change": "oZjUCQDTaEXuBQLiHUFzoVSJlYVgpeiCGzUGAedcRxPoqkKBLLeKfngKFPDVXsJAMJqTwWlCYMSouNBzrSHLnUnMBZTyWkRWrNfNTbvYPZuyBrEuuOeQisJFMBMzWCNLvOIaRXWFSzTRnNwoBlYawcJbpooDKfOVEigmPLUFESjEgtnjttfkrAjTwhZIWolNzqLINECMxxddOboAlPrQFdJuCjPaCqkcpjlESFKYhzOWCVbzyInHmofKUoXELQdhiHNlIeHSsiDPdyZbRNHmlaRLGpkLNulHKvLlBtZUEJkb"
  },
  "model": "person.person",
  "pk": "8982aa7c-0618-4b03-98d6-fb028128117d"
},
{
  "fields": {
    "status": "7b9275ab-9a7f-4644-9fa9-d1e9aa0b567f",
    "last_name": "",
    "proxy_start_date": null,
    "locale": null,
    "next_approver": null,
    "locations": [
      "4ce97a2a-1be3-4401-9789-788d5415d833",
      "3b352c75-8be1-4d5f-8557-9eaa8b284a17"
    ],
    "is_staff": false,
    "user_permissions": [],
    "proxy_end_date": null,
    "date_joined": "2015-08-31T21:35:38.112Z",
    "middle_initial": null,
    "first_name": "veniam,",
    "employee_id": null,
    "auth_amount": "0.0000",
    "title": null,
    "is_superuser": false,
    "last_login": null,
    "password_expire": null,
    "role": "526a388c-e5bb-4fad-af2d-f494bf4a9431",
    "auth_currency": "0b32e42d-9e8d-4e76-8368-2427c9e243a2",
    "username": "veniam,",
    "deleted": null,
    "password_one_time": null,
    "is_active": true,
    "groups": [
      2
    ],
    "accept_notify": true,
    "password": "VAjXElodLUruhqPbVosyZBVeJPRYIMdFaXdrBFqpKkqfxUfDMKoKWtkTKciRzIwLvRyUSnmDDXRrTAXtPXomWIfZZezGCYoGcqikhHEMWkuTxGIiUsImcjESNCjxAmEq",
    "proxy_status": null,
    "proxy_user": null,
    "created": "2015-08-31T21:35:38.115Z",
    "modified": "2015-08-31T21:35:38.115Z",
    "email": "",
    "accept_assign": true,
    "password_change": "awXcHSWYCgyDutQBIUvwoUcOJxsdgpDvdwoKacuMxnfJIGluQeStLOGcNNqSbrbrdUFXMmJTiTLKpRBITTYIicxjZDaHQGrgwpYkbhewjerJuzPqoAFgUoBmCmvQoTIhKtMvpyrblowNQVJoUtIDPQXuqSnwhZYpXCUsUpDqOCfecFNjNYXKDhAlHTkMGQSqjenhafFOQbwsJACMEqxVIyICljQeodEIIqWfUJtfezUgGjIAvVLWglYjuigpTlNZyeNCrXwyyocshOXNjngCOlDPzCNvxzyolssZhNlJmZyF"
  },
  "model": "person.person",
  "pk": "8dbaf722-a868-45e4-acf9-66cedf6aa51e"
},
{
  "fields": {
    "status": "7b9275ab-9a7f-4644-9fa9-d1e9aa0b567f",
    "last_name": "",
    "proxy_start_date": null,
    "locale": null,
    "next_approver": null,
    "locations": [],
    "is_staff": false,
    "user_permissions": [],
    "proxy_end_date": null,
    "date_joined": "2015-08-31T21:35:38.151Z",
    "middle_initial": null,
    "first_name": "id",
    "employee_id": null,
    "auth_amount": "0.0000",
    "title": null,
    "is_superuser": false,
    "last_login": null,
    "password_expire": null,
    "role": "135a8b71-f37a-423a-b6fd-91507bca99b3",
    "auth_currency": "0b32e42d-9e8d-4e76-8368-2427c9e243a2",
    "username": "id",
    "deleted": null,
    "password_one_time": null,
    "is_active": true,
    "groups": [
      3
    ],
    "accept_notify": true,
    "password": "IOZPOixXARWxiriszTUSMcuoBtYTcHPbEqWtNxWBRdDzRcyiiCUmhExByTwnoURJGxOkXbiUdjNeBGJjSgibidjUDuaalhqYSrrbTxHJvpEOiQlhZlPpKoqTwFytssBw",
    "proxy_status": null,
    "proxy_user": null,
    "created": "2015-08-31T21:35:38.155Z",
    "modified": "2015-08-31T21:35:38.155Z",
    "email": "",
    "accept_assign": true,
    "password_change": "ATxztWveJdjbIiaWqcCSNXTaJLyfQpuyhxKalSuExcxUYifwAVnXGnBLFazYzRTDgpRYeKimvziUKvhToHyHgRbbORvneRblaLXzbLAIRlqkhnbYaBEenMAfICrTbLJVZTvzoWhmGniyKiFKeFWpyzKQgFApeWTLIUqknVkjZYHGoSbhehgiYSvkSSlghRLBAABSAkDcUQfvcbMYFrAUvkrUYJWHLFraQDvwbNjhvotfTyPgaMUwVmAgqtaQEqnQOsHEOqIssdtViNxVBWhFkHZqBJdAjQJfXGAncYyHXBGb"
  },
  "model": "person.person",
  "pk": "92d9b48d-2c43-47a1-a761-2b8f2452c0d0"
},
{
  "fields": {
    "status": "7b9275ab-9a7f-4644-9fa9-d1e9aa0b567f",
    "last_name": "",
    "proxy_start_date": null,
    "locale": null,
    "next_approver": null,
    "locations": [
      "ae79b4b9-ba3a-4007-807e-4f557b749590",
      "c77aeadf-cb0e-4863-8253-470e61c8d64b"
    ],
    "is_staff": false,
    "user_permissions": [],
    "proxy_end_date": null,
    "date_joined": "2015-08-31T21:35:38.162Z",
    "middle_initial": null,
    "first_name": "quis",
    "employee_id": null,
    "auth_amount": "0.0000",
    "title": null,
    "is_superuser": false,
    "last_login": null,
    "password_expire": null,
    "role": "e5cfbc65-1ddd-4dca-90e8-e6923c5552aa",
    "auth_currency": "0b32e42d-9e8d-4e76-8368-2427c9e243a2",
    "username": "quis",
    "deleted": null,
    "password_one_time": null,
    "is_active": true,
    "groups": [
      4
    ],
    "accept_notify": true,
    "password": "YYagHQbjYURASlvRNeYULNIkvVbhhhjRjdKKyNfFBCUzckcPUncBkhscQpAuPMBAAYYkXptlbfQvdxEVvhXttsCDmlCxKfwiMMCEryBJJhXgVYGfFimsjRVeBtlfEHAM",
    "proxy_status": null,
    "proxy_user": null,
    "created": "2015-08-31T21:35:38.165Z",
    "modified": "2015-08-31T21:35:38.165Z",
    "email": "",
    "accept_assign": true,
    "password_change": "sunyFEUEvojJYVYSjzBFuWYLowKWEdiEboGMNJNQtRGECHdVLiXFJuhmrfvlcZYSmxYHVkHKDLFKDsvxDTOrJTRUHACKyMZffdSTcWytKPBlSrnzRjTPsgCFukNWtzwzjTstrSuFBPBtQlNDcRWINWwRqUEymtfOzbMzkqVfXMlEZLXuiUNIHFgzfUqhekRlRIeBrmjBmraYPCaWOmepfqJKczaPDGllJlugveZmVeTBIfxTEyJPuuhOXWiOaighozeMTURVgCMnpKJqPjQQJSOSenRpZttRayUdmmPVkYsJ"
  },
  "model": "person.person",
  "pk": "a1e723ad-bb33-4006-bba1-a3e76416afc5"
},
{
  "fields": {
    "status": "7b9275ab-9a7f-4644-9fa9-d1e9aa0b567f",
    "last_name": "",
    "proxy_start_date": null,
    "locale": null,
    "next_approver": null,
    "locations": [
      "4ce97a2a-1be3-4401-9789-788d5415d833",
      "3b352c75-8be1-4d5f-8557-9eaa8b284a17"
    ],
    "is_staff": false,
    "user_permissions": [],
    "proxy_end_date": null,
    "date_joined": "2015-08-31T21:35:38.123Z",
    "middle_initial": null,
    "first_name": "velit",
    "employee_id": null,
    "auth_amount": "0.0000",
    "title": null,
    "is_superuser": false,
    "last_login": null,
    "password_expire": null,
    "role": "526a388c-e5bb-4fad-af2d-f494bf4a9431",
    "auth_currency": "0b32e42d-9e8d-4e76-8368-2427c9e243a2",
    "username": "velit",
    "deleted": null,
    "password_one_time": null,
    "is_active": true,
    "groups": [
      2
    ],
    "accept_notify": true,
    "password": "qpGGJoQoOtXVHbCuNfXSmiPqxPIDGYHLHXsYGDZUXYuTDQTPEqHVEOeRkXZHyUgrMOMAUPvOstnyjrxZzhSRinHYPgxcoVMAhTwEGcwhUHybGjgMMNdSIOfBoJyVaHIo",
    "proxy_status": null,
    "proxy_user": null,
    "created": "2015-08-31T21:35:38.127Z",
    "modified": "2015-08-31T21:35:38.127Z",
    "email": "",
    "accept_assign": true,
    "password_change": "ybYtPWmTxSxzCzWWtzqzyeyIpchUOYgGjdSwaSntuxQhFeLJdHGalTRYJVEFoOSgZMpCbfNoKOlLSqzadzmkfovTaqcdKxvepykNuOAFybDoMCvcNliNIPFXasBDZAbRrDRLELMOfWGPcsVpQfscjIeRxoHnshoWiwCOQKrRJBmAIflcPNqQiOkUccFaUGiLtNZelRarZPBBhvsjvMXCDCeXMguDSmeoYGqhRlIXnyqtiUoOfWIFOWDTYefUdlIYnuAoZKptDasxFLHxxKQEetBmKhLIRiztvFzliJLbkMQh"
  },
  "model": "person.person",
  "pk": "adb28c0f-5f45-4ef8-8afd-e43fb87b45a6"
},
{
  "fields": {
    "status": "7b9275ab-9a7f-4644-9fa9-d1e9aa0b567f",
    "last_name": "",
    "proxy_start_date": null,
    "locale": null,
    "next_approver": null,
    "locations": [],
    "is_staff": false,
    "user_permissions": [],
    "proxy_end_date": null,
    "date_joined": "2015-08-31T21:35:38.135Z",
    "middle_initial": null,
    "first_name": "nostrud",
    "employee_id": null,
    "auth_amount": "0.0000",
    "title": null,
    "is_superuser": false,
    "last_login": null,
    "password_expire": null,
    "role": "08ca709f-6171-4395-9efb-93810dad5498",
    "auth_currency": "0b32e42d-9e8d-4e76-8368-2427c9e243a2",
    "username": "nostrud",
    "deleted": null,
    "password_one_time": null,
    "is_active": true,
    "groups": [
      5
    ],
    "accept_notify": true,
    "password": "VwvOMiieVSeanZtvHXePvTcmZzmFxpPvcKxreWzqYAQPeMrWlJvcwOQgSSXvgQOgojUDOTWDyRobdjQbygxohOdZoZZQBedTZKXMjsgVWvXDEBfMRstWXPfeCtpBSRhZ",
    "proxy_status": null,
    "proxy_user": null,
    "created": "2015-08-31T21:35:38.138Z",
    "modified": "2015-08-31T21:35:38.138Z",
    "email": "",
    "accept_assign": true,
    "password_change": "szwbncyOXSDLOldGCwoiJExknbEcpmGYaBqFZZfzFioWQLFVCWWakHksHnnNCdPMjrJOaUlJnEqywqyDYeegsVPOKrQwOvpwyKjMTHfPITvDlFqdCMEMpzIrwMQfNekYdgWqaHsyoqSmftMIMricGXQNZvIDtEzEymrPdGWOpIBCCLjNDnJFgBhgBJfZyxJajOTkPepGTMnBGyqSbfhBvkNzLTeSuBrKxAqiVFcsTyNpUzcWVctKMsFKAmQNgvyliZyxgOrdnvKtGhqEjgWrwtFmEvbdTCatUqTtvyVsKOQI"
  },
  "model": "person.person",
  "pk": "c20b2d23-09cd-4c1d-b69b-c802b0aeebef"
},
{
  "fields": {
    "status": "7b9275ab-9a7f-4644-9fa9-d1e9aa0b567f",
    "last_name": "",
    "proxy_start_date": null,
    "locale": null,
    "next_approver": null,
    "locations": [
      "4ce97a2a-1be3-4401-9789-788d5415d833",
      "3b352c75-8be1-4d5f-8557-9eaa8b284a17"
    ],
    "is_staff": false,
    "user_permissions": [],
    "proxy_end_date": null,
    "date_joined": "2015-08-31T21:35:37.962Z",
    "middle_initial": null,
    "first_name": "elit,",
    "employee_id": null,
    "auth_amount": "0.0000",
    "title": null,
    "is_superuser": false,
    "last_login": null,
    "password_expire": null,
    "role": "526a388c-e5bb-4fad-af2d-f494bf4a9431",
    "auth_currency": "0b32e42d-9e8d-4e76-8368-2427c9e243a2",
    "username": "elit,",
    "deleted": null,
    "password_one_time": null,
    "is_active": true,
    "groups": [
      2
    ],
    "accept_notify": true,
    "password": "MpQwPtrWEQnAyxGjxYYgWcpouGbrFSMZuRBzVZeiaPDYZZosKhcVXuOoUDFHQynvXHAkTqsVshUndrXdqkvguXzgvfyonNBdCgiXvbuWexoRrbHVwpOyWzJtDPeYiBbg",
    "proxy_status": null,
    "proxy_user": null,
    "created": "2015-08-31T21:35:37.966Z",
    "modified": "2015-08-31T21:35:37.966Z",
    "email": "",
    "accept_assign": true,
    "password_change": "DSMXKbtDzeMSoshdwXsYQZEIJxPiaBVBxtbZlaqemXpHimiPtzTEwQLrWHHnCnVnwTtKjnYRFkXiJDoRxSTxapMQayVMRLwIsEGSRLhztSftvVJszPAafSBtdJLPhkawkBMBIFBclOdJVDvjjLHSFTCUDXQCVvlQOTLloLIYQwSmrLySHHFpWNvyFqXIPonbCcRWVtCIMblXPuMiLhvBMZCOVbZwUUxvouedOSbEnDEsBRwDLbxdOfhnOHyPQcvcHqSlLQWtqILhZsLgEUgdPEGwIAlLoMPMMngyLSzthkfz"
  },
  "model": "person.person",
  "pk": "d7cb22bf-f40c-43f2-9917-300fd0849825"
},
{
  "fields": {
    "status": "7b9275ab-9a7f-4644-9fa9-d1e9aa0b567f",
    "last_name": "",
    "proxy_start_date": null,
    "locale": null,
    "next_approver": null,
    "locations": [],
    "is_staff": false,
    "user_permissions": [],
    "proxy_end_date": null,
    "date_joined": "2015-08-31T21:35:38.096Z",
    "middle_initial": null,
    "first_name": "laborum.",
    "employee_id": null,
    "auth_amount": "0.0000",
    "title": null,
    "is_superuser": false,
    "last_login": null,
    "password_expire": null,
    "role": "08ca709f-6171-4395-9efb-93810dad5498",
    "auth_currency": "0b32e42d-9e8d-4e76-8368-2427c9e243a2",
    "username": "laborum.",
    "deleted": null,
    "password_one_time": null,
    "is_active": true,
    "groups": [
      5
    ],
    "accept_notify": true,
    "password": "GCVOvfXABDCmYtBOMuWlyrLKinLCTObLROfTEcGzVWYOpQONBjjVRLhicrIjtsnoXkmALbVDkmBvknNDPDYRepohdPwWcSBwKylWvmiPvfaabTDkdSAocyneuStQdYSN",
    "proxy_status": null,
    "proxy_user": null,
    "created": "2015-08-31T21:35:38.100Z",
    "modified": "2015-08-31T21:35:38.100Z",
    "email": "",
    "accept_assign": true,
    "password_change": "MYdxaWgAwIxikvRPpIHAgPNHEkJZXFuPtLCMzIdMXgUgqgSrfwtslwyrEzjkLGHfEnTgZlzuoFxWwbWPaknXYmJjURPbeKhiRZPNUuAZVfnTODZVQBALhNiXUnnPURbfTKhbdBJWflKHPwYoLuRFKetWDQTPQOsUVmXVeLqBpUPzgAuzmuXHGQGXHYpZphGpItDKgVcnFWsjAPkQWMqPKCMjhNdKgvzxInIrpfPlIKdSICkXBzaCbtrarXwgZsQmvBhhPFakuaLPeZXCzWHMiMpSmjFaGmNhxPOroWEKizVb"
  },
  "model": "person.person",
  "pk": "dea48195-de9f-4850-bf54-e89a2320c63c"
},
{
  "fields": {
    "status": "7b9275ab-9a7f-4644-9fa9-d1e9aa0b567f",
    "last_name": "",
    "proxy_start_date": null,
    "locale": null,
    "next_approver": null,
    "locations": [],
    "is_staff": false,
    "user_permissions": [],
    "proxy_end_date": null,
    "date_joined": "2015-08-31T21:35:38.040Z",
    "middle_initial": null,
    "first_name": "ea",
    "employee_id": null,
    "auth_amount": "0.0000",
    "title": null,
    "is_superuser": false,
    "last_login": null,
    "password_expire": null,
    "role": "08ca709f-6171-4395-9efb-93810dad5498",
    "auth_currency": "0b32e42d-9e8d-4e76-8368-2427c9e243a2",
    "username": "ea",
    "deleted": null,
    "password_one_time": null,
    "is_active": true,
    "groups": [
      5
    ],
    "accept_notify": true,
    "password": "VNhVBKiUgfYoxEUWDEmYibrGxPpihgDRhaFhFCbBESmFqcTykOAGibkdVksvKELFCYSxHttVJLhOzWTnvSnNFFwgIeRJmYgTDiAUYtCVlCuQWbfDHjuKEqWwugrTqlLv",
    "proxy_status": null,
    "proxy_user": null,
    "created": "2015-08-31T21:35:38.043Z",
    "modified": "2015-08-31T21:35:38.043Z",
    "email": "",
    "accept_assign": true,
    "password_change": "YrgXFokPMcZZaUBLWPDLwHPzvVKEvwmKAkwhhCHHahDzFDPNOSRjSunQXqfZoSVNXqPLKIJztMXEeWSuGvJjOTjkRyHULOYBdhKVihQUEMtehKeGwTarNSqMICTaMUJAnmABWLYbGpttsDhieiJeBJDDVwTiTLRFuKqabYNKjIQkHkQbYMynEpVPNdPRDkpLwjAdGjTnLKwnXSaTSxjEUihHWPvsOunpYvHzfXCYoUlxQPcVlLjgkAcvsyzhiENmnsAjXMlOvdPUBzgBhCKzAToLBCRNSqekYryDDtuZRLfK"
  },
  "model": "person.person",
  "pk": "fdfbd7b8-4a08-4e19-8eb7-4530b1b8d1c4"
}
]
