[
{
  "fields": {
    "model": "logentry",
    "app_label": "admin"
  },
  "model": "contenttypes.contenttype",
  "pk": 1
},
{
  "fields": {
    "model": "permission",
    "app_label": "auth"
  },
  "model": "contenttypes.contenttype",
  "pk": 2
},
{
  "fields": {
    "model": "group",
    "app_label": "auth"
  },
  "model": "contenttypes.contenttype",
  "pk": 3
},
{
  "fields": {
    "model": "contenttype",
    "app_label": "contenttypes"
  },
  "model": "contenttypes.contenttype",
  "pk": 4
},
{
  "fields": {
    "model": "session",
    "app_label": "sessions"
  },
  "model": "contenttypes.contenttype",
  "pk": 5
},
{
  "fields": {
    "model": "site",
    "app_label": "sites"
  },
  "model": "contenttypes.contenttype",
  "pk": 6
},
{
  "fields": {
    "model": "flatpage",
    "app_label": "flatpages"
  },
  "model": "contenttypes.contenttype",
  "pk": 7
},
{
  "fields": {
    "model": "corsmodel",
    "app_label": "corsheaders"
  },
  "model": "contenttypes.contenttype",
  "pk": 8
},
{
  "fields": {
    "model": "currency",
    "app_label": "accounting"
  },
  "model": "contenttypes.contenttype",
  "pk": 9
},
{
  "fields": {
    "model": "category",
    "app_label": "category"
  },
  "model": "contenttypes.contenttype",
  "pk": 10
},
{
  "fields": {
    "model": "phonenumbertype",
    "app_label": "contact"
  },
  "model": "contenttypes.contenttype",
  "pk": 11
},
{
  "fields": {
    "model": "phonenumber",
    "app_label": "contact"
  },
  "model": "contenttypes.contenttype",
  "pk": 12
},
{
  "fields": {
    "model": "addresstype",
    "app_label": "contact"
  },
  "model": "contenttypes.contenttype",
  "pk": 13
},
{
  "fields": {
    "model": "address",
    "app_label": "contact"
  },
  "model": "contenttypes.contenttype",
  "pk": 14
},
{
  "fields": {
    "model": "emailtype",
    "app_label": "contact"
  },
  "model": "contenttypes.contenttype",
  "pk": 15
},
{
  "fields": {
    "model": "email",
    "app_label": "contact"
  },
  "model": "contenttypes.contenttype",
  "pk": 16
},
{
  "fields": {
    "model": "attachment",
    "app_label": "generic"
  },
  "model": "contenttypes.contenttype",
  "pk": 17
},
{
  "fields": {
    "model": "state",
    "app_label": "location"
  },
  "model": "contenttypes.contenttype",
  "pk": 18
},
{
  "fields": {
    "model": "country",
    "app_label": "location"
  },
  "model": "contenttypes.contenttype",
  "pk": 19
},
{
  "fields": {
    "model": "locationlevel",
    "app_label": "location"
  },
  "model": "contenttypes.contenttype",
  "pk": 20
},
{
  "fields": {
    "model": "locationstatus",
    "app_label": "location"
  },
  "model": "contenttypes.contenttype",
  "pk": 21
},
{
  "fields": {
    "model": "locationtype",
    "app_label": "location"
  },
  "model": "contenttypes.contenttype",
  "pk": 22
},
{
  "fields": {
    "model": "location",
    "app_label": "location"
  },
  "model": "contenttypes.contenttype",
  "pk": 23
},
{
  "fields": {
    "model": "role",
    "app_label": "person"
  },
  "model": "contenttypes.contenttype",
  "pk": 24
},
{
  "fields": {
    "model": "proxyrole",
    "app_label": "person"
  },
  "model": "contenttypes.contenttype",
  "pk": 25
},
{
  "fields": {
    "model": "personstatus",
    "app_label": "person"
  },
  "model": "contenttypes.contenttype",
  "pk": 26
},
{
  "fields": {
    "model": "person",
    "app_label": "person"
  },
  "model": "contenttypes.contenttype",
  "pk": 27
},
{
  "fields": {
    "model": "locale",
    "app_label": "translation"
  },
  "model": "contenttypes.contenttype",
  "pk": 28
},
{
  "fields": {
    "model": "translation",
    "app_label": "translation"
  },
  "model": "contenttypes.contenttype",
  "pk": 29
},
{
  "fields": {
    "model": "tester",
    "app_label": "util"
  },
  "model": "contenttypes.contenttype",
  "pk": 30
},
{
  "fields": {
    "model": "mainsetting",
    "app_label": "util"
  },
  "model": "contenttypes.contenttype",
  "pk": 31
},
{
  "fields": {
    "model": "customsetting",
    "app_label": "util"
  },
  "model": "contenttypes.contenttype",
  "pk": 32
},
{
  "fields": {
    "model": "workorderstatus",
    "app_label": "order"
  },
  "model": "contenttypes.contenttype",
  "pk": 33
},
{
  "fields": {
    "model": "workorder",
    "app_label": "order"
  },
  "model": "contenttypes.contenttype",
  "pk": 34
},
{
  "fields": {
    "domain": "example.com",
    "name": "example.com"
  },
  "model": "sites.site",
  "pk": 1
},
{
  "fields": {
    "code": "USD",
    "name": "US Dollar",
    "created": "2015-09-15T20:17:19.669Z",
    "deleted": null,
    "symbol": "$",
    "modified": "2015-09-15T20:17:19.669Z",
    "symbol_native": "$",
    "decimal_digits": 2,
    "rounding": 0,
    "name_plural": "US Dollars"
  },
  "model": "accounting.currency",
  "pk": "0ad58a71-807f-4b08-8a95-c4e24db68624"
},
{
  "fields": {
    "deleted": null,
    "children": [],
    "modified": "2015-09-15T20:17:19.620Z",
    "name": "department",
    "created": "2015-09-15T20:17:19.620Z"
  },
  "model": "location.locationlevel",
  "pk": "270d1ba8-ba72-4081-ac5c-a778ab2e3143"
},
{
  "fields": {
    "deleted": null,
    "children": [
      "a025da89-a5d4-4e2b-a5f6-7a9bf5eb8ac4"
    ],
    "modified": "2015-09-15T20:17:19.615Z",
    "name": "district",
    "created": "2015-09-15T20:17:19.615Z"
  },
  "model": "location.locationlevel",
  "pk": "2e7a6760-aa33-4cb1-bbe1-048d8974c161"
},
{
  "fields": {
    "deleted": null,
    "children": [
      "270d1ba8-ba72-4081-ac5c-a778ab2e3143"
    ],
    "modified": "2015-09-15T20:17:19.618Z",
    "name": "store",
    "created": "2015-09-15T20:17:19.618Z"
  },
  "model": "location.locationlevel",
  "pk": "a025da89-a5d4-4e2b-a5f6-7a9bf5eb8ac4"
},
{
  "fields": {
    "deleted": null,
    "children": [
      "2e7a6760-aa33-4cb1-bbe1-048d8974c161",
      "ec2fd93b-49c6-4d8f-a72f-57d64091ca88"
    ],
    "modified": "2015-09-15T20:17:19.613Z",
    "name": "region",
    "created": "2015-09-15T20:17:19.613Z"
  },
  "model": "location.locationlevel",
  "pk": "b91f2241-f99d-464c-9c38-ff24d374163f"
},
{
  "fields": {
    "deleted": null,
    "children": [],
    "modified": "2015-09-15T20:17:19.616Z",
    "name": "district_lp",
    "created": "2015-09-15T20:17:19.616Z"
  },
  "model": "location.locationlevel",
  "pk": "ec2fd93b-49c6-4d8f-a72f-57d64091ca88"
},
{
  "fields": {
    "deleted": null,
    "modified": "2015-09-15T20:17:19.633Z",
    "name": "Open",
    "created": "2015-09-15T20:17:19.633Z"
  },
  "model": "location.locationstatus",
  "pk": "602a3454-8b65-45ad-ada5-4a896987835b"
},
{
  "fields": {
    "deleted": null,
    "modified": "2015-09-15T20:17:19.635Z",
    "name": "big_store",
    "created": "2015-09-15T20:17:19.635Z"
  },
  "model": "location.locationtype",
  "pk": "0df2a09e-1e9f-43ce-b780-3d349f19a3e3"
},
{
  "fields": {
    "status": "602a3454-8b65-45ad-ada5-4a896987835b",
    "name": "los_angeles",
    "created": "2015-09-15T20:17:19.653Z",
    "deleted": null,
    "modified": "2015-09-15T20:17:19.653Z",
    "number": "AZbXuZwGri",
    "location_level": "a025da89-a5d4-4e2b-a5f6-7a9bf5eb8ac4",
    "type": "0df2a09e-1e9f-43ce-b780-3d349f19a3e3",
    "children": []
  },
  "model": "location.location",
  "pk": "030ff6eb-ac27-43ff-98f5-bac00cff7090"
},
{
  "fields": {
    "status": "602a3454-8b65-45ad-ada5-4a896987835b",
    "name": "nv",
    "created": "2015-09-15T20:17:19.645Z",
    "deleted": null,
    "modified": "2015-09-15T20:17:19.645Z",
    "number": "fZZGWsRTuJ",
    "location_level": "2e7a6760-aa33-4cb1-bbe1-048d8974c161",
    "type": "0df2a09e-1e9f-43ce-b780-3d349f19a3e3",
    "children": []
  },
  "model": "location.location",
  "pk": "26fa9d7a-493a-483b-9246-e296186e8e3f"
},
{
  "fields": {
    "status": "602a3454-8b65-45ad-ada5-4a896987835b",
    "name": "ca",
    "created": "2015-09-15T20:17:19.642Z",
    "deleted": null,
    "modified": "2015-09-15T20:17:19.642Z",
    "number": "AzhJzrffAl",
    "location_level": "2e7a6760-aa33-4cb1-bbe1-048d8974c161",
    "type": "0df2a09e-1e9f-43ce-b780-3d349f19a3e3",
    "children": [
      "cacfaf0b-ec0b-423e-b515-4596172f7be4",
      "030ff6eb-ac27-43ff-98f5-bac00cff7090"
    ]
  },
  "model": "location.location",
  "pk": "3b2b6428-52bd-4c36-bd2a-5f4c4a86e5de"
},
{
  "fields": {
    "status": "602a3454-8b65-45ad-ada5-4a896987835b",
    "name": "east",
    "created": "2015-09-15T20:17:19.637Z",
    "deleted": null,
    "modified": "2015-09-15T20:17:19.637Z",
    "number": "JtOnIBCBnh",
    "location_level": "b91f2241-f99d-464c-9c38-ff24d374163f",
    "type": "0df2a09e-1e9f-43ce-b780-3d349f19a3e3",
    "children": [
      "3b2b6428-52bd-4c36-bd2a-5f4c4a86e5de",
      "26fa9d7a-493a-483b-9246-e296186e8e3f"
    ]
  },
  "model": "location.location",
  "pk": "9e3fb781-1a88-4cbd-acbf-9cd2eff127f7"
},
{
  "fields": {
    "status": "602a3454-8b65-45ad-ada5-4a896987835b",
    "name": "san_diego",
    "created": "2015-09-15T20:17:19.650Z",
    "deleted": null,
    "modified": "2015-09-15T20:17:19.650Z",
    "number": "bzsxwNFotQ",
    "location_level": "a025da89-a5d4-4e2b-a5f6-7a9bf5eb8ac4",
    "type": "0df2a09e-1e9f-43ce-b780-3d349f19a3e3",
    "children": []
  },
  "model": "location.location",
  "pk": "cacfaf0b-ec0b-423e-b515-4596172f7be4"
},
{
  "fields": {
    "deleted": null,
    "description": "active",
    "modified": "2015-09-15T20:17:19.703Z",
    "name": "",
    "created": "2015-09-15T20:17:19.703Z"
  },
  "model": "person.personstatus",
  "pk": "47d146b0-3b74-41d0-9b76-918f96139088"
},
{
  "fields": {
    "codename": "add_logentry",
    "name": "Can add log entry",
    "content_type": 1
  },
  "model": "auth.permission",
  "pk": 1
},
{
  "fields": {
    "codename": "change_logentry",
    "name": "Can change log entry",
    "content_type": 1
  },
  "model": "auth.permission",
  "pk": 2
},
{
  "fields": {
    "codename": "delete_logentry",
    "name": "Can delete log entry",
    "content_type": 1
  },
  "model": "auth.permission",
  "pk": 3
},
{
  "fields": {
    "codename": "add_permission",
    "name": "Can add permission",
    "content_type": 2
  },
  "model": "auth.permission",
  "pk": 4
},
{
  "fields": {
    "codename": "change_permission",
    "name": "Can change permission",
    "content_type": 2
  },
  "model": "auth.permission",
  "pk": 5
},
{
  "fields": {
    "codename": "delete_permission",
    "name": "Can delete permission",
    "content_type": 2
  },
  "model": "auth.permission",
  "pk": 6
},
{
  "fields": {
    "codename": "add_group",
    "name": "Can add group",
    "content_type": 3
  },
  "model": "auth.permission",
  "pk": 7
},
{
  "fields": {
    "codename": "change_group",
    "name": "Can change group",
    "content_type": 3
  },
  "model": "auth.permission",
  "pk": 8
},
{
  "fields": {
    "codename": "delete_group",
    "name": "Can delete group",
    "content_type": 3
  },
  "model": "auth.permission",
  "pk": 9
},
{
  "fields": {
    "codename": "add_contenttype",
    "name": "Can add content type",
    "content_type": 4
  },
  "model": "auth.permission",
  "pk": 10
},
{
  "fields": {
    "codename": "change_contenttype",
    "name": "Can change content type",
    "content_type": 4
  },
  "model": "auth.permission",
  "pk": 11
},
{
  "fields": {
    "codename": "delete_contenttype",
    "name": "Can delete content type",
    "content_type": 4
  },
  "model": "auth.permission",
  "pk": 12
},
{
  "fields": {
    "codename": "add_session",
    "name": "Can add session",
    "content_type": 5
  },
  "model": "auth.permission",
  "pk": 13
},
{
  "fields": {
    "codename": "change_session",
    "name": "Can change session",
    "content_type": 5
  },
  "model": "auth.permission",
  "pk": 14
},
{
  "fields": {
    "codename": "delete_session",
    "name": "Can delete session",
    "content_type": 5
  },
  "model": "auth.permission",
  "pk": 15
},
{
  "fields": {
    "codename": "add_site",
    "name": "Can add site",
    "content_type": 6
  },
  "model": "auth.permission",
  "pk": 16
},
{
  "fields": {
    "codename": "change_site",
    "name": "Can change site",
    "content_type": 6
  },
  "model": "auth.permission",
  "pk": 17
},
{
  "fields": {
    "codename": "delete_site",
    "name": "Can delete site",
    "content_type": 6
  },
  "model": "auth.permission",
  "pk": 18
},
{
  "fields": {
    "codename": "add_flatpage",
    "name": "Can add flat page",
    "content_type": 7
  },
  "model": "auth.permission",
  "pk": 19
},
{
  "fields": {
    "codename": "change_flatpage",
    "name": "Can change flat page",
    "content_type": 7
  },
  "model": "auth.permission",
  "pk": 20
},
{
  "fields": {
    "codename": "delete_flatpage",
    "name": "Can delete flat page",
    "content_type": 7
  },
  "model": "auth.permission",
  "pk": 21
},
{
  "fields": {
    "codename": "add_corsmodel",
    "name": "Can add cors model",
    "content_type": 8
  },
  "model": "auth.permission",
  "pk": 22
},
{
  "fields": {
    "codename": "change_corsmodel",
    "name": "Can change cors model",
    "content_type": 8
  },
  "model": "auth.permission",
  "pk": 23
},
{
  "fields": {
    "codename": "delete_corsmodel",
    "name": "Can delete cors model",
    "content_type": 8
  },
  "model": "auth.permission",
  "pk": 24
},
{
  "fields": {
    "codename": "add_currency",
    "name": "Can add currency",
    "content_type": 9
  },
  "model": "auth.permission",
  "pk": 25
},
{
  "fields": {
    "codename": "change_currency",
    "name": "Can change currency",
    "content_type": 9
  },
  "model": "auth.permission",
  "pk": 26
},
{
  "fields": {
    "codename": "delete_currency",
    "name": "Can delete currency",
    "content_type": 9
  },
  "model": "auth.permission",
  "pk": 27
},
{
  "fields": {
    "codename": "add_category",
    "name": "Can add category",
    "content_type": 10
  },
  "model": "auth.permission",
  "pk": 28
},
{
  "fields": {
    "codename": "change_category",
    "name": "Can change category",
    "content_type": 10
  },
  "model": "auth.permission",
  "pk": 29
},
{
  "fields": {
    "codename": "delete_category",
    "name": "Can delete category",
    "content_type": 10
  },
  "model": "auth.permission",
  "pk": 30
},
{
  "fields": {
    "codename": "add_phonenumbertype",
    "name": "Can add phone number type",
    "content_type": 11
  },
  "model": "auth.permission",
  "pk": 31
},
{
  "fields": {
    "codename": "change_phonenumbertype",
    "name": "Can change phone number type",
    "content_type": 11
  },
  "model": "auth.permission",
  "pk": 32
},
{
  "fields": {
    "codename": "delete_phonenumbertype",
    "name": "Can delete phone number type",
    "content_type": 11
  },
  "model": "auth.permission",
  "pk": 33
},
{
  "fields": {
    "codename": "add_phonenumber",
    "name": "Can add phone number",
    "content_type": 12
  },
  "model": "auth.permission",
  "pk": 34
},
{
  "fields": {
    "codename": "change_phonenumber",
    "name": "Can change phone number",
    "content_type": 12
  },
  "model": "auth.permission",
  "pk": 35
},
{
  "fields": {
    "codename": "delete_phonenumber",
    "name": "Can delete phone number",
    "content_type": 12
  },
  "model": "auth.permission",
  "pk": 36
},
{
  "fields": {
    "codename": "add_addresstype",
    "name": "Can add address type",
    "content_type": 13
  },
  "model": "auth.permission",
  "pk": 37
},
{
  "fields": {
    "codename": "change_addresstype",
    "name": "Can change address type",
    "content_type": 13
  },
  "model": "auth.permission",
  "pk": 38
},
{
  "fields": {
    "codename": "delete_addresstype",
    "name": "Can delete address type",
    "content_type": 13
  },
  "model": "auth.permission",
  "pk": 39
},
{
  "fields": {
    "codename": "add_address",
    "name": "Can add address",
    "content_type": 14
  },
  "model": "auth.permission",
  "pk": 40
},
{
  "fields": {
    "codename": "change_address",
    "name": "Can change address",
    "content_type": 14
  },
  "model": "auth.permission",
  "pk": 41
},
{
  "fields": {
    "codename": "delete_address",
    "name": "Can delete address",
    "content_type": 14
  },
  "model": "auth.permission",
  "pk": 42
},
{
  "fields": {
    "codename": "add_emailtype",
    "name": "Can add email type",
    "content_type": 15
  },
  "model": "auth.permission",
  "pk": 43
},
{
  "fields": {
    "codename": "change_emailtype",
    "name": "Can change email type",
    "content_type": 15
  },
  "model": "auth.permission",
  "pk": 44
},
{
  "fields": {
    "codename": "delete_emailtype",
    "name": "Can delete email type",
    "content_type": 15
  },
  "model": "auth.permission",
  "pk": 45
},
{
  "fields": {
    "codename": "add_email",
    "name": "Can add email",
    "content_type": 16
  },
  "model": "auth.permission",
  "pk": 46
},
{
  "fields": {
    "codename": "change_email",
    "name": "Can change email",
    "content_type": 16
  },
  "model": "auth.permission",
  "pk": 47
},
{
  "fields": {
    "codename": "delete_email",
    "name": "Can delete email",
    "content_type": 16
  },
  "model": "auth.permission",
  "pk": 48
},
{
  "fields": {
    "codename": "add_attachment",
    "name": "Can add attachment",
    "content_type": 17
  },
  "model": "auth.permission",
  "pk": 49
},
{
  "fields": {
    "codename": "change_attachment",
    "name": "Can change attachment",
    "content_type": 17
  },
  "model": "auth.permission",
  "pk": 50
},
{
  "fields": {
    "codename": "delete_attachment",
    "name": "Can delete attachment",
    "content_type": 17
  },
  "model": "auth.permission",
  "pk": 51
},
{
  "fields": {
    "codename": "add_state",
    "name": "Can add state",
    "content_type": 18
  },
  "model": "auth.permission",
  "pk": 52
},
{
  "fields": {
    "codename": "change_state",
    "name": "Can change state",
    "content_type": 18
  },
  "model": "auth.permission",
  "pk": 53
},
{
  "fields": {
    "codename": "delete_state",
    "name": "Can delete state",
    "content_type": 18
  },
  "model": "auth.permission",
  "pk": 54
},
{
  "fields": {
    "codename": "add_country",
    "name": "Can add country",
    "content_type": 19
  },
  "model": "auth.permission",
  "pk": 55
},
{
  "fields": {
    "codename": "change_country",
    "name": "Can change country",
    "content_type": 19
  },
  "model": "auth.permission",
  "pk": 56
},
{
  "fields": {
    "codename": "delete_country",
    "name": "Can delete country",
    "content_type": 19
  },
  "model": "auth.permission",
  "pk": 57
},
{
  "fields": {
    "codename": "add_locationlevel",
    "name": "Can add location level",
    "content_type": 20
  },
  "model": "auth.permission",
  "pk": 58
},
{
  "fields": {
    "codename": "change_locationlevel",
    "name": "Can change location level",
    "content_type": 20
  },
  "model": "auth.permission",
  "pk": 59
},
{
  "fields": {
    "codename": "delete_locationlevel",
    "name": "Can delete location level",
    "content_type": 20
  },
  "model": "auth.permission",
  "pk": 60
},
{
  "fields": {
    "codename": "add_locationstatus",
    "name": "Can add location status",
    "content_type": 21
  },
  "model": "auth.permission",
  "pk": 61
},
{
  "fields": {
    "codename": "change_locationstatus",
    "name": "Can change location status",
    "content_type": 21
  },
  "model": "auth.permission",
  "pk": 62
},
{
  "fields": {
    "codename": "delete_locationstatus",
    "name": "Can delete location status",
    "content_type": 21
  },
  "model": "auth.permission",
  "pk": 63
},
{
  "fields": {
    "codename": "add_locationtype",
    "name": "Can add location type",
    "content_type": 22
  },
  "model": "auth.permission",
  "pk": 64
},
{
  "fields": {
    "codename": "change_locationtype",
    "name": "Can change location type",
    "content_type": 22
  },
  "model": "auth.permission",
  "pk": 65
},
{
  "fields": {
    "codename": "delete_locationtype",
    "name": "Can delete location type",
    "content_type": 22
  },
  "model": "auth.permission",
  "pk": 66
},
{
  "fields": {
    "codename": "add_location",
    "name": "Can add location",
    "content_type": 23
  },
  "model": "auth.permission",
  "pk": 67
},
{
  "fields": {
    "codename": "change_location",
    "name": "Can change location",
    "content_type": 23
  },
  "model": "auth.permission",
  "pk": 68
},
{
  "fields": {
    "codename": "delete_location",
    "name": "Can delete location",
    "content_type": 23
  },
  "model": "auth.permission",
  "pk": 69
},
{
  "fields": {
    "codename": "add_role",
    "name": "Can add role",
    "content_type": 24
  },
  "model": "auth.permission",
  "pk": 70
},
{
  "fields": {
    "codename": "change_role",
    "name": "Can change role",
    "content_type": 24
  },
  "model": "auth.permission",
  "pk": 71
},
{
  "fields": {
    "codename": "delete_role",
    "name": "Can delete role",
    "content_type": 24
  },
  "model": "auth.permission",
  "pk": 72
},
{
  "fields": {
    "codename": "add_proxyrole",
    "name": "Can add proxy role",
    "content_type": 25
  },
  "model": "auth.permission",
  "pk": 73
},
{
  "fields": {
    "codename": "change_proxyrole",
    "name": "Can change proxy role",
    "content_type": 25
  },
  "model": "auth.permission",
  "pk": 74
},
{
  "fields": {
    "codename": "delete_proxyrole",
    "name": "Can delete proxy role",
    "content_type": 25
  },
  "model": "auth.permission",
  "pk": 75
},
{
  "fields": {
    "codename": "add_personstatus",
    "name": "Can add person status",
    "content_type": 26
  },
  "model": "auth.permission",
  "pk": 76
},
{
  "fields": {
    "codename": "change_personstatus",
    "name": "Can change person status",
    "content_type": 26
  },
  "model": "auth.permission",
  "pk": 77
},
{
  "fields": {
    "codename": "delete_personstatus",
    "name": "Can delete person status",
    "content_type": 26
  },
  "model": "auth.permission",
  "pk": 78
},
{
  "fields": {
    "codename": "add_person",
    "name": "Can add person",
    "content_type": 27
  },
  "model": "auth.permission",
  "pk": 79
},
{
  "fields": {
    "codename": "change_person",
    "name": "Can change person",
    "content_type": 27
  },
  "model": "auth.permission",
  "pk": 80
},
{
  "fields": {
    "codename": "delete_person",
    "name": "Can delete person",
    "content_type": 27
  },
  "model": "auth.permission",
  "pk": 81
},
{
  "fields": {
    "codename": "add_locale",
    "name": "Can add locale",
    "content_type": 28
  },
  "model": "auth.permission",
  "pk": 82
},
{
  "fields": {
    "codename": "change_locale",
    "name": "Can change locale",
    "content_type": 28
  },
  "model": "auth.permission",
  "pk": 83
},
{
  "fields": {
    "codename": "delete_locale",
    "name": "Can delete locale",
    "content_type": 28
  },
  "model": "auth.permission",
  "pk": 84
},
{
  "fields": {
    "codename": "add_translation",
    "name": "Can add translation",
    "content_type": 29
  },
  "model": "auth.permission",
  "pk": 85
},
{
  "fields": {
    "codename": "change_translation",
    "name": "Can change translation",
    "content_type": 29
  },
  "model": "auth.permission",
  "pk": 86
},
{
  "fields": {
    "codename": "delete_translation",
    "name": "Can delete translation",
    "content_type": 29
  },
  "model": "auth.permission",
  "pk": 87
},
{
  "fields": {
    "codename": "add_tester",
    "name": "Can add tester",
    "content_type": 30
  },
  "model": "auth.permission",
  "pk": 88
},
{
  "fields": {
    "codename": "change_tester",
    "name": "Can change tester",
    "content_type": 30
  },
  "model": "auth.permission",
  "pk": 89
},
{
  "fields": {
    "codename": "delete_tester",
    "name": "Can delete tester",
    "content_type": 30
  },
  "model": "auth.permission",
  "pk": 90
},
{
  "fields": {
    "codename": "add_mainsetting",
    "name": "Can add main setting",
    "content_type": 31
  },
  "model": "auth.permission",
  "pk": 91
},
{
  "fields": {
    "codename": "change_mainsetting",
    "name": "Can change main setting",
    "content_type": 31
  },
  "model": "auth.permission",
  "pk": 92
},
{
  "fields": {
    "codename": "delete_mainsetting",
    "name": "Can delete main setting",
    "content_type": 31
  },
  "model": "auth.permission",
  "pk": 93
},
{
  "fields": {
    "codename": "add_customsetting",
    "name": "Can add custom setting",
    "content_type": 32
  },
  "model": "auth.permission",
  "pk": 94
},
{
  "fields": {
    "codename": "change_customsetting",
    "name": "Can change custom setting",
    "content_type": 32
  },
  "model": "auth.permission",
  "pk": 95
},
{
  "fields": {
    "codename": "delete_customsetting",
    "name": "Can delete custom setting",
    "content_type": 32
  },
  "model": "auth.permission",
  "pk": 96
},
{
  "fields": {
    "codename": "add_workorderstatus",
    "name": "Can add work order status",
    "content_type": 33
  },
  "model": "auth.permission",
  "pk": 97
},
{
  "fields": {
    "codename": "change_workorderstatus",
    "name": "Can change work order status",
    "content_type": 33
  },
  "model": "auth.permission",
  "pk": 98
},
{
  "fields": {
    "codename": "delete_workorderstatus",
    "name": "Can delete work order status",
    "content_type": 33
  },
  "model": "auth.permission",
  "pk": 99
},
{
  "fields": {
    "codename": "add_workorder",
    "name": "Can add work order",
    "content_type": 34
  },
  "model": "auth.permission",
  "pk": 100
},
{
  "fields": {
    "codename": "change_workorder",
    "name": "Can change work order",
    "content_type": 34
  },
  "model": "auth.permission",
  "pk": 101
},
{
  "fields": {
    "codename": "delete_workorder",
    "name": "Can delete work order",
    "content_type": 34
  },
  "model": "auth.permission",
  "pk": 102
},
{
  "fields": {
    "name": "region-role",
    "permissions": []
  },
  "model": "auth.group",
  "pk": 1
},
{
  "fields": {
    "name": "district-role",
    "permissions": []
  },
  "model": "auth.group",
  "pk": 2
},
{
  "fields": {
    "name": "district_lp-role",
    "permissions": []
  },
  "model": "auth.group",
  "pk": 3
},
{
  "fields": {
    "name": "store-role",
    "permissions": []
  },
  "model": "auth.group",
  "pk": 4
},
{
  "fields": {
    "name": "department-role",
    "permissions": []
  },
  "model": "auth.group",
  "pk": 5
},
{
  "fields": {
    "password_digit_required": false,
    "msg_stored_link": false,
    "msg_copy_default": false,
    "tabs": "",
    "msg_copy_email": false,
    "password_lower_char_required": false,
    "create_all": false,
    "allow_approval": false,
    "msg_viewall": false,
    "inv_select_assign": "all",
    "inv_autoapprove": false,
    "password_special_char_required": false,
    "dashboad_links": "",
    "proxy_set": false,
    "password_expire_alert": true,
    "password_min_length": 6,
    "group": 3,
    "default_accept_notify": true,
    "password_history_length": "[]",
    "inv_wo_status": null,
    "proxy_approval_bypass": false,
    "password_char_types": "AYoNQnYmkACLiSEsfyBIDwGUTsYxklMNDAEPlSFfTzgPzRLlqezEtWAEmoSDOSyFODEWrhyQRRwWeEsYtxdTeUcRaVmddhLwjdiu",
    "dashboad_text": "",
    "password_expire": 90,
    "inv_max_approval_currency": "usd",
    "wo_show_tkt_attach": false,
    "wo_show_inactive": false,
    "deleted": null,
    "msg_address": false,
    "wo_days_backdate": null,
    "password_expired_login_count": null,
    "inv_max_approval_amount": 0,
    "default_accept_assign": true,
    "location_level": "ec2fd93b-49c6-4d8f-a72f-57d64091ca88",
    "accept_notify": false,
    "password_can_change": true,
    "role_type": "Internal",
    "inv_close_wo": "Do not display",
    "name": "district_lp-role",
    "created": "2015-09-15T20:17:19.685Z",
    "wo_edit_closeout": false,
    "password_upper_char_required": false,
    "modules": "",
    "modified": "2015-09-15T20:17:19.685Z",
    "inv_req_attach": true,
    "wo_allow_backdate": false,
    "default_auth_currency": "0ad58a71-807f-4b08-8a95-c4e24db68624",
    "default_auth_amount": "0.0000",
    "inv_wait": null,
    "wo_notes": false,
    "accept_assign": false,
    "inv_options": "new"
  },
  "model": "person.role",
  "pk": "1c15906d-5d32-401a-8422-1e06a2fecaec"
},
{
  "fields": {
    "password_digit_required": false,
    "msg_stored_link": false,
    "msg_copy_default": false,
    "tabs": "",
    "msg_copy_email": false,
    "password_lower_char_required": false,
    "create_all": false,
    "allow_approval": false,
    "msg_viewall": false,
    "inv_select_assign": "all",
    "inv_autoapprove": false,
    "password_special_char_required": false,
    "dashboad_links": "",
    "proxy_set": false,
    "password_expire_alert": true,
    "password_min_length": 6,
    "group": 1,
    "default_accept_notify": true,
    "password_history_length": "[]",
    "inv_wo_status": null,
    "proxy_approval_bypass": false,
    "password_char_types": "cbckMDukwfPufHyparnjCfZjuxSKDQaLiKEsNcDaxTJapftoltPraxipvOgygbnVkHUyCarByBGJPkZkKEehlgACVxZBwywXdCND",
    "dashboad_text": "",
    "password_expire": 90,
    "inv_max_approval_currency": "usd",
    "wo_show_tkt_attach": false,
    "wo_show_inactive": false,
    "deleted": null,
    "msg_address": false,
    "wo_days_backdate": null,
    "password_expired_login_count": null,
    "inv_max_approval_amount": 0,
    "default_accept_assign": true,
    "location_level": "b91f2241-f99d-464c-9c38-ff24d374163f",
    "accept_notify": false,
    "password_can_change": true,
    "role_type": "Internal",
    "inv_close_wo": "Do not display",
    "name": "region-role",
    "created": "2015-09-15T20:17:19.672Z",
    "wo_edit_closeout": false,
    "password_upper_char_required": false,
    "modules": "",
    "modified": "2015-09-15T20:17:19.672Z",
    "inv_req_attach": true,
    "wo_allow_backdate": false,
    "default_auth_currency": "0ad58a71-807f-4b08-8a95-c4e24db68624",
    "default_auth_amount": "0.0000",
    "inv_wait": null,
    "wo_notes": false,
    "accept_assign": false,
    "inv_options": "new"
  },
  "model": "person.role",
  "pk": "4b70ae18-9459-4921-a321-2d6a7c35c447"
},
{
  "fields": {
    "password_digit_required": false,
    "msg_stored_link": false,
    "msg_copy_default": false,
    "tabs": "",
    "msg_copy_email": false,
    "password_lower_char_required": false,
    "create_all": false,
    "allow_approval": false,
    "msg_viewall": false,
    "inv_select_assign": "all",
    "inv_autoapprove": false,
    "password_special_char_required": false,
    "dashboad_links": "",
    "proxy_set": false,
    "password_expire_alert": true,
    "password_min_length": 6,
    "group": 5,
    "default_accept_notify": true,
    "password_history_length": "[]",
    "inv_wo_status": null,
    "proxy_approval_bypass": false,
    "password_char_types": "ZKeuDyQeSqRWzZFfSptuHOOiTDCvTWJbNfuOttBLbDWtyuVwrZWznjlqFFIofmVdBbxzOITZxExuUkJPZZDDVYAntJOoVEUjYZCN",
    "dashboad_text": "",
    "password_expire": 90,
    "inv_max_approval_currency": "usd",
    "wo_show_tkt_attach": false,
    "wo_show_inactive": false,
    "deleted": null,
    "msg_address": false,
    "wo_days_backdate": null,
    "password_expired_login_count": null,
    "inv_max_approval_amount": 0,
    "default_accept_assign": true,
    "location_level": "270d1ba8-ba72-4081-ac5c-a778ab2e3143",
    "accept_notify": false,
    "password_can_change": true,
    "role_type": "Internal",
    "inv_close_wo": "Do not display",
    "name": "department-role",
    "created": "2015-09-15T20:17:19.696Z",
    "wo_edit_closeout": false,
    "password_upper_char_required": false,
    "modules": "",
    "modified": "2015-09-15T20:17:19.696Z",
    "inv_req_attach": true,
    "wo_allow_backdate": false,
    "default_auth_currency": "0ad58a71-807f-4b08-8a95-c4e24db68624",
    "default_auth_amount": "0.0000",
    "inv_wait": null,
    "wo_notes": false,
    "accept_assign": false,
    "inv_options": "new"
  },
  "model": "person.role",
  "pk": "74792187-b22a-423e-84b9-41c48c93fe29"
},
{
  "fields": {
    "password_digit_required": false,
    "msg_stored_link": false,
    "msg_copy_default": false,
    "tabs": "",
    "msg_copy_email": false,
    "password_lower_char_required": false,
    "create_all": false,
    "allow_approval": false,
    "msg_viewall": false,
    "inv_select_assign": "all",
    "inv_autoapprove": false,
    "password_special_char_required": false,
    "dashboad_links": "",
    "proxy_set": false,
    "password_expire_alert": true,
    "password_min_length": 6,
    "group": 4,
    "default_accept_notify": true,
    "password_history_length": "[]",
    "inv_wo_status": null,
    "proxy_approval_bypass": false,
    "password_char_types": "cZKElCZkIpwkdNYPxQAJbIgVtVQGZfbHhMTHinaEsjZXmRhKxRqhbaiCbkxryqAVbAqwoLxwaBLezlneWBUoInnsqOiiniGbgUhW",
    "dashboad_text": "",
    "password_expire": 90,
    "inv_max_approval_currency": "usd",
    "wo_show_tkt_attach": false,
    "wo_show_inactive": false,
    "deleted": null,
    "msg_address": false,
    "wo_days_backdate": null,
    "password_expired_login_count": null,
    "inv_max_approval_amount": 0,
    "default_accept_assign": true,
    "location_level": "a025da89-a5d4-4e2b-a5f6-7a9bf5eb8ac4",
    "accept_notify": false,
    "password_can_change": true,
    "role_type": "Internal",
    "inv_close_wo": "Do not display",
    "name": "store-role",
    "created": "2015-09-15T20:17:19.691Z",
    "wo_edit_closeout": false,
    "password_upper_char_required": false,
    "modules": "",
    "modified": "2015-09-15T20:17:19.691Z",
    "inv_req_attach": true,
    "wo_allow_backdate": false,
    "default_auth_currency": "0ad58a71-807f-4b08-8a95-c4e24db68624",
    "default_auth_amount": "0.0000",
    "inv_wait": null,
    "wo_notes": false,
    "accept_assign": false,
    "inv_options": "new"
  },
  "model": "person.role",
  "pk": "852c720a-28c9-463f-9f1a-beaa2847c11d"
},
{
  "fields": {
    "password_digit_required": false,
    "msg_stored_link": false,
    "msg_copy_default": false,
    "tabs": "",
    "msg_copy_email": false,
    "password_lower_char_required": false,
    "create_all": false,
    "allow_approval": false,
    "msg_viewall": false,
    "inv_select_assign": "all",
    "inv_autoapprove": false,
    "password_special_char_required": false,
    "dashboad_links": "",
    "proxy_set": false,
    "password_expire_alert": true,
    "password_min_length": 6,
    "group": 2,
    "default_accept_notify": true,
    "password_history_length": "[]",
    "inv_wo_status": null,
    "proxy_approval_bypass": false,
    "password_char_types": "IZvIXhQpbkLbpGQhuoLarhttAfVMSaNuPrlHyqSDxsCGQvPdQEBkDRHnzXYWeEKyqMdhdQKYzwkHNYZvUpvFkpDDJSjGkgpWlJbp",
    "dashboad_text": "",
    "password_expire": 90,
    "inv_max_approval_currency": "usd",
    "wo_show_tkt_attach": false,
    "wo_show_inactive": false,
    "deleted": null,
    "msg_address": false,
    "wo_days_backdate": null,
    "password_expired_login_count": null,
    "inv_max_approval_amount": 0,
    "default_accept_assign": true,
    "location_level": "2e7a6760-aa33-4cb1-bbe1-048d8974c161",
    "accept_notify": false,
    "password_can_change": true,
    "role_type": "Internal",
    "inv_close_wo": "Do not display",
    "name": "district-role",
    "created": "2015-09-15T20:17:19.679Z",
    "wo_edit_closeout": false,
    "password_upper_char_required": false,
    "modules": "",
    "modified": "2015-09-15T20:17:19.679Z",
    "inv_req_attach": true,
    "wo_allow_backdate": false,
    "default_auth_currency": "0ad58a71-807f-4b08-8a95-c4e24db68624",
    "default_auth_amount": "0.0000",
    "inv_wait": null,
    "wo_notes": false,
    "accept_assign": false,
    "inv_options": "new"
  },
  "model": "person.role",
  "pk": "af087db3-f7c8-42e7-9206-a4d434c9b4aa"
},
{
  "fields": {
    "status": "47d146b0-3b74-41d0-9b76-918f96139088",
    "last_name": "enim",
    "proxy_start_date": null,
    "locale": null,
    "next_approver": null,
    "locations": [],
    "is_staff": false,
    "user_permissions": [],
    "proxy_end_date": null,
    "date_joined": "2015-09-15T20:17:20.000Z",
    "middle_initial": null,
    "first_name": "nostrud",
    "employee_id": null,
    "auth_amount": "0.0000",
    "title": "et",
    "password_expire_date": "2015-12-14",
    "password_length": null,
    "is_superuser": false,
    "last_login": null,
    "role": "74792187-b22a-423e-84b9-41c48c93fe29",
    "auth_currency": "0ad58a71-807f-4b08-8a95-c4e24db68624",
    "username": "laboris",
    "deleted": null,
    "password_one_time": null,
    "is_active": true,
    "groups": [
      5
    ],
    "accept_notify": true,
    "password": "pbkdf2_sha256$20000$KoTRNSr6CiEg$GXwD8562BgiOfETqYpKJIrDNhgZMogqySBLaZIlFD1o=",
    "proxy_status": null,
    "proxy_user": null,
    "created": "2015-09-15T20:17:20.004Z",
    "modified": "2015-09-15T20:17:20.086Z",
    "email": "",
    "accept_assign": true,
    "fullname": "nostrud enim",
    "password_change": "ZcPokcAzOfSJwZimMoAGChjwycomSqVFrGaqxlAKfUgmNooxriHsfZhjDdIClBZcOQiwZTYMoNNmAGZufxtFhLbpabajKnfOfVhDaznnWiVcaiNgkgMxcvoIEYkCDLjmdYwBXBIybhRbddxMZmkQvYaJoRilvbAQpNZxBEMexzSYtgTibqJdviWHgPPoQErfVOIrWbyspvvABIdUsUzruLzpFYwfyorOosWmpJixpHArEUZnjTEQRgFbGtmEqeJIMCxrLvwsMGVQgNoMupzLdlJZBWbDHjEiJLQHXznuoOlf"
  },
  "model": "person.person",
  "pk": "15bb2079-5657-4a63-ae55-e199e96d2618"
},
{
  "fields": {
    "status": "47d146b0-3b74-41d0-9b76-918f96139088",
    "last_name": "nisi",
    "proxy_start_date": null,
    "locale": null,
    "next_approver": null,
    "locations": [],
    "is_staff": false,
    "user_permissions": [],
    "proxy_end_date": null,
    "date_joined": "2015-09-15T20:17:21.806Z",
    "middle_initial": null,
    "first_name": "aute",
    "employee_id": null,
    "auth_amount": "0.0000",
    "title": "in",
    "password_expire_date": "2015-12-14",
    "password_length": null,
    "is_superuser": false,
    "last_login": null,
    "role": "1c15906d-5d32-401a-8422-1e06a2fecaec",
    "auth_currency": "0ad58a71-807f-4b08-8a95-c4e24db68624",
    "username": "sunt",
    "deleted": null,
    "password_one_time": null,
    "is_active": true,
    "groups": [
      3
    ],
    "accept_notify": true,
    "password": "pbkdf2_sha256$20000$WEzizL0wD3rC$QBd6yXh/yNVo+bZsrhXUHLa3S73pl2JaKc91yQ90las=",
    "proxy_status": null,
    "proxy_user": null,
    "created": "2015-09-15T20:17:21.810Z",
    "modified": "2015-09-15T20:17:21.895Z",
    "email": "",
    "accept_assign": true,
    "fullname": "aute nisi",
    "password_change": "ltsSfbNzzRjWjKsYNItSXykEcWgXnitMapGouRuJqvdYdZKGwcHAHRQGVhnTXkIdykltqSYxgKAVTKwxOKOIpjRItaAqnSrhdVhQrermFezZjYtDoFtzIQFDXkbEppulbhXoziznMqyyTYzfMQPorNYloNARDmVtUjRTkeJYlfhxZvnlDqpOEZzbjjvLUYdbflDQRVgGVAuRfGOsnWLbZVjfwqTSckgntYBNdxmdlJnBmCSAWrTRBAjAlFyBSRZWquizaBJasOZfExGrnfDQymYRCpnWehPzcwdUfThKrLRk"
  },
  "model": "person.person",
  "pk": "1a835aa6-8369-4767-bd87-95d745544526"
},
{
  "fields": {
    "status": "47d146b0-3b74-41d0-9b76-918f96139088",
    "last_name": "Ut",
    "proxy_start_date": null,
    "locale": null,
    "next_approver": null,
    "locations": [],
    "is_staff": false,
    "user_permissions": [],
    "proxy_end_date": null,
    "date_joined": "2015-09-15T20:17:21.201Z",
    "middle_initial": null,
    "first_name": "et",
    "employee_id": null,
    "auth_amount": "0.0000",
    "title": "sed",
    "password_expire_date": "2015-12-14",
    "password_length": null,
    "is_superuser": false,
    "last_login": null,
    "role": "1c15906d-5d32-401a-8422-1e06a2fecaec",
    "auth_currency": "0ad58a71-807f-4b08-8a95-c4e24db68624",
    "username": "reprehenderit",
    "deleted": null,
    "password_one_time": null,
    "is_active": true,
    "groups": [
      3
    ],
    "accept_notify": true,
    "password": "pbkdf2_sha256$20000$dzKU31sXcyLm$cgHwq05xLZTSPz4g1ooFCOsVHw9YmRz8be1Q7BCkCdo=",
    "proxy_status": null,
    "proxy_user": null,
    "created": "2015-09-15T20:17:21.205Z",
    "modified": "2015-09-15T20:17:21.287Z",
    "email": "",
    "accept_assign": true,
    "fullname": "et Ut",
    "password_change": "rKEQCULWXJgoWgXbkHwsfbVPYLfBcGjeiopmJexEQUAhrqOOamDOwocqrYhdKFwYdaHhBiYSvCurXDSTtOObJtPhskEBCdSETAQobEBEKKzBswKWkuqERKrVUfXQunfLHGMWeIQEYeLbZYLulQBMJbcTITLgKZmCXSpMAEWcEOGuYkpvOkPpoGDFIWaWCInuGyTDogPrckjKgOdopBiuISAeulqqFBpLnBfboJeBOxPNEMEXJLjhRNqYWNdPbRnFoujYmSpHLhRoOKStOoQOTzZHcTOPmdkfYLcvhLGWKRvZ"
  },
  "model": "person.person",
  "pk": "1ababc63-c955-43a2-8729-a8fe3341e115"
},
{
  "fields": {
    "status": "47d146b0-3b74-41d0-9b76-918f96139088",
    "last_name": "Excepteur",
    "proxy_start_date": null,
    "locale": null,
    "next_approver": null,
    "locations": [
      "9e3fb781-1a88-4cbd-acbf-9cd2eff127f7"
    ],
    "is_staff": false,
    "user_permissions": [],
    "proxy_end_date": null,
    "date_joined": "2015-09-15T20:17:20.808Z",
    "middle_initial": null,
    "first_name": "et",
    "employee_id": null,
    "auth_amount": "0.0000",
    "title": "ut",
    "password_expire_date": "2015-12-14",
    "password_length": null,
    "is_superuser": false,
    "last_login": null,
    "role": "4b70ae18-9459-4921-a321-2d6a7c35c447",
    "auth_currency": "0ad58a71-807f-4b08-8a95-c4e24db68624",
    "username": "dolore",
    "deleted": null,
    "password_one_time": null,
    "is_active": true,
    "groups": [
      1
    ],
    "accept_notify": true,
    "password": "pbkdf2_sha256$20000$HUYBNRn0Zc3R$4zHSoUDH+dvioYAuIL3yVoh9qKTZaSDdtkrY5Cb7HCs=",
    "proxy_status": null,
    "proxy_user": null,
    "created": "2015-09-15T20:17:20.812Z",
    "modified": "2015-09-15T20:17:20.897Z",
    "email": "",
    "accept_assign": true,
    "fullname": "et Excepteur",
    "password_change": "AoNflfsHYzzzNVGhHAkxtxHiPkesMgmBOwgKeLdGnLLUZeRGOyliRBMnErpkADXHVThHCqYywfFqqanAqrLJkJmBWwcuBnXVzlMjyfRIeTtOYmZgWlutTzvOfTjqdqmlCnieumBEQMUbNEmdRcGhRTzVLQqhJpBDjUSmxWaIhiLGcAsjEvxdDkYjNDYRZgOCtuDyMFCOeJlBGJDjtJUWtgpqnMjRthvpiRLScliafpkyguddHdkhuAARbxVXwITjjRRzrHzWwpRejUFxnKdaTlihkbcWrkyyWhypZXIgcKoS"
  },
  "model": "person.person",
  "pk": "1b2f6915-2b06-47e3-a5a2-eb4e431b3ab6"
},
{
  "fields": {
    "status": "47d146b0-3b74-41d0-9b76-918f96139088",
    "last_name": "nisi",
    "proxy_start_date": null,
    "locale": null,
    "next_approver": null,
    "locations": [],
    "is_staff": false,
    "user_permissions": [],
    "proxy_end_date": null,
    "date_joined": "2015-09-15T20:17:21.401Z",
    "middle_initial": null,
    "first_name": "magna",
    "employee_id": null,
    "auth_amount": "0.0000",
    "title": "sint",
    "password_expire_date": "2015-12-14",
    "password_length": null,
    "is_superuser": false,
    "last_login": null,
    "role": "74792187-b22a-423e-84b9-41c48c93fe29",
    "auth_currency": "0ad58a71-807f-4b08-8a95-c4e24db68624",
    "username": "irure",
    "deleted": null,
    "password_one_time": null,
    "is_active": true,
    "groups": [
      5
    ],
    "accept_notify": true,
    "password": "pbkdf2_sha256$20000$ZwdkAZEyHH2b$tmAd1kn8eKD5Mawg1L2ja1rKxj0665mcTeH6Odb3OwI=",
    "proxy_status": null,
    "proxy_user": null,
    "created": "2015-09-15T20:17:21.405Z",
    "modified": "2015-09-15T20:17:21.488Z",
    "email": "",
    "accept_assign": true,
    "fullname": "magna nisi",
    "password_change": "JDVMkNaSTaoCtBSLnEhTDxciqHNRRZnZauBbNtXaXfFrPGWZErGZzSSLEidCkwZiZUsUNYLtwRgmZTLEkHGHLxgrhnXXUNPqVszPYzVgXDtDmCVrsfbvLUPguzXpGbcZKUBajIrhXQWRSjlvJYeviAiBJYgWIzTPsguWSklJwLitqPQIYiWPOOeRzPrigGExqhZomwZdbzJniMZAkzffcsxhXnpTXZfcUAkfDPKgnnrGPlLzEfDbHiQtWsimLJATfjoDyksdrQkhvodcxKoNWBvyWpiVAulMfNplDPPjouWb"
  },
  "model": "person.person",
  "pk": "26028342-6895-4377-8096-0cbf6f069be4"
},
{
  "fields": {
    "status": "47d146b0-3b74-41d0-9b76-918f96139088",
    "last_name": "cupidatat",
    "proxy_start_date": null,
    "locale": null,
    "next_approver": null,
    "locations": [
      "cacfaf0b-ec0b-423e-b515-4596172f7be4",
      "030ff6eb-ac27-43ff-98f5-bac00cff7090"
    ],
    "is_staff": false,
    "user_permissions": [],
    "proxy_end_date": null,
    "date_joined": "2015-09-15T20:17:20.605Z",
    "middle_initial": null,
    "first_name": "cupidatat",
    "employee_id": null,
    "auth_amount": "0.0000",
    "title": "esse",
    "password_expire_date": "2015-12-14",
    "password_length": null,
    "is_superuser": false,
    "last_login": null,
    "role": "852c720a-28c9-463f-9f1a-beaa2847c11d",
    "auth_currency": "0ad58a71-807f-4b08-8a95-c4e24db68624",
    "username": "eu",
    "deleted": null,
    "password_one_time": null,
    "is_active": true,
    "groups": [
      4
    ],
    "accept_notify": true,
    "password": "pbkdf2_sha256$20000$BKBUVHbpyGtD$Cc4Z6TEyM1l9ukq16svpALAdzTwgqumcubG6bD1rNSc=",
    "proxy_status": null,
    "proxy_user": null,
    "created": "2015-09-15T20:17:20.609Z",
    "modified": "2015-09-15T20:17:20.698Z",
    "email": "",
    "accept_assign": true,
    "fullname": "cupidatat cupidatat",
    "password_change": "dCLGEWleqjklrZJNaUoSBddrBXFtSiXBMdGLzwyYtJmXOpkWYNeOQJfapfYUiSwZdoRiYddKykTEQRCbMjklFROYlbpAjqlOHnFGmCbPLhQDRomiVUoaLVELxvGvnCgwEoQGKKPejXhAnuGbYBRXhMrseNwzFCtxCdrZkiaVziyYyWJxWVQCXDMvDbYRQOMFlGwSLChQqyyuOPdDYAMLNXiwMDrLvgcADqlaREkHziEidnyCLKnGDDmsfwfSUEGqbTyAlKPURWLkJHCFcSIQvLtdHKdSDItvikLTdypDilyq"
  },
  "model": "person.person",
  "pk": "3df75825-505d-4f45-9a44-32d647563e3f"
},
{
  "fields": {
    "status": "47d146b0-3b74-41d0-9b76-918f96139088",
    "last_name": "ullamco",
    "proxy_start_date": null,
    "locale": null,
    "next_approver": null,
    "locations": [],
    "is_staff": false,
    "user_permissions": [],
    "proxy_end_date": null,
    "date_joined": "2015-09-15T20:17:20.709Z",
    "middle_initial": null,
    "first_name": "nostrud",
    "employee_id": null,
    "auth_amount": "0.0000",
    "title": "cillum",
    "password_expire_date": "2015-12-14",
    "password_length": null,
    "is_superuser": false,
    "last_login": null,
    "role": "74792187-b22a-423e-84b9-41c48c93fe29",
    "auth_currency": "0ad58a71-807f-4b08-8a95-c4e24db68624",
    "username": "culpa",
    "deleted": null,
    "password_one_time": null,
    "is_active": true,
    "groups": [
      5
    ],
    "accept_notify": true,
    "password": "pbkdf2_sha256$20000$qZxjfe9AoxLD$8dMkpNtxCr16uyf8oVpUP3TQe8RTQceO63AbchlKBT8=",
    "proxy_status": null,
    "proxy_user": null,
    "created": "2015-09-15T20:17:20.713Z",
    "modified": "2015-09-15T20:17:20.798Z",
    "email": "",
    "accept_assign": true,
    "fullname": "nostrud ullamco",
    "password_change": "JkdbaScARogKIDdYVeknmVCdSSCUsmwCKKaMqHESwmTUlsIosLzGvHJgXOcqHKxfkKVSnFmdHNIHgloHeCMFQQcBWiYMVAEhXbyDsRVwJeOWlRuOFGBuqFMSzwdTNCySBpWUusatktQqOfDUciCJIbynqOHjGhbaSBiLRInVDTusHpqmJAoEVXNIHzeiIxEvbXiXozCKoMLgKeeuDYjWbldqQEguNBXITaYyxbSsMfJKVpQIXLExyRzfmHwgvCzVMaJZHaceCOvRFVWGSYABLvKZaKlRrjVKYcmothuwapbE"
  },
  "model": "person.person",
  "pk": "49bc6631-ae05-4bc6-9caf-cf33b96e88ce"
},
{
  "fields": {
    "status": "47d146b0-3b74-41d0-9b76-918f96139088",
    "last_name": "",
    "proxy_start_date": null,
    "locale": null,
    "next_approver": null,
    "locations": [],
    "is_staff": true,
    "user_permissions": [],
    "proxy_end_date": null,
    "date_joined": "2015-09-15T20:17:19.701Z",
    "middle_initial": null,
    "first_name": "",
    "employee_id": null,
    "auth_amount": "0.0000",
    "title": null,
    "password_expire_date": "2015-12-14",
    "password_length": null,
    "is_superuser": true,
    "last_login": null,
    "role": "1c15906d-5d32-401a-8422-1e06a2fecaec",
    "auth_currency": "0ad58a71-807f-4b08-8a95-c4e24db68624",
    "username": "aaron",
    "deleted": null,
    "password_one_time": null,
    "is_active": true,
    "groups": [
      3
    ],
    "accept_notify": true,
    "password": "pbkdf2_sha256$20000$Y0j6unkOn5wH$rTuuG1wdWaqXYEU5i8RH6hcyjqdwj80ffBs06vNGu0o=",
    "proxy_status": null,
    "proxy_user": null,
    "created": "2015-09-15T20:17:19.708Z",
    "modified": "2015-09-15T20:17:19.790Z",
    "email": "",
    "accept_assign": true,
    "fullname": " ",
    "password_change": "UzzXoFsBUexTLztLyWKUUMPEHrwcHSaWuYPCdHFZDZqAOnefCbnaCvKwHYpeeHeptymeAgOHhtMUQVvZHojMuBcSPNfWYaVRThnjVtFiWpNVJngTffmpqMjJxbJTtsAcSdTYoKhvJsnLBZyRjBwihhvCeFKBnXcwnZcmeBYlIMAQlEpxesMrQRzefTYVurbuanyTxsHpRxLCcQOfBNKkZdqeJfoFlGwKwQoIRfppfGHPgHGUrisSCxKtmBltBQBxXUrgJxXXVlAAYovHAwLRWJaaqRCriefSPxXiilHDVBIi"
  },
  "model": "person.person",
  "pk": "62e12d7e-73e7-4fc9-87d2-69b808e546e4"
},
{
  "fields": {
    "status": "47d146b0-3b74-41d0-9b76-918f96139088",
    "last_name": "Ut",
    "proxy_start_date": null,
    "locale": null,
    "next_approver": null,
    "locations": [
      "3b2b6428-52bd-4c36-bd2a-5f4c4a86e5de",
      "26fa9d7a-493a-483b-9246-e296186e8e3f"
    ],
    "is_staff": false,
    "user_permissions": [],
    "proxy_end_date": null,
    "date_joined": "2015-09-15T20:17:21.705Z",
    "middle_initial": null,
    "first_name": "cupidatat",
    "employee_id": null,
    "auth_amount": "0.0000",
    "title": "reprehenderit",
    "password_expire_date": "2015-12-14",
    "password_length": null,
    "is_superuser": false,
    "last_login": null,
    "role": "af087db3-f7c8-42e7-9206-a4d434c9b4aa",
    "auth_currency": "0ad58a71-807f-4b08-8a95-c4e24db68624",
    "username": "sed",
    "deleted": null,
    "password_one_time": null,
    "is_active": true,
    "groups": [
      2
    ],
    "accept_notify": true,
    "password": "pbkdf2_sha256$20000$OuF5lmiJqDwg$FN93xy3OZ7rcXz9V3itqb+NM65po+xY5eJGc6cgduPI=",
    "proxy_status": null,
    "proxy_user": null,
    "created": "2015-09-15T20:17:21.709Z",
    "modified": "2015-09-15T20:17:21.797Z",
    "email": "",
    "accept_assign": true,
    "fullname": "cupidatat Ut",
    "password_change": "IVCJbXXjfRMyAVDTaEqrfNqswAUhDAaEJhjsMVzORumTJouRDZjEmqTEEvxdzBJbtYmngqPtZTAxGQTwcMIrvBVqeegXgTBIUgQTZJCqaukWHLOezVmqhTvkCNOUxbacLLNcfUvSvfnkDVWTEavvqqwfNBuCRHnqQmmSEhqXsqBHYXmCeTBQFScChjvkgtNHOUBsJGfBCcuStLygEsVRGOkpqKssfpChmtCzohZYdrycaQWzpCtbvvqfaTuYzoOIJBOAGMbjVXkeirGKauoMQnIrtAtELytclPwrfdYlMgII"
  },
  "model": "person.person",
  "pk": "668d46dd-9bc9-4494-86e8-839bcf4010da"
},
{
  "fields": {
    "status": "47d146b0-3b74-41d0-9b76-918f96139088",
    "last_name": "adipisicing",
    "proxy_start_date": null,
    "locale": null,
    "next_approver": null,
    "locations": [
      "3b2b6428-52bd-4c36-bd2a-5f4c4a86e5de",
      "26fa9d7a-493a-483b-9246-e296186e8e3f"
    ],
    "is_staff": false,
    "user_permissions": [],
    "proxy_end_date": null,
    "date_joined": "2015-09-15T20:17:20.502Z",
    "middle_initial": null,
    "first_name": "fugiat",
    "employee_id": null,
    "auth_amount": "0.0000",
    "title": "ut",
    "password_expire_date": "2015-12-14",
    "password_length": null,
    "is_superuser": false,
    "last_login": null,
    "role": "af087db3-f7c8-42e7-9206-a4d434c9b4aa",
    "auth_currency": "0ad58a71-807f-4b08-8a95-c4e24db68624",
    "username": "nulla",
    "deleted": null,
    "password_one_time": null,
    "is_active": true,
    "groups": [
      2
    ],
    "accept_notify": true,
    "password": "pbkdf2_sha256$20000$QSES32oczlbh$2g7TwNCKKDVXUl17OLVT+j8nJUyj7YTxT6+n+qeQhjY=",
    "proxy_status": null,
    "proxy_user": null,
    "created": "2015-09-15T20:17:20.506Z",
    "modified": "2015-09-15T20:17:20.594Z",
    "email": "",
    "accept_assign": true,
    "fullname": "fugiat adipisicing",
    "password_change": "GAkyaQKQeIjAYkBqPAtkIyEkqMQZqhDrzItoFzhfHyAENzMHTsqwPdAbsApyXqJyLoOaekIsyMQameVaeobQVYKdaufOLEGfgsptgbzeKkuJlhxLuwJUGXBuGgvhziewqUWooeugytIeQBDIbNUOsCTaabVRjkmdZxjyWBLLICRPeKyRMHqspCSxAvGtAYVsOkzLnepGvYMftfYIYrtDelyOjvdBQqSNOBAIcTgpblabhGsGiOrMXPRpgeiEDVBgkbemaAGCVyTOMesWDpNTAkLJHvfFghGnyHwoQrKdiLxE"
  },
  "model": "person.person",
  "pk": "6e483a33-27b4-4ffa-bf15-8e51f72e3739"
},
{
  "fields": {
    "status": "47d146b0-3b74-41d0-9b76-918f96139088",
    "last_name": "pariatur.",
    "proxy_start_date": null,
    "locale": null,
    "next_approver": null,
    "locations": [
      "cacfaf0b-ec0b-423e-b515-4596172f7be4",
      "030ff6eb-ac27-43ff-98f5-bac00cff7090"
    ],
    "is_staff": false,
    "user_permissions": [],
    "proxy_end_date": null,
    "date_joined": "2015-09-15T20:17:21.504Z",
    "middle_initial": null,
    "first_name": "dolore",
    "employee_id": null,
    "auth_amount": "0.0000",
    "title": "dolore",
    "password_expire_date": "2015-12-14",
    "password_length": null,
    "is_superuser": false,
    "last_login": null,
    "role": "852c720a-28c9-463f-9f1a-beaa2847c11d",
    "auth_currency": "0ad58a71-807f-4b08-8a95-c4e24db68624",
    "username": "consectetur",
    "deleted": null,
    "password_one_time": null,
    "is_active": true,
    "groups": [
      4
    ],
    "accept_notify": true,
    "password": "pbkdf2_sha256$20000$5mzYrgvIIyGZ$Ju8I9QMicKQImpjZlzQRC4yz8SsAi5ODE53QsMO2Mg0=",
    "proxy_status": null,
    "proxy_user": null,
    "created": "2015-09-15T20:17:21.508Z",
    "modified": "2015-09-15T20:17:21.595Z",
    "email": "",
    "accept_assign": true,
    "fullname": "dolore pariatur.",
    "password_change": "rXTThXFAkarEQMfvQkBMZhXmTyTtRZFuvILMdXewEHuchMcOEPEpKekVviWcgWAYBnAdbzcWAiDupQXbpFWpXQClLtVlgjwAlIiSYPEtwtrStAOivlymGmrbTuBhHhyQkuBeiwaauDciukwqZmLSqGcAbTgsiaAMpeypBKBgkyKzlDbSMbaODhfEOlPDSQXAoNXNiydsYRdDtJztKmvmjVonSDZyBvjnjhVzqKOLbpLWMuSYKfxYCNsEiEemDCkizroATbQgdeyvJzEkMQWXRsNVtDSrodTAelucmpXBBjHX"
  },
  "model": "person.person",
  "pk": "71d84281-5ed1-4af1-9d20-9754c7e6dcdc"
},
{
  "fields": {
    "status": "47d146b0-3b74-41d0-9b76-918f96139088",
    "last_name": "incididunt",
    "proxy_start_date": null,
    "locale": null,
    "next_approver": null,
    "locations": [
      "9e3fb781-1a88-4cbd-acbf-9cd2eff127f7"
    ],
    "is_staff": false,
    "user_permissions": [],
    "proxy_end_date": null,
    "date_joined": "2015-09-15T20:17:19.803Z",
    "middle_initial": null,
    "first_name": "ipsum",
    "employee_id": null,
    "auth_amount": "0.0000",
    "title": "ad",
    "password_expire_date": "2015-12-14",
    "password_length": null,
    "is_superuser": false,
    "last_login": null,
    "role": "4b70ae18-9459-4921-a321-2d6a7c35c447",
    "auth_currency": "0ad58a71-807f-4b08-8a95-c4e24db68624",
    "username": "occaecat",
    "deleted": null,
    "password_one_time": null,
    "is_active": true,
    "groups": [
      1
    ],
    "accept_notify": true,
    "password": "pbkdf2_sha256$20000$d0VzsZ35jsNn$knZmBtL+kkHYzZIIwAxbDn0wVNKzsDfXxXWbgGhDPd4=",
    "proxy_status": null,
    "proxy_user": null,
    "created": "2015-09-15T20:17:19.808Z",
    "modified": "2015-09-15T20:17:19.893Z",
    "email": "",
    "accept_assign": true,
    "fullname": "ipsum incididunt",
    "password_change": "RlCkcoFWAkJKGloJuptIAvVfrahUNRukwJcyXBMpxthfttKVfWzZtBwdEcQyfGDTHHUrevgbFpIDyMvGvjzgdqkKiwGlpfwYjlWSqNwhijngumniojcaMBbLTXtCJKtuNJwCMlJyHiMStCDXivspuPCXyAriNqtfqTIrhOJtewfkdrgUReHBBtdjuZmZXRHmLWSMIsewLHnXmqowJXuemMwaJNtesEWvvFlOwtsuOosayciHGHKnjlngxPjcdrwGjumFBpltNyaznzTuLaIJvfyEFtohoAxsZeUnOwjiRxbZ"
  },
  "model": "person.person",
  "pk": "8697cd31-01be-41d7-bae5-d586ef4f9b60"
},
{
  "fields": {
    "status": "47d146b0-3b74-41d0-9b76-918f96139088",
    "last_name": "fugiat",
    "proxy_start_date": null,
    "locale": null,
    "next_approver": null,
    "locations": [],
    "is_staff": false,
    "user_permissions": [],
    "proxy_end_date": null,
    "date_joined": "2015-09-15T20:17:21.305Z",
    "middle_initial": null,
    "first_name": "ad",
    "employee_id": null,
    "auth_amount": "0.0000",
    "title": "et",
    "password_expire_date": "2015-12-14",
    "password_length": null,
    "is_superuser": false,
    "last_login": null,
    "role": "74792187-b22a-423e-84b9-41c48c93fe29",
    "auth_currency": "0ad58a71-807f-4b08-8a95-c4e24db68624",
    "username": "in",
    "deleted": null,
    "password_one_time": null,
    "is_active": true,
    "groups": [
      5
    ],
    "accept_notify": true,
    "password": "pbkdf2_sha256$20000$LzPi36mVsuWD$oBGXGylAHJRWp/aoTGCYmKkCcZtYX9EBXITqAQRCWYE=",
    "proxy_status": null,
    "proxy_user": null,
    "created": "2015-09-15T20:17:21.308Z",
    "modified": "2015-09-15T20:17:21.391Z",
    "email": "",
    "accept_assign": true,
    "fullname": "ad fugiat",
    "password_change": "ZyMWXFfUkPViOUGeDmthaSKvZmCRzJSMDAaEQRixqsAgDPqjHnCvudeXiKkXOIwHvQdINUfcYbXiViBnPkWriqkIRskwhCOCijBCWIUripwaREBVoSOjOvJOAMDijDxCRmZmwKbcdSiXRepRkNxBgnPDnbJeCBzeuzetSaORBOzmsTJrsHxnkltIsRtqLEaouVbNrQWAgLdLpwZEtsGIuIjcFnbytGzfxCXYJiduvQqBaYulewIvwiUVPDmfGbqJjHPMUrgOMWJGoDFtibLLtAIJXWNUkIoFbmPcUdgkVwkw"
  },
  "model": "person.person",
  "pk": "a3f03762-b26c-4cc0-96e6-3954555d0375"
},
{
  "fields": {
    "status": "47d146b0-3b74-41d0-9b76-918f96139088",
    "last_name": "aliqua.",
    "proxy_start_date": null,
    "locale": null,
    "next_approver": null,
    "locations": [],
    "is_staff": false,
    "user_permissions": [],
    "proxy_end_date": null,
    "date_joined": "2015-09-15T20:17:20.197Z",
    "middle_initial": null,
    "first_name": "exercitation",
    "employee_id": null,
    "auth_amount": "0.0000",
    "title": "voluptate",
    "password_expire_date": "2015-12-14",
    "password_length": null,
    "is_superuser": false,
    "last_login": null,
    "role": "1c15906d-5d32-401a-8422-1e06a2fecaec",
    "auth_currency": "0ad58a71-807f-4b08-8a95-c4e24db68624",
    "username": "do",
    "deleted": null,
    "password_one_time": null,
    "is_active": true,
    "groups": [
      3
    ],
    "accept_notify": true,
    "password": "pbkdf2_sha256$20000$ujNOS4WtSqoC$mPYytHoGFWPLVaGevC6opIL26cRAZI+k7DBzW4eowrA=",
    "proxy_status": null,
    "proxy_user": null,
    "created": "2015-09-15T20:17:20.202Z",
    "modified": "2015-09-15T20:17:20.284Z",
    "email": "",
    "accept_assign": true,
    "fullname": "exercitation aliqua.",
    "password_change": "pkUvvHLeibGUkPYTwEtKnUnNgtWZGLESrrudYQJALLWQHSafQUzfswoGzehtsBPWsZytqxohEZgXXacnpSdOwKxwkKsPEAPXNwNMOnLZbuYoJvNObhTSQdycIdFtKSyxgYUTNscBBlgYGAKOfEnjTKzAwQTEplIphkzDnDvPjBBZPSLWxMdrUokgIDNWSgAleBHkQqTplrCDRvLwaLqCxafjOpEUuwxSwxdzgrTgiOuPduzplbjBDFLieYSHlYWXvqcqqyfeQlqmVnWzHxfejzfFDcpoBUoKJdtvmLnrTQrS"
  },
  "model": "person.person",
  "pk": "a60b5137-6e15-402e-a507-73d00876ee81"
},
{
  "fields": {
    "status": "47d146b0-3b74-41d0-9b76-918f96139088",
    "last_name": "aliqua.",
    "proxy_start_date": null,
    "locale": null,
    "next_approver": null,
    "locations": [
      "9e3fb781-1a88-4cbd-acbf-9cd2eff127f7"
    ],
    "is_staff": false,
    "user_permissions": [],
    "proxy_end_date": null,
    "date_joined": "2015-09-15T20:17:21.904Z",
    "middle_initial": null,
    "first_name": "dolore",
    "employee_id": null,
    "auth_amount": "0.0000",
    "title": "deserunt",
    "password_expire_date": "2015-12-14",
    "password_length": null,
    "is_superuser": false,
    "last_login": null,
    "role": "4b70ae18-9459-4921-a321-2d6a7c35c447",
    "auth_currency": "0ad58a71-807f-4b08-8a95-c4e24db68624",
    "username": "consequat.",
    "deleted": null,
    "password_one_time": null,
    "is_active": true,
    "groups": [
      1
    ],
    "accept_notify": true,
    "password": "pbkdf2_sha256$20000$q2M6pyZeDOFL$1w0IPZFW49koIOj1udRWxGQTsd57ThZZCxk12hZAzLQ=",
    "proxy_status": null,
    "proxy_user": null,
    "created": "2015-09-15T20:17:21.908Z",
    "modified": "2015-09-15T20:17:21.993Z",
    "email": "",
    "accept_assign": true,
    "fullname": "dolore aliqua.",
    "password_change": "XDTYYMrEKdikKdOimjTjqtUSlrKPLLyygiyWySSVYrSDzotabVLJpHvthTFzRASxARIIovDsZJtDYDhhEWXVYTRpinkyZrcSieYevuPuCBFVGZqKerOUmPqMHCDgSynLLTPwQPXSHuNDUuaddSmBVDSiUjaCVclLDNnqZFrTBueCdEvNTrNiHEbGkcKITQuHdULhoWLIEGwLuMpRwYqTzkJSHvEhsHqhGswOtGdmITSxMaDevEmRjIJhFMKjkXvBruKCMqzzYVTxuDxjwdUGxTUKKhTHgTxhLrBGkNqSnhtb"
  },
  "model": "person.person",
  "pk": "aca99d66-a8a0-4278-bdab-171cd5d6738c"
},
{
  "fields": {
    "status": "47d146b0-3b74-41d0-9b76-918f96139088",
    "last_name": "ipsum",
    "proxy_start_date": null,
    "locale": null,
    "next_approver": null,
    "locations": [],
    "is_staff": false,
    "user_permissions": [],
    "proxy_end_date": null,
    "date_joined": "2015-09-15T20:17:21.005Z",
    "middle_initial": null,
    "first_name": "nisi",
    "employee_id": null,
    "auth_amount": "0.0000",
    "title": "quis",
    "password_expire_date": "2015-12-14",
    "password_length": null,
    "is_superuser": false,
    "last_login": null,
    "role": "74792187-b22a-423e-84b9-41c48c93fe29",
    "auth_currency": "0ad58a71-807f-4b08-8a95-c4e24db68624",
    "username": "Excepteur",
    "deleted": null,
    "password_one_time": null,
    "is_active": true,
    "groups": [
      5
    ],
    "accept_notify": true,
    "password": "pbkdf2_sha256$20000$CnJv5G1tgouE$WHXtowSFb/WbSR5wyqSHUiYyqO5RDrYjjiPty+3aT5A=",
    "proxy_status": null,
    "proxy_user": null,
    "created": "2015-09-15T20:17:21.009Z",
    "modified": "2015-09-15T20:17:21.092Z",
    "email": "",
    "accept_assign": true,
    "fullname": "nisi ipsum",
    "password_change": "IgeVEvBiMABykmTjNXrxMtTrdHzDqMFjajlIhGuURBmZTPtuKDsfusNOBVjvPWHNGcEUrCuwsWsLZiZnlaRkGjXJtHrMXZXocLDQSxGZgGEHSnxpTZKQsToUSDkwPpwcmjcCSgsjLvQjhWXJdJcXlEOIlNEMWKfwrjiwXxvpmsEXDEIPcZrrIVXaYPHYZnZZIBvSNFzSrHphvzwnhmPnbToJFTApKgKvUGdfeDhFhLjhytqEUOtlWNkcZWOWCuivBEaqzgksjfdgKVdVbwiNlkFPWfkLBkiffxhnpEtRVToC"
  },
  "model": "person.person",
  "pk": "b765815e-438c-4de6-8b62-a471d4e7c1c0"
},
{
  "fields": {
    "status": "47d146b0-3b74-41d0-9b76-918f96139088",
    "last_name": "laborum.",
    "proxy_start_date": null,
    "locale": null,
    "next_approver": null,
    "locations": [],
    "is_staff": false,
    "user_permissions": [],
    "proxy_end_date": null,
    "date_joined": "2015-09-15T20:17:19.904Z",
    "middle_initial": null,
    "first_name": "aliquip",
    "employee_id": null,
    "auth_amount": "0.0000",
    "title": "dolor",
    "password_expire_date": "2015-12-14",
    "password_length": null,
    "is_superuser": false,
    "last_login": null,
    "role": "74792187-b22a-423e-84b9-41c48c93fe29",
    "auth_currency": "0ad58a71-807f-4b08-8a95-c4e24db68624",
    "username": "aute",
    "deleted": null,
    "password_one_time": null,
    "is_active": true,
    "groups": [
      5
    ],
    "accept_notify": true,
    "password": "pbkdf2_sha256$20000$obaRwbRCFUCF$+lnH81d6cpsPVhbhKqeZ5IEmP1RXgUx+EH8lpZcWEJw=",
    "proxy_status": null,
    "proxy_user": null,
    "created": "2015-09-15T20:17:19.908Z",
    "modified": "2015-09-15T20:17:19.991Z",
    "email": "",
    "accept_assign": true,
    "fullname": "aliquip laborum.",
    "password_change": "TxsChDCCtBeysaRJpwkPZrGUjcpnOevrtgNbInPnSxurKbOCQpGjlqRHzDnIICIjPTHjWWdQXRTdpLdBTYYbZxdDDoNNZdcwMUwYefBiLpanoozSiITelRZHJQtXbMqiRgtNoqyyONNdPwkjvtHPDsrvPFtXrSlcuegoalWmnRDZwmvmlpkrqpOUaZSsJxKvIwuGYESGlJMkJoggUCHoEaBEDRzHYiFHDhNLOpGNrwmwMxRmEsgNucCnxbVYbXQKWSsRlFzQEbaAIpbbBxmqmAYvHrkCRkFVDHeousvvsJlt"
  },
  "model": "person.person",
  "pk": "c21601f3-4cbe-4bc5-b427-883884a14ac3"
},
{
  "fields": {
    "status": "47d146b0-3b74-41d0-9b76-918f96139088",
    "last_name": "ut",
    "proxy_start_date": null,
    "locale": null,
    "next_approver": null,
    "locations": [
      "9e3fb781-1a88-4cbd-acbf-9cd2eff127f7"
    ],
    "is_staff": false,
    "user_permissions": [],
    "proxy_end_date": null,
    "date_joined": "2015-09-15T20:17:20.398Z",
    "middle_initial": null,
    "first_name": "mollit",
    "employee_id": null,
    "auth_amount": "0.0000",
    "title": "reprehenderit",
    "password_expire_date": "2015-12-14",
    "password_length": null,
    "is_superuser": false,
    "last_login": null,
    "role": "4b70ae18-9459-4921-a321-2d6a7c35c447",
    "auth_currency": "0ad58a71-807f-4b08-8a95-c4e24db68624",
    "username": "nostrud",
    "deleted": null,
    "password_one_time": null,
    "is_active": true,
    "groups": [
      1
    ],
    "accept_notify": true,
    "password": "pbkdf2_sha256$20000$SY4AjPqXV5ib$RvZOBk9UC2XDQuVcFSGt3b4iyCCpR/TNHeY/ShpAplw=",
    "proxy_status": null,
    "proxy_user": null,
    "created": "2015-09-15T20:17:20.402Z",
    "modified": "2015-09-15T20:17:20.491Z",
    "email": "",
    "accept_assign": true,
    "fullname": "mollit ut",
    "password_change": "jZJtSzXgfirwpDtTmMiWNWZLLcRoRSXDjCaVuuVHXGDYqSIFeYPgFmeelbnADjOqGAwisCGeENPkemDkhyUzWQggnqELUdsEwrAqESlBXnwCrIVDbDCQILhVTjujjVnfyamlmBvREBtlyOKeOlljKHiacsxAbNqeinUplBvNDJMXATfkaXoalvjTHQWUQNwgTniLvhyJQyjBqcoPGAwctKGIektXjQEFRcUvUYVYnHlvnUyFpDWcFYjsfMNCqRnrnptKtkllzwiYhPNurHSqtcKfpJoOImPwsOolKiFMFWxe"
  },
  "model": "person.person",
  "pk": "d22d541b-634d-466c-adc5-14179e9ea987"
},
{
  "fields": {
    "status": "47d146b0-3b74-41d0-9b76-918f96139088",
    "last_name": "pariatur.",
    "proxy_start_date": null,
    "locale": null,
    "next_approver": null,
    "locations": [],
    "is_staff": false,
    "user_permissions": [],
    "proxy_end_date": null,
    "date_joined": "2015-09-15T20:17:20.301Z",
    "middle_initial": null,
    "first_name": "reprehenderit",
    "employee_id": null,
    "auth_amount": "0.0000",
    "title": "id",
    "password_expire_date": "2015-12-14",
    "password_length": null,
    "is_superuser": false,
    "last_login": null,
    "role": "1c15906d-5d32-401a-8422-1e06a2fecaec",
    "auth_currency": "0ad58a71-807f-4b08-8a95-c4e24db68624",
    "username": "mollit",
    "deleted": null,
    "password_one_time": null,
    "is_active": true,
    "groups": [
      3
    ],
    "accept_notify": true,
    "password": "pbkdf2_sha256$20000$Zj0seeOfg7qi$+SsC9epiq4Ju3hLmY8KxSUOIMqQG0UR6tfIiMRemb00=",
    "proxy_status": null,
    "proxy_user": null,
    "created": "2015-09-15T20:17:20.304Z",
    "modified": "2015-09-15T20:17:20.388Z",
    "email": "",
    "accept_assign": true,
    "fullname": "reprehenderit pariatur.",
    "password_change": "aXBHxpvswGJfNZKkPEIhqijJLmllDMQGlipBUzpklZLdVVuVGVmDiucfnKJheGRcEHQVjzZRORQFPlNwRecdunUdVglyPKBzeTDcnEwHTVWVtjntrLzJLdGQvrwTPoVWmnlUsxvawwsKcvKZJduSaDmtxXdTUtgKpOTTketYkvsRbDpjErqHkNgWOvkcYzseYsdHgpJfNRhwyqNysswACzRBgEqLyDuzgpPwdimFVGtMvMoAYEEFncErZtGjUUvERpWkVvrOukikmWiIPljTNPpOKktUGnakxjGmHQjoTmtd"
  },
  "model": "person.person",
  "pk": "d2735f5d-e1e5-4a11-8017-5246a47b16a0"
},
{
  "fields": {
    "status": "47d146b0-3b74-41d0-9b76-918f96139088",
    "last_name": "est",
    "proxy_start_date": null,
    "locale": null,
    "next_approver": null,
    "locations": [],
    "is_staff": false,
    "user_permissions": [],
    "proxy_end_date": null,
    "date_joined": "2015-09-15T20:17:21.104Z",
    "middle_initial": null,
    "first_name": "eiusmod",
    "employee_id": null,
    "auth_amount": "0.0000",
    "title": "nostrud",
    "password_expire_date": "2015-12-14",
    "password_length": null,
    "is_superuser": false,
    "last_login": null,
    "role": "74792187-b22a-423e-84b9-41c48c93fe29",
    "auth_currency": "0ad58a71-807f-4b08-8a95-c4e24db68624",
    "username": "ea",
    "deleted": null,
    "password_one_time": null,
    "is_active": true,
    "groups": [
      5
    ],
    "accept_notify": true,
    "password": "pbkdf2_sha256$20000$8Sfs7bu67OHm$QBrza/JadYwJXkzc8L+lpsCBVxNUULTVWCSc8ZRTMWg=",
    "proxy_status": null,
    "proxy_user": null,
    "created": "2015-09-15T20:17:21.108Z",
    "modified": "2015-09-15T20:17:21.190Z",
    "email": "",
    "accept_assign": true,
    "fullname": "eiusmod est",
    "password_change": "rAlPfvIbIbqPArASniAefNplfiTSZBxbdgWkBoZdhFGFcrJQzxeOwfmZpqqbGvYaOPpeLuYAnIfOiwSSnPMxWxfrZahHnwurjWeDkLiquKnvrsYmVMJhOJSrCIFBwAoMhpHTOFGaolzByDBXbAJbRgkjyXviAstCkjMPhMAiwreRgtTnwbFZaefNaWxprmKTZYAgTTkXrnfoxcrHgripNjVcODHwRoprioUvpENdAEhweeHBRhJEHNjEJCldFXsdZisuALpJNXHUCznYbbqYwDrbNipjcsYURXOHkrbDlHVF"
  },
  "model": "person.person",
  "pk": "d480961c-5657-41b9-861c-2d95ef97e83b"
},
{
  "fields": {
    "status": "47d146b0-3b74-41d0-9b76-918f96139088",
    "last_name": "ullamco",
    "proxy_start_date": null,
    "locale": null,
    "next_approver": null,
    "locations": [
      "9e3fb781-1a88-4cbd-acbf-9cd2eff127f7"
    ],
    "is_staff": false,
    "user_permissions": [],
    "proxy_end_date": null,
    "date_joined": "2015-09-15T20:17:20.095Z",
    "middle_initial": null,
    "first_name": "dolore",
    "employee_id": null,
    "auth_amount": "0.0000",
    "title": "id",
    "password_expire_date": "2015-12-14",
    "password_length": null,
    "is_superuser": false,
    "last_login": null,
    "role": "4b70ae18-9459-4921-a321-2d6a7c35c447",
    "auth_currency": "0ad58a71-807f-4b08-8a95-c4e24db68624",
    "username": "ullamco",
    "deleted": null,
    "password_one_time": null,
    "is_active": true,
    "groups": [
      1
    ],
    "accept_notify": true,
    "password": "pbkdf2_sha256$20000$s9ubH0t6zARw$fGHnD8FrYtUy/iG5EblDQBDqauzAlJj9PRjQVuu8LfY=",
    "proxy_status": null,
    "proxy_user": null,
    "created": "2015-09-15T20:17:20.099Z",
    "modified": "2015-09-15T20:17:20.186Z",
    "email": "",
    "accept_assign": true,
    "fullname": "dolore ullamco",
    "password_change": "wGgnBpoNpRFacCdjUHSZwuIKQtsgRwjgPiKgPFkKgZLWBKWdovmxQwkgfdXILpJQykQdBIaWEAftRubGXDbOtpqFcjvwGLXXcFDFDYqSgAFuipUHGigNhKgJuZMpEhPDaLTDxPBoGfPmefyWHBPDoEgqiDtUZsEVJpxXhivclJjOzjAweGdRVYhkWIInNrZCcAweWNcbxKcuitWLKPXoYeCxPxWVqDBZRpdQKUmOQsZXAGHRfFgzITeGRGOaycOgtViQUQvLtzAgSloBSlfcgOBemgytEIWotoaXnDMriCzy"
  },
  "model": "person.person",
  "pk": "dd0f7757-92a8-46d2-bdf8-e8db21866c6b"
},
{
  "fields": {
    "status": "47d146b0-3b74-41d0-9b76-918f96139088",
    "last_name": "culpa",
    "proxy_start_date": null,
    "locale": null,
    "next_approver": null,
    "locations": [
      "9e3fb781-1a88-4cbd-acbf-9cd2eff127f7"
    ],
    "is_staff": false,
    "user_permissions": [],
    "proxy_end_date": null,
    "date_joined": "2015-09-15T20:17:20.906Z",
    "middle_initial": null,
    "first_name": "quis",
    "employee_id": null,
    "auth_amount": "0.0000",
    "title": "ipsum",
    "password_expire_date": "2015-12-14",
    "password_length": null,
    "is_superuser": false,
    "last_login": null,
    "role": "4b70ae18-9459-4921-a321-2d6a7c35c447",
    "auth_currency": "0ad58a71-807f-4b08-8a95-c4e24db68624",
    "username": "ex",
    "deleted": null,
    "password_one_time": null,
    "is_active": true,
    "groups": [
      1
    ],
    "accept_notify": true,
    "password": "pbkdf2_sha256$20000$FH0k24V7lNh5$gv9F5yS/2SiW5ngAlU0N692kgtlx0L9gerkOrcyHD/U=",
    "proxy_status": null,
    "proxy_user": null,
    "created": "2015-09-15T20:17:20.910Z",
    "modified": "2015-09-15T20:17:20.995Z",
    "email": "",
    "accept_assign": true,
    "fullname": "quis culpa",
    "password_change": "mywobUztQJOfzRYwMaVVXwqKSHtmqMwcaYmjjGPpYvxUzsuELVVmMjcixInxyrZpBXpvrPYtpumlNIPEgtDlofJQrnzrWynTADhEAAbqKgqxudYsyrjVxRXznUDvLcageNWNbLZamWvSSmTBHpuHwVrEJnOtLZQokoiuTpbQgcrMFbEiULmgUNrkyWSDonByNARWYCkKqVDTmSEiRbmZCGaPmqevbXcQIVXkkcyUWcNnzmzSuMnhhpDNTYEgrAwatZPoyggJIxTjqVoHCkWXwYewsKTTQvlNTVWYODwDTvJc"
  },
  "model": "person.person",
  "pk": "ea9ccaeb-9cb0-4965-a04c-29759a02348d"
},
{
  "fields": {
    "status": "47d146b0-3b74-41d0-9b76-918f96139088",
    "last_name": "reprehenderit",
    "proxy_start_date": null,
    "locale": null,
    "next_approver": null,
    "locations": [
      "cacfaf0b-ec0b-423e-b515-4596172f7be4",
      "030ff6eb-ac27-43ff-98f5-bac00cff7090"
    ],
    "is_staff": false,
    "user_permissions": [],
    "proxy_end_date": null,
    "date_joined": "2015-09-15T20:17:21.605Z",
    "middle_initial": null,
    "first_name": "cupidatat",
    "employee_id": null,
    "auth_amount": "0.0000",
    "title": "eiusmod",
    "password_expire_date": "2015-12-14",
    "password_length": null,
    "is_superuser": false,
    "last_login": null,
    "role": "852c720a-28c9-463f-9f1a-beaa2847c11d",
    "auth_currency": "0ad58a71-807f-4b08-8a95-c4e24db68624",
    "username": "ad",
    "deleted": null,
    "password_one_time": null,
    "is_active": true,
    "groups": [
      4
    ],
    "accept_notify": true,
    "password": "pbkdf2_sha256$20000$UNH1LyVkVbUR$qKheK0dBPB9qdVBzIOP9uXV8uIG8NW0jSGCrDgU7Uhc=",
    "proxy_status": null,
    "proxy_user": null,
    "created": "2015-09-15T20:17:21.609Z",
    "modified": "2015-09-15T20:17:21.695Z",
    "email": "",
    "accept_assign": true,
    "fullname": "cupidatat reprehenderit",
    "password_change": "StfJRqzrfkEziDlssCaLMDFOxKQhyKRoKBMtGGVxOvYPwoXryhXfKbaiVVdYshZLkYeoSQyrmcCpezhojgMgUHUqlLIDVmtmxMfpJiGewEWNjcXCjeQUbcsjeafVRzyOAdwuTGQuzolxqHIBgWWdXDONpcRPgmdAoUbtGXHonSsmXXvJSyHMKjmSRVwpEnXwKLEnnBysUgDdLwMjWnSZGIxpnBujHtYVPTQNkUBbTSvmGFtAWHQRKPnCxPBzJhnmRqSKbUAivilcDAczKWcgPtsgoOScTfBayxymfubDsfLu"
  },
  "model": "person.person",
  "pk": "f1a28e98-abb7-4584-be28-2e19e1aa8235"
}
]
