[
{
  "pk": "030ce0b9-0c33-4d25-a2b9-182c72a7e8b7",
  "model": "location.state",
  "fields": {
    "deleted": null,
    "name": "Arizona",
    "modified": "2015-08-31T17:25:06.928Z",
    "created": "2015-08-31T17:25:06.928Z",
    "abbr": "AZ"
  }
},
{
  "pk": "07471daf-e8a6-4527-8523-67993898738c",
  "model": "location.state",
  "fields": {
    "deleted": null,
    "name": "Missouri",
    "modified": "2015-08-31T17:25:06.949Z",
    "created": "2015-08-31T17:25:06.949Z",
    "abbr": "MO"
  }
},
{
  "pk": "0bff8841-122b-4aef-9dcb-f6a5023d33c5",
  "model": "location.state",
  "fields": {
    "deleted": null,
    "name": "Wisconsin",
    "modified": "2015-08-31T17:25:06.971Z",
    "created": "2015-08-31T17:25:06.971Z",
    "abbr": "WI"
  }
},
{
  "pk": "0c38f065-fc5b-483a-925a-b506e51aa7ce",
  "model": "location.state",
  "fields": {
    "deleted": null,
    "name": "Vermont",
    "modified": "2015-08-31T17:25:06.967Z",
    "created": "2015-08-31T17:25:06.967Z",
    "abbr": "VT"
  }
},
{
  "pk": "0d22e639-ff0e-47c4-bdbc-f14f15b8b658",
  "model": "location.state",
  "fields": {
    "deleted": null,
    "name": "Kansa",
    "modified": "2015-08-31T17:25:06.940Z",
    "created": "2015-08-31T17:25:06.940Z",
    "abbr": "KS"
  }
},
{
  "pk": "11730749-66c8-4e8f-bc55-9802a3d640cb",
  "model": "location.state",
  "fields": {
    "deleted": null,
    "name": "Ohio",
    "modified": "2015-08-31T17:25:06.960Z",
    "created": "2015-08-31T17:25:06.960Z",
    "abbr": "OH"
  }
},
{
  "pk": "1ba08f2c-b507-43ac-8ae6-a24948152fb7",
  "model": "location.state",
  "fields": {
    "deleted": null,
    "name": "Georgia",
    "modified": "2015-08-31T17:25:06.935Z",
    "created": "2015-08-31T17:25:06.935Z",
    "abbr": "GA"
  }
},
{
  "pk": "20445377-f40e-4f55-93e8-724f2817bc4a",
  "model": "location.state",
  "fields": {
    "deleted": null,
    "name": "Iowa",
    "modified": "2015-08-31T17:25:06.939Z",
    "created": "2015-08-31T17:25:06.939Z",
    "abbr": "IA"
  }
},
{
  "pk": "22fd4e6e-9689-4004-b137-28cbcb0f1871",
  "model": "location.state",
  "fields": {
    "deleted": null,
    "name": "New Mexico",
    "modified": "2015-08-31T17:25:06.956Z",
    "created": "2015-08-31T17:25:06.956Z",
    "abbr": "NM"
  }
},
{
  "pk": "24b2c0c9-f4b3-46e0-80b2-ba3fbc4131ee",
  "model": "location.state",
  "fields": {
    "deleted": null,
    "name": "Virginia",
    "modified": "2015-08-31T17:25:06.968Z",
    "created": "2015-08-31T17:25:06.968Z",
    "abbr": "VA"
  }
},
{
  "pk": "27b47a4e-f75e-4850-a420-f39584df8de6",
  "model": "location.state",
  "fields": {
    "deleted": null,
    "name": "Alaska",
    "modified": "2015-08-31T17:25:06.927Z",
    "created": "2015-08-31T17:25:06.927Z",
    "abbr": "AK"
  }
},
{
  "pk": "3967114f-8461-4e62-a47c-10f9f08db150",
  "model": "location.state",
  "fields": {
    "deleted": null,
    "name": "Wyoming",
    "modified": "2015-08-31T17:25:06.972Z",
    "created": "2015-08-31T17:25:06.972Z",
    "abbr": "WY"
  }
},
{
  "pk": "39e20ec8-b54a-4da1-ac7a-20840a6c088c",
  "model": "location.state",
  "fields": {
    "deleted": null,
    "name": "Indiana",
    "modified": "2015-08-31T17:25:06.938Z",
    "created": "2015-08-31T17:25:06.938Z",
    "abbr": "IN"
  }
},
{
  "pk": "3ca47d69-a9b7-4595-ad50-36eae3ae3d5d",
  "model": "location.state",
  "fields": {
    "deleted": null,
    "name": "South Carolina",
    "modified": "2015-08-31T17:25:06.963Z",
    "created": "2015-08-31T17:25:06.963Z",
    "abbr": "SC"
  }
},
{
  "pk": "3d75fb42-0a86-4b0b-bc74-9b4d5bd63aa7",
  "model": "location.state",
  "fields": {
    "deleted": null,
    "name": "Michigan",
    "modified": "2015-08-31T17:25:06.946Z",
    "created": "2015-08-31T17:25:06.946Z",
    "abbr": "MI"
  }
},
{
  "pk": "3e4b2abc-8002-4c4c-a89f-5a298c7e38da",
  "model": "location.state",
  "fields": {
    "deleted": null,
    "name": "Oregon",
    "modified": "2015-08-31T17:25:06.961Z",
    "created": "2015-08-31T17:25:06.961Z",
    "abbr": "OR"
  }
},
{
  "pk": "4175cfef-53db-45bc-8d3a-568c1ec0156c",
  "model": "location.state",
  "fields": {
    "deleted": null,
    "name": "Tennessee",
    "modified": "2015-08-31T17:25:06.965Z",
    "created": "2015-08-31T17:25:06.965Z",
    "abbr": "TN"
  }
},
{
  "pk": "42103846-e9e4-4942-80b4-ccbd76d83398",
  "model": "location.state",
  "fields": {
    "deleted": null,
    "name": "Pennsylvania",
    "modified": "2015-08-31T17:25:06.962Z",
    "created": "2015-08-31T17:25:06.962Z",
    "abbr": "PA"
  }
},
{
  "pk": "44256c87-c1fc-4577-b98c-4547072d7d88",
  "model": "location.state",
  "fields": {
    "deleted": null,
    "name": "Alabama",
    "modified": "2015-08-31T17:25:06.925Z",
    "created": "2015-08-31T17:25:06.925Z",
    "abbr": "AL"
  }
},
{
  "pk": "44e49c2e-c6ec-41c7-8452-1aff10e4f7be",
  "model": "location.state",
  "fields": {
    "deleted": null,
    "name": "Utah",
    "modified": "2015-08-31T17:25:06.966Z",
    "created": "2015-08-31T17:25:06.966Z",
    "abbr": "UT"
  }
},
{
  "pk": "47607a29-69f9-42c8-9a74-18328f913cb4",
  "model": "location.state",
  "fields": {
    "deleted": null,
    "name": "Massachusetts",
    "modified": "2015-08-31T17:25:06.945Z",
    "created": "2015-08-31T17:25:06.945Z",
    "abbr": "MA"
  }
},
{
  "pk": "5430cbf8-1668-4197-b688-cfd5a3461a3f",
  "model": "location.state",
  "fields": {
    "deleted": null,
    "name": "Maryland",
    "modified": "2015-08-31T17:25:06.944Z",
    "created": "2015-08-31T17:25:06.944Z",
    "abbr": "MD"
  }
},
{
  "pk": "56f44534-8cf0-465b-b374-120303d76507",
  "model": "location.state",
  "fields": {
    "deleted": null,
    "name": "Arkansas",
    "modified": "2015-08-31T17:25:06.929Z",
    "created": "2015-08-31T17:25:06.929Z",
    "abbr": "AR"
  }
},
{
  "pk": "5ab2d8ab-ad00-4404-9091-b1071949d3e4",
  "model": "location.state",
  "fields": {
    "deleted": null,
    "name": "New Jersey",
    "modified": "2015-08-31T17:25:06.955Z",
    "created": "2015-08-31T17:25:06.955Z",
    "abbr": "NJ"
  }
},
{
  "pk": "6a3bd982-6726-4a42-b994-a1ff6949637e",
  "model": "location.state",
  "fields": {
    "deleted": null,
    "name": "California",
    "modified": "2015-08-31T17:25:06.930Z",
    "created": "2015-08-31T17:25:06.930Z",
    "abbr": "CA"
  }
},
{
  "pk": "6d333663-ef6f-49d8-a596-f5b0fae2068f",
  "model": "location.state",
  "fields": {
    "deleted": null,
    "name": "West Virginia",
    "modified": "2015-08-31T17:25:06.970Z",
    "created": "2015-08-31T17:25:06.970Z",
    "abbr": "WV"
  }
},
{
  "pk": "71591982-329d-43bb-b6c9-cdc803560b04",
  "model": "location.state",
  "fields": {
    "deleted": null,
    "name": "New York",
    "modified": "2015-08-31T17:25:06.957Z",
    "created": "2015-08-31T17:25:06.957Z",
    "abbr": "NY"
  }
},
{
  "pk": "779b3640-6304-4058-9312-5433495b8d81",
  "model": "location.state",
  "fields": {
    "deleted": null,
    "name": "New Hampshire",
    "modified": "2015-08-31T17:25:06.954Z",
    "created": "2015-08-31T17:25:06.954Z",
    "abbr": "NH"
  }
},
{
  "pk": "8399871a-88a9-4119-a56b-6e4f8d8bcb70",
  "model": "location.state",
  "fields": {
    "deleted": null,
    "name": "Illinois",
    "modified": "2015-08-31T17:25:06.937Z",
    "created": "2015-08-31T17:25:06.937Z",
    "abbr": "IL"
  }
},
{
  "pk": "8c072bc1-8dbf-4402-87f6-1679f46d5978",
  "model": "location.state",
  "fields": {
    "deleted": null,
    "name": "Lousiana",
    "modified": "2015-08-31T17:25:06.941Z",
    "created": "2015-08-31T17:25:06.941Z",
    "abbr": "LA"
  }
},
{
  "pk": "8d375fc2-21a6-4046-9fb7-78bf7e19509f",
  "model": "location.state",
  "fields": {
    "deleted": null,
    "name": "Florida",
    "modified": "2015-08-31T17:25:06.934Z",
    "created": "2015-08-31T17:25:06.934Z",
    "abbr": "FL"
  }
},
{
  "pk": "94c03ea0-ddf6-4ebb-af52-7f75d3842697",
  "model": "location.state",
  "fields": {
    "deleted": null,
    "name": "Minnesota",
    "modified": "2015-08-31T17:25:06.947Z",
    "created": "2015-08-31T17:25:06.947Z",
    "abbr": "MN"
  }
},
{
  "pk": "959b06c3-293b-40c8-984e-6d0775420848",
  "model": "location.state",
  "fields": {
    "deleted": null,
    "name": "Mississippi",
    "modified": "2015-08-31T17:25:06.948Z",
    "created": "2015-08-31T17:25:06.948Z",
    "abbr": "MS"
  }
},
{
  "pk": "997fcce5-2c14-4499-aa95-bd553d3f9bbd",
  "model": "location.state",
  "fields": {
    "deleted": null,
    "name": "District of Columbia",
    "modified": "2015-08-31T17:25:06.933Z",
    "created": "2015-08-31T17:25:06.933Z",
    "abbr": "DC"
  }
},
{
  "pk": "9a85843b-bec4-456b-bc03-9b7c4ffb1aff",
  "model": "location.state",
  "fields": {
    "deleted": null,
    "name": "South Dakota",
    "modified": "2015-08-31T17:25:06.964Z",
    "created": "2015-08-31T17:25:06.964Z",
    "abbr": "SD"
  }
},
{
  "pk": "9ad69030-cb37-4782-b540-a6639189cf88",
  "model": "location.state",
  "fields": {
    "deleted": null,
    "name": "Colorado",
    "modified": "2015-08-31T17:25:06.931Z",
    "created": "2015-08-31T17:25:06.931Z",
    "abbr": "CO"
  }
},
{
  "pk": "a928b0bc-16aa-486c-b736-b480942f9359",
  "model": "location.state",
  "fields": {
    "deleted": null,
    "name": "Texas",
    "modified": "2015-08-31T17:25:06.966Z",
    "created": "2015-08-31T17:25:06.966Z",
    "abbr": "TX"
  }
},
{
  "pk": "b1fcc9ce-f40a-41fa-b8b6-e85f9ba5303e",
  "model": "location.state",
  "fields": {
    "deleted": null,
    "name": "Montana",
    "modified": "2015-08-31T17:25:06.950Z",
    "created": "2015-08-31T17:25:06.950Z",
    "abbr": "MT"
  }
},
{
  "pk": "c1aa6e61-f80a-4706-a64f-b41609dcbb99",
  "model": "location.state",
  "fields": {
    "deleted": null,
    "name": "Hawaii",
    "modified": "2015-08-31T17:25:06.936Z",
    "created": "2015-08-31T17:25:06.936Z",
    "abbr": "HI"
  }
},
{
  "pk": "c8231041-8d85-4ba7-b48c-43a7e9360d08",
  "model": "location.state",
  "fields": {
    "deleted": null,
    "name": "Connecticut",
    "modified": "2015-08-31T17:25:06.932Z",
    "created": "2015-08-31T17:25:06.932Z",
    "abbr": "CT"
  }
},
{
  "pk": "c870604b-735c-4b8a-adf3-b2ff6ed9ede2",
  "model": "location.state",
  "fields": {
    "deleted": null,
    "name": "Nevada",
    "modified": "2015-08-31T17:25:06.953Z",
    "created": "2015-08-31T17:25:06.953Z",
    "abbr": "NV"
  }
},
{
  "pk": "c8c60b23-46d6-4a01-98bd-c80215d783b2",
  "model": "location.state",
  "fields": {
    "deleted": null,
    "name": "Maine",
    "modified": "2015-08-31T17:25:06.942Z",
    "created": "2015-08-31T17:25:06.942Z",
    "abbr": "ME"
  }
},
{
  "pk": "ca4ca3aa-bb43-4a98-a460-75305c961dae",
  "model": "location.state",
  "fields": {
    "deleted": null,
    "name": "North Carolina",
    "modified": "2015-08-31T17:25:06.958Z",
    "created": "2015-08-31T17:25:06.958Z",
    "abbr": "NC"
  }
},
{
  "pk": "cb49b530-4ef0-482b-ade0-e41801cee82c",
  "model": "location.state",
  "fields": {
    "deleted": null,
    "name": "Kentucky",
    "modified": "2015-08-31T17:25:06.940Z",
    "created": "2015-08-31T17:25:06.940Z",
    "abbr": "KY"
  }
},
{
  "pk": "dadf53e5-7d04-4918-bff4-d1a4d8e1798b",
  "model": "location.state",
  "fields": {
    "deleted": null,
    "name": "Washington",
    "modified": "2015-08-31T17:25:06.969Z",
    "created": "2015-08-31T17:25:06.969Z",
    "abbr": "WA"
  }
},
{
  "pk": "def07e9a-216c-4b80-b22c-3a64274c0105",
  "model": "location.state",
  "fields": {
    "deleted": null,
    "name": "Delaware",
    "modified": "2015-08-31T17:25:06.932Z",
    "created": "2015-08-31T17:25:06.932Z",
    "abbr": "DE"
  }
},
{
  "pk": "e39b86fc-d479-43c7-adc0-7f556c120856",
  "model": "location.state",
  "fields": {
    "deleted": null,
    "name": "Idaho",
    "modified": "2015-08-31T17:25:06.936Z",
    "created": "2015-08-31T17:25:06.936Z",
    "abbr": "ID"
  }
},
{
  "pk": "efe3cffe-3d7c-447d-8b73-d7f2fc61f061",
  "model": "location.state",
  "fields": {
    "deleted": null,
    "name": "Rhode Island",
    "modified": "2015-08-31T17:25:06.963Z",
    "created": "2015-08-31T17:25:06.963Z",
    "abbr": "RI"
  }
},
{
  "pk": "f1491c47-4d88-4657-b999-1c1f4dfa61a2",
  "model": "location.state",
  "fields": {
    "deleted": null,
    "name": "North Dakota",
    "modified": "2015-08-31T17:25:06.959Z",
    "created": "2015-08-31T17:25:06.959Z",
    "abbr": "ND"
  }
},
{
  "pk": "f490811b-eeb2-44e9-a42e-45875efea29c",
  "model": "location.state",
  "fields": {
    "deleted": null,
    "name": "Nebraska",
    "modified": "2015-08-31T17:25:06.952Z",
    "created": "2015-08-31T17:25:06.952Z",
    "abbr": "NE"
  }
},
{
  "pk": "f653a752-543f-4de5-a453-daf666df6575",
  "model": "location.state",
  "fields": {
    "deleted": null,
    "name": "Oklahoma",
    "modified": "2015-08-31T17:25:06.960Z",
    "created": "2015-08-31T17:25:06.960Z",
    "abbr": "OK"
  }
},
{
  "pk": "49986e62-1276-4107-bb44-6516102b6d04",
  "model": "location.country",
  "fields": {
    "deleted": null,
    "name": "Merica",
    "modified": "2015-08-31T17:25:27.634Z",
    "created": "2015-08-31T17:25:27.634Z"
  }
},
{
  "pk": "fcafef01-f608-4b83-aec9-7e8d4ab21d4d",
  "model": "location.country",
  "fields": {
    "deleted": null,
    "name": "Canada",
    "modified": "2015-08-31T17:25:27.637Z",
    "created": "2015-08-31T17:25:27.637Z"
  }
},
{
  "pk": "033f6df7-38c8-46ac-aa4d-f29446d57ad1",
  "model": "location.locationlevel",
  "fields": {
    "deleted": null,
    "name": "region",
    "modified": "2015-11-17T19:00:47.114Z",
    "children": [
      "46dbba5d-a860-420e-80ac-a3c5e306e223",
      "59bf58b4-2b0c-4a0e-9b67-c3bfc27d0c80"
    ],
    "created": "2015-11-17T19:00:47.114Z"
  }
},
{
  "pk": "1141246b-22d3-4675-b21c-09ada53a64f6",
  "model": "location.locationlevel",
  "fields": {
    "deleted": null,
    "name": "Company",
    "modified": "2015-12-04T16:00:46.371Z",
    "children": [],
    "created": "2015-12-04T16:00:46.371Z"
  }
},
{
  "pk": "46dbba5d-a860-420e-80ac-a3c5e306e223",
  "model": "location.locationlevel",
  "fields": {
    "deleted": null,
    "name": "district_lp",
    "modified": "2015-11-17T19:00:47.118Z",
    "children": [],
    "created": "2015-11-17T19:00:47.118Z"
  }
},
{
  "pk": "475573b4-4f83-465c-862a-c9c2306f0bab",
  "model": "location.locationlevel",
  "fields": {
    "deleted": null,
    "name": "store",
    "modified": "2015-11-17T19:00:47.120Z",
    "children": [
      "8bc5bd9f-3e27-44f8-bbad-17daeb67e16b"
    ],
    "created": "2015-11-17T19:00:47.120Z"
  }
},
{
  "pk": "59bf58b4-2b0c-4a0e-9b67-c3bfc27d0c80",
  "model": "location.locationlevel",
  "fields": {
    "deleted": null,
    "name": "district",
    "modified": "2015-11-17T19:00:47.117Z",
    "children": [
      "475573b4-4f83-465c-862a-c9c2306f0bab"
    ],
    "created": "2015-11-17T19:00:47.117Z"
  }
},
{
  "pk": "8bc5bd9f-3e27-44f8-bbad-17daeb67e16b",
  "model": "location.locationlevel",
  "fields": {
    "deleted": null,
    "name": "department",
    "modified": "2015-11-17T19:00:47.122Z",
    "children": [],
    "created": "2015-11-17T19:00:47.122Z"
  }
},
{
  "pk": "90ef2f41-f279-4323-9829-1fcac4bae2ac",
  "model": "location.locationstatus",
  "fields": {
    "deleted": null,
    "name": "Open",
    "modified": "2015-11-17T19:00:47.134Z",
    "created": "2015-11-17T19:00:47.134Z"
  }
},
{
  "pk": "554e54dd-2bac-4546-9819-9300ae6e8d1b",
  "model": "location.locationtype",
  "fields": {
    "deleted": null,
    "name": "big_store",
    "modified": "2015-11-17T19:00:47.136Z",
    "created": "2015-11-17T19:00:47.136Z"
  }
},
{
  "pk": "04e72bce-d65a-45fb-a673-1209a337f5fd",
  "model": "location.location",
  "fields": {
    "deleted": null,
    "status": "90ef2f41-f279-4323-9829-1fcac4bae2ac",
    "name": "san_diego",
    "type": "554e54dd-2bac-4546-9819-9300ae6e8d1b",
    "location_level": "475573b4-4f83-465c-862a-c9c2306f0bab",
    "modified": "2015-12-03T19:48:24.138Z",
    "number": "jxoKnbzoka",
    "children": [],
    "created": "2015-12-03T19:48:24.138Z"
  }
},
{
  "pk": "0fcf1265-7f5e-4b89-bda5-695c2cbe95d0",
  "model": "location.location",
  "fields": {
    "deleted": null,
    "status": "90ef2f41-f279-4323-9829-1fcac4bae2ac",
    "name": "east",
    "type": "554e54dd-2bac-4546-9819-9300ae6e8d1b",
    "location_level": "033f6df7-38c8-46ac-aa4d-f29446d57ad1",
    "modified": "2015-12-03T19:48:24.018Z",
    "number": "FZQHStVZdp",
    "children": [
      "3effab09-ef05-46a7-8092-815bc2afa235",
      "d1f79248-3196-4837-a027-91bc424a7052"
    ],
    "created": "2015-12-03T19:48:24.018Z"
  }
},
{
  "pk": "17474fea-1b3f-4272-a6e2-3f53817d5e43",
  "model": "location.location",
  "fields": {
    "deleted": null,
    "status": "90ef2f41-f279-4323-9829-1fcac4bae2ac",
    "name": "los_angeles",
    "type": "554e54dd-2bac-4546-9819-9300ae6e8d1b",
    "location_level": "475573b4-4f83-465c-862a-c9c2306f0bab",
    "modified": "2015-12-03T19:48:24.038Z",
    "number": "yyaDsUaFCK",
    "children": [],
    "created": "2015-12-03T19:48:24.038Z"
  }
},
{
  "pk": "1939587f-2416-48b1-8848-b0ccc5d0f800",
  "model": "location.location",
  "fields": {
    "deleted": null,
    "status": "90ef2f41-f279-4323-9829-1fcac4bae2ac",
    "name": "east",
    "type": "554e54dd-2bac-4546-9819-9300ae6e8d1b",
    "location_level": "033f6df7-38c8-46ac-aa4d-f29446d57ad1",
    "modified": "2015-11-17T19:00:47.138Z",
    "number": "sBHGnMHFIv",
    "children": [
      "93eb665f-a5a9-4a73-85fc-949d2f4ebbda",
      "51c5df66-0afb-4f61-9219-96e4ddcd109a"
    ],
    "created": "2015-11-17T19:00:47.138Z"
  }
},
{
  "pk": "19f3cf48-45cf-45e3-aaa6-8df4be00fb71",
  "model": "location.location",
  "fields": {
    "deleted": null,
    "status": "90ef2f41-f279-4323-9829-1fcac4bae2ac",
    "name": "los_angeles",
    "type": "554e54dd-2bac-4546-9819-9300ae6e8d1b",
    "location_level": "475573b4-4f83-465c-862a-c9c2306f0bab",
    "modified": "2015-12-03T19:48:24.141Z",
    "number": "lSHiueiqeR",
    "children": [],
    "created": "2015-12-03T19:48:24.141Z"
  }
},
{
  "pk": "215ec16e-d7ff-4e59-b334-2a4182e9dbed",
  "model": "location.location",
  "fields": {
    "deleted": null,
    "status": "90ef2f41-f279-4323-9829-1fcac4bae2ac",
    "name": "east",
    "type": "554e54dd-2bac-4546-9819-9300ae6e8d1b",
    "location_level": "033f6df7-38c8-46ac-aa4d-f29446d57ad1",
    "modified": "2015-12-03T19:45:57.276Z",
    "number": "WhEruGZqtp",
    "children": [
      "30cb7928-5ee6-4e15-8395-8b581466dd54",
      "72d18492-a781-460f-8f0e-64af60bf2fed"
    ],
    "created": "2015-12-03T19:45:57.276Z"
  }
},
{
  "pk": "278fc38c-8f8c-4b17-b185-ed6566d4c34d",
  "model": "location.location",
  "fields": {
    "deleted": null,
    "status": "90ef2f41-f279-4323-9829-1fcac4bae2ac",
    "name": "los_angeles",
    "type": "554e54dd-2bac-4546-9819-9300ae6e8d1b",
    "location_level": "475573b4-4f83-465c-862a-c9c2306f0bab",
    "modified": "2015-11-17T19:00:47.194Z",
    "number": "VCjZcSCtNp",
    "children": [],
    "created": "2015-11-17T19:00:47.194Z"
  }
},
{
  "pk": "30cb7928-5ee6-4e15-8395-8b581466dd54",
  "model": "location.location",
  "fields": {
    "deleted": null,
    "status": "90ef2f41-f279-4323-9829-1fcac4bae2ac",
    "name": "ca",
    "type": "554e54dd-2bac-4546-9819-9300ae6e8d1b",
    "location_level": "59bf58b4-2b0c-4a0e-9b67-c3bfc27d0c80",
    "modified": "2015-12-03T19:45:57.280Z",
    "number": "YisNznTXez",
    "children": [
      "c5b9007d-8210-4624-a9a8-fd92a38156f6",
      "c801d533-1d23-42ab-9949-2ce243c4a927"
    ],
    "created": "2015-12-03T19:45:57.280Z"
  }
},
{
  "pk": "3effab09-ef05-46a7-8092-815bc2afa235",
  "model": "location.location",
  "fields": {
    "deleted": null,
    "status": "90ef2f41-f279-4323-9829-1fcac4bae2ac",
    "name": "ca",
    "type": "554e54dd-2bac-4546-9819-9300ae6e8d1b",
    "location_level": "59bf58b4-2b0c-4a0e-9b67-c3bfc27d0c80",
    "modified": "2015-12-03T19:48:24.026Z",
    "number": "yGMtrXUdcT",
    "children": [
      "17474fea-1b3f-4272-a6e2-3f53817d5e43",
      "ecf85065-cd2c-4583-bb9a-095a893a66bb"
    ],
    "created": "2015-12-03T19:48:24.026Z"
  }
},
{
  "pk": "4666d475-ecf2-43a3-b322-737cf3e91f38",
  "model": "location.location",
  "fields": {
    "deleted": null,
    "status": "90ef2f41-f279-4323-9829-1fcac4bae2ac",
    "name": "san_diego",
    "type": "554e54dd-2bac-4546-9819-9300ae6e8d1b",
    "location_level": "475573b4-4f83-465c-862a-c9c2306f0bab",
    "modified": "2015-11-17T19:00:47.151Z",
    "number": "wlfqcGvAsy",
    "children": [],
    "created": "2015-11-17T19:00:47.151Z"
  }
},
{
  "pk": "51c5df66-0afb-4f61-9219-96e4ddcd109a",
  "model": "location.location",
  "fields": {
    "deleted": null,
    "status": "90ef2f41-f279-4323-9829-1fcac4bae2ac",
    "name": "nv",
    "type": "554e54dd-2bac-4546-9819-9300ae6e8d1b",
    "location_level": "59bf58b4-2b0c-4a0e-9b67-c3bfc27d0c80",
    "modified": "2015-11-17T19:00:47.147Z",
    "number": "NwNBglJoVO",
    "children": [],
    "created": "2015-11-17T19:00:47.147Z"
  }
},
{
  "pk": "665b884c-e302-4914-be4b-b924aa99e70f",
  "model": "location.location",
  "fields": {
    "deleted": null,
    "status": "90ef2f41-f279-4323-9829-1fcac4bae2ac",
    "name": "ca",
    "type": "554e54dd-2bac-4546-9819-9300ae6e8d1b",
    "location_level": "59bf58b4-2b0c-4a0e-9b67-c3bfc27d0c80",
    "modified": "2015-12-03T19:45:57.173Z",
    "number": "PEVTVMRRbD",
    "children": [
      "d2708199-8d7b-4242-bf78-0a2ca260f258",
      "81979ede-5096-48fa-8f92-4eabd8b015ab"
    ],
    "created": "2015-12-03T19:45:57.173Z"
  }
},
{
  "pk": "67d81fbb-a41b-4e67-9daa-595e0b8fb5ed",
  "model": "location.location",
  "fields": {
    "deleted": null,
    "status": "90ef2f41-f279-4323-9829-1fcac4bae2ac",
    "name": "east",
    "type": "554e54dd-2bac-4546-9819-9300ae6e8d1b",
    "location_level": "033f6df7-38c8-46ac-aa4d-f29446d57ad1",
    "modified": "2015-11-17T19:00:47.178Z",
    "number": "tDxsYCXYry",
    "children": [
      "88667073-009a-46c7-a156-dc892a671a9c",
      "eb81b549-5cd8-4e77-8b5f-e5a519a8fd1e"
    ],
    "created": "2015-11-17T19:00:47.178Z"
  }
},
{
  "pk": "6b01553c-fc44-4633-accd-5c7dc517521d",
  "model": "location.location",
  "fields": {
    "deleted": null,
    "status": "90ef2f41-f279-4323-9829-1fcac4bae2ac",
    "name": "los_angeles",
    "type": "554e54dd-2bac-4546-9819-9300ae6e8d1b",
    "location_level": "475573b4-4f83-465c-862a-c9c2306f0bab",
    "modified": "2015-11-17T19:00:47.155Z",
    "number": "zlZvKbcidt",
    "children": [],
    "created": "2015-11-17T19:00:47.155Z"
  }
},
{
  "pk": "72d18492-a781-460f-8f0e-64af60bf2fed",
  "model": "location.location",
  "fields": {
    "deleted": null,
    "status": "90ef2f41-f279-4323-9829-1fcac4bae2ac",
    "name": "nv",
    "type": "554e54dd-2bac-4546-9819-9300ae6e8d1b",
    "location_level": "59bf58b4-2b0c-4a0e-9b67-c3bfc27d0c80",
    "modified": "2015-12-03T19:45:57.284Z",
    "number": "HBiTDZqOsv",
    "children": [],
    "created": "2015-12-03T19:45:57.284Z"
  }
},
{
  "pk": "81979ede-5096-48fa-8f92-4eabd8b015ab",
  "model": "location.location",
  "fields": {
    "deleted": null,
    "status": "90ef2f41-f279-4323-9829-1fcac4bae2ac",
    "name": "san_diego",
    "type": "554e54dd-2bac-4546-9819-9300ae6e8d1b",
    "location_level": "475573b4-4f83-465c-862a-c9c2306f0bab",
    "modified": "2015-12-03T19:45:57.181Z",
    "number": "hNLNmXNgsD",
    "children": [],
    "created": "2015-12-03T19:45:57.181Z"
  }
},
{
  "pk": "8281115a-4779-40be-ab98-160604380f99",
  "model": "location.location",
  "fields": {
    "deleted": null,
    "status": "90ef2f41-f279-4323-9829-1fcac4bae2ac",
    "name": "ca",
    "type": "554e54dd-2bac-4546-9819-9300ae6e8d1b",
    "location_level": "59bf58b4-2b0c-4a0e-9b67-c3bfc27d0c80",
    "modified": "2015-12-03T19:48:24.131Z",
    "number": "KZnnKctzpX",
    "children": [
      "19f3cf48-45cf-45e3-aaa6-8df4be00fb71",
      "04e72bce-d65a-45fb-a673-1209a337f5fd"
    ],
    "created": "2015-12-03T19:48:24.130Z"
  }
},
{
  "pk": "88667073-009a-46c7-a156-dc892a671a9c",
  "model": "location.location",
  "fields": {
    "deleted": null,
    "status": "90ef2f41-f279-4323-9829-1fcac4bae2ac",
    "name": "ca",
    "type": "554e54dd-2bac-4546-9819-9300ae6e8d1b",
    "location_level": "59bf58b4-2b0c-4a0e-9b67-c3bfc27d0c80",
    "modified": "2015-11-17T19:00:47.183Z",
    "number": "IpxnLzLWLr",
    "children": [
      "278fc38c-8f8c-4b17-b185-ed6566d4c34d",
      "fc4f3929-320d-4b54-a166-bd8f981a541d"
    ],
    "created": "2015-11-17T19:00:47.183Z"
  }
},
{
  "pk": "93eb665f-a5a9-4a73-85fc-949d2f4ebbda",
  "model": "location.location",
  "fields": {
    "deleted": null,
    "status": "90ef2f41-f279-4323-9829-1fcac4bae2ac",
    "name": "ca",
    "type": "554e54dd-2bac-4546-9819-9300ae6e8d1b",
    "location_level": "59bf58b4-2b0c-4a0e-9b67-c3bfc27d0c80",
    "modified": "2015-11-17T19:00:47.143Z",
    "number": "eGgxPHfmsm",
    "children": [
      "6b01553c-fc44-4633-accd-5c7dc517521d",
      "4666d475-ecf2-43a3-b322-737cf3e91f38"
    ],
    "created": "2015-11-17T19:00:47.143Z"
  }
},
{
  "pk": "c23e058c-0d6f-45a2-b688-7055ebdc1c7b",
  "model": "location.location",
  "fields": {
    "deleted": null,
    "status": "90ef2f41-f279-4323-9829-1fcac4bae2ac",
    "name": "east",
    "type": "554e54dd-2bac-4546-9819-9300ae6e8d1b",
    "location_level": "033f6df7-38c8-46ac-aa4d-f29446d57ad1",
    "modified": "2015-12-03T19:48:24.126Z",
    "number": "vJlMIkIlgb",
    "children": [
      "8281115a-4779-40be-ab98-160604380f99",
      "c4864cb4-2057-4537-98e0-641c0d9d1ba0"
    ],
    "created": "2015-12-03T19:48:24.126Z"
  }
},
{
  "pk": "c4864cb4-2057-4537-98e0-641c0d9d1ba0",
  "model": "location.location",
  "fields": {
    "deleted": null,
    "status": "90ef2f41-f279-4323-9829-1fcac4bae2ac",
    "name": "nv",
    "type": "554e54dd-2bac-4546-9819-9300ae6e8d1b",
    "location_level": "59bf58b4-2b0c-4a0e-9b67-c3bfc27d0c80",
    "modified": "2015-12-03T19:48:24.134Z",
    "number": "NhxWLkGiYk",
    "children": [],
    "created": "2015-12-03T19:48:24.134Z"
  }
},
{
  "pk": "c5b9007d-8210-4624-a9a8-fd92a38156f6",
  "model": "location.location",
  "fields": {
    "deleted": null,
    "status": "90ef2f41-f279-4323-9829-1fcac4bae2ac",
    "name": "los_angeles",
    "type": "554e54dd-2bac-4546-9819-9300ae6e8d1b",
    "location_level": "475573b4-4f83-465c-862a-c9c2306f0bab",
    "modified": "2015-12-03T19:45:57.291Z",
    "number": "UJtfUhHsCd",
    "children": [],
    "created": "2015-12-03T19:45:57.291Z"
  }
},
{
  "pk": "c801d533-1d23-42ab-9949-2ce243c4a927",
  "model": "location.location",
  "fields": {
    "deleted": null,
    "status": "90ef2f41-f279-4323-9829-1fcac4bae2ac",
    "name": "san_diego",
    "type": "554e54dd-2bac-4546-9819-9300ae6e8d1b",
    "location_level": "475573b4-4f83-465c-862a-c9c2306f0bab",
    "modified": "2015-12-03T19:45:57.288Z",
    "number": "LzYcuzFvrI",
    "children": [],
    "created": "2015-12-03T19:45:57.288Z"
  }
},
{
  "pk": "c8bd90d0-f836-4c4c-b391-c123518b8112",
  "model": "location.location",
  "fields": {
    "deleted": null,
    "status": "90ef2f41-f279-4323-9829-1fcac4bae2ac",
    "name": "nv",
    "type": "554e54dd-2bac-4546-9819-9300ae6e8d1b",
    "location_level": "59bf58b4-2b0c-4a0e-9b67-c3bfc27d0c80",
    "modified": "2015-12-03T19:45:57.176Z",
    "number": "lSaNuZPXlj",
    "children": [],
    "created": "2015-12-03T19:45:57.176Z"
  }
},
{
  "pk": "d1e890fd-eb9f-43fc-90fb-af92bb044ca9",
  "model": "location.location",
  "fields": {
    "deleted": null,
    "status": "90ef2f41-f279-4323-9829-1fcac4bae2ac",
    "name": "east",
    "type": "554e54dd-2bac-4546-9819-9300ae6e8d1b",
    "location_level": "033f6df7-38c8-46ac-aa4d-f29446d57ad1",
    "modified": "2015-12-03T19:45:57.164Z",
    "number": "BxFZdwQqBb",
    "children": [
      "665b884c-e302-4914-be4b-b924aa99e70f",
      "c8bd90d0-f836-4c4c-b391-c123518b8112"
    ],
    "created": "2015-12-03T19:45:57.164Z"
  }
},
{
  "pk": "d1f79248-3196-4837-a027-91bc424a7052",
  "model": "location.location",
  "fields": {
    "deleted": null,
    "status": "90ef2f41-f279-4323-9829-1fcac4bae2ac",
    "name": "nv",
    "type": "554e54dd-2bac-4546-9819-9300ae6e8d1b",
    "location_level": "59bf58b4-2b0c-4a0e-9b67-c3bfc27d0c80",
    "modified": "2015-12-03T19:48:24.030Z",
    "number": "LnXcOobvnA",
    "children": [],
    "created": "2015-12-03T19:48:24.030Z"
  }
},
{
  "pk": "d2708199-8d7b-4242-bf78-0a2ca260f258",
  "model": "location.location",
  "fields": {
    "deleted": null,
    "status": "90ef2f41-f279-4323-9829-1fcac4bae2ac",
    "name": "los_angeles",
    "type": "554e54dd-2bac-4546-9819-9300ae6e8d1b",
    "location_level": "475573b4-4f83-465c-862a-c9c2306f0bab",
    "modified": "2015-12-03T19:45:57.184Z",
    "number": "cmMZcDkFIL",
    "children": [],
    "created": "2015-12-03T19:45:57.184Z"
  }
},
{
  "pk": "eb81b549-5cd8-4e77-8b5f-e5a519a8fd1e",
  "model": "location.location",
  "fields": {
    "deleted": null,
    "status": "90ef2f41-f279-4323-9829-1fcac4bae2ac",
    "name": "nv",
    "type": "554e54dd-2bac-4546-9819-9300ae6e8d1b",
    "location_level": "59bf58b4-2b0c-4a0e-9b67-c3bfc27d0c80",
    "modified": "2015-11-17T19:00:47.186Z",
    "number": "iZlKRBfPZf",
    "children": [],
    "created": "2015-11-17T19:00:47.186Z"
  }
},
{
  "pk": "ecf85065-cd2c-4583-bb9a-095a893a66bb",
  "model": "location.location",
  "fields": {
    "deleted": null,
    "status": "90ef2f41-f279-4323-9829-1fcac4bae2ac",
    "name": "san_diego",
    "type": "554e54dd-2bac-4546-9819-9300ae6e8d1b",
    "location_level": "475573b4-4f83-465c-862a-c9c2306f0bab",
    "modified": "2015-12-03T19:48:24.035Z",
    "number": "nbjuuaGIKL",
    "children": [],
    "created": "2015-12-03T19:48:24.035Z"
  }
},
{
  "pk": "fc4f3929-320d-4b54-a166-bd8f981a541d",
  "model": "location.location",
  "fields": {
    "deleted": null,
    "status": "90ef2f41-f279-4323-9829-1fcac4bae2ac",
    "name": "san_diego",
    "type": "554e54dd-2bac-4546-9819-9300ae6e8d1b",
    "location_level": "475573b4-4f83-465c-862a-c9c2306f0bab",
    "modified": "2015-11-17T19:00:47.190Z",
    "number": "kywNuvdWsm",
    "children": [],
    "created": "2015-11-17T19:00:47.190Z"
  }
}
]
