[
{
  "pk": "49986e62-1276-4107-bb44-6516102b6d04",
  "model": "location.country",
  "fields": {
    "modified": "2015-08-31T17:25:27.634Z",
    "name": "Merica",
    "created": "2015-08-31T17:25:27.634Z",
    "deleted": null
  }
},
{
  "pk": "fcafef01-f608-4b83-aec9-7e8d4ab21d4d",
  "model": "location.country",
  "fields": {
    "modified": "2015-08-31T17:25:27.637Z",
    "name": "Canada",
    "created": "2015-08-31T17:25:27.637Z",
    "deleted": null
  }
},
{
  "pk": "033f6df7-38c8-46ac-aa4d-f29446d57ad1",
  "model": "location.locationlevel",
  "fields": {
    "modified": "2015-11-17T19:00:47.114Z",
    "name": "region",
    "created": "2015-11-17T19:00:47.114Z",
    "deleted": null,
    "children": [
      "46dbba5d-a860-420e-80ac-a3c5e306e223",
      "59bf58b4-2b0c-4a0e-9b67-c3bfc27d0c80"
    ]
  }
},
{
  "pk": "11302891-4c4b-4e2a-8fe0-f83673a5c226",
  "model": "location.locationlevel",
  "fields": {
    "modified": "2015-12-04T20:32:37.111Z",
    "name": "Company",
    "created": "2015-12-04T20:32:37.111Z",
    "deleted": null,
    "children": [
      "033f6df7-38c8-46ac-aa4d-f29446d57ad1",
      "46dbba5d-a860-420e-80ac-a3c5e306e223",
      "475573b4-4f83-465c-862a-c9c2306f0bab",
      "59bf58b4-2b0c-4a0e-9b67-c3bfc27d0c80",
      "8bc5bd9f-3e27-44f8-bbad-17daeb67e16b"
    ]
  }
},
{
  "pk": "46dbba5d-a860-420e-80ac-a3c5e306e223",
  "model": "location.locationlevel",
  "fields": {
    "modified": "2015-11-17T19:00:47.118Z",
    "name": "district_lp",
    "created": "2015-11-17T19:00:47.118Z",
    "deleted": null,
    "children": []
  }
},
{
  "pk": "475573b4-4f83-465c-862a-c9c2306f0bab",
  "model": "location.locationlevel",
  "fields": {
    "modified": "2015-11-17T19:00:47.120Z",
    "name": "store",
    "created": "2015-11-17T19:00:47.120Z",
    "deleted": null,
    "children": [
      "8bc5bd9f-3e27-44f8-bbad-17daeb67e16b"
    ]
  }
},
{
  "pk": "59bf58b4-2b0c-4a0e-9b67-c3bfc27d0c80",
  "model": "location.locationlevel",
  "fields": {
    "modified": "2015-11-17T19:00:47.117Z",
    "name": "district",
    "created": "2015-11-17T19:00:47.117Z",
    "deleted": null,
    "children": [
      "475573b4-4f83-465c-862a-c9c2306f0bab"
    ]
  }
},
{
  "pk": "8bc5bd9f-3e27-44f8-bbad-17daeb67e16b",
  "model": "location.locationlevel",
  "fields": {
    "modified": "2015-11-17T19:00:47.122Z",
    "name": "department",
    "created": "2015-11-17T19:00:47.122Z",
    "deleted": null,
    "children": []
  }
},
{
  "pk": "90ef2f41-f279-4323-9829-1fcac4bae2ac",
  "model": "location.locationstatus",
  "fields": {
    "modified": "2015-11-17T19:00:47.134Z",
    "name": "Open",
    "created": "2015-11-17T19:00:47.134Z",
    "deleted": null
  }
},
{
  "pk": "554e54dd-2bac-4546-9819-9300ae6e8d1b",
  "model": "location.locationtype",
  "fields": {
    "modified": "2015-11-17T19:00:47.136Z",
    "name": "big_store",
    "created": "2015-11-17T19:00:47.136Z",
    "deleted": null
  }
},
{
  "pk": "04e72bce-d65a-45fb-a673-1209a337f5fd",
  "model": "location.location",
  "fields": {
    "number": "jxoKnbzoka",
    "created": "2015-12-03T19:48:24.138Z",
    "location_level": "475573b4-4f83-465c-862a-c9c2306f0bab",
    "deleted": null,
    "name": "san_diego",
    "modified": "2015-12-03T19:48:24.138Z",
    "status": "90ef2f41-f279-4323-9829-1fcac4bae2ac",
    "type": "554e54dd-2bac-4546-9819-9300ae6e8d1b",
    "children": []
  }
},
{
  "pk": "0fcf1265-7f5e-4b89-bda5-695c2cbe95d0",
  "model": "location.location",
  "fields": {
    "number": "FZQHStVZdp",
    "created": "2015-12-03T19:48:24.018Z",
    "location_level": "033f6df7-38c8-46ac-aa4d-f29446d57ad1",
    "deleted": null,
    "name": "east",
    "modified": "2015-12-03T19:48:24.018Z",
    "status": "90ef2f41-f279-4323-9829-1fcac4bae2ac",
    "type": "554e54dd-2bac-4546-9819-9300ae6e8d1b",
    "children": [
      "3effab09-ef05-46a7-8092-815bc2afa235",
      "d1f79248-3196-4837-a027-91bc424a7052"
    ]
  }
},
{
  "pk": "17474fea-1b3f-4272-a6e2-3f53817d5e43",
  "model": "location.location",
  "fields": {
    "number": "yyaDsUaFCK",
    "created": "2015-12-03T19:48:24.038Z",
    "location_level": "475573b4-4f83-465c-862a-c9c2306f0bab",
    "deleted": null,
    "name": "los_angeles",
    "modified": "2015-12-03T19:48:24.038Z",
    "status": "90ef2f41-f279-4323-9829-1fcac4bae2ac",
    "type": "554e54dd-2bac-4546-9819-9300ae6e8d1b",
    "children": []
  }
},
{
  "pk": "1939587f-2416-48b1-8848-b0ccc5d0f800",
  "model": "location.location",
  "fields": {
    "number": "sBHGnMHFIv",
    "created": "2015-11-17T19:00:47.138Z",
    "location_level": "033f6df7-38c8-46ac-aa4d-f29446d57ad1",
    "deleted": null,
    "name": "east",
    "modified": "2015-11-17T19:00:47.138Z",
    "status": "90ef2f41-f279-4323-9829-1fcac4bae2ac",
    "type": "554e54dd-2bac-4546-9819-9300ae6e8d1b",
    "children": [
      "93eb665f-a5a9-4a73-85fc-949d2f4ebbda",
      "51c5df66-0afb-4f61-9219-96e4ddcd109a"
    ]
  }
},
{
  "pk": "19f3cf48-45cf-45e3-aaa6-8df4be00fb71",
  "model": "location.location",
  "fields": {
    "number": "lSHiueiqeR",
    "created": "2015-12-03T19:48:24.141Z",
    "location_level": "475573b4-4f83-465c-862a-c9c2306f0bab",
    "deleted": null,
    "name": "los_angeles",
    "modified": "2015-12-03T19:48:24.141Z",
    "status": "90ef2f41-f279-4323-9829-1fcac4bae2ac",
    "type": "554e54dd-2bac-4546-9819-9300ae6e8d1b",
    "children": []
  }
},
{
  "pk": "215ec16e-d7ff-4e59-b334-2a4182e9dbed",
  "model": "location.location",
  "fields": {
    "number": "WhEruGZqtp",
    "created": "2015-12-03T19:45:57.276Z",
    "location_level": "033f6df7-38c8-46ac-aa4d-f29446d57ad1",
    "deleted": null,
    "name": "east",
    "modified": "2015-12-03T19:45:57.276Z",
    "status": "90ef2f41-f279-4323-9829-1fcac4bae2ac",
    "type": "554e54dd-2bac-4546-9819-9300ae6e8d1b",
    "children": [
      "30cb7928-5ee6-4e15-8395-8b581466dd54",
      "72d18492-a781-460f-8f0e-64af60bf2fed"
    ]
  }
},
{
  "pk": "278fc38c-8f8c-4b17-b185-ed6566d4c34d",
  "model": "location.location",
  "fields": {
    "number": "VCjZcSCtNp",
    "created": "2015-11-17T19:00:47.194Z",
    "location_level": "475573b4-4f83-465c-862a-c9c2306f0bab",
    "deleted": null,
    "name": "los_angeles",
    "modified": "2015-11-17T19:00:47.194Z",
    "status": "90ef2f41-f279-4323-9829-1fcac4bae2ac",
    "type": "554e54dd-2bac-4546-9819-9300ae6e8d1b",
    "children": []
  }
},
{
  "pk": "30cb7928-5ee6-4e15-8395-8b581466dd54",
  "model": "location.location",
  "fields": {
    "number": "YisNznTXez",
    "created": "2015-12-03T19:45:57.280Z",
    "location_level": "59bf58b4-2b0c-4a0e-9b67-c3bfc27d0c80",
    "deleted": null,
    "name": "ca",
    "modified": "2015-12-03T19:45:57.280Z",
    "status": "90ef2f41-f279-4323-9829-1fcac4bae2ac",
    "type": "554e54dd-2bac-4546-9819-9300ae6e8d1b",
    "children": [
      "c5b9007d-8210-4624-a9a8-fd92a38156f6",
      "c801d533-1d23-42ab-9949-2ce243c4a927"
    ]
  }
},
{
  "pk": "3effab09-ef05-46a7-8092-815bc2afa235",
  "model": "location.location",
  "fields": {
    "number": "yGMtrXUdcT",
    "created": "2015-12-03T19:48:24.026Z",
    "location_level": "59bf58b4-2b0c-4a0e-9b67-c3bfc27d0c80",
    "deleted": null,
    "name": "ca",
    "modified": "2015-12-03T19:48:24.026Z",
    "status": "90ef2f41-f279-4323-9829-1fcac4bae2ac",
    "type": "554e54dd-2bac-4546-9819-9300ae6e8d1b",
    "children": [
      "17474fea-1b3f-4272-a6e2-3f53817d5e43",
      "ecf85065-cd2c-4583-bb9a-095a893a66bb"
    ]
  }
},
{
  "pk": "4666d475-ecf2-43a3-b322-737cf3e91f38",
  "model": "location.location",
  "fields": {
    "number": "wlfqcGvAsy",
    "created": "2015-11-17T19:00:47.151Z",
    "location_level": "475573b4-4f83-465c-862a-c9c2306f0bab",
    "deleted": null,
    "name": "san_diego",
    "modified": "2015-11-17T19:00:47.151Z",
    "status": "90ef2f41-f279-4323-9829-1fcac4bae2ac",
    "type": "554e54dd-2bac-4546-9819-9300ae6e8d1b",
    "children": []
  }
},
{
  "pk": "51c5df66-0afb-4f61-9219-96e4ddcd109a",
  "model": "location.location",
  "fields": {
    "number": "NwNBglJoVO",
    "created": "2015-11-17T19:00:47.147Z",
    "location_level": "59bf58b4-2b0c-4a0e-9b67-c3bfc27d0c80",
    "deleted": null,
    "name": "nv",
    "modified": "2015-11-17T19:00:47.147Z",
    "status": "90ef2f41-f279-4323-9829-1fcac4bae2ac",
    "type": "554e54dd-2bac-4546-9819-9300ae6e8d1b",
    "children": []
  }
},
{
  "pk": "665b884c-e302-4914-be4b-b924aa99e70f",
  "model": "location.location",
  "fields": {
    "number": "PEVTVMRRbD",
    "created": "2015-12-03T19:45:57.173Z",
    "location_level": "59bf58b4-2b0c-4a0e-9b67-c3bfc27d0c80",
    "deleted": null,
    "name": "ca",
    "modified": "2015-12-03T19:45:57.173Z",
    "status": "90ef2f41-f279-4323-9829-1fcac4bae2ac",
    "type": "554e54dd-2bac-4546-9819-9300ae6e8d1b",
    "children": [
      "d2708199-8d7b-4242-bf78-0a2ca260f258",
      "81979ede-5096-48fa-8f92-4eabd8b015ab"
    ]
  }
},
{
  "pk": "67d81fbb-a41b-4e67-9daa-595e0b8fb5ed",
  "model": "location.location",
  "fields": {
    "number": "tDxsYCXYry",
    "created": "2015-11-17T19:00:47.178Z",
    "location_level": "033f6df7-38c8-46ac-aa4d-f29446d57ad1",
    "deleted": null,
    "name": "east",
    "modified": "2015-11-17T19:00:47.178Z",
    "status": "90ef2f41-f279-4323-9829-1fcac4bae2ac",
    "type": "554e54dd-2bac-4546-9819-9300ae6e8d1b",
    "children": [
      "88667073-009a-46c7-a156-dc892a671a9c",
      "eb81b549-5cd8-4e77-8b5f-e5a519a8fd1e"
    ]
  }
},
{
  "pk": "6b01553c-fc44-4633-accd-5c7dc517521d",
  "model": "location.location",
  "fields": {
    "number": "zlZvKbcidt",
    "created": "2015-11-17T19:00:47.155Z",
    "location_level": "475573b4-4f83-465c-862a-c9c2306f0bab",
    "deleted": null,
    "name": "los_angeles",
    "modified": "2015-11-17T19:00:47.155Z",
    "status": "90ef2f41-f279-4323-9829-1fcac4bae2ac",
    "type": "554e54dd-2bac-4546-9819-9300ae6e8d1b",
    "children": []
  }
},
{
  "pk": "72d18492-a781-460f-8f0e-64af60bf2fed",
  "model": "location.location",
  "fields": {
    "number": "HBiTDZqOsv",
    "created": "2015-12-03T19:45:57.284Z",
    "location_level": "59bf58b4-2b0c-4a0e-9b67-c3bfc27d0c80",
    "deleted": null,
    "name": "nv",
    "modified": "2015-12-03T19:45:57.284Z",
    "status": "90ef2f41-f279-4323-9829-1fcac4bae2ac",
    "type": "554e54dd-2bac-4546-9819-9300ae6e8d1b",
    "children": []
  }
},
{
  "pk": "81979ede-5096-48fa-8f92-4eabd8b015ab",
  "model": "location.location",
  "fields": {
    "number": "hNLNmXNgsD",
    "created": "2015-12-03T19:45:57.181Z",
    "location_level": "475573b4-4f83-465c-862a-c9c2306f0bab",
    "deleted": null,
    "name": "san_diego",
    "modified": "2015-12-03T19:45:57.181Z",
    "status": "90ef2f41-f279-4323-9829-1fcac4bae2ac",
    "type": "554e54dd-2bac-4546-9819-9300ae6e8d1b",
    "children": []
  }
},
{
  "pk": "8281115a-4779-40be-ab98-160604380f99",
  "model": "location.location",
  "fields": {
    "number": "KZnnKctzpX",
    "created": "2015-12-03T19:48:24.130Z",
    "location_level": "59bf58b4-2b0c-4a0e-9b67-c3bfc27d0c80",
    "deleted": null,
    "name": "ca",
    "modified": "2015-12-03T19:48:24.131Z",
    "status": "90ef2f41-f279-4323-9829-1fcac4bae2ac",
    "type": "554e54dd-2bac-4546-9819-9300ae6e8d1b",
    "children": [
      "19f3cf48-45cf-45e3-aaa6-8df4be00fb71",
      "04e72bce-d65a-45fb-a673-1209a337f5fd"
    ]
  }
},
{
  "pk": "88667073-009a-46c7-a156-dc892a671a9c",
  "model": "location.location",
  "fields": {
    "number": "IpxnLzLWLr",
    "created": "2015-11-17T19:00:47.183Z",
    "location_level": "59bf58b4-2b0c-4a0e-9b67-c3bfc27d0c80",
    "deleted": null,
    "name": "ca",
    "modified": "2015-11-17T19:00:47.183Z",
    "status": "90ef2f41-f279-4323-9829-1fcac4bae2ac",
    "type": "554e54dd-2bac-4546-9819-9300ae6e8d1b",
    "children": [
      "278fc38c-8f8c-4b17-b185-ed6566d4c34d",
      "fc4f3929-320d-4b54-a166-bd8f981a541d"
    ]
  }
},
{
  "pk": "93eb665f-a5a9-4a73-85fc-949d2f4ebbda",
  "model": "location.location",
  "fields": {
    "number": "eGgxPHfmsm",
    "created": "2015-11-17T19:00:47.143Z",
    "location_level": "59bf58b4-2b0c-4a0e-9b67-c3bfc27d0c80",
    "deleted": null,
    "name": "ca",
    "modified": "2015-11-17T19:00:47.143Z",
    "status": "90ef2f41-f279-4323-9829-1fcac4bae2ac",
    "type": "554e54dd-2bac-4546-9819-9300ae6e8d1b",
    "children": [
      "6b01553c-fc44-4633-accd-5c7dc517521d",
      "4666d475-ecf2-43a3-b322-737cf3e91f38"
    ]
  }
},
{
  "pk": "c23e058c-0d6f-45a2-b688-7055ebdc1c7b",
  "model": "location.location",
  "fields": {
    "number": "vJlMIkIlgb",
    "created": "2015-12-03T19:48:24.126Z",
    "location_level": "033f6df7-38c8-46ac-aa4d-f29446d57ad1",
    "deleted": null,
    "name": "east",
    "modified": "2015-12-03T19:48:24.126Z",
    "status": "90ef2f41-f279-4323-9829-1fcac4bae2ac",
    "type": "554e54dd-2bac-4546-9819-9300ae6e8d1b",
    "children": [
      "8281115a-4779-40be-ab98-160604380f99",
      "c4864cb4-2057-4537-98e0-641c0d9d1ba0"
    ]
  }
},
{
  "pk": "c4864cb4-2057-4537-98e0-641c0d9d1ba0",
  "model": "location.location",
  "fields": {
    "number": "NhxWLkGiYk",
    "created": "2015-12-03T19:48:24.134Z",
    "location_level": "59bf58b4-2b0c-4a0e-9b67-c3bfc27d0c80",
    "deleted": null,
    "name": "nv",
    "modified": "2015-12-03T19:48:24.134Z",
    "status": "90ef2f41-f279-4323-9829-1fcac4bae2ac",
    "type": "554e54dd-2bac-4546-9819-9300ae6e8d1b",
    "children": []
  }
},
{
  "pk": "c5b9007d-8210-4624-a9a8-fd92a38156f6",
  "model": "location.location",
  "fields": {
    "number": "UJtfUhHsCd",
    "created": "2015-12-03T19:45:57.291Z",
    "location_level": "475573b4-4f83-465c-862a-c9c2306f0bab",
    "deleted": null,
    "name": "los_angeles",
    "modified": "2015-12-03T19:45:57.291Z",
    "status": "90ef2f41-f279-4323-9829-1fcac4bae2ac",
    "type": "554e54dd-2bac-4546-9819-9300ae6e8d1b",
    "children": []
  }
},
{
  "pk": "c801d533-1d23-42ab-9949-2ce243c4a927",
  "model": "location.location",
  "fields": {
    "number": "LzYcuzFvrI",
    "created": "2015-12-03T19:45:57.288Z",
    "location_level": "475573b4-4f83-465c-862a-c9c2306f0bab",
    "deleted": null,
    "name": "san_diego",
    "modified": "2015-12-03T19:45:57.288Z",
    "status": "90ef2f41-f279-4323-9829-1fcac4bae2ac",
    "type": "554e54dd-2bac-4546-9819-9300ae6e8d1b",
    "children": []
  }
},
{
  "pk": "c8bd90d0-f836-4c4c-b391-c123518b8112",
  "model": "location.location",
  "fields": {
    "number": "lSaNuZPXlj",
    "created": "2015-12-03T19:45:57.176Z",
    "location_level": "59bf58b4-2b0c-4a0e-9b67-c3bfc27d0c80",
    "deleted": null,
    "name": "nv",
    "modified": "2015-12-03T19:45:57.176Z",
    "status": "90ef2f41-f279-4323-9829-1fcac4bae2ac",
    "type": "554e54dd-2bac-4546-9819-9300ae6e8d1b",
    "children": []
  }
},
{
  "pk": "d1e890fd-eb9f-43fc-90fb-af92bb044ca9",
  "model": "location.location",
  "fields": {
    "number": "BxFZdwQqBb",
    "created": "2015-12-03T19:45:57.164Z",
    "location_level": "033f6df7-38c8-46ac-aa4d-f29446d57ad1",
    "deleted": null,
    "name": "east",
    "modified": "2015-12-03T19:45:57.164Z",
    "status": "90ef2f41-f279-4323-9829-1fcac4bae2ac",
    "type": "554e54dd-2bac-4546-9819-9300ae6e8d1b",
    "children": [
      "665b884c-e302-4914-be4b-b924aa99e70f",
      "c8bd90d0-f836-4c4c-b391-c123518b8112"
    ]
  }
},
{
  "pk": "d1f79248-3196-4837-a027-91bc424a7052",
  "model": "location.location",
  "fields": {
    "number": "LnXcOobvnA",
    "created": "2015-12-03T19:48:24.030Z",
    "location_level": "59bf58b4-2b0c-4a0e-9b67-c3bfc27d0c80",
    "deleted": null,
    "name": "nv",
    "modified": "2015-12-03T19:48:24.030Z",
    "status": "90ef2f41-f279-4323-9829-1fcac4bae2ac",
    "type": "554e54dd-2bac-4546-9819-9300ae6e8d1b",
    "children": []
  }
},
{
  "pk": "d2708199-8d7b-4242-bf78-0a2ca260f258",
  "model": "location.location",
  "fields": {
    "number": "cmMZcDkFIL",
    "created": "2015-12-03T19:45:57.184Z",
    "location_level": "475573b4-4f83-465c-862a-c9c2306f0bab",
    "deleted": null,
    "name": "los_angeles",
    "modified": "2015-12-03T19:45:57.184Z",
    "status": "90ef2f41-f279-4323-9829-1fcac4bae2ac",
    "type": "554e54dd-2bac-4546-9819-9300ae6e8d1b",
    "children": []
  }
},
{
  "pk": "eb81b549-5cd8-4e77-8b5f-e5a519a8fd1e",
  "model": "location.location",
  "fields": {
    "number": "iZlKRBfPZf",
    "created": "2015-11-17T19:00:47.186Z",
    "location_level": "59bf58b4-2b0c-4a0e-9b67-c3bfc27d0c80",
    "deleted": null,
    "name": "nv",
    "modified": "2015-11-17T19:00:47.186Z",
    "status": "90ef2f41-f279-4323-9829-1fcac4bae2ac",
    "type": "554e54dd-2bac-4546-9819-9300ae6e8d1b",
    "children": []
  }
},
{
  "pk": "ecf85065-cd2c-4583-bb9a-095a893a66bb",
  "model": "location.location",
  "fields": {
    "number": "nbjuuaGIKL",
    "created": "2015-12-03T19:48:24.035Z",
    "location_level": "475573b4-4f83-465c-862a-c9c2306f0bab",
    "deleted": null,
    "name": "san_diego",
    "modified": "2015-12-03T19:48:24.035Z",
    "status": "90ef2f41-f279-4323-9829-1fcac4bae2ac",
    "type": "554e54dd-2bac-4546-9819-9300ae6e8d1b",
    "children": []
  }
},
{
  "pk": "fc4f3929-320d-4b54-a166-bd8f981a541d",
  "model": "location.location",
  "fields": {
    "number": "kywNuvdWsm",
    "created": "2015-11-17T19:00:47.190Z",
    "location_level": "475573b4-4f83-465c-862a-c9c2306f0bab",
    "deleted": null,
    "name": "san_diego",
    "modified": "2015-11-17T19:00:47.190Z",
    "status": "90ef2f41-f279-4323-9829-1fcac4bae2ac",
    "type": "554e54dd-2bac-4546-9819-9300ae6e8d1b",
    "children": []
  }
}
]
