[
{
  "model": "ticket.ticketstatus",
  "pk": "def11673-d4ab-41a6-a37f-0c6846b96001",
  "fields": {
    "name": "ticket.status.draft",
    "modified": "2015-12-11T19:10:04.340Z",
    "created": "2015-12-11T19:10:04.340Z",
    "deleted": null
  }
},
{
  "model": "ticket.ticketstatus",
  "pk": "def11673-d4ab-41a6-a37f-0c6846b96002",
  "fields": {
    "name": "ticket.status.new",
    "modified": "2015-12-11T19:10:04.344Z",
    "created": "2015-12-11T19:10:04.344Z",
    "deleted": null
  }
},
{
  "model": "ticket.ticketstatus",
  "pk": "def11673-d4ab-41a6-a37f-0c6846b96003",
  "fields": {
    "name": "ticket.status.in_progress",
    "modified": "2015-12-11T19:10:04.346Z",
    "created": "2015-12-11T19:10:04.346Z",
    "deleted": null
  }
},
{
  "model": "ticket.ticketstatus",
  "pk": "def11673-d4ab-41a6-a37f-0c6846b96004",
  "fields": {
    "name": "ticket.status.deferred",
    "modified": "2015-12-11T19:10:04.347Z",
    "created": "2015-12-11T19:10:04.347Z",
    "deleted": null
  }
},
{
  "model": "ticket.ticketstatus",
  "pk": "def11673-d4ab-41a6-a37f-0c6846b96005",
  "fields": {
    "name": "ticket.status.denied",
    "modified": "2015-12-11T19:10:04.349Z",
    "created": "2015-12-11T19:10:04.349Z",
    "deleted": null
  }
},
{
  "model": "ticket.ticketstatus",
  "pk": "def11673-d4ab-41a6-a37f-0c6846b96006",
  "fields": {
    "name": "ticket.status.problem_solved",
    "modified": "2015-12-11T19:10:04.352Z",
    "created": "2015-12-11T19:10:04.352Z",
    "deleted": null
  }
},
{
  "model": "ticket.ticketstatus",
  "pk": "def11673-d4ab-41a6-a37f-0c6846b96007",
  "fields": {
    "name": "ticket.status.completed",
    "modified": "2015-12-11T19:10:04.354Z",
    "created": "2015-12-11T19:10:04.354Z",
    "deleted": null
  }
},
{
  "model": "ticket.ticketstatus",
  "pk": "def11673-d4ab-41a6-a37f-0c6846b96008",
  "fields": {
    "name": "ticket.status.closed",
    "modified": "2015-12-11T19:10:04.356Z",
    "created": "2015-12-11T19:10:04.356Z",
    "deleted": null
  }
},
{
  "model": "ticket.ticketstatus",
  "pk": "def11673-d4ab-41a6-a37f-0c6846b96009",
  "fields": {
    "name": "ticket.status.unsatisfactory_completion",
    "modified": "2015-12-11T19:10:04.358Z",
    "created": "2015-12-11T19:10:04.358Z",
    "deleted": null
  }
},
{
  "model": "ticket.ticketpriority",
  "pk": "def21673-d4ab-41a6-a37f-0c6846b96001",
  "fields": {
    "name": "ticket.priority.emergency",
    "modified": "2015-12-11T19:10:04.361Z",
    "created": "2015-12-11T19:10:04.361Z",
    "deleted": null
  }
},
{
  "model": "ticket.ticketpriority",
  "pk": "def21673-d4ab-41a6-a37f-0c6846b96002",
  "fields": {
    "name": "ticket.priority.high",
    "modified": "2015-12-11T19:10:04.363Z",
    "created": "2015-12-11T19:10:04.363Z",
    "deleted": null
  }
},
{
  "model": "ticket.ticketpriority",
  "pk": "def21673-d4ab-41a6-a37f-0c6846b96003",
  "fields": {
    "name": "ticket.priority.medium",
    "modified": "2015-12-11T19:10:04.366Z",
    "created": "2015-12-11T19:10:04.366Z",
    "deleted": null
  }
},
{
  "model": "ticket.ticketpriority",
  "pk": "def21673-d4ab-41a6-a37f-0c6846b96004",
  "fields": {
    "name": "ticket.priority.low",
    "modified": "2015-12-11T19:10:04.368Z",
    "created": "2015-12-11T19:10:04.368Z",
    "deleted": null
  }
},
{
  "model": "ticket.ticket",
  "pk": "40f530c4-ce6c-4724-9cfd-37a16e787001",
  "fields": {
    "modified": "2015-12-11T19:10:04.370Z",
    "status": "def11673-d4ab-41a6-a37f-0c6846b96009",
    "deleted": null,
    "categories": [
      "24f530c4-ce6c-4724-9cfd-37a16e787007",
      "24f530c4-ce6c-4724-9cfd-37a16e787003",
      "24f530c4-ce6c-4724-9cfd-37a16e787001"
    ],
    "assignee": "30f530c4-ce6c-4724-9cfd-37a16e787134",
    "request": "zYvEgGvoQq",
    "location": "0e75c4bb-1a11-451f-a8ef-4311df235c26",
    "requester": "30f530c4-ce6c-4724-9cfd-37a16e787088",
    "created": "2015-12-11T19:10:04.370Z",
    "cc": [
      "30f530c4-ce6c-4724-9cfd-37a16e787026"
    ],
    "priority": "def21673-d4ab-41a6-a37f-0c6846b96003",
    "number": 1
  }
},
{
  "model": "ticket.ticket",
  "pk": "40f530c4-ce6c-4724-9cfd-37a16e787002",
  "fields": {
    "modified": "2015-12-11T19:10:04.421Z",
    "status": "def11673-d4ab-41a6-a37f-0c6846b96003",
    "deleted": null,
    "categories": [
      "24f530c4-ce6c-4724-9cfd-37a16e787007",
      "24f530c4-ce6c-4724-9cfd-37a16e787003",
      "24f530c4-ce6c-4724-9cfd-37a16e787001"
    ],
    "assignee": "30f530c4-ce6c-4724-9cfd-37a16e787105",
    "request": "uLfXDOreig",
    "location": "f09e3733-699e-423d-8948-9a98aaf1951c",
    "requester": "30f530c4-ce6c-4724-9cfd-37a16e787092",
    "created": "2015-12-11T19:10:04.421Z",
    "cc": [
      "30f530c4-ce6c-4724-9cfd-37a16e787104"
    ],
    "priority": "def21673-d4ab-41a6-a37f-0c6846b96001",
    "number": 2
  }
},
{
  "model": "ticket.ticket",
  "pk": "40f530c4-ce6c-4724-9cfd-37a16e787003",
  "fields": {
    "modified": "2015-12-11T19:10:04.470Z",
    "status": "def11673-d4ab-41a6-a37f-0c6846b96005",
    "deleted": null,
    "categories": [
      "24f530c4-ce6c-4724-9cfd-37a16e787007",
      "24f530c4-ce6c-4724-9cfd-37a16e787003",
      "24f530c4-ce6c-4724-9cfd-37a16e787001"
    ],
    "assignee": "30f530c4-ce6c-4724-9cfd-37a16e787141",
    "request": "iYbRGfKcTQ",
    "location": "589145b7-a520-4954-8bb4-38d188b716b6",
    "requester": "30f530c4-ce6c-4724-9cfd-37a16e787122",
    "created": "2015-12-11T19:10:04.470Z",
    "cc": [
      "30f530c4-ce6c-4724-9cfd-37a16e787093"
    ],
    "priority": "def21673-d4ab-41a6-a37f-0c6846b96002",
    "number": 3
  }
},
{
  "model": "ticket.ticket",
  "pk": "40f530c4-ce6c-4724-9cfd-37a16e787004",
  "fields": {
    "modified": "2015-12-11T19:10:04.517Z",
    "status": "def11673-d4ab-41a6-a37f-0c6846b96003",
    "deleted": null,
    "categories": [
      "24f530c4-ce6c-4724-9cfd-37a16e787007",
      "24f530c4-ce6c-4724-9cfd-37a16e787003",
      "24f530c4-ce6c-4724-9cfd-37a16e787001"
    ],
    "assignee": "30f530c4-ce6c-4724-9cfd-37a16e787127",
    "request": "GSZEndqqaP",
    "location": "0e75c4bb-1a11-451f-a8ef-4311df235c26",
    "requester": "30f530c4-ce6c-4724-9cfd-37a16e787098",
    "created": "2015-12-11T19:10:04.517Z",
    "cc": [
      "30f530c4-ce6c-4724-9cfd-37a16e787131"
    ],
    "priority": "def21673-d4ab-41a6-a37f-0c6846b96002",
    "number": 4
  }
},
{
  "model": "ticket.ticket",
  "pk": "40f530c4-ce6c-4724-9cfd-37a16e787005",
  "fields": {
    "modified": "2015-12-11T19:10:04.564Z",
    "status": "def11673-d4ab-41a6-a37f-0c6846b96001",
    "deleted": null,
    "categories": [
      "24f530c4-ce6c-4724-9cfd-37a16e787007",
      "24f530c4-ce6c-4724-9cfd-37a16e787003",
      "24f530c4-ce6c-4724-9cfd-37a16e787001"
    ],
    "assignee": "30f530c4-ce6c-4724-9cfd-37a16e787141",
    "request": "kVLbpEOfox",
    "location": "0e75c4bb-1a11-451f-a8ef-4311df235c26",
    "requester": "30f530c4-ce6c-4724-9cfd-37a16e787039",
    "created": "2015-12-11T19:10:04.564Z",
    "cc": [
      "30f530c4-ce6c-4724-9cfd-37a16e787035"
    ],
    "priority": "def21673-d4ab-41a6-a37f-0c6846b96001",
    "number": 5
  }
},
{
  "model": "ticket.ticket",
  "pk": "40f530c4-ce6c-4724-9cfd-37a16e787006",
  "fields": {
    "modified": "2015-12-11T19:10:04.610Z",
    "status": "def11673-d4ab-41a6-a37f-0c6846b96008",
    "deleted": null,
    "categories": [
      "24f530c4-ce6c-4724-9cfd-37a16e787007",
      "24f530c4-ce6c-4724-9cfd-37a16e787003",
      "24f530c4-ce6c-4724-9cfd-37a16e787001"
    ],
    "assignee": "30f530c4-ce6c-4724-9cfd-37a16e787017",
    "request": "MhCFCCtyAY",
    "location": "a8283447-256c-4701-9dca-e85e952d31f3",
    "requester": "30f530c4-ce6c-4724-9cfd-37a16e787123",
    "created": "2015-12-11T19:10:04.610Z",
    "cc": [
      "30f530c4-ce6c-4724-9cfd-37a16e787092"
    ],
    "priority": "def21673-d4ab-41a6-a37f-0c6846b96001",
    "number": 6
  }
},
{
  "model": "ticket.ticket",
  "pk": "40f530c4-ce6c-4724-9cfd-37a16e787007",
  "fields": {
    "modified": "2015-12-11T19:10:04.658Z",
    "status": "def11673-d4ab-41a6-a37f-0c6846b96002",
    "deleted": null,
    "categories": [
      "24f530c4-ce6c-4724-9cfd-37a16e787007",
      "24f530c4-ce6c-4724-9cfd-37a16e787003",
      "24f530c4-ce6c-4724-9cfd-37a16e787001"
    ],
    "assignee": "30f530c4-ce6c-4724-9cfd-37a16e787155",
    "request": "eNZKihnePC",
    "location": "dddd7e16-f57a-424f-847f-8bb938b43d0b",
    "requester": "30f530c4-ce6c-4724-9cfd-37a16e787056",
    "created": "2015-12-11T19:10:04.658Z",
    "cc": [
      "30f530c4-ce6c-4724-9cfd-37a16e787003"
    ],
    "priority": "def21673-d4ab-41a6-a37f-0c6846b96002",
    "number": 7
  }
},
{
  "model": "ticket.ticket",
  "pk": "40f530c4-ce6c-4724-9cfd-37a16e787008",
  "fields": {
    "modified": "2015-12-11T19:10:04.705Z",
    "status": "def11673-d4ab-41a6-a37f-0c6846b96009",
    "deleted": null,
    "categories": [
      "24f530c4-ce6c-4724-9cfd-37a16e787007",
      "24f530c4-ce6c-4724-9cfd-37a16e787003",
      "24f530c4-ce6c-4724-9cfd-37a16e787001"
    ],
    "assignee": "30f530c4-ce6c-4724-9cfd-37a16e787021",
    "request": "GdYGuurHgO",
    "location": "dddd7e16-f57a-424f-847f-8bb938b43d0b",
    "requester": "30f530c4-ce6c-4724-9cfd-37a16e787021",
    "created": "2015-12-11T19:10:04.705Z",
    "cc": [
      "30f530c4-ce6c-4724-9cfd-37a16e787049"
    ],
    "priority": "def21673-d4ab-41a6-a37f-0c6846b96001",
    "number": 8
  }
},
{
  "model": "ticket.ticket",
  "pk": "40f530c4-ce6c-4724-9cfd-37a16e787009",
  "fields": {
    "modified": "2015-12-11T19:10:04.752Z",
    "status": "def11673-d4ab-41a6-a37f-0c6846b96001",
    "deleted": null,
    "categories": [
      "24f530c4-ce6c-4724-9cfd-37a16e787007",
      "24f530c4-ce6c-4724-9cfd-37a16e787003",
      "24f530c4-ce6c-4724-9cfd-37a16e787001"
    ],
    "assignee": "30f530c4-ce6c-4724-9cfd-37a16e787118",
    "request": "TskwmbAGGQ",
    "location": "0e75c4bb-1a11-451f-a8ef-4311df235c26",
    "requester": "30f530c4-ce6c-4724-9cfd-37a16e787020",
    "created": "2015-12-11T19:10:04.752Z",
    "cc": [
      "30f530c4-ce6c-4724-9cfd-37a16e787069"
    ],
    "priority": "def21673-d4ab-41a6-a37f-0c6846b96004",
    "number": 9
  }
},
{
  "model": "ticket.ticket",
  "pk": "40f530c4-ce6c-4724-9cfd-37a16e787010",
  "fields": {
    "modified": "2015-12-11T19:10:04.799Z",
    "status": "def11673-d4ab-41a6-a37f-0c6846b96003",
    "deleted": null,
    "categories": [
      "24f530c4-ce6c-4724-9cfd-37a16e787007",
      "24f530c4-ce6c-4724-9cfd-37a16e787003",
      "24f530c4-ce6c-4724-9cfd-37a16e787001"
    ],
    "assignee": "30f530c4-ce6c-4724-9cfd-37a16e787165",
    "request": "GBqOIATMfU",
    "location": "589145b7-a520-4954-8bb4-38d188b716b6",
    "requester": "30f530c4-ce6c-4724-9cfd-37a16e787025",
    "created": "2015-12-11T19:10:04.799Z",
    "cc": [
      "30f530c4-ce6c-4724-9cfd-37a16e787143"
    ],
    "priority": "def21673-d4ab-41a6-a37f-0c6846b96004",
    "number": 10
  }
},
{
  "model": "ticket.ticket",
  "pk": "40f530c4-ce6c-4724-9cfd-37a16e787011",
  "fields": {
    "modified": "2015-12-11T19:10:04.846Z",
    "status": "def11673-d4ab-41a6-a37f-0c6846b96002",
    "deleted": null,
    "categories": [
      "24f530c4-ce6c-4724-9cfd-37a16e787007",
      "24f530c4-ce6c-4724-9cfd-37a16e787003",
      "24f530c4-ce6c-4724-9cfd-37a16e787001"
    ],
    "assignee": "30f530c4-ce6c-4724-9cfd-37a16e787100",
    "request": "dKpVTvOslg",
    "location": "1674e9cf-4ea9-4043-acbb-5545af11ed41",
    "requester": "30f530c4-ce6c-4724-9cfd-37a16e787129",
    "created": "2015-12-11T19:10:04.846Z",
    "cc": [
      "30f530c4-ce6c-4724-9cfd-37a16e787027"
    ],
    "priority": "def21673-d4ab-41a6-a37f-0c6846b96001",
    "number": 11
  }
},
{
  "model": "ticket.ticket",
  "pk": "40f530c4-ce6c-4724-9cfd-37a16e787012",
  "fields": {
    "modified": "2015-12-11T19:10:04.893Z",
    "status": "def11673-d4ab-41a6-a37f-0c6846b96008",
    "deleted": null,
    "categories": [
      "24f530c4-ce6c-4724-9cfd-37a16e787007",
      "24f530c4-ce6c-4724-9cfd-37a16e787003",
      "24f530c4-ce6c-4724-9cfd-37a16e787001"
    ],
    "assignee": "30f530c4-ce6c-4724-9cfd-37a16e787126",
    "request": "YhzWeSgWlA",
    "location": "589145b7-a520-4954-8bb4-38d188b716b6",
    "requester": "30f530c4-ce6c-4724-9cfd-37a16e787100",
    "created": "2015-12-11T19:10:04.893Z",
    "cc": [
      "30f530c4-ce6c-4724-9cfd-37a16e787136"
    ],
    "priority": "def21673-d4ab-41a6-a37f-0c6846b96002",
    "number": 12
  }
},
{
  "model": "ticket.ticket",
  "pk": "40f530c4-ce6c-4724-9cfd-37a16e787013",
  "fields": {
    "modified": "2015-12-11T19:10:04.942Z",
    "status": "def11673-d4ab-41a6-a37f-0c6846b96005",
    "deleted": null,
    "categories": [
      "24f530c4-ce6c-4724-9cfd-37a16e787007",
      "24f530c4-ce6c-4724-9cfd-37a16e787003",
      "24f530c4-ce6c-4724-9cfd-37a16e787001"
    ],
    "assignee": "30f530c4-ce6c-4724-9cfd-37a16e787123",
    "request": "hRhhLGRTuW",
    "location": "dddd7e16-f57a-424f-847f-8bb938b43d0b",
    "requester": "30f530c4-ce6c-4724-9cfd-37a16e787084",
    "created": "2015-12-11T19:10:04.941Z",
    "cc": [
      "30f530c4-ce6c-4724-9cfd-37a16e787177"
    ],
    "priority": "def21673-d4ab-41a6-a37f-0c6846b96002",
    "number": 13
  }
},
{
  "model": "ticket.ticket",
  "pk": "40f530c4-ce6c-4724-9cfd-37a16e787014",
  "fields": {
    "modified": "2015-12-11T19:10:04.989Z",
    "status": "def11673-d4ab-41a6-a37f-0c6846b96009",
    "deleted": null,
    "categories": [
      "24f530c4-ce6c-4724-9cfd-37a16e787007",
      "24f530c4-ce6c-4724-9cfd-37a16e787003",
      "24f530c4-ce6c-4724-9cfd-37a16e787001"
    ],
    "assignee": "30f530c4-ce6c-4724-9cfd-37a16e787052",
    "request": "LiyAerWsyc",
    "location": "1674e9cf-4ea9-4043-acbb-5545af11ed41",
    "requester": "30f530c4-ce6c-4724-9cfd-37a16e787063",
    "created": "2015-12-11T19:10:04.989Z",
    "cc": [
      "30f530c4-ce6c-4724-9cfd-37a16e787140"
    ],
    "priority": "def21673-d4ab-41a6-a37f-0c6846b96003",
    "number": 14
  }
},
{
  "model": "ticket.ticket",
  "pk": "40f530c4-ce6c-4724-9cfd-37a16e787015",
  "fields": {
    "modified": "2015-12-11T19:10:05.052Z",
    "status": "def11673-d4ab-41a6-a37f-0c6846b96009",
    "deleted": null,
    "categories": [
      "24f530c4-ce6c-4724-9cfd-37a16e787007",
      "24f530c4-ce6c-4724-9cfd-37a16e787003",
      "24f530c4-ce6c-4724-9cfd-37a16e787001"
    ],
    "assignee": "30f530c4-ce6c-4724-9cfd-37a16e787084",
    "request": "cbUWIuMuFR",
    "location": "dddd7e16-f57a-424f-847f-8bb938b43d0b",
    "requester": "30f530c4-ce6c-4724-9cfd-37a16e787010",
    "created": "2015-12-11T19:10:05.052Z",
    "cc": [
      "30f530c4-ce6c-4724-9cfd-37a16e787040"
    ],
    "priority": "def21673-d4ab-41a6-a37f-0c6846b96002",
    "number": 15
  }
},
{
  "model": "ticket.ticket",
  "pk": "40f530c4-ce6c-4724-9cfd-37a16e787016",
  "fields": {
    "modified": "2015-12-11T19:10:05.106Z",
    "status": "def11673-d4ab-41a6-a37f-0c6846b96005",
    "deleted": null,
    "categories": [
      "24f530c4-ce6c-4724-9cfd-37a16e787007",
      "24f530c4-ce6c-4724-9cfd-37a16e787003",
      "24f530c4-ce6c-4724-9cfd-37a16e787001"
    ],
    "assignee": "30f530c4-ce6c-4724-9cfd-37a16e787182",
    "request": "HJdBpjCFAp",
    "location": "9fa58029-0dbc-4c03-ad09-512298c7f6d4",
    "requester": "30f530c4-ce6c-4724-9cfd-37a16e787148",
    "created": "2015-12-11T19:10:05.106Z",
    "cc": [
      "30f530c4-ce6c-4724-9cfd-37a16e787051"
    ],
    "priority": "def21673-d4ab-41a6-a37f-0c6846b96004",
    "number": 16
  }
},
{
  "model": "ticket.ticket",
  "pk": "40f530c4-ce6c-4724-9cfd-37a16e787017",
  "fields": {
    "modified": "2015-12-11T19:10:05.163Z",
    "status": "def11673-d4ab-41a6-a37f-0c6846b96003",
    "deleted": null,
    "categories": [
      "24f530c4-ce6c-4724-9cfd-37a16e787007",
      "24f530c4-ce6c-4724-9cfd-37a16e787003",
      "24f530c4-ce6c-4724-9cfd-37a16e787001"
    ],
    "assignee": "30f530c4-ce6c-4724-9cfd-37a16e787028",
    "request": "BADYpCvUiV",
    "location": "0e75c4bb-1a11-451f-a8ef-4311df235c26",
    "requester": "30f530c4-ce6c-4724-9cfd-37a16e787187",
    "created": "2015-12-11T19:10:05.163Z",
    "cc": [
      "30f530c4-ce6c-4724-9cfd-37a16e787141"
    ],
    "priority": "def21673-d4ab-41a6-a37f-0c6846b96002",
    "number": 17
  }
},
{
  "model": "ticket.ticket",
  "pk": "40f530c4-ce6c-4724-9cfd-37a16e787018",
  "fields": {
    "modified": "2015-12-11T19:10:05.213Z",
    "status": "def11673-d4ab-41a6-a37f-0c6846b96002",
    "deleted": null,
    "categories": [
      "24f530c4-ce6c-4724-9cfd-37a16e787007",
      "24f530c4-ce6c-4724-9cfd-37a16e787003",
      "24f530c4-ce6c-4724-9cfd-37a16e787001"
    ],
    "assignee": "30f530c4-ce6c-4724-9cfd-37a16e787001",
    "request": "WMUYuTIQkH",
    "location": "589145b7-a520-4954-8bb4-38d188b716b6",
    "requester": "30f530c4-ce6c-4724-9cfd-37a16e787002",
    "created": "2015-12-11T19:10:05.213Z",
    "cc": [
      "30f530c4-ce6c-4724-9cfd-37a16e787014"
    ],
    "priority": "def21673-d4ab-41a6-a37f-0c6846b96002",
    "number": 18
  }
},
{
  "model": "ticket.ticket",
  "pk": "40f530c4-ce6c-4724-9cfd-37a16e787019",
  "fields": {
    "modified": "2015-12-11T19:10:05.268Z",
    "status": "def11673-d4ab-41a6-a37f-0c6846b96009",
    "deleted": null,
    "categories": [
      "24f530c4-ce6c-4724-9cfd-37a16e787007",
      "24f530c4-ce6c-4724-9cfd-37a16e787003",
      "24f530c4-ce6c-4724-9cfd-37a16e787001"
    ],
    "assignee": "30f530c4-ce6c-4724-9cfd-37a16e787046",
    "request": "jeHbLBZkkW",
    "location": "0e75c4bb-1a11-451f-a8ef-4311df235c26",
    "requester": "30f530c4-ce6c-4724-9cfd-37a16e787118",
    "created": "2015-12-11T19:10:05.268Z",
    "cc": [
      "30f530c4-ce6c-4724-9cfd-37a16e787142"
    ],
    "priority": "def21673-d4ab-41a6-a37f-0c6846b96002",
    "number": 19
  }
},
{
  "model": "ticket.ticket",
  "pk": "40f530c4-ce6c-4724-9cfd-37a16e787020",
  "fields": {
    "modified": "2015-12-11T19:10:05.319Z",
    "status": "def11673-d4ab-41a6-a37f-0c6846b96008",
    "deleted": null,
    "categories": [
      "24f530c4-ce6c-4724-9cfd-37a16e787007",
      "24f530c4-ce6c-4724-9cfd-37a16e787003",
      "24f530c4-ce6c-4724-9cfd-37a16e787001"
    ],
    "assignee": "30f530c4-ce6c-4724-9cfd-37a16e787123",
    "request": "lkILltzEzw",
    "location": "a8283447-256c-4701-9dca-e85e952d31f3",
    "requester": "30f530c4-ce6c-4724-9cfd-37a16e787119",
    "created": "2015-12-11T19:10:05.319Z",
    "cc": [
      "30f530c4-ce6c-4724-9cfd-37a16e787129"
    ],
    "priority": "def21673-d4ab-41a6-a37f-0c6846b96004",
    "number": 20
  }
},
{
  "model": "ticket.ticket",
  "pk": "40f530c4-ce6c-4724-9cfd-37a16e787021",
  "fields": {
    "modified": "2015-12-11T19:10:05.367Z",
    "status": "def11673-d4ab-41a6-a37f-0c6846b96001",
    "deleted": null,
    "categories": [
      "24f530c4-ce6c-4724-9cfd-37a16e787007",
      "24f530c4-ce6c-4724-9cfd-37a16e787003",
      "24f530c4-ce6c-4724-9cfd-37a16e787001"
    ],
    "assignee": "30f530c4-ce6c-4724-9cfd-37a16e787129",
    "request": "NVWDiviCMf",
    "location": "589145b7-a520-4954-8bb4-38d188b716b6",
    "requester": "30f530c4-ce6c-4724-9cfd-37a16e787180",
    "created": "2015-12-11T19:10:05.367Z",
    "cc": [
      "30f530c4-ce6c-4724-9cfd-37a16e787174"
    ],
    "priority": "def21673-d4ab-41a6-a37f-0c6846b96001",
    "number": 21
  }
},
{
  "model": "ticket.ticket",
  "pk": "40f530c4-ce6c-4724-9cfd-37a16e787022",
  "fields": {
    "modified": "2015-12-11T19:10:05.415Z",
    "status": "def11673-d4ab-41a6-a37f-0c6846b96007",
    "deleted": null,
    "categories": [
      "24f530c4-ce6c-4724-9cfd-37a16e787007",
      "24f530c4-ce6c-4724-9cfd-37a16e787003",
      "24f530c4-ce6c-4724-9cfd-37a16e787001"
    ],
    "assignee": "30f530c4-ce6c-4724-9cfd-37a16e787178",
    "request": "BCZdMXEEbq",
    "location": "dddd7e16-f57a-424f-847f-8bb938b43d0b",
    "requester": "30f530c4-ce6c-4724-9cfd-37a16e787078",
    "created": "2015-12-11T19:10:05.415Z",
    "cc": [
      "30f530c4-ce6c-4724-9cfd-37a16e787105"
    ],
    "priority": "def21673-d4ab-41a6-a37f-0c6846b96001",
    "number": 22
  }
},
{
  "model": "ticket.ticket",
  "pk": "40f530c4-ce6c-4724-9cfd-37a16e787023",
  "fields": {
    "modified": "2015-12-11T19:10:05.461Z",
    "status": "def11673-d4ab-41a6-a37f-0c6846b96003",
    "deleted": null,
    "categories": [
      "24f530c4-ce6c-4724-9cfd-37a16e787007",
      "24f530c4-ce6c-4724-9cfd-37a16e787003",
      "24f530c4-ce6c-4724-9cfd-37a16e787001"
    ],
    "assignee": "30f530c4-ce6c-4724-9cfd-37a16e787152",
    "request": "GXDGXDPtCL",
    "location": "dddd7e16-f57a-424f-847f-8bb938b43d0b",
    "requester": "30f530c4-ce6c-4724-9cfd-37a16e787128",
    "created": "2015-12-11T19:10:05.461Z",
    "cc": [
      "30f530c4-ce6c-4724-9cfd-37a16e787168"
    ],
    "priority": "def21673-d4ab-41a6-a37f-0c6846b96004",
    "number": 23
  }
},
{
  "model": "ticket.ticket",
  "pk": "40f530c4-ce6c-4724-9cfd-37a16e787024",
  "fields": {
    "modified": "2015-12-11T19:10:05.508Z",
    "status": "def11673-d4ab-41a6-a37f-0c6846b96004",
    "deleted": null,
    "categories": [
      "24f530c4-ce6c-4724-9cfd-37a16e787007",
      "24f530c4-ce6c-4724-9cfd-37a16e787003",
      "24f530c4-ce6c-4724-9cfd-37a16e787001"
    ],
    "assignee": "30f530c4-ce6c-4724-9cfd-37a16e787165",
    "request": "ZMeqatYphQ",
    "location": "f09e3733-699e-423d-8948-9a98aaf1951c",
    "requester": "30f530c4-ce6c-4724-9cfd-37a16e787027",
    "created": "2015-12-11T19:10:05.508Z",
    "cc": [
      "30f530c4-ce6c-4724-9cfd-37a16e787071"
    ],
    "priority": "def21673-d4ab-41a6-a37f-0c6846b96003",
    "number": 24
  }
},
{
  "model": "ticket.ticket",
  "pk": "40f530c4-ce6c-4724-9cfd-37a16e787025",
  "fields": {
    "modified": "2015-12-11T19:10:05.554Z",
    "status": "def11673-d4ab-41a6-a37f-0c6846b96008",
    "deleted": null,
    "categories": [
      "24f530c4-ce6c-4724-9cfd-37a16e787007",
      "24f530c4-ce6c-4724-9cfd-37a16e787003",
      "24f530c4-ce6c-4724-9cfd-37a16e787001"
    ],
    "assignee": "30f530c4-ce6c-4724-9cfd-37a16e787152",
    "request": "ttpOArQXqx",
    "location": "a8283447-256c-4701-9dca-e85e952d31f3",
    "requester": "30f530c4-ce6c-4724-9cfd-37a16e787114",
    "created": "2015-12-11T19:10:05.554Z",
    "cc": [
      "30f530c4-ce6c-4724-9cfd-37a16e787133"
    ],
    "priority": "def21673-d4ab-41a6-a37f-0c6846b96004",
    "number": 25
  }
},
{
  "model": "ticket.ticket",
  "pk": "40f530c4-ce6c-4724-9cfd-37a16e787026",
  "fields": {
    "modified": "2015-12-11T19:10:05.601Z",
    "status": "def11673-d4ab-41a6-a37f-0c6846b96003",
    "deleted": null,
    "categories": [
      "24f530c4-ce6c-4724-9cfd-37a16e787007",
      "24f530c4-ce6c-4724-9cfd-37a16e787003",
      "24f530c4-ce6c-4724-9cfd-37a16e787001"
    ],
    "assignee": "30f530c4-ce6c-4724-9cfd-37a16e787045",
    "request": "yipjOzqdbw",
    "location": "f09e3733-699e-423d-8948-9a98aaf1951c",
    "requester": "30f530c4-ce6c-4724-9cfd-37a16e787162",
    "created": "2015-12-11T19:10:05.601Z",
    "cc": [
      "30f530c4-ce6c-4724-9cfd-37a16e787005"
    ],
    "priority": "def21673-d4ab-41a6-a37f-0c6846b96002",
    "number": 26
  }
},
{
  "model": "ticket.ticket",
  "pk": "40f530c4-ce6c-4724-9cfd-37a16e787027",
  "fields": {
    "modified": "2015-12-11T19:10:05.648Z",
    "status": "def11673-d4ab-41a6-a37f-0c6846b96009",
    "deleted": null,
    "categories": [
      "24f530c4-ce6c-4724-9cfd-37a16e787007",
      "24f530c4-ce6c-4724-9cfd-37a16e787003",
      "24f530c4-ce6c-4724-9cfd-37a16e787001"
    ],
    "assignee": "30f530c4-ce6c-4724-9cfd-37a16e787047",
    "request": "DJHNQuvlbg",
    "location": "f09e3733-699e-423d-8948-9a98aaf1951c",
    "requester": "30f530c4-ce6c-4724-9cfd-37a16e787177",
    "created": "2015-12-11T19:10:05.648Z",
    "cc": [
      "30f530c4-ce6c-4724-9cfd-37a16e787103"
    ],
    "priority": "def21673-d4ab-41a6-a37f-0c6846b96004",
    "number": 27
  }
},
{
  "model": "ticket.ticket",
  "pk": "40f530c4-ce6c-4724-9cfd-37a16e787028",
  "fields": {
    "modified": "2015-12-11T19:10:05.695Z",
    "status": "def11673-d4ab-41a6-a37f-0c6846b96008",
    "deleted": null,
    "categories": [
      "24f530c4-ce6c-4724-9cfd-37a16e787007",
      "24f530c4-ce6c-4724-9cfd-37a16e787003",
      "24f530c4-ce6c-4724-9cfd-37a16e787001"
    ],
    "assignee": "30f530c4-ce6c-4724-9cfd-37a16e787141",
    "request": "ZPkHGhvVsU",
    "location": "9fa58029-0dbc-4c03-ad09-512298c7f6d4",
    "requester": "30f530c4-ce6c-4724-9cfd-37a16e787158",
    "created": "2015-12-11T19:10:05.695Z",
    "cc": [
      "30f530c4-ce6c-4724-9cfd-37a16e787171"
    ],
    "priority": "def21673-d4ab-41a6-a37f-0c6846b96003",
    "number": 28
  }
},
{
  "model": "ticket.ticket",
  "pk": "40f530c4-ce6c-4724-9cfd-37a16e787029",
  "fields": {
    "modified": "2015-12-11T19:10:05.742Z",
    "status": "def11673-d4ab-41a6-a37f-0c6846b96001",
    "deleted": null,
    "categories": [
      "24f530c4-ce6c-4724-9cfd-37a16e787007",
      "24f530c4-ce6c-4724-9cfd-37a16e787003",
      "24f530c4-ce6c-4724-9cfd-37a16e787001"
    ],
    "assignee": "30f530c4-ce6c-4724-9cfd-37a16e787130",
    "request": "ZXJMZiIMaz",
    "location": "a8283447-256c-4701-9dca-e85e952d31f3",
    "requester": "30f530c4-ce6c-4724-9cfd-37a16e787126",
    "created": "2015-12-11T19:10:05.742Z",
    "cc": [
      "30f530c4-ce6c-4724-9cfd-37a16e787092"
    ],
    "priority": "def21673-d4ab-41a6-a37f-0c6846b96002",
    "number": 29
  }
},
{
  "model": "ticket.ticket",
  "pk": "40f530c4-ce6c-4724-9cfd-37a16e787030",
  "fields": {
    "modified": "2015-12-11T19:10:05.806Z",
    "status": "def11673-d4ab-41a6-a37f-0c6846b96004",
    "deleted": null,
    "categories": [
      "24f530c4-ce6c-4724-9cfd-37a16e787007",
      "24f530c4-ce6c-4724-9cfd-37a16e787003",
      "24f530c4-ce6c-4724-9cfd-37a16e787001"
    ],
    "assignee": "30f530c4-ce6c-4724-9cfd-37a16e787030",
    "request": "weuuaUuvzx",
    "location": "a8283447-256c-4701-9dca-e85e952d31f3",
    "requester": "30f530c4-ce6c-4724-9cfd-37a16e787123",
    "created": "2015-12-11T19:10:05.806Z",
    "cc": [
      "30f530c4-ce6c-4724-9cfd-37a16e787166"
    ],
    "priority": "def21673-d4ab-41a6-a37f-0c6846b96004",
    "number": 30
  }
},
{
  "model": "ticket.ticket",
  "pk": "40f530c4-ce6c-4724-9cfd-37a16e787031",
  "fields": {
    "modified": "2015-12-11T19:10:05.856Z",
    "status": "def11673-d4ab-41a6-a37f-0c6846b96006",
    "deleted": null,
    "categories": [
      "24f530c4-ce6c-4724-9cfd-37a16e787007",
      "24f530c4-ce6c-4724-9cfd-37a16e787003",
      "24f530c4-ce6c-4724-9cfd-37a16e787001"
    ],
    "assignee": "30f530c4-ce6c-4724-9cfd-37a16e787001",
    "request": "sraqzzMuoH",
    "location": "f09e3733-699e-423d-8948-9a98aaf1951c",
    "requester": "30f530c4-ce6c-4724-9cfd-37a16e787148",
    "created": "2015-12-11T19:10:05.856Z",
    "cc": [
      "30f530c4-ce6c-4724-9cfd-37a16e787158"
    ],
    "priority": "def21673-d4ab-41a6-a37f-0c6846b96004",
    "number": 31
  }
},
{
  "model": "ticket.ticket",
  "pk": "40f530c4-ce6c-4724-9cfd-37a16e787032",
  "fields": {
    "modified": "2015-12-11T19:10:05.902Z",
    "status": "def11673-d4ab-41a6-a37f-0c6846b96002",
    "deleted": null,
    "categories": [
      "24f530c4-ce6c-4724-9cfd-37a16e787007",
      "24f530c4-ce6c-4724-9cfd-37a16e787003",
      "24f530c4-ce6c-4724-9cfd-37a16e787001"
    ],
    "assignee": "30f530c4-ce6c-4724-9cfd-37a16e787157",
    "request": "FTliXaTMXO",
    "location": "589145b7-a520-4954-8bb4-38d188b716b6",
    "requester": "30f530c4-ce6c-4724-9cfd-37a16e787144",
    "created": "2015-12-11T19:10:05.902Z",
    "cc": [
      "30f530c4-ce6c-4724-9cfd-37a16e787184"
    ],
    "priority": "def21673-d4ab-41a6-a37f-0c6846b96003",
    "number": 32
  }
},
{
  "model": "ticket.ticket",
  "pk": "40f530c4-ce6c-4724-9cfd-37a16e787033",
  "fields": {
    "modified": "2015-12-11T19:10:05.952Z",
    "status": "def11673-d4ab-41a6-a37f-0c6846b96007",
    "deleted": null,
    "categories": [
      "24f530c4-ce6c-4724-9cfd-37a16e787007",
      "24f530c4-ce6c-4724-9cfd-37a16e787003",
      "24f530c4-ce6c-4724-9cfd-37a16e787001"
    ],
    "assignee": "30f530c4-ce6c-4724-9cfd-37a16e787066",
    "request": "yMGjfSNWOl",
    "location": "f09e3733-699e-423d-8948-9a98aaf1951c",
    "requester": "30f530c4-ce6c-4724-9cfd-37a16e787179",
    "created": "2015-12-11T19:10:05.952Z",
    "cc": [
      "30f530c4-ce6c-4724-9cfd-37a16e787130"
    ],
    "priority": "def21673-d4ab-41a6-a37f-0c6846b96003",
    "number": 33
  }
},
{
  "model": "ticket.ticket",
  "pk": "40f530c4-ce6c-4724-9cfd-37a16e787034",
  "fields": {
    "modified": "2015-12-11T19:10:05.999Z",
    "status": "def11673-d4ab-41a6-a37f-0c6846b96008",
    "deleted": null,
    "categories": [
      "24f530c4-ce6c-4724-9cfd-37a16e787007",
      "24f530c4-ce6c-4724-9cfd-37a16e787003",
      "24f530c4-ce6c-4724-9cfd-37a16e787001"
    ],
    "assignee": "30f530c4-ce6c-4724-9cfd-37a16e787092",
    "request": "uCgJlZIBso",
    "location": "a8283447-256c-4701-9dca-e85e952d31f3",
    "requester": "30f530c4-ce6c-4724-9cfd-37a16e787114",
    "created": "2015-12-11T19:10:05.999Z",
    "cc": [
      "30f530c4-ce6c-4724-9cfd-37a16e787168"
    ],
    "priority": "def21673-d4ab-41a6-a37f-0c6846b96003",
    "number": 34
  }
},
{
  "model": "ticket.ticket",
  "pk": "40f530c4-ce6c-4724-9cfd-37a16e787035",
  "fields": {
    "modified": "2015-12-11T19:10:06.046Z",
    "status": "def11673-d4ab-41a6-a37f-0c6846b96002",
    "deleted": null,
    "categories": [
      "24f530c4-ce6c-4724-9cfd-37a16e787007",
      "24f530c4-ce6c-4724-9cfd-37a16e787003",
      "24f530c4-ce6c-4724-9cfd-37a16e787001"
    ],
    "assignee": "30f530c4-ce6c-4724-9cfd-37a16e787011",
    "request": "JTOHEwlBKM",
    "location": "0e75c4bb-1a11-451f-a8ef-4311df235c26",
    "requester": "30f530c4-ce6c-4724-9cfd-37a16e787135",
    "created": "2015-12-11T19:10:06.046Z",
    "cc": [
      "30f530c4-ce6c-4724-9cfd-37a16e787129"
    ],
    "priority": "def21673-d4ab-41a6-a37f-0c6846b96002",
    "number": 35
  }
},
{
  "model": "ticket.ticket",
  "pk": "40f530c4-ce6c-4724-9cfd-37a16e787036",
  "fields": {
    "modified": "2015-12-11T19:10:06.093Z",
    "status": "def11673-d4ab-41a6-a37f-0c6846b96006",
    "deleted": null,
    "categories": [
      "24f530c4-ce6c-4724-9cfd-37a16e787007",
      "24f530c4-ce6c-4724-9cfd-37a16e787003",
      "24f530c4-ce6c-4724-9cfd-37a16e787001"
    ],
    "assignee": "30f530c4-ce6c-4724-9cfd-37a16e787002",
    "request": "LthtRhhuGo",
    "location": "a8283447-256c-4701-9dca-e85e952d31f3",
    "requester": "30f530c4-ce6c-4724-9cfd-37a16e787029",
    "created": "2015-12-11T19:10:06.093Z",
    "cc": [
      "30f530c4-ce6c-4724-9cfd-37a16e787072"
    ],
    "priority": "def21673-d4ab-41a6-a37f-0c6846b96004",
    "number": 36
  }
},
{
  "model": "ticket.ticket",
  "pk": "40f530c4-ce6c-4724-9cfd-37a16e787037",
  "fields": {
    "modified": "2015-12-11T19:10:06.140Z",
    "status": "def11673-d4ab-41a6-a37f-0c6846b96008",
    "deleted": null,
    "categories": [
      "24f530c4-ce6c-4724-9cfd-37a16e787007",
      "24f530c4-ce6c-4724-9cfd-37a16e787003",
      "24f530c4-ce6c-4724-9cfd-37a16e787001"
    ],
    "assignee": "30f530c4-ce6c-4724-9cfd-37a16e787048",
    "request": "SRmxqYfcyb",
    "location": "0e75c4bb-1a11-451f-a8ef-4311df235c26",
    "requester": "30f530c4-ce6c-4724-9cfd-37a16e787012",
    "created": "2015-12-11T19:10:06.140Z",
    "cc": [
      "30f530c4-ce6c-4724-9cfd-37a16e787157"
    ],
    "priority": "def21673-d4ab-41a6-a37f-0c6846b96003",
    "number": 37
  }
},
{
  "model": "ticket.ticket",
  "pk": "40f530c4-ce6c-4724-9cfd-37a16e787038",
  "fields": {
    "modified": "2015-12-11T19:10:06.189Z",
    "status": "def11673-d4ab-41a6-a37f-0c6846b96003",
    "deleted": null,
    "categories": [
      "24f530c4-ce6c-4724-9cfd-37a16e787007",
      "24f530c4-ce6c-4724-9cfd-37a16e787003",
      "24f530c4-ce6c-4724-9cfd-37a16e787001"
    ],
    "assignee": "30f530c4-ce6c-4724-9cfd-37a16e787117",
    "request": "WxAdffRNHP",
    "location": "0e75c4bb-1a11-451f-a8ef-4311df235c26",
    "requester": "30f530c4-ce6c-4724-9cfd-37a16e787028",
    "created": "2015-12-11T19:10:06.189Z",
    "cc": [
      "30f530c4-ce6c-4724-9cfd-37a16e787148"
    ],
    "priority": "def21673-d4ab-41a6-a37f-0c6846b96002",
    "number": 38
  }
},
{
  "model": "ticket.ticket",
  "pk": "40f530c4-ce6c-4724-9cfd-37a16e787039",
  "fields": {
    "modified": "2015-12-11T19:10:06.236Z",
    "status": "def11673-d4ab-41a6-a37f-0c6846b96005",
    "deleted": null,
    "categories": [
      "24f530c4-ce6c-4724-9cfd-37a16e787007",
      "24f530c4-ce6c-4724-9cfd-37a16e787003",
      "24f530c4-ce6c-4724-9cfd-37a16e787001"
    ],
    "assignee": "30f530c4-ce6c-4724-9cfd-37a16e787127",
    "request": "AkIEXNAXaY",
    "location": "589145b7-a520-4954-8bb4-38d188b716b6",
    "requester": "30f530c4-ce6c-4724-9cfd-37a16e787153",
    "created": "2015-12-11T19:10:06.236Z",
    "cc": [
      "30f530c4-ce6c-4724-9cfd-37a16e787158"
    ],
    "priority": "def21673-d4ab-41a6-a37f-0c6846b96003",
    "number": 39
  }
},
{
  "model": "ticket.ticket",
  "pk": "40f530c4-ce6c-4724-9cfd-37a16e787040",
  "fields": {
    "modified": "2015-12-11T19:10:06.285Z",
    "status": "def11673-d4ab-41a6-a37f-0c6846b96001",
    "deleted": null,
    "categories": [
      "24f530c4-ce6c-4724-9cfd-37a16e787007",
      "24f530c4-ce6c-4724-9cfd-37a16e787003",
      "24f530c4-ce6c-4724-9cfd-37a16e787001"
    ],
    "assignee": "30f530c4-ce6c-4724-9cfd-37a16e787058",
    "request": "ZDxndHzYRc",
    "location": "0e75c4bb-1a11-451f-a8ef-4311df235c26",
    "requester": "30f530c4-ce6c-4724-9cfd-37a16e787104",
    "created": "2015-12-11T19:10:06.285Z",
    "cc": [
      "30f530c4-ce6c-4724-9cfd-37a16e787044"
    ],
    "priority": "def21673-d4ab-41a6-a37f-0c6846b96003",
    "number": 40
  }
},
{
  "model": "ticket.ticket",
  "pk": "40f530c4-ce6c-4724-9cfd-37a16e787041",
  "fields": {
    "modified": "2015-12-11T19:10:06.332Z",
    "status": "def11673-d4ab-41a6-a37f-0c6846b96003",
    "deleted": null,
    "categories": [
      "24f530c4-ce6c-4724-9cfd-37a16e787007",
      "24f530c4-ce6c-4724-9cfd-37a16e787003",
      "24f530c4-ce6c-4724-9cfd-37a16e787001"
    ],
    "assignee": "30f530c4-ce6c-4724-9cfd-37a16e787081",
    "request": "CIcEfIwdAI",
    "location": "f09e3733-699e-423d-8948-9a98aaf1951c",
    "requester": "30f530c4-ce6c-4724-9cfd-37a16e787153",
    "created": "2015-12-11T19:10:06.332Z",
    "cc": [
      "30f530c4-ce6c-4724-9cfd-37a16e787161"
    ],
    "priority": "def21673-d4ab-41a6-a37f-0c6846b96001",
    "number": 41
  }
},
{
  "model": "ticket.ticket",
  "pk": "40f530c4-ce6c-4724-9cfd-37a16e787042",
  "fields": {
    "modified": "2015-12-11T19:10:06.382Z",
    "status": "def11673-d4ab-41a6-a37f-0c6846b96008",
    "deleted": null,
    "categories": [
      "24f530c4-ce6c-4724-9cfd-37a16e787007",
      "24f530c4-ce6c-4724-9cfd-37a16e787003",
      "24f530c4-ce6c-4724-9cfd-37a16e787001"
    ],
    "assignee": "30f530c4-ce6c-4724-9cfd-37a16e787059",
    "request": "GpGdoiEDTs",
    "location": "f09e3733-699e-423d-8948-9a98aaf1951c",
    "requester": "30f530c4-ce6c-4724-9cfd-37a16e787081",
    "created": "2015-12-11T19:10:06.382Z",
    "cc": [
      "30f530c4-ce6c-4724-9cfd-37a16e787123"
    ],
    "priority": "def21673-d4ab-41a6-a37f-0c6846b96001",
    "number": 42
  }
},
{
  "model": "ticket.ticket",
  "pk": "40f530c4-ce6c-4724-9cfd-37a16e787043",
  "fields": {
    "modified": "2015-12-11T19:10:06.429Z",
    "status": "def11673-d4ab-41a6-a37f-0c6846b96007",
    "deleted": null,
    "categories": [
      "24f530c4-ce6c-4724-9cfd-37a16e787007",
      "24f530c4-ce6c-4724-9cfd-37a16e787003",
      "24f530c4-ce6c-4724-9cfd-37a16e787001"
    ],
    "assignee": "30f530c4-ce6c-4724-9cfd-37a16e787062",
    "request": "GglgOmgiXd",
    "location": "1674e9cf-4ea9-4043-acbb-5545af11ed41",
    "requester": "30f530c4-ce6c-4724-9cfd-37a16e787115",
    "created": "2015-12-11T19:10:06.429Z",
    "cc": [
      "30f530c4-ce6c-4724-9cfd-37a16e787174"
    ],
    "priority": "def21673-d4ab-41a6-a37f-0c6846b96002",
    "number": 43
  }
},
{
  "model": "ticket.ticket",
  "pk": "40f530c4-ce6c-4724-9cfd-37a16e787044",
  "fields": {
    "modified": "2015-12-11T19:10:06.480Z",
    "status": "def11673-d4ab-41a6-a37f-0c6846b96002",
    "deleted": null,
    "categories": [
      "24f530c4-ce6c-4724-9cfd-37a16e787007",
      "24f530c4-ce6c-4724-9cfd-37a16e787003",
      "24f530c4-ce6c-4724-9cfd-37a16e787001"
    ],
    "assignee": "30f530c4-ce6c-4724-9cfd-37a16e787042",
    "request": "rzeqbBOvbX",
    "location": "f09e3733-699e-423d-8948-9a98aaf1951c",
    "requester": "30f530c4-ce6c-4724-9cfd-37a16e787066",
    "created": "2015-12-11T19:10:06.480Z",
    "cc": [
      "30f530c4-ce6c-4724-9cfd-37a16e787119"
    ],
    "priority": "def21673-d4ab-41a6-a37f-0c6846b96004",
    "number": 44
  }
},
{
  "model": "ticket.ticket",
  "pk": "40f530c4-ce6c-4724-9cfd-37a16e787045",
  "fields": {
    "modified": "2015-12-11T19:10:06.529Z",
    "status": "def11673-d4ab-41a6-a37f-0c6846b96003",
    "deleted": null,
    "categories": [
      "24f530c4-ce6c-4724-9cfd-37a16e787007",
      "24f530c4-ce6c-4724-9cfd-37a16e787003",
      "24f530c4-ce6c-4724-9cfd-37a16e787001"
    ],
    "assignee": "30f530c4-ce6c-4724-9cfd-37a16e787080",
    "request": "hYBdnFkrQR",
    "location": "1674e9cf-4ea9-4043-acbb-5545af11ed41",
    "requester": "30f530c4-ce6c-4724-9cfd-37a16e787065",
    "created": "2015-12-11T19:10:06.529Z",
    "cc": [
      "30f530c4-ce6c-4724-9cfd-37a16e787003"
    ],
    "priority": "def21673-d4ab-41a6-a37f-0c6846b96004",
    "number": 45
  }
},
{
  "model": "ticket.ticket",
  "pk": "40f530c4-ce6c-4724-9cfd-37a16e787046",
  "fields": {
    "modified": "2015-12-11T19:10:06.587Z",
    "status": "def11673-d4ab-41a6-a37f-0c6846b96008",
    "deleted": null,
    "categories": [
      "24f530c4-ce6c-4724-9cfd-37a16e787007",
      "24f530c4-ce6c-4724-9cfd-37a16e787003",
      "24f530c4-ce6c-4724-9cfd-37a16e787001"
    ],
    "assignee": "30f530c4-ce6c-4724-9cfd-37a16e787038",
    "request": "oWDEScKXEz",
    "location": "0e75c4bb-1a11-451f-a8ef-4311df235c26",
    "requester": "30f530c4-ce6c-4724-9cfd-37a16e787133",
    "created": "2015-12-11T19:10:06.587Z",
    "cc": [
      "30f530c4-ce6c-4724-9cfd-37a16e787077"
    ],
    "priority": "def21673-d4ab-41a6-a37f-0c6846b96001",
    "number": 46
  }
},
{
  "model": "ticket.ticket",
  "pk": "40f530c4-ce6c-4724-9cfd-37a16e787047",
  "fields": {
    "modified": "2015-12-11T19:10:06.635Z",
    "status": "def11673-d4ab-41a6-a37f-0c6846b96005",
    "deleted": null,
    "categories": [
      "24f530c4-ce6c-4724-9cfd-37a16e787007",
      "24f530c4-ce6c-4724-9cfd-37a16e787003",
      "24f530c4-ce6c-4724-9cfd-37a16e787001"
    ],
    "assignee": "30f530c4-ce6c-4724-9cfd-37a16e787080",
    "request": "dGFdQQHTrm",
    "location": "f09e3733-699e-423d-8948-9a98aaf1951c",
    "requester": "30f530c4-ce6c-4724-9cfd-37a16e787181",
    "created": "2015-12-11T19:10:06.635Z",
    "cc": [
      "30f530c4-ce6c-4724-9cfd-37a16e787123"
    ],
    "priority": "def21673-d4ab-41a6-a37f-0c6846b96001",
    "number": 47
  }
},
{
  "model": "ticket.ticket",
  "pk": "40f530c4-ce6c-4724-9cfd-37a16e787048",
  "fields": {
    "modified": "2015-12-11T19:10:06.683Z",
    "status": "def11673-d4ab-41a6-a37f-0c6846b96007",
    "deleted": null,
    "categories": [
      "24f530c4-ce6c-4724-9cfd-37a16e787007",
      "24f530c4-ce6c-4724-9cfd-37a16e787003",
      "24f530c4-ce6c-4724-9cfd-37a16e787001"
    ],
    "assignee": "30f530c4-ce6c-4724-9cfd-37a16e787157",
    "request": "ZACyCQilYp",
    "location": "0e75c4bb-1a11-451f-a8ef-4311df235c26",
    "requester": "30f530c4-ce6c-4724-9cfd-37a16e787076",
    "created": "2015-12-11T19:10:06.683Z",
    "cc": [
      "30f530c4-ce6c-4724-9cfd-37a16e787168"
    ],
    "priority": "def21673-d4ab-41a6-a37f-0c6846b96002",
    "number": 48
  }
},
{
  "model": "ticket.ticket",
  "pk": "40f530c4-ce6c-4724-9cfd-37a16e787049",
  "fields": {
    "modified": "2015-12-11T19:10:06.731Z",
    "status": "def11673-d4ab-41a6-a37f-0c6846b96004",
    "deleted": null,
    "categories": [
      "24f530c4-ce6c-4724-9cfd-37a16e787007",
      "24f530c4-ce6c-4724-9cfd-37a16e787003",
      "24f530c4-ce6c-4724-9cfd-37a16e787001"
    ],
    "assignee": "30f530c4-ce6c-4724-9cfd-37a16e787103",
    "request": "aMcYflkbAq",
    "location": "1674e9cf-4ea9-4043-acbb-5545af11ed41",
    "requester": "30f530c4-ce6c-4724-9cfd-37a16e787013",
    "created": "2015-12-11T19:10:06.731Z",
    "cc": [
      "30f530c4-ce6c-4724-9cfd-37a16e787094"
    ],
    "priority": "def21673-d4ab-41a6-a37f-0c6846b96003",
    "number": 49
  }
},
{
  "model": "ticket.ticket",
  "pk": "40f530c4-ce6c-4724-9cfd-37a16e787050",
  "fields": {
    "modified": "2015-12-11T19:10:06.780Z",
    "status": "def11673-d4ab-41a6-a37f-0c6846b96003",
    "deleted": null,
    "categories": [
      "24f530c4-ce6c-4724-9cfd-37a16e787007",
      "24f530c4-ce6c-4724-9cfd-37a16e787003",
      "24f530c4-ce6c-4724-9cfd-37a16e787001"
    ],
    "assignee": "30f530c4-ce6c-4724-9cfd-37a16e787093",
    "request": "qHoBebRbLh",
    "location": "589145b7-a520-4954-8bb4-38d188b716b6",
    "requester": "30f530c4-ce6c-4724-9cfd-37a16e787158",
    "created": "2015-12-11T19:10:06.780Z",
    "cc": [
      "30f530c4-ce6c-4724-9cfd-37a16e787028"
    ],
    "priority": "def21673-d4ab-41a6-a37f-0c6846b96003",
    "number": 50
  }
},
{
  "model": "ticket.ticket",
  "pk": "40f530c4-ce6c-4724-9cfd-37a16e787051",
  "fields": {
    "modified": "2015-12-11T19:10:06.827Z",
    "status": "def11673-d4ab-41a6-a37f-0c6846b96009",
    "deleted": null,
    "categories": [
      "24f530c4-ce6c-4724-9cfd-37a16e787007",
      "24f530c4-ce6c-4724-9cfd-37a16e787003",
      "24f530c4-ce6c-4724-9cfd-37a16e787001"
    ],
    "assignee": "30f530c4-ce6c-4724-9cfd-37a16e787027",
    "request": "ltbQGvzMzT",
    "location": "589145b7-a520-4954-8bb4-38d188b716b6",
    "requester": "30f530c4-ce6c-4724-9cfd-37a16e787159",
    "created": "2015-12-11T19:10:06.827Z",
    "cc": [
      "30f530c4-ce6c-4724-9cfd-37a16e787165"
    ],
    "priority": "def21673-d4ab-41a6-a37f-0c6846b96004",
    "number": 51
  }
}
]
