[
{
  "pk": "def11673-d4ab-41a6-a37f-0c6846b96001",
  "model": "ticket.ticketstatus",
  "fields": {
    "name": "ticket.status.draft",
    "deleted": null,
    "modified": "2015-12-11T22:48:33.177Z",
    "created": "2015-12-11T22:48:33.177Z"
  }
},
{
  "pk": "def11673-d4ab-41a6-a37f-0c6846b96002",
  "model": "ticket.ticketstatus",
  "fields": {
    "name": "ticket.status.new",
    "deleted": null,
    "modified": "2015-12-11T22:48:33.180Z",
    "created": "2015-12-11T22:48:33.180Z"
  }
},
{
  "pk": "def11673-d4ab-41a6-a37f-0c6846b96003",
  "model": "ticket.ticketstatus",
  "fields": {
    "name": "ticket.status.in_progress",
    "deleted": null,
    "modified": "2015-12-11T22:48:33.183Z",
    "created": "2015-12-11T22:48:33.183Z"
  }
},
{
  "pk": "def11673-d4ab-41a6-a37f-0c6846b96004",
  "model": "ticket.ticketstatus",
  "fields": {
    "name": "ticket.status.deferred",
    "deleted": null,
    "modified": "2015-12-11T22:48:33.185Z",
    "created": "2015-12-11T22:48:33.185Z"
  }
},
{
  "pk": "def11673-d4ab-41a6-a37f-0c6846b96005",
  "model": "ticket.ticketstatus",
  "fields": {
    "name": "ticket.status.denied",
    "deleted": null,
    "modified": "2015-12-11T22:48:33.187Z",
    "created": "2015-12-11T22:48:33.187Z"
  }
},
{
  "pk": "def11673-d4ab-41a6-a37f-0c6846b96006",
  "model": "ticket.ticketstatus",
  "fields": {
    "name": "ticket.status.problem_solved",
    "deleted": null,
    "modified": "2015-12-11T22:48:33.189Z",
    "created": "2015-12-11T22:48:33.189Z"
  }
},
{
  "pk": "def11673-d4ab-41a6-a37f-0c6846b96007",
  "model": "ticket.ticketstatus",
  "fields": {
    "name": "ticket.status.completed",
    "deleted": null,
    "modified": "2015-12-11T22:48:33.192Z",
    "created": "2015-12-11T22:48:33.192Z"
  }
},
{
  "pk": "def11673-d4ab-41a6-a37f-0c6846b96008",
  "model": "ticket.ticketstatus",
  "fields": {
    "name": "ticket.status.closed",
    "deleted": null,
    "modified": "2015-12-11T22:48:33.194Z",
    "created": "2015-12-11T22:48:33.194Z"
  }
},
{
  "pk": "def11673-d4ab-41a6-a37f-0c6846b96009",
  "model": "ticket.ticketstatus",
  "fields": {
    "name": "ticket.status.unsatisfactory_completion",
    "deleted": null,
    "modified": "2015-12-11T22:48:33.197Z",
    "created": "2015-12-11T22:48:33.197Z"
  }
},
{
  "pk": "def21673-d4ab-41a6-a37f-0c6846b96001",
  "model": "ticket.ticketpriority",
  "fields": {
    "name": "ticket.priority.emergency",
    "deleted": null,
    "modified": "2015-12-11T22:48:33.199Z",
    "created": "2015-12-11T22:48:33.199Z"
  }
},
{
  "pk": "def21673-d4ab-41a6-a37f-0c6846b96002",
  "model": "ticket.ticketpriority",
  "fields": {
    "name": "ticket.priority.high",
    "deleted": null,
    "modified": "2015-12-11T22:48:33.202Z",
    "created": "2015-12-11T22:48:33.202Z"
  }
},
{
  "pk": "def21673-d4ab-41a6-a37f-0c6846b96003",
  "model": "ticket.ticketpriority",
  "fields": {
    "name": "ticket.priority.medium",
    "deleted": null,
    "modified": "2015-12-11T22:48:33.204Z",
    "created": "2015-12-11T22:48:33.204Z"
  }
},
{
  "pk": "def21673-d4ab-41a6-a37f-0c6846b96004",
  "model": "ticket.ticketpriority",
  "fields": {
    "name": "ticket.priority.low",
    "deleted": null,
    "modified": "2015-12-11T22:48:33.206Z",
    "created": "2015-12-11T22:48:33.206Z"
  }
},
{
  "pk": "40f530c4-ce6c-4724-9cfd-37a16e787001",
  "model": "ticket.ticket",
  "fields": {
    "cc": [
      "30f530c4-ce6c-4724-9cfd-37a16e787092"
    ],
    "request": "VqUoTZqxCK",
    "number": 1,
    "priority": "def21673-d4ab-41a6-a37f-0c6846b96004",
    "assignee": "30f530c4-ce6c-4724-9cfd-37a16e787119",
    "status": "def11673-d4ab-41a6-a37f-0c6846b96003",
    "categories": [
      "24f530c4-ce6c-4724-9cfd-37a16e787014",
      "24f530c4-ce6c-4724-9cfd-37a16e787006",
      "24f530c4-ce6c-4724-9cfd-37a16e787001"
    ],
    "modified": "2015-12-11T22:48:33.209Z",
    "created": "2015-12-11T22:48:33.209Z",
    "requester": "30f530c4-ce6c-4724-9cfd-37a16e787112",
    "deleted": null,
    "location": "9fa58029-0dbc-4c03-ad09-512298c7f6d4"
  }
},
{
  "pk": "40f530c4-ce6c-4724-9cfd-37a16e787002",
  "model": "ticket.ticket",
  "fields": {
    "cc": [
      "30f530c4-ce6c-4724-9cfd-37a16e787045"
    ],
    "request": "ILdeqhQhuW",
    "number": 2,
    "priority": "def21673-d4ab-41a6-a37f-0c6846b96001",
    "assignee": "30f530c4-ce6c-4724-9cfd-37a16e787043",
    "status": "def11673-d4ab-41a6-a37f-0c6846b96009",
    "categories": [
      "24f530c4-ce6c-4724-9cfd-37a16e787014",
      "24f530c4-ce6c-4724-9cfd-37a16e787006",
      "24f530c4-ce6c-4724-9cfd-37a16e787001"
    ],
    "modified": "2015-12-11T22:48:33.272Z",
    "created": "2015-12-11T22:48:33.272Z",
    "requester": "30f530c4-ce6c-4724-9cfd-37a16e787067",
    "deleted": null,
    "location": "f09e3733-699e-423d-8948-9a98aaf1951c"
  }
},
{
  "pk": "40f530c4-ce6c-4724-9cfd-37a16e787003",
  "model": "ticket.ticket",
  "fields": {
    "cc": [
      "30f530c4-ce6c-4724-9cfd-37a16e787008"
    ],
    "request": "SJpwaMwNzJ",
    "number": 3,
    "priority": "def21673-d4ab-41a6-a37f-0c6846b96002",
    "assignee": "30f530c4-ce6c-4724-9cfd-37a16e787014",
    "status": "def11673-d4ab-41a6-a37f-0c6846b96001",
    "categories": [
      "24f530c4-ce6c-4724-9cfd-37a16e787014",
      "24f530c4-ce6c-4724-9cfd-37a16e787006",
      "24f530c4-ce6c-4724-9cfd-37a16e787001"
    ],
    "modified": "2015-12-11T22:48:33.336Z",
    "created": "2015-12-11T22:48:33.336Z",
    "requester": "30f530c4-ce6c-4724-9cfd-37a16e787058",
    "deleted": null,
    "location": "107dcfd8-92d4-4b1c-8268-c64c935e7fcc"
  }
},
{
  "pk": "40f530c4-ce6c-4724-9cfd-37a16e787004",
  "model": "ticket.ticket",
  "fields": {
    "cc": [
      "30f530c4-ce6c-4724-9cfd-37a16e787090"
    ],
    "request": "FdchWNGdZD",
    "number": 4,
    "priority": "def21673-d4ab-41a6-a37f-0c6846b96004",
    "assignee": "30f530c4-ce6c-4724-9cfd-37a16e787072",
    "status": "def11673-d4ab-41a6-a37f-0c6846b96008",
    "categories": [
      "24f530c4-ce6c-4724-9cfd-37a16e787014",
      "24f530c4-ce6c-4724-9cfd-37a16e787006",
      "24f530c4-ce6c-4724-9cfd-37a16e787001"
    ],
    "modified": "2015-12-11T22:48:33.426Z",
    "created": "2015-12-11T22:48:33.426Z",
    "requester": "30f530c4-ce6c-4724-9cfd-37a16e787163",
    "deleted": null,
    "location": "9fa58029-0dbc-4c03-ad09-512298c7f6d4"
  }
},
{
  "pk": "40f530c4-ce6c-4724-9cfd-37a16e787005",
  "model": "ticket.ticket",
  "fields": {
    "cc": [
      "30f530c4-ce6c-4724-9cfd-37a16e787078"
    ],
    "request": "bZISVJbhtA",
    "number": 5,
    "priority": "def21673-d4ab-41a6-a37f-0c6846b96002",
    "assignee": "30f530c4-ce6c-4724-9cfd-37a16e787179",
    "status": "def11673-d4ab-41a6-a37f-0c6846b96007",
    "categories": [
      "24f530c4-ce6c-4724-9cfd-37a16e787014",
      "24f530c4-ce6c-4724-9cfd-37a16e787006",
      "24f530c4-ce6c-4724-9cfd-37a16e787001"
    ],
    "modified": "2015-12-11T22:48:33.509Z",
    "created": "2015-12-11T22:48:33.509Z",
    "requester": "30f530c4-ce6c-4724-9cfd-37a16e787120",
    "deleted": null,
    "location": "589145b7-a520-4954-8bb4-38d188b716b6"
  }
},
{
  "pk": "40f530c4-ce6c-4724-9cfd-37a16e787006",
  "model": "ticket.ticket",
  "fields": {
    "cc": [
      "30f530c4-ce6c-4724-9cfd-37a16e787120"
    ],
    "request": "pRYtlWcoKX",
    "number": 6,
    "priority": "def21673-d4ab-41a6-a37f-0c6846b96004",
    "assignee": "30f530c4-ce6c-4724-9cfd-37a16e787117",
    "status": "def11673-d4ab-41a6-a37f-0c6846b96006",
    "categories": [
      "24f530c4-ce6c-4724-9cfd-37a16e787014",
      "24f530c4-ce6c-4724-9cfd-37a16e787006",
      "24f530c4-ce6c-4724-9cfd-37a16e787001"
    ],
    "modified": "2015-12-11T22:48:33.565Z",
    "created": "2015-12-11T22:48:33.565Z",
    "requester": "30f530c4-ce6c-4724-9cfd-37a16e787176",
    "deleted": null,
    "location": "a8283447-256c-4701-9dca-e85e952d31f3"
  }
},
{
  "pk": "40f530c4-ce6c-4724-9cfd-37a16e787007",
  "model": "ticket.ticket",
  "fields": {
    "cc": [
      "30f530c4-ce6c-4724-9cfd-37a16e787023"
    ],
    "request": "iYcrpELSXT",
    "number": 7,
    "priority": "def21673-d4ab-41a6-a37f-0c6846b96002",
    "assignee": "30f530c4-ce6c-4724-9cfd-37a16e787081",
    "status": "def11673-d4ab-41a6-a37f-0c6846b96007",
    "categories": [
      "24f530c4-ce6c-4724-9cfd-37a16e787014",
      "24f530c4-ce6c-4724-9cfd-37a16e787006",
      "24f530c4-ce6c-4724-9cfd-37a16e787001"
    ],
    "modified": "2015-12-11T22:48:33.619Z",
    "created": "2015-12-11T22:48:33.619Z",
    "requester": "30f530c4-ce6c-4724-9cfd-37a16e787041",
    "deleted": null,
    "location": "a8283447-256c-4701-9dca-e85e952d31f3"
  }
},
{
  "pk": "40f530c4-ce6c-4724-9cfd-37a16e787008",
  "model": "ticket.ticket",
  "fields": {
    "cc": [
      "30f530c4-ce6c-4724-9cfd-37a16e787081"
    ],
    "request": "ooPlTXDoQG",
    "number": 8,
    "priority": "def21673-d4ab-41a6-a37f-0c6846b96001",
    "assignee": "30f530c4-ce6c-4724-9cfd-37a16e787040",
    "status": "def11673-d4ab-41a6-a37f-0c6846b96004",
    "categories": [
      "24f530c4-ce6c-4724-9cfd-37a16e787014",
      "24f530c4-ce6c-4724-9cfd-37a16e787006",
      "24f530c4-ce6c-4724-9cfd-37a16e787001"
    ],
    "modified": "2015-12-11T22:48:33.674Z",
    "created": "2015-12-11T22:48:33.674Z",
    "requester": "30f530c4-ce6c-4724-9cfd-37a16e787081",
    "deleted": null,
    "location": "dddd7e16-f57a-424f-847f-8bb938b43d0b"
  }
},
{
  "pk": "40f530c4-ce6c-4724-9cfd-37a16e787009",
  "model": "ticket.ticket",
  "fields": {
    "cc": [
      "30f530c4-ce6c-4724-9cfd-37a16e787018"
    ],
    "request": "wySjkvHEjF",
    "number": 9,
    "priority": "def21673-d4ab-41a6-a37f-0c6846b96003",
    "assignee": "30f530c4-ce6c-4724-9cfd-37a16e787111",
    "status": "def11673-d4ab-41a6-a37f-0c6846b96007",
    "categories": [
      "24f530c4-ce6c-4724-9cfd-37a16e787014",
      "24f530c4-ce6c-4724-9cfd-37a16e787006",
      "24f530c4-ce6c-4724-9cfd-37a16e787001"
    ],
    "modified": "2015-12-11T22:48:33.736Z",
    "created": "2015-12-11T22:48:33.736Z",
    "requester": "30f530c4-ce6c-4724-9cfd-37a16e787050",
    "deleted": null,
    "location": "9fa58029-0dbc-4c03-ad09-512298c7f6d4"
  }
},
{
  "pk": "40f530c4-ce6c-4724-9cfd-37a16e787010",
  "model": "ticket.ticket",
  "fields": {
    "cc": [
      "30f530c4-ce6c-4724-9cfd-37a16e787046"
    ],
    "request": "IsiiQzUBhf",
    "number": 10,
    "priority": "def21673-d4ab-41a6-a37f-0c6846b96001",
    "assignee": "30f530c4-ce6c-4724-9cfd-37a16e787133",
    "status": "def11673-d4ab-41a6-a37f-0c6846b96004",
    "categories": [
      "24f530c4-ce6c-4724-9cfd-37a16e787014",
      "24f530c4-ce6c-4724-9cfd-37a16e787006",
      "24f530c4-ce6c-4724-9cfd-37a16e787001"
    ],
    "modified": "2015-12-11T22:48:33.794Z",
    "created": "2015-12-11T22:48:33.794Z",
    "requester": "30f530c4-ce6c-4724-9cfd-37a16e787121",
    "deleted": null,
    "location": "dddd7e16-f57a-424f-847f-8bb938b43d0b"
  }
},
{
  "pk": "40f530c4-ce6c-4724-9cfd-37a16e787011",
  "model": "ticket.ticket",
  "fields": {
    "cc": [
      "30f530c4-ce6c-4724-9cfd-37a16e787058"
    ],
    "request": "ospajPiVWE",
    "number": 11,
    "priority": "def21673-d4ab-41a6-a37f-0c6846b96001",
    "assignee": "30f530c4-ce6c-4724-9cfd-37a16e787040",
    "status": "def11673-d4ab-41a6-a37f-0c6846b96009",
    "categories": [
      "24f530c4-ce6c-4724-9cfd-37a16e787014",
      "24f530c4-ce6c-4724-9cfd-37a16e787006",
      "24f530c4-ce6c-4724-9cfd-37a16e787001"
    ],
    "modified": "2015-12-11T22:48:33.848Z",
    "created": "2015-12-11T22:48:33.848Z",
    "requester": "30f530c4-ce6c-4724-9cfd-37a16e787177",
    "deleted": null,
    "location": "107dcfd8-92d4-4b1c-8268-c64c935e7fcc"
  }
},
{
  "pk": "40f530c4-ce6c-4724-9cfd-37a16e787012",
  "model": "ticket.ticket",
  "fields": {
    "cc": [
      "30f530c4-ce6c-4724-9cfd-37a16e787164"
    ],
    "request": "FeBpQznMFE",
    "number": 12,
    "priority": "def21673-d4ab-41a6-a37f-0c6846b96003",
    "assignee": "30f530c4-ce6c-4724-9cfd-37a16e787060",
    "status": "def11673-d4ab-41a6-a37f-0c6846b96009",
    "categories": [
      "24f530c4-ce6c-4724-9cfd-37a16e787014",
      "24f530c4-ce6c-4724-9cfd-37a16e787006",
      "24f530c4-ce6c-4724-9cfd-37a16e787001"
    ],
    "modified": "2015-12-11T22:48:33.902Z",
    "created": "2015-12-11T22:48:33.902Z",
    "requester": "30f530c4-ce6c-4724-9cfd-37a16e787082",
    "deleted": null,
    "location": "9fa58029-0dbc-4c03-ad09-512298c7f6d4"
  }
},
{
  "pk": "40f530c4-ce6c-4724-9cfd-37a16e787013",
  "model": "ticket.ticket",
  "fields": {
    "cc": [
      "30f530c4-ce6c-4724-9cfd-37a16e787075"
    ],
    "request": "LgytYbpSrx",
    "number": 13,
    "priority": "def21673-d4ab-41a6-a37f-0c6846b96004",
    "assignee": "30f530c4-ce6c-4724-9cfd-37a16e787135",
    "status": "def11673-d4ab-41a6-a37f-0c6846b96002",
    "categories": [
      "24f530c4-ce6c-4724-9cfd-37a16e787014",
      "24f530c4-ce6c-4724-9cfd-37a16e787006",
      "24f530c4-ce6c-4724-9cfd-37a16e787001"
    ],
    "modified": "2015-12-11T22:48:33.954Z",
    "created": "2015-12-11T22:48:33.954Z",
    "requester": "30f530c4-ce6c-4724-9cfd-37a16e787070",
    "deleted": null,
    "location": "9fa58029-0dbc-4c03-ad09-512298c7f6d4"
  }
},
{
  "pk": "40f530c4-ce6c-4724-9cfd-37a16e787014",
  "model": "ticket.ticket",
  "fields": {
    "cc": [
      "30f530c4-ce6c-4724-9cfd-37a16e787027"
    ],
    "request": "Qvorccesdv",
    "number": 14,
    "priority": "def21673-d4ab-41a6-a37f-0c6846b96002",
    "assignee": "30f530c4-ce6c-4724-9cfd-37a16e787175",
    "status": "def11673-d4ab-41a6-a37f-0c6846b96009",
    "categories": [
      "24f530c4-ce6c-4724-9cfd-37a16e787014",
      "24f530c4-ce6c-4724-9cfd-37a16e787006",
      "24f530c4-ce6c-4724-9cfd-37a16e787001"
    ],
    "modified": "2015-12-11T22:48:34.008Z",
    "created": "2015-12-11T22:48:34.008Z",
    "requester": "30f530c4-ce6c-4724-9cfd-37a16e787020",
    "deleted": null,
    "location": "dddd7e16-f57a-424f-847f-8bb938b43d0b"
  }
},
{
  "pk": "40f530c4-ce6c-4724-9cfd-37a16e787015",
  "model": "ticket.ticket",
  "fields": {
    "cc": [
      "30f530c4-ce6c-4724-9cfd-37a16e787073"
    ],
    "request": "SkvUUlvfGt",
    "number": 15,
    "priority": "def21673-d4ab-41a6-a37f-0c6846b96001",
    "assignee": "30f530c4-ce6c-4724-9cfd-37a16e787124",
    "status": "def11673-d4ab-41a6-a37f-0c6846b96006",
    "categories": [
      "24f530c4-ce6c-4724-9cfd-37a16e787014",
      "24f530c4-ce6c-4724-9cfd-37a16e787006",
      "24f530c4-ce6c-4724-9cfd-37a16e787001"
    ],
    "modified": "2015-12-11T22:48:34.060Z",
    "created": "2015-12-11T22:48:34.060Z",
    "requester": "30f530c4-ce6c-4724-9cfd-37a16e787135",
    "deleted": null,
    "location": "589145b7-a520-4954-8bb4-38d188b716b6"
  }
},
{
  "pk": "40f530c4-ce6c-4724-9cfd-37a16e787016",
  "model": "ticket.ticket",
  "fields": {
    "cc": [
      "30f530c4-ce6c-4724-9cfd-37a16e787056"
    ],
    "request": "UGXGXOLHtV",
    "number": 16,
    "priority": "def21673-d4ab-41a6-a37f-0c6846b96004",
    "assignee": "30f530c4-ce6c-4724-9cfd-37a16e787120",
    "status": "def11673-d4ab-41a6-a37f-0c6846b96003",
    "categories": [
      "24f530c4-ce6c-4724-9cfd-37a16e787014",
      "24f530c4-ce6c-4724-9cfd-37a16e787006",
      "24f530c4-ce6c-4724-9cfd-37a16e787001"
    ],
    "modified": "2015-12-11T22:48:34.111Z",
    "created": "2015-12-11T22:48:34.111Z",
    "requester": "30f530c4-ce6c-4724-9cfd-37a16e787154",
    "deleted": null,
    "location": "0e75c4bb-1a11-451f-a8ef-4311df235c26"
  }
},
{
  "pk": "40f530c4-ce6c-4724-9cfd-37a16e787017",
  "model": "ticket.ticket",
  "fields": {
    "cc": [
      "30f530c4-ce6c-4724-9cfd-37a16e787005"
    ],
    "request": "nBKAXVCTGJ",
    "number": 17,
    "priority": "def21673-d4ab-41a6-a37f-0c6846b96002",
    "assignee": "30f530c4-ce6c-4724-9cfd-37a16e787096",
    "status": "def11673-d4ab-41a6-a37f-0c6846b96003",
    "categories": [
      "24f530c4-ce6c-4724-9cfd-37a16e787014",
      "24f530c4-ce6c-4724-9cfd-37a16e787006",
      "24f530c4-ce6c-4724-9cfd-37a16e787001"
    ],
    "modified": "2015-12-11T22:48:34.165Z",
    "created": "2015-12-11T22:48:34.165Z",
    "requester": "30f530c4-ce6c-4724-9cfd-37a16e787055",
    "deleted": null,
    "location": "589145b7-a520-4954-8bb4-38d188b716b6"
  }
},
{
  "pk": "40f530c4-ce6c-4724-9cfd-37a16e787018",
  "model": "ticket.ticket",
  "fields": {
    "cc": [
      "30f530c4-ce6c-4724-9cfd-37a16e787087"
    ],
    "request": "zupVAeASFR",
    "number": 18,
    "priority": "def21673-d4ab-41a6-a37f-0c6846b96004",
    "assignee": "30f530c4-ce6c-4724-9cfd-37a16e787044",
    "status": "def11673-d4ab-41a6-a37f-0c6846b96009",
    "categories": [
      "24f530c4-ce6c-4724-9cfd-37a16e787014",
      "24f530c4-ce6c-4724-9cfd-37a16e787006",
      "24f530c4-ce6c-4724-9cfd-37a16e787001"
    ],
    "modified": "2015-12-11T22:48:34.216Z",
    "created": "2015-12-11T22:48:34.216Z",
    "requester": "30f530c4-ce6c-4724-9cfd-37a16e787108",
    "deleted": null,
    "location": "9fa58029-0dbc-4c03-ad09-512298c7f6d4"
  }
},
{
  "pk": "40f530c4-ce6c-4724-9cfd-37a16e787019",
  "model": "ticket.ticket",
  "fields": {
    "cc": [
      "30f530c4-ce6c-4724-9cfd-37a16e787075"
    ],
    "request": "OGdbQslpNu",
    "number": 19,
    "priority": "def21673-d4ab-41a6-a37f-0c6846b96002",
    "assignee": "30f530c4-ce6c-4724-9cfd-37a16e787106",
    "status": "def11673-d4ab-41a6-a37f-0c6846b96009",
    "categories": [
      "24f530c4-ce6c-4724-9cfd-37a16e787014",
      "24f530c4-ce6c-4724-9cfd-37a16e787006",
      "24f530c4-ce6c-4724-9cfd-37a16e787001"
    ],
    "modified": "2015-12-11T22:48:34.266Z",
    "created": "2015-12-11T22:48:34.266Z",
    "requester": "30f530c4-ce6c-4724-9cfd-37a16e787132",
    "deleted": null,
    "location": "f09e3733-699e-423d-8948-9a98aaf1951c"
  }
},
{
  "pk": "40f530c4-ce6c-4724-9cfd-37a16e787020",
  "model": "ticket.ticket",
  "fields": {
    "cc": [
      "30f530c4-ce6c-4724-9cfd-37a16e787064"
    ],
    "request": "iEyEzjrler",
    "number": 20,
    "priority": "def21673-d4ab-41a6-a37f-0c6846b96002",
    "assignee": "30f530c4-ce6c-4724-9cfd-37a16e787086",
    "status": "def11673-d4ab-41a6-a37f-0c6846b96001",
    "categories": [
      "24f530c4-ce6c-4724-9cfd-37a16e787014",
      "24f530c4-ce6c-4724-9cfd-37a16e787006",
      "24f530c4-ce6c-4724-9cfd-37a16e787001"
    ],
    "modified": "2015-12-11T22:48:34.320Z",
    "created": "2015-12-11T22:48:34.320Z",
    "requester": "30f530c4-ce6c-4724-9cfd-37a16e787041",
    "deleted": null,
    "location": "0e75c4bb-1a11-451f-a8ef-4311df235c26"
  }
},
{
  "pk": "40f530c4-ce6c-4724-9cfd-37a16e787021",
  "model": "ticket.ticket",
  "fields": {
    "cc": [
      "30f530c4-ce6c-4724-9cfd-37a16e787139"
    ],
    "request": "WSBuuDNLnS",
    "number": 21,
    "priority": "def21673-d4ab-41a6-a37f-0c6846b96004",
    "assignee": "30f530c4-ce6c-4724-9cfd-37a16e787060",
    "status": "def11673-d4ab-41a6-a37f-0c6846b96001",
    "categories": [
      "24f530c4-ce6c-4724-9cfd-37a16e787014",
      "24f530c4-ce6c-4724-9cfd-37a16e787006",
      "24f530c4-ce6c-4724-9cfd-37a16e787001"
    ],
    "modified": "2015-12-11T22:48:34.375Z",
    "created": "2015-12-11T22:48:34.375Z",
    "requester": "30f530c4-ce6c-4724-9cfd-37a16e787101",
    "deleted": null,
    "location": "f09e3733-699e-423d-8948-9a98aaf1951c"
  }
},
{
  "pk": "40f530c4-ce6c-4724-9cfd-37a16e787022",
  "model": "ticket.ticket",
  "fields": {
    "cc": [
      "30f530c4-ce6c-4724-9cfd-37a16e787001"
    ],
    "request": "BaEsxacete",
    "number": 22,
    "priority": "def21673-d4ab-41a6-a37f-0c6846b96003",
    "assignee": "30f530c4-ce6c-4724-9cfd-37a16e787103",
    "status": "def11673-d4ab-41a6-a37f-0c6846b96002",
    "categories": [
      "24f530c4-ce6c-4724-9cfd-37a16e787014",
      "24f530c4-ce6c-4724-9cfd-37a16e787006",
      "24f530c4-ce6c-4724-9cfd-37a16e787001"
    ],
    "modified": "2015-12-11T22:48:34.430Z",
    "created": "2015-12-11T22:48:34.430Z",
    "requester": "30f530c4-ce6c-4724-9cfd-37a16e787024",
    "deleted": null,
    "location": "dddd7e16-f57a-424f-847f-8bb938b43d0b"
  }
},
{
  "pk": "40f530c4-ce6c-4724-9cfd-37a16e787023",
  "model": "ticket.ticket",
  "fields": {
    "cc": [
      "30f530c4-ce6c-4724-9cfd-37a16e787162"
    ],
    "request": "puiUCMLzhL",
    "number": 23,
    "priority": "def21673-d4ab-41a6-a37f-0c6846b96002",
    "assignee": "30f530c4-ce6c-4724-9cfd-37a16e787136",
    "status": "def11673-d4ab-41a6-a37f-0c6846b96007",
    "categories": [
      "24f530c4-ce6c-4724-9cfd-37a16e787014",
      "24f530c4-ce6c-4724-9cfd-37a16e787006",
      "24f530c4-ce6c-4724-9cfd-37a16e787001"
    ],
    "modified": "2015-12-11T22:48:34.485Z",
    "created": "2015-12-11T22:48:34.485Z",
    "requester": "30f530c4-ce6c-4724-9cfd-37a16e787020",
    "deleted": null,
    "location": "107dcfd8-92d4-4b1c-8268-c64c935e7fcc"
  }
},
{
  "pk": "40f530c4-ce6c-4724-9cfd-37a16e787024",
  "model": "ticket.ticket",
  "fields": {
    "cc": [
      "30f530c4-ce6c-4724-9cfd-37a16e787066"
    ],
    "request": "jfohiMCenX",
    "number": 24,
    "priority": "def21673-d4ab-41a6-a37f-0c6846b96004",
    "assignee": "30f530c4-ce6c-4724-9cfd-37a16e787113",
    "status": "def11673-d4ab-41a6-a37f-0c6846b96008",
    "categories": [
      "24f530c4-ce6c-4724-9cfd-37a16e787014",
      "24f530c4-ce6c-4724-9cfd-37a16e787006",
      "24f530c4-ce6c-4724-9cfd-37a16e787001"
    ],
    "modified": "2015-12-11T22:48:34.540Z",
    "created": "2015-12-11T22:48:34.540Z",
    "requester": "30f530c4-ce6c-4724-9cfd-37a16e787103",
    "deleted": null,
    "location": "9fa58029-0dbc-4c03-ad09-512298c7f6d4"
  }
},
{
  "pk": "40f530c4-ce6c-4724-9cfd-37a16e787025",
  "model": "ticket.ticket",
  "fields": {
    "cc": [
      "30f530c4-ce6c-4724-9cfd-37a16e787072"
    ],
    "request": "ZBfzqKbdsz",
    "number": 25,
    "priority": "def21673-d4ab-41a6-a37f-0c6846b96001",
    "assignee": "30f530c4-ce6c-4724-9cfd-37a16e787083",
    "status": "def11673-d4ab-41a6-a37f-0c6846b96004",
    "categories": [
      "24f530c4-ce6c-4724-9cfd-37a16e787014",
      "24f530c4-ce6c-4724-9cfd-37a16e787006",
      "24f530c4-ce6c-4724-9cfd-37a16e787001"
    ],
    "modified": "2015-12-11T22:48:34.591Z",
    "created": "2015-12-11T22:48:34.591Z",
    "requester": "30f530c4-ce6c-4724-9cfd-37a16e787003",
    "deleted": null,
    "location": "589145b7-a520-4954-8bb4-38d188b716b6"
  }
},
{
  "pk": "40f530c4-ce6c-4724-9cfd-37a16e787026",
  "model": "ticket.ticket",
  "fields": {
    "cc": [
      "30f530c4-ce6c-4724-9cfd-37a16e787003"
    ],
    "request": "cvoKnukKPl",
    "number": 26,
    "priority": "def21673-d4ab-41a6-a37f-0c6846b96003",
    "assignee": "30f530c4-ce6c-4724-9cfd-37a16e787184",
    "status": "def11673-d4ab-41a6-a37f-0c6846b96009",
    "categories": [
      "24f530c4-ce6c-4724-9cfd-37a16e787014",
      "24f530c4-ce6c-4724-9cfd-37a16e787006",
      "24f530c4-ce6c-4724-9cfd-37a16e787001"
    ],
    "modified": "2015-12-11T22:48:34.642Z",
    "created": "2015-12-11T22:48:34.642Z",
    "requester": "30f530c4-ce6c-4724-9cfd-37a16e787027",
    "deleted": null,
    "location": "9fa58029-0dbc-4c03-ad09-512298c7f6d4"
  }
},
{
  "pk": "40f530c4-ce6c-4724-9cfd-37a16e787027",
  "model": "ticket.ticket",
  "fields": {
    "cc": [
      "30f530c4-ce6c-4724-9cfd-37a16e787017"
    ],
    "request": "wjivHeTlYV",
    "number": 27,
    "priority": "def21673-d4ab-41a6-a37f-0c6846b96001",
    "assignee": "30f530c4-ce6c-4724-9cfd-37a16e787141",
    "status": "def11673-d4ab-41a6-a37f-0c6846b96001",
    "categories": [
      "24f530c4-ce6c-4724-9cfd-37a16e787014",
      "24f530c4-ce6c-4724-9cfd-37a16e787006",
      "24f530c4-ce6c-4724-9cfd-37a16e787001"
    ],
    "modified": "2015-12-11T22:48:34.693Z",
    "created": "2015-12-11T22:48:34.693Z",
    "requester": "30f530c4-ce6c-4724-9cfd-37a16e787078",
    "deleted": null,
    "location": "9fa58029-0dbc-4c03-ad09-512298c7f6d4"
  }
},
{
  "pk": "40f530c4-ce6c-4724-9cfd-37a16e787028",
  "model": "ticket.ticket",
  "fields": {
    "cc": [
      "30f530c4-ce6c-4724-9cfd-37a16e787138"
    ],
    "request": "JkksPRfvaz",
    "number": 28,
    "priority": "def21673-d4ab-41a6-a37f-0c6846b96004",
    "assignee": "30f530c4-ce6c-4724-9cfd-37a16e787130",
    "status": "def11673-d4ab-41a6-a37f-0c6846b96001",
    "categories": [
      "24f530c4-ce6c-4724-9cfd-37a16e787014",
      "24f530c4-ce6c-4724-9cfd-37a16e787006",
      "24f530c4-ce6c-4724-9cfd-37a16e787001"
    ],
    "modified": "2015-12-11T22:48:34.743Z",
    "created": "2015-12-11T22:48:34.743Z",
    "requester": "30f530c4-ce6c-4724-9cfd-37a16e787147",
    "deleted": null,
    "location": "107dcfd8-92d4-4b1c-8268-c64c935e7fcc"
  }
},
{
  "pk": "40f530c4-ce6c-4724-9cfd-37a16e787029",
  "model": "ticket.ticket",
  "fields": {
    "cc": [
      "30f530c4-ce6c-4724-9cfd-37a16e787092"
    ],
    "request": "RFiABkwyvC",
    "number": 29,
    "priority": "def21673-d4ab-41a6-a37f-0c6846b96003",
    "assignee": "30f530c4-ce6c-4724-9cfd-37a16e787029",
    "status": "def11673-d4ab-41a6-a37f-0c6846b96005",
    "categories": [
      "24f530c4-ce6c-4724-9cfd-37a16e787014",
      "24f530c4-ce6c-4724-9cfd-37a16e787006",
      "24f530c4-ce6c-4724-9cfd-37a16e787001"
    ],
    "modified": "2015-12-11T22:48:34.794Z",
    "created": "2015-12-11T22:48:34.794Z",
    "requester": "30f530c4-ce6c-4724-9cfd-37a16e787167",
    "deleted": null,
    "location": "dddd7e16-f57a-424f-847f-8bb938b43d0b"
  }
},
{
  "pk": "40f530c4-ce6c-4724-9cfd-37a16e787030",
  "model": "ticket.ticket",
  "fields": {
    "cc": [
      "30f530c4-ce6c-4724-9cfd-37a16e787181"
    ],
    "request": "pBYfXvuWfY",
    "number": 30,
    "priority": "def21673-d4ab-41a6-a37f-0c6846b96004",
    "assignee": "30f530c4-ce6c-4724-9cfd-37a16e787065",
    "status": "def11673-d4ab-41a6-a37f-0c6846b96003",
    "categories": [
      "24f530c4-ce6c-4724-9cfd-37a16e787014",
      "24f530c4-ce6c-4724-9cfd-37a16e787006",
      "24f530c4-ce6c-4724-9cfd-37a16e787001"
    ],
    "modified": "2015-12-11T22:48:34.865Z",
    "created": "2015-12-11T22:48:34.865Z",
    "requester": "30f530c4-ce6c-4724-9cfd-37a16e787121",
    "deleted": null,
    "location": "9fa58029-0dbc-4c03-ad09-512298c7f6d4"
  }
},
{
  "pk": "40f530c4-ce6c-4724-9cfd-37a16e787031",
  "model": "ticket.ticket",
  "fields": {
    "cc": [
      "30f530c4-ce6c-4724-9cfd-37a16e787147"
    ],
    "request": "vZeHALdOXz",
    "number": 31,
    "priority": "def21673-d4ab-41a6-a37f-0c6846b96003",
    "assignee": "30f530c4-ce6c-4724-9cfd-37a16e787146",
    "status": "def11673-d4ab-41a6-a37f-0c6846b96005",
    "categories": [
      "24f530c4-ce6c-4724-9cfd-37a16e787014",
      "24f530c4-ce6c-4724-9cfd-37a16e787006",
      "24f530c4-ce6c-4724-9cfd-37a16e787001"
    ],
    "modified": "2015-12-11T22:48:34.918Z",
    "created": "2015-12-11T22:48:34.918Z",
    "requester": "30f530c4-ce6c-4724-9cfd-37a16e787150",
    "deleted": null,
    "location": "0e75c4bb-1a11-451f-a8ef-4311df235c26"
  }
},
{
  "pk": "40f530c4-ce6c-4724-9cfd-37a16e787032",
  "model": "ticket.ticket",
  "fields": {
    "cc": [
      "30f530c4-ce6c-4724-9cfd-37a16e787079"
    ],
    "request": "cGkzKSTwXf",
    "number": 32,
    "priority": "def21673-d4ab-41a6-a37f-0c6846b96001",
    "assignee": "30f530c4-ce6c-4724-9cfd-37a16e787059",
    "status": "def11673-d4ab-41a6-a37f-0c6846b96006",
    "categories": [
      "24f530c4-ce6c-4724-9cfd-37a16e787014",
      "24f530c4-ce6c-4724-9cfd-37a16e787006",
      "24f530c4-ce6c-4724-9cfd-37a16e787001"
    ],
    "modified": "2015-12-11T22:48:34.969Z",
    "created": "2015-12-11T22:48:34.969Z",
    "requester": "30f530c4-ce6c-4724-9cfd-37a16e787130",
    "deleted": null,
    "location": "9fa58029-0dbc-4c03-ad09-512298c7f6d4"
  }
},
{
  "pk": "40f530c4-ce6c-4724-9cfd-37a16e787033",
  "model": "ticket.ticket",
  "fields": {
    "cc": [
      "30f530c4-ce6c-4724-9cfd-37a16e787020"
    ],
    "request": "qsUCjpKWgU",
    "number": 33,
    "priority": "def21673-d4ab-41a6-a37f-0c6846b96001",
    "assignee": "30f530c4-ce6c-4724-9cfd-37a16e787157",
    "status": "def11673-d4ab-41a6-a37f-0c6846b96006",
    "categories": [
      "24f530c4-ce6c-4724-9cfd-37a16e787014",
      "24f530c4-ce6c-4724-9cfd-37a16e787006",
      "24f530c4-ce6c-4724-9cfd-37a16e787001"
    ],
    "modified": "2015-12-11T22:48:35.020Z",
    "created": "2015-12-11T22:48:35.020Z",
    "requester": "30f530c4-ce6c-4724-9cfd-37a16e787129",
    "deleted": null,
    "location": "a8283447-256c-4701-9dca-e85e952d31f3"
  }
},
{
  "pk": "40f530c4-ce6c-4724-9cfd-37a16e787034",
  "model": "ticket.ticket",
  "fields": {
    "cc": [
      "30f530c4-ce6c-4724-9cfd-37a16e787125"
    ],
    "request": "pczudGVBKp",
    "number": 34,
    "priority": "def21673-d4ab-41a6-a37f-0c6846b96003",
    "assignee": "30f530c4-ce6c-4724-9cfd-37a16e787068",
    "status": "def11673-d4ab-41a6-a37f-0c6846b96003",
    "categories": [
      "24f530c4-ce6c-4724-9cfd-37a16e787014",
      "24f530c4-ce6c-4724-9cfd-37a16e787006",
      "24f530c4-ce6c-4724-9cfd-37a16e787001"
    ],
    "modified": "2015-12-11T22:48:35.071Z",
    "created": "2015-12-11T22:48:35.071Z",
    "requester": "30f530c4-ce6c-4724-9cfd-37a16e787179",
    "deleted": null,
    "location": "dddd7e16-f57a-424f-847f-8bb938b43d0b"
  }
},
{
  "pk": "40f530c4-ce6c-4724-9cfd-37a16e787035",
  "model": "ticket.ticket",
  "fields": {
    "cc": [
      "30f530c4-ce6c-4724-9cfd-37a16e787157"
    ],
    "request": "vwpYEyUdyn",
    "number": 35,
    "priority": "def21673-d4ab-41a6-a37f-0c6846b96003",
    "assignee": "30f530c4-ce6c-4724-9cfd-37a16e787142",
    "status": "def11673-d4ab-41a6-a37f-0c6846b96008",
    "categories": [
      "24f530c4-ce6c-4724-9cfd-37a16e787014",
      "24f530c4-ce6c-4724-9cfd-37a16e787006",
      "24f530c4-ce6c-4724-9cfd-37a16e787001"
    ],
    "modified": "2015-12-11T22:48:35.121Z",
    "created": "2015-12-11T22:48:35.121Z",
    "requester": "30f530c4-ce6c-4724-9cfd-37a16e787128",
    "deleted": null,
    "location": "1674e9cf-4ea9-4043-acbb-5545af11ed41"
  }
},
{
  "pk": "40f530c4-ce6c-4724-9cfd-37a16e787036",
  "model": "ticket.ticket",
  "fields": {
    "cc": [
      "30f530c4-ce6c-4724-9cfd-37a16e787018"
    ],
    "request": "TUZYBQYoaT",
    "number": 36,
    "priority": "def21673-d4ab-41a6-a37f-0c6846b96003",
    "assignee": "30f530c4-ce6c-4724-9cfd-37a16e787089",
    "status": "def11673-d4ab-41a6-a37f-0c6846b96007",
    "categories": [
      "24f530c4-ce6c-4724-9cfd-37a16e787014",
      "24f530c4-ce6c-4724-9cfd-37a16e787006",
      "24f530c4-ce6c-4724-9cfd-37a16e787001"
    ],
    "modified": "2015-12-11T22:48:35.172Z",
    "created": "2015-12-11T22:48:35.172Z",
    "requester": "30f530c4-ce6c-4724-9cfd-37a16e787051",
    "deleted": null,
    "location": "9fa58029-0dbc-4c03-ad09-512298c7f6d4"
  }
},
{
  "pk": "40f530c4-ce6c-4724-9cfd-37a16e787037",
  "model": "ticket.ticket",
  "fields": {
    "cc": [
      "30f530c4-ce6c-4724-9cfd-37a16e787094"
    ],
    "request": "giViyrcUAV",
    "number": 37,
    "priority": "def21673-d4ab-41a6-a37f-0c6846b96002",
    "assignee": "30f530c4-ce6c-4724-9cfd-37a16e787106",
    "status": "def11673-d4ab-41a6-a37f-0c6846b96002",
    "categories": [
      "24f530c4-ce6c-4724-9cfd-37a16e787014",
      "24f530c4-ce6c-4724-9cfd-37a16e787006",
      "24f530c4-ce6c-4724-9cfd-37a16e787001"
    ],
    "modified": "2015-12-11T22:48:35.222Z",
    "created": "2015-12-11T22:48:35.222Z",
    "requester": "30f530c4-ce6c-4724-9cfd-37a16e787081",
    "deleted": null,
    "location": "1674e9cf-4ea9-4043-acbb-5545af11ed41"
  }
},
{
  "pk": "40f530c4-ce6c-4724-9cfd-37a16e787038",
  "model": "ticket.ticket",
  "fields": {
    "cc": [
      "30f530c4-ce6c-4724-9cfd-37a16e787121"
    ],
    "request": "GHVaZLZfuI",
    "number": 38,
    "priority": "def21673-d4ab-41a6-a37f-0c6846b96004",
    "assignee": "30f530c4-ce6c-4724-9cfd-37a16e787084",
    "status": "def11673-d4ab-41a6-a37f-0c6846b96007",
    "categories": [
      "24f530c4-ce6c-4724-9cfd-37a16e787014",
      "24f530c4-ce6c-4724-9cfd-37a16e787006",
      "24f530c4-ce6c-4724-9cfd-37a16e787001"
    ],
    "modified": "2015-12-11T22:48:35.273Z",
    "created": "2015-12-11T22:48:35.273Z",
    "requester": "30f530c4-ce6c-4724-9cfd-37a16e787158",
    "deleted": null,
    "location": "a8283447-256c-4701-9dca-e85e952d31f3"
  }
},
{
  "pk": "40f530c4-ce6c-4724-9cfd-37a16e787039",
  "model": "ticket.ticket",
  "fields": {
    "cc": [
      "30f530c4-ce6c-4724-9cfd-37a16e787155"
    ],
    "request": "nXNXoLLngZ",
    "number": 39,
    "priority": "def21673-d4ab-41a6-a37f-0c6846b96003",
    "assignee": "30f530c4-ce6c-4724-9cfd-37a16e787085",
    "status": "def11673-d4ab-41a6-a37f-0c6846b96008",
    "categories": [
      "24f530c4-ce6c-4724-9cfd-37a16e787014",
      "24f530c4-ce6c-4724-9cfd-37a16e787006",
      "24f530c4-ce6c-4724-9cfd-37a16e787001"
    ],
    "modified": "2015-12-11T22:48:35.325Z",
    "created": "2015-12-11T22:48:35.325Z",
    "requester": "30f530c4-ce6c-4724-9cfd-37a16e787130",
    "deleted": null,
    "location": "107dcfd8-92d4-4b1c-8268-c64c935e7fcc"
  }
},
{
  "pk": "40f530c4-ce6c-4724-9cfd-37a16e787040",
  "model": "ticket.ticket",
  "fields": {
    "cc": [
      "30f530c4-ce6c-4724-9cfd-37a16e787040"
    ],
    "request": "aTTbesjxkO",
    "number": 40,
    "priority": "def21673-d4ab-41a6-a37f-0c6846b96002",
    "assignee": "30f530c4-ce6c-4724-9cfd-37a16e787068",
    "status": "def11673-d4ab-41a6-a37f-0c6846b96006",
    "categories": [
      "24f530c4-ce6c-4724-9cfd-37a16e787014",
      "24f530c4-ce6c-4724-9cfd-37a16e787006",
      "24f530c4-ce6c-4724-9cfd-37a16e787001"
    ],
    "modified": "2015-12-11T22:48:35.376Z",
    "created": "2015-12-11T22:48:35.376Z",
    "requester": "30f530c4-ce6c-4724-9cfd-37a16e787013",
    "deleted": null,
    "location": "589145b7-a520-4954-8bb4-38d188b716b6"
  }
},
{
  "pk": "40f530c4-ce6c-4724-9cfd-37a16e787041",
  "model": "ticket.ticket",
  "fields": {
    "cc": [
      "30f530c4-ce6c-4724-9cfd-37a16e787033"
    ],
    "request": "OrzXTFFYWy",
    "number": 41,
    "priority": "def21673-d4ab-41a6-a37f-0c6846b96002",
    "assignee": "30f530c4-ce6c-4724-9cfd-37a16e787011",
    "status": "def11673-d4ab-41a6-a37f-0c6846b96008",
    "categories": [
      "24f530c4-ce6c-4724-9cfd-37a16e787014",
      "24f530c4-ce6c-4724-9cfd-37a16e787006",
      "24f530c4-ce6c-4724-9cfd-37a16e787001"
    ],
    "modified": "2015-12-11T22:48:35.430Z",
    "created": "2015-12-11T22:48:35.430Z",
    "requester": "30f530c4-ce6c-4724-9cfd-37a16e787013",
    "deleted": null,
    "location": "f09e3733-699e-423d-8948-9a98aaf1951c"
  }
},
{
  "pk": "40f530c4-ce6c-4724-9cfd-37a16e787042",
  "model": "ticket.ticket",
  "fields": {
    "cc": [
      "30f530c4-ce6c-4724-9cfd-37a16e787001"
    ],
    "request": "OYbaoYHjYz",
    "number": 42,
    "priority": "def21673-d4ab-41a6-a37f-0c6846b96002",
    "assignee": "30f530c4-ce6c-4724-9cfd-37a16e787164",
    "status": "def11673-d4ab-41a6-a37f-0c6846b96005",
    "categories": [
      "24f530c4-ce6c-4724-9cfd-37a16e787014",
      "24f530c4-ce6c-4724-9cfd-37a16e787006",
      "24f530c4-ce6c-4724-9cfd-37a16e787001"
    ],
    "modified": "2015-12-11T22:48:35.483Z",
    "created": "2015-12-11T22:48:35.483Z",
    "requester": "30f530c4-ce6c-4724-9cfd-37a16e787101",
    "deleted": null,
    "location": "9fa58029-0dbc-4c03-ad09-512298c7f6d4"
  }
},
{
  "pk": "40f530c4-ce6c-4724-9cfd-37a16e787043",
  "model": "ticket.ticket",
  "fields": {
    "cc": [
      "30f530c4-ce6c-4724-9cfd-37a16e787180"
    ],
    "request": "sgNxgqVHAT",
    "number": 43,
    "priority": "def21673-d4ab-41a6-a37f-0c6846b96001",
    "assignee": "30f530c4-ce6c-4724-9cfd-37a16e787154",
    "status": "def11673-d4ab-41a6-a37f-0c6846b96007",
    "categories": [
      "24f530c4-ce6c-4724-9cfd-37a16e787014",
      "24f530c4-ce6c-4724-9cfd-37a16e787006",
      "24f530c4-ce6c-4724-9cfd-37a16e787001"
    ],
    "modified": "2015-12-11T22:48:35.537Z",
    "created": "2015-12-11T22:48:35.537Z",
    "requester": "30f530c4-ce6c-4724-9cfd-37a16e787118",
    "deleted": null,
    "location": "a8283447-256c-4701-9dca-e85e952d31f3"
  }
},
{
  "pk": "40f530c4-ce6c-4724-9cfd-37a16e787044",
  "model": "ticket.ticket",
  "fields": {
    "cc": [
      "30f530c4-ce6c-4724-9cfd-37a16e787052"
    ],
    "request": "COthoMCMrB",
    "number": 44,
    "priority": "def21673-d4ab-41a6-a37f-0c6846b96003",
    "assignee": "30f530c4-ce6c-4724-9cfd-37a16e787051",
    "status": "def11673-d4ab-41a6-a37f-0c6846b96006",
    "categories": [
      "24f530c4-ce6c-4724-9cfd-37a16e787014",
      "24f530c4-ce6c-4724-9cfd-37a16e787006",
      "24f530c4-ce6c-4724-9cfd-37a16e787001"
    ],
    "modified": "2015-12-11T22:48:35.588Z",
    "created": "2015-12-11T22:48:35.588Z",
    "requester": "30f530c4-ce6c-4724-9cfd-37a16e787101",
    "deleted": null,
    "location": "0e75c4bb-1a11-451f-a8ef-4311df235c26"
  }
},
{
  "pk": "40f530c4-ce6c-4724-9cfd-37a16e787045",
  "model": "ticket.ticket",
  "fields": {
    "cc": [
      "30f530c4-ce6c-4724-9cfd-37a16e787133"
    ],
    "request": "Mchpgseiuh",
    "number": 45,
    "priority": "def21673-d4ab-41a6-a37f-0c6846b96003",
    "assignee": "30f530c4-ce6c-4724-9cfd-37a16e787023",
    "status": "def11673-d4ab-41a6-a37f-0c6846b96007",
    "categories": [
      "24f530c4-ce6c-4724-9cfd-37a16e787014",
      "24f530c4-ce6c-4724-9cfd-37a16e787006",
      "24f530c4-ce6c-4724-9cfd-37a16e787001"
    ],
    "modified": "2015-12-11T22:48:35.640Z",
    "created": "2015-12-11T22:48:35.640Z",
    "requester": "30f530c4-ce6c-4724-9cfd-37a16e787088",
    "deleted": null,
    "location": "dddd7e16-f57a-424f-847f-8bb938b43d0b"
  }
},
{
  "pk": "40f530c4-ce6c-4724-9cfd-37a16e787046",
  "model": "ticket.ticket",
  "fields": {
    "cc": [
      "30f530c4-ce6c-4724-9cfd-37a16e787089"
    ],
    "request": "ivCPxxCoeM",
    "number": 46,
    "priority": "def21673-d4ab-41a6-a37f-0c6846b96003",
    "assignee": "30f530c4-ce6c-4724-9cfd-37a16e787176",
    "status": "def11673-d4ab-41a6-a37f-0c6846b96008",
    "categories": [
      "24f530c4-ce6c-4724-9cfd-37a16e787014",
      "24f530c4-ce6c-4724-9cfd-37a16e787006",
      "24f530c4-ce6c-4724-9cfd-37a16e787001"
    ],
    "modified": "2015-12-11T22:48:35.695Z",
    "created": "2015-12-11T22:48:35.695Z",
    "requester": "30f530c4-ce6c-4724-9cfd-37a16e787017",
    "deleted": null,
    "location": "107dcfd8-92d4-4b1c-8268-c64c935e7fcc"
  }
},
{
  "pk": "40f530c4-ce6c-4724-9cfd-37a16e787047",
  "model": "ticket.ticket",
  "fields": {
    "cc": [
      "30f530c4-ce6c-4724-9cfd-37a16e787159"
    ],
    "request": "piCvaHVlJm",
    "number": 47,
    "priority": "def21673-d4ab-41a6-a37f-0c6846b96003",
    "assignee": "30f530c4-ce6c-4724-9cfd-37a16e787057",
    "status": "def11673-d4ab-41a6-a37f-0c6846b96001",
    "categories": [
      "24f530c4-ce6c-4724-9cfd-37a16e787014",
      "24f530c4-ce6c-4724-9cfd-37a16e787006",
      "24f530c4-ce6c-4724-9cfd-37a16e787001"
    ],
    "modified": "2015-12-11T22:48:35.746Z",
    "created": "2015-12-11T22:48:35.746Z",
    "requester": "30f530c4-ce6c-4724-9cfd-37a16e787042",
    "deleted": null,
    "location": "f09e3733-699e-423d-8948-9a98aaf1951c"
  }
},
{
  "pk": "40f530c4-ce6c-4724-9cfd-37a16e787048",
  "model": "ticket.ticket",
  "fields": {
    "cc": [
      "30f530c4-ce6c-4724-9cfd-37a16e787009"
    ],
    "request": "BMQknldPEB",
    "number": 48,
    "priority": "def21673-d4ab-41a6-a37f-0c6846b96003",
    "assignee": "30f530c4-ce6c-4724-9cfd-37a16e787163",
    "status": "def11673-d4ab-41a6-a37f-0c6846b96004",
    "categories": [
      "24f530c4-ce6c-4724-9cfd-37a16e787014",
      "24f530c4-ce6c-4724-9cfd-37a16e787006",
      "24f530c4-ce6c-4724-9cfd-37a16e787001"
    ],
    "modified": "2015-12-11T22:48:35.797Z",
    "created": "2015-12-11T22:48:35.797Z",
    "requester": "30f530c4-ce6c-4724-9cfd-37a16e787096",
    "deleted": null,
    "location": "589145b7-a520-4954-8bb4-38d188b716b6"
  }
},
{
  "pk": "40f530c4-ce6c-4724-9cfd-37a16e787049",
  "model": "ticket.ticket",
  "fields": {
    "cc": [
      "30f530c4-ce6c-4724-9cfd-37a16e787050"
    ],
    "request": "XYMTeluoGc",
    "number": 49,
    "priority": "def21673-d4ab-41a6-a37f-0c6846b96001",
    "assignee": "30f530c4-ce6c-4724-9cfd-37a16e787073",
    "status": "def11673-d4ab-41a6-a37f-0c6846b96006",
    "categories": [
      "24f530c4-ce6c-4724-9cfd-37a16e787014",
      "24f530c4-ce6c-4724-9cfd-37a16e787006",
      "24f530c4-ce6c-4724-9cfd-37a16e787001"
    ],
    "modified": "2015-12-11T22:48:35.853Z",
    "created": "2015-12-11T22:48:35.853Z",
    "requester": "30f530c4-ce6c-4724-9cfd-37a16e787082",
    "deleted": null,
    "location": "dddd7e16-f57a-424f-847f-8bb938b43d0b"
  }
},
{
  "pk": "40f530c4-ce6c-4724-9cfd-37a16e787050",
  "model": "ticket.ticket",
  "fields": {
    "cc": [
      "30f530c4-ce6c-4724-9cfd-37a16e787131"
    ],
    "request": "wAnNBjBoMW",
    "number": 50,
    "priority": "def21673-d4ab-41a6-a37f-0c6846b96004",
    "assignee": "30f530c4-ce6c-4724-9cfd-37a16e787075",
    "status": "def11673-d4ab-41a6-a37f-0c6846b96001",
    "categories": [
      "24f530c4-ce6c-4724-9cfd-37a16e787014",
      "24f530c4-ce6c-4724-9cfd-37a16e787006",
      "24f530c4-ce6c-4724-9cfd-37a16e787001"
    ],
    "modified": "2015-12-11T22:48:35.908Z",
    "created": "2015-12-11T22:48:35.908Z",
    "requester": "30f530c4-ce6c-4724-9cfd-37a16e787005",
    "deleted": null,
    "location": "107dcfd8-92d4-4b1c-8268-c64c935e7fcc"
  }
},
{
  "pk": "40f530c4-ce6c-4724-9cfd-37a16e787051",
  "model": "ticket.ticket",
  "fields": {
    "cc": [
      "30f530c4-ce6c-4724-9cfd-37a16e787093"
    ],
    "request": "WhsKgHBaIj",
    "number": 51,
    "priority": "def21673-d4ab-41a6-a37f-0c6846b96003",
    "assignee": "30f530c4-ce6c-4724-9cfd-37a16e787003",
    "status": "def11673-d4ab-41a6-a37f-0c6846b96003",
    "categories": [
      "24f530c4-ce6c-4724-9cfd-37a16e787014",
      "24f530c4-ce6c-4724-9cfd-37a16e787006",
      "24f530c4-ce6c-4724-9cfd-37a16e787001"
    ],
    "modified": "2015-12-11T22:48:35.960Z",
    "created": "2015-12-11T22:48:35.960Z",
    "requester": "30f530c4-ce6c-4724-9cfd-37a16e787061",
    "deleted": null,
    "location": "9fa58029-0dbc-4c03-ad09-512298c7f6d4"
  }
}
]
