[
{
  "fields": {
    "modified": "2015-12-17T22:17:23.667Z",
    "created": "2015-12-17T22:17:23.667Z",
    "name": "ticket.status.draft",
    "deleted": null
  },
  "pk": "def11673-d4ab-41a6-a37f-0c6846b96001",
  "model": "ticket.ticketstatus"
},
{
  "fields": {
    "modified": "2015-12-17T22:17:23.673Z",
    "created": "2015-12-17T22:17:23.673Z",
    "name": "ticket.status.new",
    "deleted": null
  },
  "pk": "def11673-d4ab-41a6-a37f-0c6846b96002",
  "model": "ticket.ticketstatus"
},
{
  "fields": {
    "modified": "2015-12-17T22:17:23.676Z",
    "created": "2015-12-17T22:17:23.676Z",
    "name": "ticket.status.in_progress",
    "deleted": null
  },
  "pk": "def11673-d4ab-41a6-a37f-0c6846b96003",
  "model": "ticket.ticketstatus"
},
{
  "fields": {
    "modified": "2015-12-17T22:17:23.678Z",
    "created": "2015-12-17T22:17:23.678Z",
    "name": "ticket.status.deferred",
    "deleted": null
  },
  "pk": "def11673-d4ab-41a6-a37f-0c6846b96004",
  "model": "ticket.ticketstatus"
},
{
  "fields": {
    "modified": "2015-12-17T22:17:23.681Z",
    "created": "2015-12-17T22:17:23.681Z",
    "name": "ticket.status.denied",
    "deleted": null
  },
  "pk": "def11673-d4ab-41a6-a37f-0c6846b96005",
  "model": "ticket.ticketstatus"
},
{
  "fields": {
    "modified": "2015-12-17T22:17:23.683Z",
    "created": "2015-12-17T22:17:23.683Z",
    "name": "ticket.status.problem_solved",
    "deleted": null
  },
  "pk": "def11673-d4ab-41a6-a37f-0c6846b96006",
  "model": "ticket.ticketstatus"
},
{
  "fields": {
    "modified": "2015-12-17T22:17:23.685Z",
    "created": "2015-12-17T22:17:23.685Z",
    "name": "ticket.status.completed",
    "deleted": null
  },
  "pk": "def11673-d4ab-41a6-a37f-0c6846b96007",
  "model": "ticket.ticketstatus"
},
{
  "fields": {
    "modified": "2015-12-17T22:17:23.687Z",
    "created": "2015-12-17T22:17:23.687Z",
    "name": "ticket.status.closed",
    "deleted": null
  },
  "pk": "def11673-d4ab-41a6-a37f-0c6846b96008",
  "model": "ticket.ticketstatus"
},
{
  "fields": {
    "modified": "2015-12-17T22:17:23.690Z",
    "created": "2015-12-17T22:17:23.690Z",
    "name": "ticket.status.unsatisfactory_completion",
    "deleted": null
  },
  "pk": "def11673-d4ab-41a6-a37f-0c6846b96009",
  "model": "ticket.ticketstatus"
},
{
  "fields": {
    "modified": "2015-12-17T22:17:23.692Z",
    "created": "2015-12-17T22:17:23.692Z",
    "name": "ticket.priority.emergency",
    "deleted": null
  },
  "pk": "def21673-d4ab-41a6-a37f-0c6846b96001",
  "model": "ticket.ticketpriority"
},
{
  "fields": {
    "modified": "2015-12-17T22:17:23.694Z",
    "created": "2015-12-17T22:17:23.694Z",
    "name": "ticket.priority.high",
    "deleted": null
  },
  "pk": "def21673-d4ab-41a6-a37f-0c6846b96002",
  "model": "ticket.ticketpriority"
},
{
  "fields": {
    "modified": "2015-12-17T22:17:23.697Z",
    "created": "2015-12-17T22:17:23.697Z",
    "name": "ticket.priority.medium",
    "deleted": null
  },
  "pk": "def21673-d4ab-41a6-a37f-0c6846b96003",
  "model": "ticket.ticketpriority"
},
{
  "fields": {
    "modified": "2015-12-17T22:17:23.699Z",
    "created": "2015-12-17T22:17:23.699Z",
    "name": "ticket.priority.low",
    "deleted": null
  },
  "pk": "def21673-d4ab-41a6-a37f-0c6846b96004",
  "model": "ticket.ticketpriority"
},
{
  "fields": {
    "status": "def11673-d4ab-41a6-a37f-0c6846b96004",
    "created": "2015-12-17T22:17:23.701Z",
    "location": "f09e3733-699e-423d-8948-9a98aaf1951c",
    "requester": "30f530c4-ce6c-4724-9cfd-37a16e787084",
    "modified": "2015-12-17T22:17:23.701Z",
    "priority": "def21673-d4ab-41a6-a37f-0c6846b96001",
    "deleted": null,
    "assignee": "30f530c4-ce6c-4724-9cfd-37a16e787146",
    "categories": [
      "24f530c4-ce6c-4724-9cfd-37a16e787003",
      "24f530c4-ce6c-4724-9cfd-37a16e787011",
      "24f530c4-ce6c-4724-9cfd-37a16e787034"
    ],
    "cc": [
      "30f530c4-ce6c-4724-9cfd-37a16e787131"
    ],
    "number": 1,
    "request": "FcRaIuTfsx"
  },
  "pk": "40f530c4-ce6c-4724-9cfd-37a16e787001",
  "model": "ticket.ticket"
},
{
  "fields": {
    "status": "def11673-d4ab-41a6-a37f-0c6846b96002",
    "created": "2015-12-17T22:17:23.756Z",
    "location": "0e75c4bb-1a11-451f-a8ef-4311df235c26",
    "requester": "30f530c4-ce6c-4724-9cfd-37a16e787142",
    "modified": "2015-12-17T22:17:23.756Z",
    "priority": "def21673-d4ab-41a6-a37f-0c6846b96001",
    "deleted": null,
    "assignee": "30f530c4-ce6c-4724-9cfd-37a16e787018",
    "categories": [
      "24f530c4-ce6c-4724-9cfd-37a16e787003",
      "24f530c4-ce6c-4724-9cfd-37a16e787011",
      "24f530c4-ce6c-4724-9cfd-37a16e787034"
    ],
    "cc": [
      "30f530c4-ce6c-4724-9cfd-37a16e787150"
    ],
    "number": 2,
    "request": "pIEbkhGFaQ"
  },
  "pk": "40f530c4-ce6c-4724-9cfd-37a16e787002",
  "model": "ticket.ticket"
},
{
  "fields": {
    "status": "def11673-d4ab-41a6-a37f-0c6846b96001",
    "created": "2015-12-17T22:17:23.807Z",
    "location": "dddd7e16-f57a-424f-847f-8bb938b43d0b",
    "requester": "30f530c4-ce6c-4724-9cfd-37a16e787161",
    "modified": "2015-12-17T22:17:23.807Z",
    "priority": "def21673-d4ab-41a6-a37f-0c6846b96002",
    "deleted": null,
    "assignee": "30f530c4-ce6c-4724-9cfd-37a16e787070",
    "categories": [
      "24f530c4-ce6c-4724-9cfd-37a16e787003",
      "24f530c4-ce6c-4724-9cfd-37a16e787011",
      "24f530c4-ce6c-4724-9cfd-37a16e787034"
    ],
    "cc": [
      "30f530c4-ce6c-4724-9cfd-37a16e787157"
    ],
    "number": 3,
    "request": "WRhWraoWLe"
  },
  "pk": "40f530c4-ce6c-4724-9cfd-37a16e787003",
  "model": "ticket.ticket"
},
{
  "fields": {
    "status": "def11673-d4ab-41a6-a37f-0c6846b96009",
    "created": "2015-12-17T22:17:23.857Z",
    "location": "dddd7e16-f57a-424f-847f-8bb938b43d0b",
    "requester": "30f530c4-ce6c-4724-9cfd-37a16e787017",
    "modified": "2015-12-17T22:17:23.857Z",
    "priority": "def21673-d4ab-41a6-a37f-0c6846b96004",
    "deleted": null,
    "assignee": "30f530c4-ce6c-4724-9cfd-37a16e787166",
    "categories": [
      "24f530c4-ce6c-4724-9cfd-37a16e787003",
      "24f530c4-ce6c-4724-9cfd-37a16e787011",
      "24f530c4-ce6c-4724-9cfd-37a16e787034"
    ],
    "cc": [
      "30f530c4-ce6c-4724-9cfd-37a16e787042"
    ],
    "number": 4,
    "request": "kRwqqmbmDl"
  },
  "pk": "40f530c4-ce6c-4724-9cfd-37a16e787004",
  "model": "ticket.ticket"
},
{
  "fields": {
    "status": "def11673-d4ab-41a6-a37f-0c6846b96001",
    "created": "2015-12-17T22:17:23.910Z",
    "location": "f09e3733-699e-423d-8948-9a98aaf1951c",
    "requester": "30f530c4-ce6c-4724-9cfd-37a16e787154",
    "modified": "2015-12-17T22:17:23.910Z",
    "priority": "def21673-d4ab-41a6-a37f-0c6846b96004",
    "deleted": null,
    "assignee": "30f530c4-ce6c-4724-9cfd-37a16e787021",
    "categories": [
      "24f530c4-ce6c-4724-9cfd-37a16e787003",
      "24f530c4-ce6c-4724-9cfd-37a16e787011",
      "24f530c4-ce6c-4724-9cfd-37a16e787034"
    ],
    "cc": [
      "30f530c4-ce6c-4724-9cfd-37a16e787112"
    ],
    "number": 5,
    "request": "XXkrPgOhZF"
  },
  "pk": "40f530c4-ce6c-4724-9cfd-37a16e787005",
  "model": "ticket.ticket"
},
{
  "fields": {
    "status": "def11673-d4ab-41a6-a37f-0c6846b96009",
    "created": "2015-12-17T22:17:23.968Z",
    "location": "dddd7e16-f57a-424f-847f-8bb938b43d0b",
    "requester": "30f530c4-ce6c-4724-9cfd-37a16e787035",
    "modified": "2015-12-17T22:17:23.968Z",
    "priority": "def21673-d4ab-41a6-a37f-0c6846b96001",
    "deleted": null,
    "assignee": "30f530c4-ce6c-4724-9cfd-37a16e787103",
    "categories": [
      "24f530c4-ce6c-4724-9cfd-37a16e787003",
      "24f530c4-ce6c-4724-9cfd-37a16e787011",
      "24f530c4-ce6c-4724-9cfd-37a16e787034"
    ],
    "cc": [
      "30f530c4-ce6c-4724-9cfd-37a16e787115"
    ],
    "number": 6,
    "request": "zEHHvsxFoO"
  },
  "pk": "40f530c4-ce6c-4724-9cfd-37a16e787006",
  "model": "ticket.ticket"
},
{
  "fields": {
    "status": "def11673-d4ab-41a6-a37f-0c6846b96005",
    "created": "2015-12-17T22:17:24.023Z",
    "location": "0e75c4bb-1a11-451f-a8ef-4311df235c26",
    "requester": "30f530c4-ce6c-4724-9cfd-37a16e787146",
    "modified": "2015-12-17T22:17:24.023Z",
    "priority": "def21673-d4ab-41a6-a37f-0c6846b96002",
    "deleted": null,
    "assignee": "30f530c4-ce6c-4724-9cfd-37a16e787107",
    "categories": [
      "24f530c4-ce6c-4724-9cfd-37a16e787003",
      "24f530c4-ce6c-4724-9cfd-37a16e787011",
      "24f530c4-ce6c-4724-9cfd-37a16e787034"
    ],
    "cc": [
      "30f530c4-ce6c-4724-9cfd-37a16e787062"
    ],
    "number": 7,
    "request": "HZlcaEULIp"
  },
  "pk": "40f530c4-ce6c-4724-9cfd-37a16e787007",
  "model": "ticket.ticket"
},
{
  "fields": {
    "status": "def11673-d4ab-41a6-a37f-0c6846b96007",
    "created": "2015-12-17T22:17:24.073Z",
    "location": "107dcfd8-92d4-4b1c-8268-c64c935e7fcc",
    "requester": "30f530c4-ce6c-4724-9cfd-37a16e787121",
    "modified": "2015-12-17T22:17:24.073Z",
    "priority": "def21673-d4ab-41a6-a37f-0c6846b96003",
    "deleted": null,
    "assignee": "30f530c4-ce6c-4724-9cfd-37a16e787163",
    "categories": [
      "24f530c4-ce6c-4724-9cfd-37a16e787003",
      "24f530c4-ce6c-4724-9cfd-37a16e787011",
      "24f530c4-ce6c-4724-9cfd-37a16e787034"
    ],
    "cc": [
      "30f530c4-ce6c-4724-9cfd-37a16e787073"
    ],
    "number": 8,
    "request": "yFcWQmsoeY"
  },
  "pk": "40f530c4-ce6c-4724-9cfd-37a16e787008",
  "model": "ticket.ticket"
},
{
  "fields": {
    "status": "def11673-d4ab-41a6-a37f-0c6846b96008",
    "created": "2015-12-17T22:17:24.123Z",
    "location": "a8283447-256c-4701-9dca-e85e952d31f3",
    "requester": "30f530c4-ce6c-4724-9cfd-37a16e787101",
    "modified": "2015-12-17T22:17:24.123Z",
    "priority": "def21673-d4ab-41a6-a37f-0c6846b96001",
    "deleted": null,
    "assignee": "30f530c4-ce6c-4724-9cfd-37a16e787158",
    "categories": [
      "24f530c4-ce6c-4724-9cfd-37a16e787003",
      "24f530c4-ce6c-4724-9cfd-37a16e787011",
      "24f530c4-ce6c-4724-9cfd-37a16e787034"
    ],
    "cc": [
      "30f530c4-ce6c-4724-9cfd-37a16e787078"
    ],
    "number": 9,
    "request": "kNsBiobBmF"
  },
  "pk": "40f530c4-ce6c-4724-9cfd-37a16e787009",
  "model": "ticket.ticket"
},
{
  "fields": {
    "status": "def11673-d4ab-41a6-a37f-0c6846b96008",
    "created": "2015-12-17T22:17:24.173Z",
    "location": "dddd7e16-f57a-424f-847f-8bb938b43d0b",
    "requester": "30f530c4-ce6c-4724-9cfd-37a16e787042",
    "modified": "2015-12-17T22:17:24.173Z",
    "priority": "def21673-d4ab-41a6-a37f-0c6846b96003",
    "deleted": null,
    "assignee": "30f530c4-ce6c-4724-9cfd-37a16e787050",
    "categories": [
      "24f530c4-ce6c-4724-9cfd-37a16e787003",
      "24f530c4-ce6c-4724-9cfd-37a16e787011",
      "24f530c4-ce6c-4724-9cfd-37a16e787034"
    ],
    "cc": [
      "30f530c4-ce6c-4724-9cfd-37a16e787036"
    ],
    "number": 10,
    "request": "twHrSxPoAY"
  },
  "pk": "40f530c4-ce6c-4724-9cfd-37a16e787010",
  "model": "ticket.ticket"
},
{
  "fields": {
    "status": "def11673-d4ab-41a6-a37f-0c6846b96003",
    "created": "2015-12-17T22:17:24.223Z",
    "location": "dddd7e16-f57a-424f-847f-8bb938b43d0b",
    "requester": "30f530c4-ce6c-4724-9cfd-37a16e787007",
    "modified": "2015-12-17T22:17:24.223Z",
    "priority": "def21673-d4ab-41a6-a37f-0c6846b96001",
    "deleted": null,
    "assignee": "30f530c4-ce6c-4724-9cfd-37a16e787034",
    "categories": [
      "24f530c4-ce6c-4724-9cfd-37a16e787003",
      "24f530c4-ce6c-4724-9cfd-37a16e787011",
      "24f530c4-ce6c-4724-9cfd-37a16e787034"
    ],
    "cc": [
      "30f530c4-ce6c-4724-9cfd-37a16e787029"
    ],
    "number": 11,
    "request": "ShXPNgQjQK"
  },
  "pk": "40f530c4-ce6c-4724-9cfd-37a16e787011",
  "model": "ticket.ticket"
},
{
  "fields": {
    "status": "def11673-d4ab-41a6-a37f-0c6846b96004",
    "created": "2015-12-17T22:17:24.273Z",
    "location": "f09e3733-699e-423d-8948-9a98aaf1951c",
    "requester": "30f530c4-ce6c-4724-9cfd-37a16e787149",
    "modified": "2015-12-17T22:17:24.274Z",
    "priority": "def21673-d4ab-41a6-a37f-0c6846b96004",
    "deleted": null,
    "assignee": "30f530c4-ce6c-4724-9cfd-37a16e787019",
    "categories": [
      "24f530c4-ce6c-4724-9cfd-37a16e787003",
      "24f530c4-ce6c-4724-9cfd-37a16e787011",
      "24f530c4-ce6c-4724-9cfd-37a16e787034"
    ],
    "cc": [
      "30f530c4-ce6c-4724-9cfd-37a16e787045"
    ],
    "number": 12,
    "request": "ZoGwhgofvb"
  },
  "pk": "40f530c4-ce6c-4724-9cfd-37a16e787012",
  "model": "ticket.ticket"
},
{
  "fields": {
    "status": "def11673-d4ab-41a6-a37f-0c6846b96003",
    "created": "2015-12-17T22:17:24.324Z",
    "location": "1674e9cf-4ea9-4043-acbb-5545af11ed41",
    "requester": "30f530c4-ce6c-4724-9cfd-37a16e787163",
    "modified": "2015-12-17T22:17:24.324Z",
    "priority": "def21673-d4ab-41a6-a37f-0c6846b96001",
    "deleted": null,
    "assignee": "30f530c4-ce6c-4724-9cfd-37a16e787057",
    "categories": [
      "24f530c4-ce6c-4724-9cfd-37a16e787003",
      "24f530c4-ce6c-4724-9cfd-37a16e787011",
      "24f530c4-ce6c-4724-9cfd-37a16e787034"
    ],
    "cc": [
      "30f530c4-ce6c-4724-9cfd-37a16e787082"
    ],
    "number": 13,
    "request": "OsNqwMxOkN"
  },
  "pk": "40f530c4-ce6c-4724-9cfd-37a16e787013",
  "model": "ticket.ticket"
},
{
  "fields": {
    "status": "def11673-d4ab-41a6-a37f-0c6846b96006",
    "created": "2015-12-17T22:17:24.374Z",
    "location": "107dcfd8-92d4-4b1c-8268-c64c935e7fcc",
    "requester": "30f530c4-ce6c-4724-9cfd-37a16e787004",
    "modified": "2015-12-17T22:17:24.374Z",
    "priority": "def21673-d4ab-41a6-a37f-0c6846b96003",
    "deleted": null,
    "assignee": "30f530c4-ce6c-4724-9cfd-37a16e787137",
    "categories": [
      "24f530c4-ce6c-4724-9cfd-37a16e787003",
      "24f530c4-ce6c-4724-9cfd-37a16e787011",
      "24f530c4-ce6c-4724-9cfd-37a16e787034"
    ],
    "cc": [
      "30f530c4-ce6c-4724-9cfd-37a16e787141"
    ],
    "number": 14,
    "request": "ftOQYeJUjQ"
  },
  "pk": "40f530c4-ce6c-4724-9cfd-37a16e787014",
  "model": "ticket.ticket"
},
{
  "fields": {
    "status": "def11673-d4ab-41a6-a37f-0c6846b96002",
    "created": "2015-12-17T22:17:24.424Z",
    "location": "f09e3733-699e-423d-8948-9a98aaf1951c",
    "requester": "30f530c4-ce6c-4724-9cfd-37a16e787171",
    "modified": "2015-12-17T22:17:24.424Z",
    "priority": "def21673-d4ab-41a6-a37f-0c6846b96002",
    "deleted": null,
    "assignee": "30f530c4-ce6c-4724-9cfd-37a16e787112",
    "categories": [
      "24f530c4-ce6c-4724-9cfd-37a16e787003",
      "24f530c4-ce6c-4724-9cfd-37a16e787011",
      "24f530c4-ce6c-4724-9cfd-37a16e787034"
    ],
    "cc": [
      "30f530c4-ce6c-4724-9cfd-37a16e787027"
    ],
    "number": 15,
    "request": "zIPXNxzBZd"
  },
  "pk": "40f530c4-ce6c-4724-9cfd-37a16e787015",
  "model": "ticket.ticket"
},
{
  "fields": {
    "status": "def11673-d4ab-41a6-a37f-0c6846b96005",
    "created": "2015-12-17T22:17:24.474Z",
    "location": "9fa58029-0dbc-4c03-ad09-512298c7f6d4",
    "requester": "30f530c4-ce6c-4724-9cfd-37a16e787107",
    "modified": "2015-12-17T22:17:24.475Z",
    "priority": "def21673-d4ab-41a6-a37f-0c6846b96004",
    "deleted": null,
    "assignee": "30f530c4-ce6c-4724-9cfd-37a16e787108",
    "categories": [
      "24f530c4-ce6c-4724-9cfd-37a16e787003",
      "24f530c4-ce6c-4724-9cfd-37a16e787011",
      "24f530c4-ce6c-4724-9cfd-37a16e787034"
    ],
    "cc": [
      "30f530c4-ce6c-4724-9cfd-37a16e787137"
    ],
    "number": 16,
    "request": "AsbHiCEtoP"
  },
  "pk": "40f530c4-ce6c-4724-9cfd-37a16e787016",
  "model": "ticket.ticket"
},
{
  "fields": {
    "status": "def11673-d4ab-41a6-a37f-0c6846b96008",
    "created": "2015-12-17T22:17:24.524Z",
    "location": "107dcfd8-92d4-4b1c-8268-c64c935e7fcc",
    "requester": "30f530c4-ce6c-4724-9cfd-37a16e787038",
    "modified": "2015-12-17T22:17:24.524Z",
    "priority": "def21673-d4ab-41a6-a37f-0c6846b96001",
    "deleted": null,
    "assignee": "30f530c4-ce6c-4724-9cfd-37a16e787043",
    "categories": [
      "24f530c4-ce6c-4724-9cfd-37a16e787003",
      "24f530c4-ce6c-4724-9cfd-37a16e787011",
      "24f530c4-ce6c-4724-9cfd-37a16e787034"
    ],
    "cc": [
      "30f530c4-ce6c-4724-9cfd-37a16e787127"
    ],
    "number": 17,
    "request": "zbFdldeWgV"
  },
  "pk": "40f530c4-ce6c-4724-9cfd-37a16e787017",
  "model": "ticket.ticket"
},
{
  "fields": {
    "status": "def11673-d4ab-41a6-a37f-0c6846b96002",
    "created": "2015-12-17T22:17:24.574Z",
    "location": "9fa58029-0dbc-4c03-ad09-512298c7f6d4",
    "requester": "30f530c4-ce6c-4724-9cfd-37a16e787134",
    "modified": "2015-12-17T22:17:24.574Z",
    "priority": "def21673-d4ab-41a6-a37f-0c6846b96002",
    "deleted": null,
    "assignee": "30f530c4-ce6c-4724-9cfd-37a16e787091",
    "categories": [
      "24f530c4-ce6c-4724-9cfd-37a16e787003",
      "24f530c4-ce6c-4724-9cfd-37a16e787011",
      "24f530c4-ce6c-4724-9cfd-37a16e787034"
    ],
    "cc": [
      "30f530c4-ce6c-4724-9cfd-37a16e787006"
    ],
    "number": 18,
    "request": "fhfVEjPuCD"
  },
  "pk": "40f530c4-ce6c-4724-9cfd-37a16e787018",
  "model": "ticket.ticket"
},
{
  "fields": {
    "status": "def11673-d4ab-41a6-a37f-0c6846b96004",
    "created": "2015-12-17T22:17:24.623Z",
    "location": "1674e9cf-4ea9-4043-acbb-5545af11ed41",
    "requester": "30f530c4-ce6c-4724-9cfd-37a16e787126",
    "modified": "2015-12-17T22:17:24.623Z",
    "priority": "def21673-d4ab-41a6-a37f-0c6846b96004",
    "deleted": null,
    "assignee": "30f530c4-ce6c-4724-9cfd-37a16e787009",
    "categories": [
      "24f530c4-ce6c-4724-9cfd-37a16e787003",
      "24f530c4-ce6c-4724-9cfd-37a16e787011",
      "24f530c4-ce6c-4724-9cfd-37a16e787034"
    ],
    "cc": [
      "30f530c4-ce6c-4724-9cfd-37a16e787045"
    ],
    "number": 19,
    "request": "WcwCTNZiQt"
  },
  "pk": "40f530c4-ce6c-4724-9cfd-37a16e787019",
  "model": "ticket.ticket"
},
{
  "fields": {
    "status": "def11673-d4ab-41a6-a37f-0c6846b96004",
    "created": "2015-12-17T22:17:24.673Z",
    "location": "a8283447-256c-4701-9dca-e85e952d31f3",
    "requester": "30f530c4-ce6c-4724-9cfd-37a16e787171",
    "modified": "2015-12-17T22:17:24.673Z",
    "priority": "def21673-d4ab-41a6-a37f-0c6846b96004",
    "deleted": null,
    "assignee": "30f530c4-ce6c-4724-9cfd-37a16e787179",
    "categories": [
      "24f530c4-ce6c-4724-9cfd-37a16e787003",
      "24f530c4-ce6c-4724-9cfd-37a16e787011",
      "24f530c4-ce6c-4724-9cfd-37a16e787034"
    ],
    "cc": [
      "30f530c4-ce6c-4724-9cfd-37a16e787133"
    ],
    "number": 20,
    "request": "htOfyEVTyK"
  },
  "pk": "40f530c4-ce6c-4724-9cfd-37a16e787020",
  "model": "ticket.ticket"
},
{
  "fields": {
    "status": "def11673-d4ab-41a6-a37f-0c6846b96008",
    "created": "2015-12-17T22:17:24.723Z",
    "location": "9fa58029-0dbc-4c03-ad09-512298c7f6d4",
    "requester": "30f530c4-ce6c-4724-9cfd-37a16e787185",
    "modified": "2015-12-17T22:17:24.723Z",
    "priority": "def21673-d4ab-41a6-a37f-0c6846b96003",
    "deleted": null,
    "assignee": "30f530c4-ce6c-4724-9cfd-37a16e787147",
    "categories": [
      "24f530c4-ce6c-4724-9cfd-37a16e787003",
      "24f530c4-ce6c-4724-9cfd-37a16e787011",
      "24f530c4-ce6c-4724-9cfd-37a16e787034"
    ],
    "cc": [
      "30f530c4-ce6c-4724-9cfd-37a16e787008"
    ],
    "number": 21,
    "request": "ZPYtWyGIoK"
  },
  "pk": "40f530c4-ce6c-4724-9cfd-37a16e787021",
  "model": "ticket.ticket"
},
{
  "fields": {
    "status": "def11673-d4ab-41a6-a37f-0c6846b96008",
    "created": "2015-12-17T22:17:24.774Z",
    "location": "1674e9cf-4ea9-4043-acbb-5545af11ed41",
    "requester": "30f530c4-ce6c-4724-9cfd-37a16e787105",
    "modified": "2015-12-17T22:17:24.774Z",
    "priority": "def21673-d4ab-41a6-a37f-0c6846b96003",
    "deleted": null,
    "assignee": "30f530c4-ce6c-4724-9cfd-37a16e787037",
    "categories": [
      "24f530c4-ce6c-4724-9cfd-37a16e787003",
      "24f530c4-ce6c-4724-9cfd-37a16e787011",
      "24f530c4-ce6c-4724-9cfd-37a16e787034"
    ],
    "cc": [
      "30f530c4-ce6c-4724-9cfd-37a16e787046"
    ],
    "number": 22,
    "request": "oSrunbpZfs"
  },
  "pk": "40f530c4-ce6c-4724-9cfd-37a16e787022",
  "model": "ticket.ticket"
},
{
  "fields": {
    "status": "def11673-d4ab-41a6-a37f-0c6846b96004",
    "created": "2015-12-17T22:17:24.825Z",
    "location": "dddd7e16-f57a-424f-847f-8bb938b43d0b",
    "requester": "30f530c4-ce6c-4724-9cfd-37a16e787030",
    "modified": "2015-12-17T22:17:24.825Z",
    "priority": "def21673-d4ab-41a6-a37f-0c6846b96003",
    "deleted": null,
    "assignee": "30f530c4-ce6c-4724-9cfd-37a16e787171",
    "categories": [
      "24f530c4-ce6c-4724-9cfd-37a16e787003",
      "24f530c4-ce6c-4724-9cfd-37a16e787011",
      "24f530c4-ce6c-4724-9cfd-37a16e787034"
    ],
    "cc": [
      "30f530c4-ce6c-4724-9cfd-37a16e787032"
    ],
    "number": 23,
    "request": "aUknSHUtVJ"
  },
  "pk": "40f530c4-ce6c-4724-9cfd-37a16e787023",
  "model": "ticket.ticket"
},
{
  "fields": {
    "status": "def11673-d4ab-41a6-a37f-0c6846b96009",
    "created": "2015-12-17T22:17:24.876Z",
    "location": "a8283447-256c-4701-9dca-e85e952d31f3",
    "requester": "30f530c4-ce6c-4724-9cfd-37a16e787064",
    "modified": "2015-12-17T22:17:24.876Z",
    "priority": "def21673-d4ab-41a6-a37f-0c6846b96003",
    "deleted": null,
    "assignee": "30f530c4-ce6c-4724-9cfd-37a16e787022",
    "categories": [
      "24f530c4-ce6c-4724-9cfd-37a16e787003",
      "24f530c4-ce6c-4724-9cfd-37a16e787011",
      "24f530c4-ce6c-4724-9cfd-37a16e787034"
    ],
    "cc": [
      "30f530c4-ce6c-4724-9cfd-37a16e787117"
    ],
    "number": 24,
    "request": "EGercGGemB"
  },
  "pk": "40f530c4-ce6c-4724-9cfd-37a16e787024",
  "model": "ticket.ticket"
},
{
  "fields": {
    "status": "def11673-d4ab-41a6-a37f-0c6846b96002",
    "created": "2015-12-17T22:17:24.926Z",
    "location": "9fa58029-0dbc-4c03-ad09-512298c7f6d4",
    "requester": "30f530c4-ce6c-4724-9cfd-37a16e787079",
    "modified": "2015-12-17T22:17:24.926Z",
    "priority": "def21673-d4ab-41a6-a37f-0c6846b96001",
    "deleted": null,
    "assignee": "30f530c4-ce6c-4724-9cfd-37a16e787174",
    "categories": [
      "24f530c4-ce6c-4724-9cfd-37a16e787003",
      "24f530c4-ce6c-4724-9cfd-37a16e787011",
      "24f530c4-ce6c-4724-9cfd-37a16e787034"
    ],
    "cc": [
      "30f530c4-ce6c-4724-9cfd-37a16e787159"
    ],
    "number": 25,
    "request": "ZuvaNJKKyJ"
  },
  "pk": "40f530c4-ce6c-4724-9cfd-37a16e787025",
  "model": "ticket.ticket"
},
{
  "fields": {
    "status": "def11673-d4ab-41a6-a37f-0c6846b96004",
    "created": "2015-12-17T22:17:24.976Z",
    "location": "a8283447-256c-4701-9dca-e85e952d31f3",
    "requester": "30f530c4-ce6c-4724-9cfd-37a16e787085",
    "modified": "2015-12-17T22:17:24.976Z",
    "priority": "def21673-d4ab-41a6-a37f-0c6846b96001",
    "deleted": null,
    "assignee": "30f530c4-ce6c-4724-9cfd-37a16e787046",
    "categories": [
      "24f530c4-ce6c-4724-9cfd-37a16e787003",
      "24f530c4-ce6c-4724-9cfd-37a16e787011",
      "24f530c4-ce6c-4724-9cfd-37a16e787034"
    ],
    "cc": [
      "30f530c4-ce6c-4724-9cfd-37a16e787047"
    ],
    "number": 26,
    "request": "wtxEkjPNUD"
  },
  "pk": "40f530c4-ce6c-4724-9cfd-37a16e787026",
  "model": "ticket.ticket"
},
{
  "fields": {
    "status": "def11673-d4ab-41a6-a37f-0c6846b96003",
    "created": "2015-12-17T22:17:25.025Z",
    "location": "107dcfd8-92d4-4b1c-8268-c64c935e7fcc",
    "requester": "30f530c4-ce6c-4724-9cfd-37a16e787148",
    "modified": "2015-12-17T22:17:25.025Z",
    "priority": "def21673-d4ab-41a6-a37f-0c6846b96004",
    "deleted": null,
    "assignee": "30f530c4-ce6c-4724-9cfd-37a16e787161",
    "categories": [
      "24f530c4-ce6c-4724-9cfd-37a16e787003",
      "24f530c4-ce6c-4724-9cfd-37a16e787011",
      "24f530c4-ce6c-4724-9cfd-37a16e787034"
    ],
    "cc": [
      "30f530c4-ce6c-4724-9cfd-37a16e787055"
    ],
    "number": 27,
    "request": "LjvbSwvBxF"
  },
  "pk": "40f530c4-ce6c-4724-9cfd-37a16e787027",
  "model": "ticket.ticket"
},
{
  "fields": {
    "status": "def11673-d4ab-41a6-a37f-0c6846b96009",
    "created": "2015-12-17T22:17:25.075Z",
    "location": "107dcfd8-92d4-4b1c-8268-c64c935e7fcc",
    "requester": "30f530c4-ce6c-4724-9cfd-37a16e787065",
    "modified": "2015-12-17T22:17:25.075Z",
    "priority": "def21673-d4ab-41a6-a37f-0c6846b96002",
    "deleted": null,
    "assignee": "30f530c4-ce6c-4724-9cfd-37a16e787186",
    "categories": [
      "24f530c4-ce6c-4724-9cfd-37a16e787003",
      "24f530c4-ce6c-4724-9cfd-37a16e787011",
      "24f530c4-ce6c-4724-9cfd-37a16e787034"
    ],
    "cc": [
      "30f530c4-ce6c-4724-9cfd-37a16e787148"
    ],
    "number": 28,
    "request": "OoekOuczER"
  },
  "pk": "40f530c4-ce6c-4724-9cfd-37a16e787028",
  "model": "ticket.ticket"
},
{
  "fields": {
    "status": "def11673-d4ab-41a6-a37f-0c6846b96005",
    "created": "2015-12-17T22:17:25.125Z",
    "location": "1674e9cf-4ea9-4043-acbb-5545af11ed41",
    "requester": "30f530c4-ce6c-4724-9cfd-37a16e787159",
    "modified": "2015-12-17T22:17:25.125Z",
    "priority": "def21673-d4ab-41a6-a37f-0c6846b96003",
    "deleted": null,
    "assignee": "30f530c4-ce6c-4724-9cfd-37a16e787073",
    "categories": [
      "24f530c4-ce6c-4724-9cfd-37a16e787003",
      "24f530c4-ce6c-4724-9cfd-37a16e787011",
      "24f530c4-ce6c-4724-9cfd-37a16e787034"
    ],
    "cc": [
      "30f530c4-ce6c-4724-9cfd-37a16e787002"
    ],
    "number": 29,
    "request": "qqUtrXPdwl"
  },
  "pk": "40f530c4-ce6c-4724-9cfd-37a16e787029",
  "model": "ticket.ticket"
},
{
  "fields": {
    "status": "def11673-d4ab-41a6-a37f-0c6846b96005",
    "created": "2015-12-17T22:17:25.192Z",
    "location": "1674e9cf-4ea9-4043-acbb-5545af11ed41",
    "requester": "30f530c4-ce6c-4724-9cfd-37a16e787119",
    "modified": "2015-12-17T22:17:25.192Z",
    "priority": "def21673-d4ab-41a6-a37f-0c6846b96001",
    "deleted": null,
    "assignee": "30f530c4-ce6c-4724-9cfd-37a16e787034",
    "categories": [
      "24f530c4-ce6c-4724-9cfd-37a16e787003",
      "24f530c4-ce6c-4724-9cfd-37a16e787011",
      "24f530c4-ce6c-4724-9cfd-37a16e787034"
    ],
    "cc": [
      "30f530c4-ce6c-4724-9cfd-37a16e787066"
    ],
    "number": 30,
    "request": "JUFHIqxjxE"
  },
  "pk": "40f530c4-ce6c-4724-9cfd-37a16e787030",
  "model": "ticket.ticket"
},
{
  "fields": {
    "status": "def11673-d4ab-41a6-a37f-0c6846b96001",
    "created": "2015-12-17T22:17:25.245Z",
    "location": "a8283447-256c-4701-9dca-e85e952d31f3",
    "requester": "30f530c4-ce6c-4724-9cfd-37a16e787135",
    "modified": "2015-12-17T22:17:25.245Z",
    "priority": "def21673-d4ab-41a6-a37f-0c6846b96002",
    "deleted": null,
    "assignee": "30f530c4-ce6c-4724-9cfd-37a16e787018",
    "categories": [
      "24f530c4-ce6c-4724-9cfd-37a16e787003",
      "24f530c4-ce6c-4724-9cfd-37a16e787011",
      "24f530c4-ce6c-4724-9cfd-37a16e787034"
    ],
    "cc": [
      "30f530c4-ce6c-4724-9cfd-37a16e787085"
    ],
    "number": 31,
    "request": "IBVnzhrxIr"
  },
  "pk": "40f530c4-ce6c-4724-9cfd-37a16e787031",
  "model": "ticket.ticket"
},
{
  "fields": {
    "status": "def11673-d4ab-41a6-a37f-0c6846b96009",
    "created": "2015-12-17T22:17:25.295Z",
    "location": "1674e9cf-4ea9-4043-acbb-5545af11ed41",
    "requester": "30f530c4-ce6c-4724-9cfd-37a16e787146",
    "modified": "2015-12-17T22:17:25.295Z",
    "priority": "def21673-d4ab-41a6-a37f-0c6846b96002",
    "deleted": null,
    "assignee": "30f530c4-ce6c-4724-9cfd-37a16e787163",
    "categories": [
      "24f530c4-ce6c-4724-9cfd-37a16e787003",
      "24f530c4-ce6c-4724-9cfd-37a16e787011",
      "24f530c4-ce6c-4724-9cfd-37a16e787034"
    ],
    "cc": [
      "30f530c4-ce6c-4724-9cfd-37a16e787168"
    ],
    "number": 32,
    "request": "DgQLIZjljc"
  },
  "pk": "40f530c4-ce6c-4724-9cfd-37a16e787032",
  "model": "ticket.ticket"
},
{
  "fields": {
    "status": "def11673-d4ab-41a6-a37f-0c6846b96001",
    "created": "2015-12-17T22:17:25.347Z",
    "location": "a8283447-256c-4701-9dca-e85e952d31f3",
    "requester": "30f530c4-ce6c-4724-9cfd-37a16e787184",
    "modified": "2015-12-17T22:17:25.347Z",
    "priority": "def21673-d4ab-41a6-a37f-0c6846b96002",
    "deleted": null,
    "assignee": "30f530c4-ce6c-4724-9cfd-37a16e787070",
    "categories": [
      "24f530c4-ce6c-4724-9cfd-37a16e787003",
      "24f530c4-ce6c-4724-9cfd-37a16e787011",
      "24f530c4-ce6c-4724-9cfd-37a16e787034"
    ],
    "cc": [
      "30f530c4-ce6c-4724-9cfd-37a16e787156"
    ],
    "number": 33,
    "request": "AppYXOEYUg"
  },
  "pk": "40f530c4-ce6c-4724-9cfd-37a16e787033",
  "model": "ticket.ticket"
},
{
  "fields": {
    "status": "def11673-d4ab-41a6-a37f-0c6846b96005",
    "created": "2015-12-17T22:17:25.397Z",
    "location": "dddd7e16-f57a-424f-847f-8bb938b43d0b",
    "requester": "30f530c4-ce6c-4724-9cfd-37a16e787033",
    "modified": "2015-12-17T22:17:25.397Z",
    "priority": "def21673-d4ab-41a6-a37f-0c6846b96002",
    "deleted": null,
    "assignee": "30f530c4-ce6c-4724-9cfd-37a16e787079",
    "categories": [
      "24f530c4-ce6c-4724-9cfd-37a16e787003",
      "24f530c4-ce6c-4724-9cfd-37a16e787011",
      "24f530c4-ce6c-4724-9cfd-37a16e787034"
    ],
    "cc": [
      "30f530c4-ce6c-4724-9cfd-37a16e787037"
    ],
    "number": 34,
    "request": "KyGwaxUNFX"
  },
  "pk": "40f530c4-ce6c-4724-9cfd-37a16e787034",
  "model": "ticket.ticket"
},
{
  "fields": {
    "status": "def11673-d4ab-41a6-a37f-0c6846b96008",
    "created": "2015-12-17T22:17:25.448Z",
    "location": "9fa58029-0dbc-4c03-ad09-512298c7f6d4",
    "requester": "30f530c4-ce6c-4724-9cfd-37a16e787098",
    "modified": "2015-12-17T22:17:25.448Z",
    "priority": "def21673-d4ab-41a6-a37f-0c6846b96001",
    "deleted": null,
    "assignee": "30f530c4-ce6c-4724-9cfd-37a16e787044",
    "categories": [
      "24f530c4-ce6c-4724-9cfd-37a16e787003",
      "24f530c4-ce6c-4724-9cfd-37a16e787011",
      "24f530c4-ce6c-4724-9cfd-37a16e787034"
    ],
    "cc": [
      "30f530c4-ce6c-4724-9cfd-37a16e787121"
    ],
    "number": 35,
    "request": "puwIByarRF"
  },
  "pk": "40f530c4-ce6c-4724-9cfd-37a16e787035",
  "model": "ticket.ticket"
},
{
  "fields": {
    "status": "def11673-d4ab-41a6-a37f-0c6846b96005",
    "created": "2015-12-17T22:17:25.498Z",
    "location": "107dcfd8-92d4-4b1c-8268-c64c935e7fcc",
    "requester": "30f530c4-ce6c-4724-9cfd-37a16e787100",
    "modified": "2015-12-17T22:17:25.498Z",
    "priority": "def21673-d4ab-41a6-a37f-0c6846b96003",
    "deleted": null,
    "assignee": "30f530c4-ce6c-4724-9cfd-37a16e787120",
    "categories": [
      "24f530c4-ce6c-4724-9cfd-37a16e787003",
      "24f530c4-ce6c-4724-9cfd-37a16e787011",
      "24f530c4-ce6c-4724-9cfd-37a16e787034"
    ],
    "cc": [
      "30f530c4-ce6c-4724-9cfd-37a16e787154"
    ],
    "number": 36,
    "request": "KiImINEmaY"
  },
  "pk": "40f530c4-ce6c-4724-9cfd-37a16e787036",
  "model": "ticket.ticket"
},
{
  "fields": {
    "status": "def11673-d4ab-41a6-a37f-0c6846b96008",
    "created": "2015-12-17T22:17:25.547Z",
    "location": "a8283447-256c-4701-9dca-e85e952d31f3",
    "requester": "30f530c4-ce6c-4724-9cfd-37a16e787031",
    "modified": "2015-12-17T22:17:25.547Z",
    "priority": "def21673-d4ab-41a6-a37f-0c6846b96001",
    "deleted": null,
    "assignee": "30f530c4-ce6c-4724-9cfd-37a16e787067",
    "categories": [
      "24f530c4-ce6c-4724-9cfd-37a16e787003",
      "24f530c4-ce6c-4724-9cfd-37a16e787011",
      "24f530c4-ce6c-4724-9cfd-37a16e787034"
    ],
    "cc": [
      "30f530c4-ce6c-4724-9cfd-37a16e787120"
    ],
    "number": 37,
    "request": "uorTVvAPIo"
  },
  "pk": "40f530c4-ce6c-4724-9cfd-37a16e787037",
  "model": "ticket.ticket"
},
{
  "fields": {
    "status": "def11673-d4ab-41a6-a37f-0c6846b96006",
    "created": "2015-12-17T22:17:25.598Z",
    "location": "107dcfd8-92d4-4b1c-8268-c64c935e7fcc",
    "requester": "30f530c4-ce6c-4724-9cfd-37a16e787095",
    "modified": "2015-12-17T22:17:25.598Z",
    "priority": "def21673-d4ab-41a6-a37f-0c6846b96003",
    "deleted": null,
    "assignee": "30f530c4-ce6c-4724-9cfd-37a16e787093",
    "categories": [
      "24f530c4-ce6c-4724-9cfd-37a16e787003",
      "24f530c4-ce6c-4724-9cfd-37a16e787011",
      "24f530c4-ce6c-4724-9cfd-37a16e787034"
    ],
    "cc": [
      "30f530c4-ce6c-4724-9cfd-37a16e787032"
    ],
    "number": 38,
    "request": "gJaWCGYEaW"
  },
  "pk": "40f530c4-ce6c-4724-9cfd-37a16e787038",
  "model": "ticket.ticket"
},
{
  "fields": {
    "status": "def11673-d4ab-41a6-a37f-0c6846b96005",
    "created": "2015-12-17T22:17:25.649Z",
    "location": "1674e9cf-4ea9-4043-acbb-5545af11ed41",
    "requester": "30f530c4-ce6c-4724-9cfd-37a16e787060",
    "modified": "2015-12-17T22:17:25.649Z",
    "priority": "def21673-d4ab-41a6-a37f-0c6846b96002",
    "deleted": null,
    "assignee": "30f530c4-ce6c-4724-9cfd-37a16e787147",
    "categories": [
      "24f530c4-ce6c-4724-9cfd-37a16e787003",
      "24f530c4-ce6c-4724-9cfd-37a16e787011",
      "24f530c4-ce6c-4724-9cfd-37a16e787034"
    ],
    "cc": [
      "30f530c4-ce6c-4724-9cfd-37a16e787135"
    ],
    "number": 39,
    "request": "ZuBtzvHIsd"
  },
  "pk": "40f530c4-ce6c-4724-9cfd-37a16e787039",
  "model": "ticket.ticket"
},
{
  "fields": {
    "status": "def11673-d4ab-41a6-a37f-0c6846b96007",
    "created": "2015-12-17T22:17:25.699Z",
    "location": "107dcfd8-92d4-4b1c-8268-c64c935e7fcc",
    "requester": "30f530c4-ce6c-4724-9cfd-37a16e787085",
    "modified": "2015-12-17T22:17:25.699Z",
    "priority": "def21673-d4ab-41a6-a37f-0c6846b96004",
    "deleted": null,
    "assignee": "30f530c4-ce6c-4724-9cfd-37a16e787066",
    "categories": [
      "24f530c4-ce6c-4724-9cfd-37a16e787003",
      "24f530c4-ce6c-4724-9cfd-37a16e787011",
      "24f530c4-ce6c-4724-9cfd-37a16e787034"
    ],
    "cc": [
      "30f530c4-ce6c-4724-9cfd-37a16e787053"
    ],
    "number": 40,
    "request": "JxdodDwFnm"
  },
  "pk": "40f530c4-ce6c-4724-9cfd-37a16e787040",
  "model": "ticket.ticket"
},
{
  "fields": {
    "status": "def11673-d4ab-41a6-a37f-0c6846b96004",
    "created": "2015-12-17T22:17:25.749Z",
    "location": "1674e9cf-4ea9-4043-acbb-5545af11ed41",
    "requester": "30f530c4-ce6c-4724-9cfd-37a16e787110",
    "modified": "2015-12-17T22:17:25.749Z",
    "priority": "def21673-d4ab-41a6-a37f-0c6846b96002",
    "deleted": null,
    "assignee": "30f530c4-ce6c-4724-9cfd-37a16e787073",
    "categories": [
      "24f530c4-ce6c-4724-9cfd-37a16e787003",
      "24f530c4-ce6c-4724-9cfd-37a16e787011",
      "24f530c4-ce6c-4724-9cfd-37a16e787034"
    ],
    "cc": [
      "30f530c4-ce6c-4724-9cfd-37a16e787084"
    ],
    "number": 41,
    "request": "iOlmOOXsbp"
  },
  "pk": "40f530c4-ce6c-4724-9cfd-37a16e787041",
  "model": "ticket.ticket"
},
{
  "fields": {
    "status": "def11673-d4ab-41a6-a37f-0c6846b96005",
    "created": "2015-12-17T22:17:25.799Z",
    "location": "dddd7e16-f57a-424f-847f-8bb938b43d0b",
    "requester": "30f530c4-ce6c-4724-9cfd-37a16e787073",
    "modified": "2015-12-17T22:17:25.799Z",
    "priority": "def21673-d4ab-41a6-a37f-0c6846b96003",
    "deleted": null,
    "assignee": "30f530c4-ce6c-4724-9cfd-37a16e787149",
    "categories": [
      "24f530c4-ce6c-4724-9cfd-37a16e787003",
      "24f530c4-ce6c-4724-9cfd-37a16e787011",
      "24f530c4-ce6c-4724-9cfd-37a16e787034"
    ],
    "cc": [
      "30f530c4-ce6c-4724-9cfd-37a16e787013"
    ],
    "number": 42,
    "request": "LQiVHQoTAl"
  },
  "pk": "40f530c4-ce6c-4724-9cfd-37a16e787042",
  "model": "ticket.ticket"
},
{
  "fields": {
    "status": "def11673-d4ab-41a6-a37f-0c6846b96005",
    "created": "2015-12-17T22:17:25.849Z",
    "location": "a8283447-256c-4701-9dca-e85e952d31f3",
    "requester": "30f530c4-ce6c-4724-9cfd-37a16e787148",
    "modified": "2015-12-17T22:17:25.849Z",
    "priority": "def21673-d4ab-41a6-a37f-0c6846b96004",
    "deleted": null,
    "assignee": "30f530c4-ce6c-4724-9cfd-37a16e787086",
    "categories": [
      "24f530c4-ce6c-4724-9cfd-37a16e787003",
      "24f530c4-ce6c-4724-9cfd-37a16e787011",
      "24f530c4-ce6c-4724-9cfd-37a16e787034"
    ],
    "cc": [
      "30f530c4-ce6c-4724-9cfd-37a16e787180"
    ],
    "number": 43,
    "request": "rukERRybXe"
  },
  "pk": "40f530c4-ce6c-4724-9cfd-37a16e787043",
  "model": "ticket.ticket"
},
{
  "fields": {
    "status": "def11673-d4ab-41a6-a37f-0c6846b96002",
    "created": "2015-12-17T22:17:25.898Z",
    "location": "9fa58029-0dbc-4c03-ad09-512298c7f6d4",
    "requester": "30f530c4-ce6c-4724-9cfd-37a16e787176",
    "modified": "2015-12-17T22:17:25.898Z",
    "priority": "def21673-d4ab-41a6-a37f-0c6846b96001",
    "deleted": null,
    "assignee": "30f530c4-ce6c-4724-9cfd-37a16e787080",
    "categories": [
      "24f530c4-ce6c-4724-9cfd-37a16e787003",
      "24f530c4-ce6c-4724-9cfd-37a16e787011",
      "24f530c4-ce6c-4724-9cfd-37a16e787034"
    ],
    "cc": [
      "30f530c4-ce6c-4724-9cfd-37a16e787072"
    ],
    "number": 44,
    "request": "cyLJiChxYb"
  },
  "pk": "40f530c4-ce6c-4724-9cfd-37a16e787044",
  "model": "ticket.ticket"
},
{
  "fields": {
    "status": "def11673-d4ab-41a6-a37f-0c6846b96001",
    "created": "2015-12-17T22:17:25.949Z",
    "location": "a8283447-256c-4701-9dca-e85e952d31f3",
    "requester": "30f530c4-ce6c-4724-9cfd-37a16e787169",
    "modified": "2015-12-17T22:17:25.949Z",
    "priority": "def21673-d4ab-41a6-a37f-0c6846b96002",
    "deleted": null,
    "assignee": "30f530c4-ce6c-4724-9cfd-37a16e787071",
    "categories": [
      "24f530c4-ce6c-4724-9cfd-37a16e787003",
      "24f530c4-ce6c-4724-9cfd-37a16e787011",
      "24f530c4-ce6c-4724-9cfd-37a16e787034"
    ],
    "cc": [
      "30f530c4-ce6c-4724-9cfd-37a16e787081"
    ],
    "number": 45,
    "request": "wIPdYQJFKj"
  },
  "pk": "40f530c4-ce6c-4724-9cfd-37a16e787045",
  "model": "ticket.ticket"
},
{
  "fields": {
    "status": "def11673-d4ab-41a6-a37f-0c6846b96003",
    "created": "2015-12-17T22:17:25.999Z",
    "location": "1674e9cf-4ea9-4043-acbb-5545af11ed41",
    "requester": "30f530c4-ce6c-4724-9cfd-37a16e787110",
    "modified": "2015-12-17T22:17:25.999Z",
    "priority": "def21673-d4ab-41a6-a37f-0c6846b96003",
    "deleted": null,
    "assignee": "30f530c4-ce6c-4724-9cfd-37a16e787069",
    "categories": [
      "24f530c4-ce6c-4724-9cfd-37a16e787003",
      "24f530c4-ce6c-4724-9cfd-37a16e787011",
      "24f530c4-ce6c-4724-9cfd-37a16e787034"
    ],
    "cc": [
      "30f530c4-ce6c-4724-9cfd-37a16e787075"
    ],
    "number": 46,
    "request": "riBYLUclHF"
  },
  "pk": "40f530c4-ce6c-4724-9cfd-37a16e787046",
  "model": "ticket.ticket"
},
{
  "fields": {
    "status": "def11673-d4ab-41a6-a37f-0c6846b96006",
    "created": "2015-12-17T22:17:26.048Z",
    "location": "1674e9cf-4ea9-4043-acbb-5545af11ed41",
    "requester": "30f530c4-ce6c-4724-9cfd-37a16e787033",
    "modified": "2015-12-17T22:17:26.049Z",
    "priority": "def21673-d4ab-41a6-a37f-0c6846b96003",
    "deleted": null,
    "assignee": "30f530c4-ce6c-4724-9cfd-37a16e787004",
    "categories": [
      "24f530c4-ce6c-4724-9cfd-37a16e787003",
      "24f530c4-ce6c-4724-9cfd-37a16e787011",
      "24f530c4-ce6c-4724-9cfd-37a16e787034"
    ],
    "cc": [
      "30f530c4-ce6c-4724-9cfd-37a16e787064"
    ],
    "number": 47,
    "request": "fIVIkmLcvw"
  },
  "pk": "40f530c4-ce6c-4724-9cfd-37a16e787047",
  "model": "ticket.ticket"
},
{
  "fields": {
    "status": "def11673-d4ab-41a6-a37f-0c6846b96007",
    "created": "2015-12-17T22:17:26.098Z",
    "location": "dddd7e16-f57a-424f-847f-8bb938b43d0b",
    "requester": "30f530c4-ce6c-4724-9cfd-37a16e787016",
    "modified": "2015-12-17T22:17:26.098Z",
    "priority": "def21673-d4ab-41a6-a37f-0c6846b96001",
    "deleted": null,
    "assignee": "30f530c4-ce6c-4724-9cfd-37a16e787164",
    "categories": [
      "24f530c4-ce6c-4724-9cfd-37a16e787003",
      "24f530c4-ce6c-4724-9cfd-37a16e787011",
      "24f530c4-ce6c-4724-9cfd-37a16e787034"
    ],
    "cc": [
      "30f530c4-ce6c-4724-9cfd-37a16e787181"
    ],
    "number": 48,
    "request": "uGkchGAYCE"
  },
  "pk": "40f530c4-ce6c-4724-9cfd-37a16e787048",
  "model": "ticket.ticket"
},
{
  "fields": {
    "status": "def11673-d4ab-41a6-a37f-0c6846b96003",
    "created": "2015-12-17T22:17:26.148Z",
    "location": "107dcfd8-92d4-4b1c-8268-c64c935e7fcc",
    "requester": "30f530c4-ce6c-4724-9cfd-37a16e787076",
    "modified": "2015-12-17T22:17:26.148Z",
    "priority": "def21673-d4ab-41a6-a37f-0c6846b96003",
    "deleted": null,
    "assignee": "30f530c4-ce6c-4724-9cfd-37a16e787158",
    "categories": [
      "24f530c4-ce6c-4724-9cfd-37a16e787003",
      "24f530c4-ce6c-4724-9cfd-37a16e787011",
      "24f530c4-ce6c-4724-9cfd-37a16e787034"
    ],
    "cc": [
      "30f530c4-ce6c-4724-9cfd-37a16e787173"
    ],
    "number": 49,
    "request": "XxBaKSAmvP"
  },
  "pk": "40f530c4-ce6c-4724-9cfd-37a16e787049",
  "model": "ticket.ticket"
},
{
  "fields": {
    "status": "def11673-d4ab-41a6-a37f-0c6846b96007",
    "created": "2015-12-17T22:17:26.198Z",
    "location": "f09e3733-699e-423d-8948-9a98aaf1951c",
    "requester": "30f530c4-ce6c-4724-9cfd-37a16e787178",
    "modified": "2015-12-17T22:17:26.198Z",
    "priority": "def21673-d4ab-41a6-a37f-0c6846b96001",
    "deleted": null,
    "assignee": "30f530c4-ce6c-4724-9cfd-37a16e787026",
    "categories": [
      "24f530c4-ce6c-4724-9cfd-37a16e787003",
      "24f530c4-ce6c-4724-9cfd-37a16e787011",
      "24f530c4-ce6c-4724-9cfd-37a16e787034"
    ],
    "cc": [
      "30f530c4-ce6c-4724-9cfd-37a16e787084"
    ],
    "number": 50,
    "request": "TVoEtyuPNV"
  },
  "pk": "40f530c4-ce6c-4724-9cfd-37a16e787050",
  "model": "ticket.ticket"
},
{
  "fields": {
    "status": "def11673-d4ab-41a6-a37f-0c6846b96005",
    "created": "2015-12-17T22:17:26.248Z",
    "location": "107dcfd8-92d4-4b1c-8268-c64c935e7fcc",
    "requester": "30f530c4-ce6c-4724-9cfd-37a16e787077",
    "modified": "2015-12-17T22:17:26.248Z",
    "priority": "def21673-d4ab-41a6-a37f-0c6846b96003",
    "deleted": null,
    "assignee": "30f530c4-ce6c-4724-9cfd-37a16e787026",
    "categories": [
      "24f530c4-ce6c-4724-9cfd-37a16e787003",
      "24f530c4-ce6c-4724-9cfd-37a16e787011",
      "24f530c4-ce6c-4724-9cfd-37a16e787034"
    ],
    "cc": [
      "30f530c4-ce6c-4724-9cfd-37a16e787179"
    ],
    "number": 51,
    "request": "CYdnPPnIzX"
  },
  "pk": "40f530c4-ce6c-4724-9cfd-37a16e787051",
  "model": "ticket.ticket"
}
]
