[
{
  "pk": "def11673-d4ab-41a6-a37f-0c6846b96001",
  "fields": {
    "modified": "2015-12-11T18:25:10.742Z",
    "deleted": null,
    "created": "2015-12-11T18:25:10.742Z",
    "name": "ticket.status.draft"
  },
  "model": "ticket.ticketstatus"
},
{
  "pk": "def11673-d4ab-41a6-a37f-0c6846b96002",
  "fields": {
    "modified": "2015-12-11T18:25:10.748Z",
    "deleted": null,
    "created": "2015-12-11T18:25:10.748Z",
    "name": "ticket.status.new"
  },
  "model": "ticket.ticketstatus"
},
{
  "pk": "def11673-d4ab-41a6-a37f-0c6846b96003",
  "fields": {
    "modified": "2015-12-11T18:25:10.751Z",
    "deleted": null,
    "created": "2015-12-11T18:25:10.750Z",
    "name": "ticket.status.in_progress"
  },
  "model": "ticket.ticketstatus"
},
{
  "pk": "def11673-d4ab-41a6-a37f-0c6846b96004",
  "fields": {
    "modified": "2015-12-11T18:25:10.753Z",
    "deleted": null,
    "created": "2015-12-11T18:25:10.753Z",
    "name": "ticket.status.deferred"
  },
  "model": "ticket.ticketstatus"
},
{
  "pk": "def11673-d4ab-41a6-a37f-0c6846b96005",
  "fields": {
    "modified": "2015-12-11T18:25:10.755Z",
    "deleted": null,
    "created": "2015-12-11T18:25:10.755Z",
    "name": "ticket.status.denied"
  },
  "model": "ticket.ticketstatus"
},
{
  "pk": "def11673-d4ab-41a6-a37f-0c6846b96006",
  "fields": {
    "modified": "2015-12-11T18:25:10.757Z",
    "deleted": null,
    "created": "2015-12-11T18:25:10.757Z",
    "name": "ticket.status.problem_solved"
  },
  "model": "ticket.ticketstatus"
},
{
  "pk": "def11673-d4ab-41a6-a37f-0c6846b96007",
  "fields": {
    "modified": "2015-12-11T18:25:10.759Z",
    "deleted": null,
    "created": "2015-12-11T18:25:10.759Z",
    "name": "ticket.status.completed"
  },
  "model": "ticket.ticketstatus"
},
{
  "pk": "def11673-d4ab-41a6-a37f-0c6846b96008",
  "fields": {
    "modified": "2015-12-11T18:25:10.762Z",
    "deleted": null,
    "created": "2015-12-11T18:25:10.762Z",
    "name": "ticket.status.closed"
  },
  "model": "ticket.ticketstatus"
},
{
  "pk": "def11673-d4ab-41a6-a37f-0c6846b96009",
  "fields": {
    "modified": "2015-12-11T18:25:10.764Z",
    "deleted": null,
    "created": "2015-12-11T18:25:10.764Z",
    "name": "ticket.status.unsatisfactory_completion"
  },
  "model": "ticket.ticketstatus"
},
{
  "pk": "def21673-d4ab-41a6-a37f-0c6846b96001",
  "fields": {
    "modified": "2015-12-11T18:25:10.766Z",
    "deleted": null,
    "created": "2015-12-11T18:25:10.766Z",
    "name": "ticket.priority.emergency"
  },
  "model": "ticket.ticketpriority"
},
{
  "pk": "def21673-d4ab-41a6-a37f-0c6846b96002",
  "fields": {
    "modified": "2015-12-11T18:25:10.769Z",
    "deleted": null,
    "created": "2015-12-11T18:25:10.769Z",
    "name": "ticket.priority.high"
  },
  "model": "ticket.ticketpriority"
},
{
  "pk": "def21673-d4ab-41a6-a37f-0c6846b96003",
  "fields": {
    "modified": "2015-12-11T18:25:10.771Z",
    "deleted": null,
    "created": "2015-12-11T18:25:10.771Z",
    "name": "ticket.priority.medium"
  },
  "model": "ticket.ticketpriority"
},
{
  "pk": "def21673-d4ab-41a6-a37f-0c6846b96004",
  "fields": {
    "modified": "2015-12-11T18:25:10.773Z",
    "deleted": null,
    "created": "2015-12-11T18:25:10.773Z",
    "name": "ticket.priority.low"
  },
  "model": "ticket.ticketpriority"
},
{
  "pk": "40f530c4-ce6c-4724-9cfd-37a16e787001",
  "fields": {
    "location": "589145b7-a520-4954-8bb4-38d188b716b6",
    "requester": "30f530c4-ce6c-4724-9cfd-37a16e787012",
    "status": "def11673-d4ab-41a6-a37f-0c6846b96004",
    "created": "2015-12-11T18:25:10.775Z",
    "assignee": "30f530c4-ce6c-4724-9cfd-37a16e787053",
    "priority": "def21673-d4ab-41a6-a37f-0c6846b96002",
    "request": "FLuPaBmHIR",
    "modified": "2015-12-11T18:25:10.775Z",
    "deleted": null,
    "cc": [
      "30f530c4-ce6c-4724-9cfd-37a16e787186"
    ],
    "categories": [
      "24f530c4-ce6c-4724-9cfd-37a16e787007",
      "24f530c4-ce6c-4724-9cfd-37a16e787003",
      "24f530c4-ce6c-4724-9cfd-37a16e787001"
    ],
    "number": 1
  },
  "model": "ticket.ticket"
},
{
  "pk": "40f530c4-ce6c-4724-9cfd-37a16e787002",
  "fields": {
    "location": "0e75c4bb-1a11-451f-a8ef-4311df235c26",
    "requester": "30f530c4-ce6c-4724-9cfd-37a16e787131",
    "status": "def11673-d4ab-41a6-a37f-0c6846b96006",
    "created": "2015-12-11T18:25:10.830Z",
    "assignee": "30f530c4-ce6c-4724-9cfd-37a16e787149",
    "priority": "def21673-d4ab-41a6-a37f-0c6846b96001",
    "request": "LHYLFmFeIU",
    "modified": "2015-12-11T18:25:10.830Z",
    "deleted": null,
    "cc": [
      "30f530c4-ce6c-4724-9cfd-37a16e787016"
    ],
    "categories": [
      "24f530c4-ce6c-4724-9cfd-37a16e787007",
      "24f530c4-ce6c-4724-9cfd-37a16e787003",
      "24f530c4-ce6c-4724-9cfd-37a16e787001"
    ],
    "number": 2
  },
  "model": "ticket.ticket"
},
{
  "pk": "40f530c4-ce6c-4724-9cfd-37a16e787003",
  "fields": {
    "location": "107dcfd8-92d4-4b1c-8268-c64c935e7fcc",
    "requester": "30f530c4-ce6c-4724-9cfd-37a16e787015",
    "status": "def11673-d4ab-41a6-a37f-0c6846b96003",
    "created": "2015-12-11T18:25:10.883Z",
    "assignee": "30f530c4-ce6c-4724-9cfd-37a16e787090",
    "priority": "def21673-d4ab-41a6-a37f-0c6846b96003",
    "request": "gNcUHxjFiH",
    "modified": "2015-12-11T18:25:10.883Z",
    "deleted": null,
    "cc": [
      "30f530c4-ce6c-4724-9cfd-37a16e787040"
    ],
    "categories": [
      "24f530c4-ce6c-4724-9cfd-37a16e787007",
      "24f530c4-ce6c-4724-9cfd-37a16e787003",
      "24f530c4-ce6c-4724-9cfd-37a16e787001"
    ],
    "number": 3
  },
  "model": "ticket.ticket"
},
{
  "pk": "40f530c4-ce6c-4724-9cfd-37a16e787004",
  "fields": {
    "location": "107dcfd8-92d4-4b1c-8268-c64c935e7fcc",
    "requester": "30f530c4-ce6c-4724-9cfd-37a16e787129",
    "status": "def11673-d4ab-41a6-a37f-0c6846b96006",
    "created": "2015-12-11T18:25:10.933Z",
    "assignee": "30f530c4-ce6c-4724-9cfd-37a16e787003",
    "priority": "def21673-d4ab-41a6-a37f-0c6846b96004",
    "request": "XAMiOtlMlL",
    "modified": "2015-12-11T18:25:10.933Z",
    "deleted": null,
    "cc": [
      "30f530c4-ce6c-4724-9cfd-37a16e787180"
    ],
    "categories": [
      "24f530c4-ce6c-4724-9cfd-37a16e787007",
      "24f530c4-ce6c-4724-9cfd-37a16e787003",
      "24f530c4-ce6c-4724-9cfd-37a16e787001"
    ],
    "number": 4
  },
  "model": "ticket.ticket"
},
{
  "pk": "40f530c4-ce6c-4724-9cfd-37a16e787005",
  "fields": {
    "location": "1674e9cf-4ea9-4043-acbb-5545af11ed41",
    "requester": "30f530c4-ce6c-4724-9cfd-37a16e787086",
    "status": "def11673-d4ab-41a6-a37f-0c6846b96005",
    "created": "2015-12-11T18:25:10.984Z",
    "assignee": "30f530c4-ce6c-4724-9cfd-37a16e787058",
    "priority": "def21673-d4ab-41a6-a37f-0c6846b96002",
    "request": "SLcnYSPyZX",
    "modified": "2015-12-11T18:25:10.984Z",
    "deleted": null,
    "cc": [
      "30f530c4-ce6c-4724-9cfd-37a16e787008"
    ],
    "categories": [
      "24f530c4-ce6c-4724-9cfd-37a16e787007",
      "24f530c4-ce6c-4724-9cfd-37a16e787003",
      "24f530c4-ce6c-4724-9cfd-37a16e787001"
    ],
    "number": 5
  },
  "model": "ticket.ticket"
},
{
  "pk": "40f530c4-ce6c-4724-9cfd-37a16e787006",
  "fields": {
    "location": "a8283447-256c-4701-9dca-e85e952d31f3",
    "requester": "30f530c4-ce6c-4724-9cfd-37a16e787170",
    "status": "def11673-d4ab-41a6-a37f-0c6846b96004",
    "created": "2015-12-11T18:25:11.034Z",
    "assignee": "30f530c4-ce6c-4724-9cfd-37a16e787164",
    "priority": "def21673-d4ab-41a6-a37f-0c6846b96003",
    "request": "JKvxMHpFjQ",
    "modified": "2015-12-11T18:25:11.035Z",
    "deleted": null,
    "cc": [
      "30f530c4-ce6c-4724-9cfd-37a16e787054"
    ],
    "categories": [
      "24f530c4-ce6c-4724-9cfd-37a16e787007",
      "24f530c4-ce6c-4724-9cfd-37a16e787003",
      "24f530c4-ce6c-4724-9cfd-37a16e787001"
    ],
    "number": 6
  },
  "model": "ticket.ticket"
},
{
  "pk": "40f530c4-ce6c-4724-9cfd-37a16e787007",
  "fields": {
    "location": "107dcfd8-92d4-4b1c-8268-c64c935e7fcc",
    "requester": "30f530c4-ce6c-4724-9cfd-37a16e787042",
    "status": "def11673-d4ab-41a6-a37f-0c6846b96007",
    "created": "2015-12-11T18:25:11.085Z",
    "assignee": "30f530c4-ce6c-4724-9cfd-37a16e787095",
    "priority": "def21673-d4ab-41a6-a37f-0c6846b96004",
    "request": "vuNsuLYhEs",
    "modified": "2015-12-11T18:25:11.085Z",
    "deleted": null,
    "cc": [
      "30f530c4-ce6c-4724-9cfd-37a16e787011"
    ],
    "categories": [
      "24f530c4-ce6c-4724-9cfd-37a16e787007",
      "24f530c4-ce6c-4724-9cfd-37a16e787003",
      "24f530c4-ce6c-4724-9cfd-37a16e787001"
    ],
    "number": 7
  },
  "model": "ticket.ticket"
},
{
  "pk": "40f530c4-ce6c-4724-9cfd-37a16e787008",
  "fields": {
    "location": "a8283447-256c-4701-9dca-e85e952d31f3",
    "requester": "30f530c4-ce6c-4724-9cfd-37a16e787033",
    "status": "def11673-d4ab-41a6-a37f-0c6846b96001",
    "created": "2015-12-11T18:25:11.138Z",
    "assignee": "30f530c4-ce6c-4724-9cfd-37a16e787014",
    "priority": "def21673-d4ab-41a6-a37f-0c6846b96002",
    "request": "vkwVilsHFS",
    "modified": "2015-12-11T18:25:11.138Z",
    "deleted": null,
    "cc": [
      "30f530c4-ce6c-4724-9cfd-37a16e787028"
    ],
    "categories": [
      "24f530c4-ce6c-4724-9cfd-37a16e787007",
      "24f530c4-ce6c-4724-9cfd-37a16e787003",
      "24f530c4-ce6c-4724-9cfd-37a16e787001"
    ],
    "number": 8
  },
  "model": "ticket.ticket"
},
{
  "pk": "40f530c4-ce6c-4724-9cfd-37a16e787009",
  "fields": {
    "location": "9fa58029-0dbc-4c03-ad09-512298c7f6d4",
    "requester": "30f530c4-ce6c-4724-9cfd-37a16e787075",
    "status": "def11673-d4ab-41a6-a37f-0c6846b96006",
    "created": "2015-12-11T18:25:11.198Z",
    "assignee": "30f530c4-ce6c-4724-9cfd-37a16e787103",
    "priority": "def21673-d4ab-41a6-a37f-0c6846b96004",
    "request": "WInrHaBCPK",
    "modified": "2015-12-11T18:25:11.198Z",
    "deleted": null,
    "cc": [
      "30f530c4-ce6c-4724-9cfd-37a16e787153"
    ],
    "categories": [
      "24f530c4-ce6c-4724-9cfd-37a16e787007",
      "24f530c4-ce6c-4724-9cfd-37a16e787003",
      "24f530c4-ce6c-4724-9cfd-37a16e787001"
    ],
    "number": 9
  },
  "model": "ticket.ticket"
},
{
  "pk": "40f530c4-ce6c-4724-9cfd-37a16e787010",
  "fields": {
    "location": "f09e3733-699e-423d-8948-9a98aaf1951c",
    "requester": "30f530c4-ce6c-4724-9cfd-37a16e787029",
    "status": "def11673-d4ab-41a6-a37f-0c6846b96006",
    "created": "2015-12-11T18:25:11.279Z",
    "assignee": "30f530c4-ce6c-4724-9cfd-37a16e787062",
    "priority": "def21673-d4ab-41a6-a37f-0c6846b96002",
    "request": "oZVsZurmxp",
    "modified": "2015-12-11T18:25:11.279Z",
    "deleted": null,
    "cc": [
      "30f530c4-ce6c-4724-9cfd-37a16e787016"
    ],
    "categories": [
      "24f530c4-ce6c-4724-9cfd-37a16e787007",
      "24f530c4-ce6c-4724-9cfd-37a16e787003",
      "24f530c4-ce6c-4724-9cfd-37a16e787001"
    ],
    "number": 10
  },
  "model": "ticket.ticket"
},
{
  "pk": "40f530c4-ce6c-4724-9cfd-37a16e787011",
  "fields": {
    "location": "9fa58029-0dbc-4c03-ad09-512298c7f6d4",
    "requester": "30f530c4-ce6c-4724-9cfd-37a16e787040",
    "status": "def11673-d4ab-41a6-a37f-0c6846b96007",
    "created": "2015-12-11T18:25:11.351Z",
    "assignee": "30f530c4-ce6c-4724-9cfd-37a16e787061",
    "priority": "def21673-d4ab-41a6-a37f-0c6846b96001",
    "request": "RFBiQWqkXk",
    "modified": "2015-12-11T18:25:11.351Z",
    "deleted": null,
    "cc": [
      "30f530c4-ce6c-4724-9cfd-37a16e787053"
    ],
    "categories": [
      "24f530c4-ce6c-4724-9cfd-37a16e787007",
      "24f530c4-ce6c-4724-9cfd-37a16e787003",
      "24f530c4-ce6c-4724-9cfd-37a16e787001"
    ],
    "number": 11
  },
  "model": "ticket.ticket"
},
{
  "pk": "40f530c4-ce6c-4724-9cfd-37a16e787012",
  "fields": {
    "location": "dddd7e16-f57a-424f-847f-8bb938b43d0b",
    "requester": "30f530c4-ce6c-4724-9cfd-37a16e787046",
    "status": "def11673-d4ab-41a6-a37f-0c6846b96001",
    "created": "2015-12-11T18:25:11.405Z",
    "assignee": "30f530c4-ce6c-4724-9cfd-37a16e787090",
    "priority": "def21673-d4ab-41a6-a37f-0c6846b96002",
    "request": "mfrcMHkgua",
    "modified": "2015-12-11T18:25:11.405Z",
    "deleted": null,
    "cc": [
      "30f530c4-ce6c-4724-9cfd-37a16e787092"
    ],
    "categories": [
      "24f530c4-ce6c-4724-9cfd-37a16e787007",
      "24f530c4-ce6c-4724-9cfd-37a16e787003",
      "24f530c4-ce6c-4724-9cfd-37a16e787001"
    ],
    "number": 12
  },
  "model": "ticket.ticket"
},
{
  "pk": "40f530c4-ce6c-4724-9cfd-37a16e787013",
  "fields": {
    "location": "a8283447-256c-4701-9dca-e85e952d31f3",
    "requester": "30f530c4-ce6c-4724-9cfd-37a16e787004",
    "status": "def11673-d4ab-41a6-a37f-0c6846b96006",
    "created": "2015-12-11T18:25:11.456Z",
    "assignee": "30f530c4-ce6c-4724-9cfd-37a16e787025",
    "priority": "def21673-d4ab-41a6-a37f-0c6846b96001",
    "request": "MrCnGsEDva",
    "modified": "2015-12-11T18:25:11.456Z",
    "deleted": null,
    "cc": [
      "30f530c4-ce6c-4724-9cfd-37a16e787056"
    ],
    "categories": [
      "24f530c4-ce6c-4724-9cfd-37a16e787007",
      "24f530c4-ce6c-4724-9cfd-37a16e787003",
      "24f530c4-ce6c-4724-9cfd-37a16e787001"
    ],
    "number": 13
  },
  "model": "ticket.ticket"
},
{
  "pk": "40f530c4-ce6c-4724-9cfd-37a16e787014",
  "fields": {
    "location": "1674e9cf-4ea9-4043-acbb-5545af11ed41",
    "requester": "30f530c4-ce6c-4724-9cfd-37a16e787056",
    "status": "def11673-d4ab-41a6-a37f-0c6846b96007",
    "created": "2015-12-11T18:25:11.506Z",
    "assignee": "30f530c4-ce6c-4724-9cfd-37a16e787184",
    "priority": "def21673-d4ab-41a6-a37f-0c6846b96001",
    "request": "UzdeRAclZM",
    "modified": "2015-12-11T18:25:11.506Z",
    "deleted": null,
    "cc": [
      "30f530c4-ce6c-4724-9cfd-37a16e787167"
    ],
    "categories": [
      "24f530c4-ce6c-4724-9cfd-37a16e787007",
      "24f530c4-ce6c-4724-9cfd-37a16e787003",
      "24f530c4-ce6c-4724-9cfd-37a16e787001"
    ],
    "number": 14
  },
  "model": "ticket.ticket"
},
{
  "pk": "40f530c4-ce6c-4724-9cfd-37a16e787015",
  "fields": {
    "location": "9fa58029-0dbc-4c03-ad09-512298c7f6d4",
    "requester": "30f530c4-ce6c-4724-9cfd-37a16e787089",
    "status": "def11673-d4ab-41a6-a37f-0c6846b96009",
    "created": "2015-12-11T18:25:11.556Z",
    "assignee": "30f530c4-ce6c-4724-9cfd-37a16e787065",
    "priority": "def21673-d4ab-41a6-a37f-0c6846b96002",
    "request": "idZBDMSQwz",
    "modified": "2015-12-11T18:25:11.556Z",
    "deleted": null,
    "cc": [
      "30f530c4-ce6c-4724-9cfd-37a16e787160"
    ],
    "categories": [
      "24f530c4-ce6c-4724-9cfd-37a16e787007",
      "24f530c4-ce6c-4724-9cfd-37a16e787003",
      "24f530c4-ce6c-4724-9cfd-37a16e787001"
    ],
    "number": 15
  },
  "model": "ticket.ticket"
},
{
  "pk": "40f530c4-ce6c-4724-9cfd-37a16e787016",
  "fields": {
    "location": "dddd7e16-f57a-424f-847f-8bb938b43d0b",
    "requester": "30f530c4-ce6c-4724-9cfd-37a16e787037",
    "status": "def11673-d4ab-41a6-a37f-0c6846b96004",
    "created": "2015-12-11T18:25:11.606Z",
    "assignee": "30f530c4-ce6c-4724-9cfd-37a16e787077",
    "priority": "def21673-d4ab-41a6-a37f-0c6846b96001",
    "request": "nJHyReUkjy",
    "modified": "2015-12-11T18:25:11.606Z",
    "deleted": null,
    "cc": [
      "30f530c4-ce6c-4724-9cfd-37a16e787024"
    ],
    "categories": [
      "24f530c4-ce6c-4724-9cfd-37a16e787007",
      "24f530c4-ce6c-4724-9cfd-37a16e787003",
      "24f530c4-ce6c-4724-9cfd-37a16e787001"
    ],
    "number": 16
  },
  "model": "ticket.ticket"
},
{
  "pk": "40f530c4-ce6c-4724-9cfd-37a16e787017",
  "fields": {
    "location": "0e75c4bb-1a11-451f-a8ef-4311df235c26",
    "requester": "30f530c4-ce6c-4724-9cfd-37a16e787089",
    "status": "def11673-d4ab-41a6-a37f-0c6846b96004",
    "created": "2015-12-11T18:25:11.656Z",
    "assignee": "30f530c4-ce6c-4724-9cfd-37a16e787124",
    "priority": "def21673-d4ab-41a6-a37f-0c6846b96001",
    "request": "bAYPvCGelD",
    "modified": "2015-12-11T18:25:11.656Z",
    "deleted": null,
    "cc": [
      "30f530c4-ce6c-4724-9cfd-37a16e787016"
    ],
    "categories": [
      "24f530c4-ce6c-4724-9cfd-37a16e787007",
      "24f530c4-ce6c-4724-9cfd-37a16e787003",
      "24f530c4-ce6c-4724-9cfd-37a16e787001"
    ],
    "number": 17
  },
  "model": "ticket.ticket"
},
{
  "pk": "40f530c4-ce6c-4724-9cfd-37a16e787018",
  "fields": {
    "location": "9fa58029-0dbc-4c03-ad09-512298c7f6d4",
    "requester": "30f530c4-ce6c-4724-9cfd-37a16e787003",
    "status": "def11673-d4ab-41a6-a37f-0c6846b96002",
    "created": "2015-12-11T18:25:11.706Z",
    "assignee": "30f530c4-ce6c-4724-9cfd-37a16e787012",
    "priority": "def21673-d4ab-41a6-a37f-0c6846b96001",
    "request": "jTJUBchPpk",
    "modified": "2015-12-11T18:25:11.706Z",
    "deleted": null,
    "cc": [
      "30f530c4-ce6c-4724-9cfd-37a16e787127"
    ],
    "categories": [
      "24f530c4-ce6c-4724-9cfd-37a16e787007",
      "24f530c4-ce6c-4724-9cfd-37a16e787003",
      "24f530c4-ce6c-4724-9cfd-37a16e787001"
    ],
    "number": 18
  },
  "model": "ticket.ticket"
},
{
  "pk": "40f530c4-ce6c-4724-9cfd-37a16e787019",
  "fields": {
    "location": "f09e3733-699e-423d-8948-9a98aaf1951c",
    "requester": "30f530c4-ce6c-4724-9cfd-37a16e787175",
    "status": "def11673-d4ab-41a6-a37f-0c6846b96008",
    "created": "2015-12-11T18:25:11.756Z",
    "assignee": "30f530c4-ce6c-4724-9cfd-37a16e787133",
    "priority": "def21673-d4ab-41a6-a37f-0c6846b96002",
    "request": "CRrCUplnYp",
    "modified": "2015-12-11T18:25:11.756Z",
    "deleted": null,
    "cc": [
      "30f530c4-ce6c-4724-9cfd-37a16e787155"
    ],
    "categories": [
      "24f530c4-ce6c-4724-9cfd-37a16e787007",
      "24f530c4-ce6c-4724-9cfd-37a16e787003",
      "24f530c4-ce6c-4724-9cfd-37a16e787001"
    ],
    "number": 19
  },
  "model": "ticket.ticket"
},
{
  "pk": "40f530c4-ce6c-4724-9cfd-37a16e787020",
  "fields": {
    "location": "1674e9cf-4ea9-4043-acbb-5545af11ed41",
    "requester": "30f530c4-ce6c-4724-9cfd-37a16e787138",
    "status": "def11673-d4ab-41a6-a37f-0c6846b96004",
    "created": "2015-12-11T18:25:11.806Z",
    "assignee": "30f530c4-ce6c-4724-9cfd-37a16e787087",
    "priority": "def21673-d4ab-41a6-a37f-0c6846b96004",
    "request": "wYmFPPNhLr",
    "modified": "2015-12-11T18:25:11.806Z",
    "deleted": null,
    "cc": [
      "30f530c4-ce6c-4724-9cfd-37a16e787095"
    ],
    "categories": [
      "24f530c4-ce6c-4724-9cfd-37a16e787007",
      "24f530c4-ce6c-4724-9cfd-37a16e787003",
      "24f530c4-ce6c-4724-9cfd-37a16e787001"
    ],
    "number": 20
  },
  "model": "ticket.ticket"
},
{
  "pk": "40f530c4-ce6c-4724-9cfd-37a16e787021",
  "fields": {
    "location": "0e75c4bb-1a11-451f-a8ef-4311df235c26",
    "requester": "30f530c4-ce6c-4724-9cfd-37a16e787022",
    "status": "def11673-d4ab-41a6-a37f-0c6846b96004",
    "created": "2015-12-11T18:25:11.855Z",
    "assignee": "30f530c4-ce6c-4724-9cfd-37a16e787090",
    "priority": "def21673-d4ab-41a6-a37f-0c6846b96004",
    "request": "OBGXRXavkS",
    "modified": "2015-12-11T18:25:11.855Z",
    "deleted": null,
    "cc": [
      "30f530c4-ce6c-4724-9cfd-37a16e787072"
    ],
    "categories": [
      "24f530c4-ce6c-4724-9cfd-37a16e787007",
      "24f530c4-ce6c-4724-9cfd-37a16e787003",
      "24f530c4-ce6c-4724-9cfd-37a16e787001"
    ],
    "number": 21
  },
  "model": "ticket.ticket"
},
{
  "pk": "40f530c4-ce6c-4724-9cfd-37a16e787022",
  "fields": {
    "location": "f09e3733-699e-423d-8948-9a98aaf1951c",
    "requester": "30f530c4-ce6c-4724-9cfd-37a16e787070",
    "status": "def11673-d4ab-41a6-a37f-0c6846b96008",
    "created": "2015-12-11T18:25:11.907Z",
    "assignee": "30f530c4-ce6c-4724-9cfd-37a16e787089",
    "priority": "def21673-d4ab-41a6-a37f-0c6846b96004",
    "request": "UeidIAdAey",
    "modified": "2015-12-11T18:25:11.907Z",
    "deleted": null,
    "cc": [
      "30f530c4-ce6c-4724-9cfd-37a16e787164"
    ],
    "categories": [
      "24f530c4-ce6c-4724-9cfd-37a16e787007",
      "24f530c4-ce6c-4724-9cfd-37a16e787003",
      "24f530c4-ce6c-4724-9cfd-37a16e787001"
    ],
    "number": 22
  },
  "model": "ticket.ticket"
},
{
  "pk": "40f530c4-ce6c-4724-9cfd-37a16e787023",
  "fields": {
    "location": "dddd7e16-f57a-424f-847f-8bb938b43d0b",
    "requester": "30f530c4-ce6c-4724-9cfd-37a16e787029",
    "status": "def11673-d4ab-41a6-a37f-0c6846b96003",
    "created": "2015-12-11T18:25:11.959Z",
    "assignee": "30f530c4-ce6c-4724-9cfd-37a16e787024",
    "priority": "def21673-d4ab-41a6-a37f-0c6846b96002",
    "request": "uhKPeWzOHg",
    "modified": "2015-12-11T18:25:11.959Z",
    "deleted": null,
    "cc": [
      "30f530c4-ce6c-4724-9cfd-37a16e787070"
    ],
    "categories": [
      "24f530c4-ce6c-4724-9cfd-37a16e787007",
      "24f530c4-ce6c-4724-9cfd-37a16e787003",
      "24f530c4-ce6c-4724-9cfd-37a16e787001"
    ],
    "number": 23
  },
  "model": "ticket.ticket"
},
{
  "pk": "40f530c4-ce6c-4724-9cfd-37a16e787024",
  "fields": {
    "location": "107dcfd8-92d4-4b1c-8268-c64c935e7fcc",
    "requester": "30f530c4-ce6c-4724-9cfd-37a16e787079",
    "status": "def11673-d4ab-41a6-a37f-0c6846b96007",
    "created": "2015-12-11T18:25:12.009Z",
    "assignee": "30f530c4-ce6c-4724-9cfd-37a16e787171",
    "priority": "def21673-d4ab-41a6-a37f-0c6846b96001",
    "request": "VuZtOruCEG",
    "modified": "2015-12-11T18:25:12.009Z",
    "deleted": null,
    "cc": [
      "30f530c4-ce6c-4724-9cfd-37a16e787037"
    ],
    "categories": [
      "24f530c4-ce6c-4724-9cfd-37a16e787007",
      "24f530c4-ce6c-4724-9cfd-37a16e787003",
      "24f530c4-ce6c-4724-9cfd-37a16e787001"
    ],
    "number": 24
  },
  "model": "ticket.ticket"
},
{
  "pk": "40f530c4-ce6c-4724-9cfd-37a16e787025",
  "fields": {
    "location": "0e75c4bb-1a11-451f-a8ef-4311df235c26",
    "requester": "30f530c4-ce6c-4724-9cfd-37a16e787066",
    "status": "def11673-d4ab-41a6-a37f-0c6846b96006",
    "created": "2015-12-11T18:25:12.059Z",
    "assignee": "30f530c4-ce6c-4724-9cfd-37a16e787181",
    "priority": "def21673-d4ab-41a6-a37f-0c6846b96002",
    "request": "SSEZjcCAey",
    "modified": "2015-12-11T18:25:12.059Z",
    "deleted": null,
    "cc": [
      "30f530c4-ce6c-4724-9cfd-37a16e787051"
    ],
    "categories": [
      "24f530c4-ce6c-4724-9cfd-37a16e787007",
      "24f530c4-ce6c-4724-9cfd-37a16e787003",
      "24f530c4-ce6c-4724-9cfd-37a16e787001"
    ],
    "number": 25
  },
  "model": "ticket.ticket"
},
{
  "pk": "40f530c4-ce6c-4724-9cfd-37a16e787026",
  "fields": {
    "location": "0e75c4bb-1a11-451f-a8ef-4311df235c26",
    "requester": "30f530c4-ce6c-4724-9cfd-37a16e787073",
    "status": "def11673-d4ab-41a6-a37f-0c6846b96004",
    "created": "2015-12-11T18:25:12.109Z",
    "assignee": "30f530c4-ce6c-4724-9cfd-37a16e787079",
    "priority": "def21673-d4ab-41a6-a37f-0c6846b96001",
    "request": "aXWFAzMaEv",
    "modified": "2015-12-11T18:25:12.109Z",
    "deleted": null,
    "cc": [
      "30f530c4-ce6c-4724-9cfd-37a16e787088"
    ],
    "categories": [
      "24f530c4-ce6c-4724-9cfd-37a16e787007",
      "24f530c4-ce6c-4724-9cfd-37a16e787003",
      "24f530c4-ce6c-4724-9cfd-37a16e787001"
    ],
    "number": 26
  },
  "model": "ticket.ticket"
},
{
  "pk": "40f530c4-ce6c-4724-9cfd-37a16e787027",
  "fields": {
    "location": "a8283447-256c-4701-9dca-e85e952d31f3",
    "requester": "30f530c4-ce6c-4724-9cfd-37a16e787021",
    "status": "def11673-d4ab-41a6-a37f-0c6846b96007",
    "created": "2015-12-11T18:25:12.159Z",
    "assignee": "30f530c4-ce6c-4724-9cfd-37a16e787148",
    "priority": "def21673-d4ab-41a6-a37f-0c6846b96001",
    "request": "PxIyWqPdPy",
    "modified": "2015-12-11T18:25:12.159Z",
    "deleted": null,
    "cc": [
      "30f530c4-ce6c-4724-9cfd-37a16e787152"
    ],
    "categories": [
      "24f530c4-ce6c-4724-9cfd-37a16e787007",
      "24f530c4-ce6c-4724-9cfd-37a16e787003",
      "24f530c4-ce6c-4724-9cfd-37a16e787001"
    ],
    "number": 27
  },
  "model": "ticket.ticket"
},
{
  "pk": "40f530c4-ce6c-4724-9cfd-37a16e787028",
  "fields": {
    "location": "9fa58029-0dbc-4c03-ad09-512298c7f6d4",
    "requester": "30f530c4-ce6c-4724-9cfd-37a16e787157",
    "status": "def11673-d4ab-41a6-a37f-0c6846b96001",
    "created": "2015-12-11T18:25:12.209Z",
    "assignee": "30f530c4-ce6c-4724-9cfd-37a16e787128",
    "priority": "def21673-d4ab-41a6-a37f-0c6846b96003",
    "request": "wfhJJuDQvZ",
    "modified": "2015-12-11T18:25:12.209Z",
    "deleted": null,
    "cc": [
      "30f530c4-ce6c-4724-9cfd-37a16e787164"
    ],
    "categories": [
      "24f530c4-ce6c-4724-9cfd-37a16e787007",
      "24f530c4-ce6c-4724-9cfd-37a16e787003",
      "24f530c4-ce6c-4724-9cfd-37a16e787001"
    ],
    "number": 28
  },
  "model": "ticket.ticket"
},
{
  "pk": "40f530c4-ce6c-4724-9cfd-37a16e787029",
  "fields": {
    "location": "f09e3733-699e-423d-8948-9a98aaf1951c",
    "requester": "30f530c4-ce6c-4724-9cfd-37a16e787179",
    "status": "def11673-d4ab-41a6-a37f-0c6846b96002",
    "created": "2015-12-11T18:25:12.259Z",
    "assignee": "30f530c4-ce6c-4724-9cfd-37a16e787020",
    "priority": "def21673-d4ab-41a6-a37f-0c6846b96004",
    "request": "mBSXNlYSQC",
    "modified": "2015-12-11T18:25:12.259Z",
    "deleted": null,
    "cc": [
      "30f530c4-ce6c-4724-9cfd-37a16e787126"
    ],
    "categories": [
      "24f530c4-ce6c-4724-9cfd-37a16e787007",
      "24f530c4-ce6c-4724-9cfd-37a16e787003",
      "24f530c4-ce6c-4724-9cfd-37a16e787001"
    ],
    "number": 29
  },
  "model": "ticket.ticket"
},
{
  "pk": "40f530c4-ce6c-4724-9cfd-37a16e787030",
  "fields": {
    "location": "dddd7e16-f57a-424f-847f-8bb938b43d0b",
    "requester": "30f530c4-ce6c-4724-9cfd-37a16e787177",
    "status": "def11673-d4ab-41a6-a37f-0c6846b96005",
    "created": "2015-12-11T18:25:12.325Z",
    "assignee": "30f530c4-ce6c-4724-9cfd-37a16e787064",
    "priority": "def21673-d4ab-41a6-a37f-0c6846b96001",
    "request": "GQhpBEKUxY",
    "modified": "2015-12-11T18:25:12.325Z",
    "deleted": null,
    "cc": [
      "30f530c4-ce6c-4724-9cfd-37a16e787061"
    ],
    "categories": [
      "24f530c4-ce6c-4724-9cfd-37a16e787007",
      "24f530c4-ce6c-4724-9cfd-37a16e787003",
      "24f530c4-ce6c-4724-9cfd-37a16e787001"
    ],
    "number": 30
  },
  "model": "ticket.ticket"
},
{
  "pk": "40f530c4-ce6c-4724-9cfd-37a16e787031",
  "fields": {
    "location": "dddd7e16-f57a-424f-847f-8bb938b43d0b",
    "requester": "30f530c4-ce6c-4724-9cfd-37a16e787011",
    "status": "def11673-d4ab-41a6-a37f-0c6846b96005",
    "created": "2015-12-11T18:25:12.381Z",
    "assignee": "30f530c4-ce6c-4724-9cfd-37a16e787107",
    "priority": "def21673-d4ab-41a6-a37f-0c6846b96002",
    "request": "tILnafhXgE",
    "modified": "2015-12-11T18:25:12.381Z",
    "deleted": null,
    "cc": [
      "30f530c4-ce6c-4724-9cfd-37a16e787016"
    ],
    "categories": [
      "24f530c4-ce6c-4724-9cfd-37a16e787007",
      "24f530c4-ce6c-4724-9cfd-37a16e787003",
      "24f530c4-ce6c-4724-9cfd-37a16e787001"
    ],
    "number": 31
  },
  "model": "ticket.ticket"
},
{
  "pk": "40f530c4-ce6c-4724-9cfd-37a16e787032",
  "fields": {
    "location": "dddd7e16-f57a-424f-847f-8bb938b43d0b",
    "requester": "30f530c4-ce6c-4724-9cfd-37a16e787153",
    "status": "def11673-d4ab-41a6-a37f-0c6846b96007",
    "created": "2015-12-11T18:25:12.431Z",
    "assignee": "30f530c4-ce6c-4724-9cfd-37a16e787182",
    "priority": "def21673-d4ab-41a6-a37f-0c6846b96002",
    "request": "exDJWnwUvX",
    "modified": "2015-12-11T18:25:12.431Z",
    "deleted": null,
    "cc": [
      "30f530c4-ce6c-4724-9cfd-37a16e787018"
    ],
    "categories": [
      "24f530c4-ce6c-4724-9cfd-37a16e787007",
      "24f530c4-ce6c-4724-9cfd-37a16e787003",
      "24f530c4-ce6c-4724-9cfd-37a16e787001"
    ],
    "number": 32
  },
  "model": "ticket.ticket"
},
{
  "pk": "40f530c4-ce6c-4724-9cfd-37a16e787033",
  "fields": {
    "location": "589145b7-a520-4954-8bb4-38d188b716b6",
    "requester": "30f530c4-ce6c-4724-9cfd-37a16e787134",
    "status": "def11673-d4ab-41a6-a37f-0c6846b96004",
    "created": "2015-12-11T18:25:12.486Z",
    "assignee": "30f530c4-ce6c-4724-9cfd-37a16e787149",
    "priority": "def21673-d4ab-41a6-a37f-0c6846b96002",
    "request": "KxzpHEXfkh",
    "modified": "2015-12-11T18:25:12.486Z",
    "deleted": null,
    "cc": [
      "30f530c4-ce6c-4724-9cfd-37a16e787068"
    ],
    "categories": [
      "24f530c4-ce6c-4724-9cfd-37a16e787007",
      "24f530c4-ce6c-4724-9cfd-37a16e787003",
      "24f530c4-ce6c-4724-9cfd-37a16e787001"
    ],
    "number": 33
  },
  "model": "ticket.ticket"
},
{
  "pk": "40f530c4-ce6c-4724-9cfd-37a16e787034",
  "fields": {
    "location": "f09e3733-699e-423d-8948-9a98aaf1951c",
    "requester": "30f530c4-ce6c-4724-9cfd-37a16e787057",
    "status": "def11673-d4ab-41a6-a37f-0c6846b96003",
    "created": "2015-12-11T18:25:12.536Z",
    "assignee": "30f530c4-ce6c-4724-9cfd-37a16e787057",
    "priority": "def21673-d4ab-41a6-a37f-0c6846b96002",
    "request": "POLtIaGWfH",
    "modified": "2015-12-11T18:25:12.536Z",
    "deleted": null,
    "cc": [
      "30f530c4-ce6c-4724-9cfd-37a16e787113"
    ],
    "categories": [
      "24f530c4-ce6c-4724-9cfd-37a16e787007",
      "24f530c4-ce6c-4724-9cfd-37a16e787003",
      "24f530c4-ce6c-4724-9cfd-37a16e787001"
    ],
    "number": 34
  },
  "model": "ticket.ticket"
},
{
  "pk": "40f530c4-ce6c-4724-9cfd-37a16e787035",
  "fields": {
    "location": "f09e3733-699e-423d-8948-9a98aaf1951c",
    "requester": "30f530c4-ce6c-4724-9cfd-37a16e787167",
    "status": "def11673-d4ab-41a6-a37f-0c6846b96006",
    "created": "2015-12-11T18:25:12.585Z",
    "assignee": "30f530c4-ce6c-4724-9cfd-37a16e787122",
    "priority": "def21673-d4ab-41a6-a37f-0c6846b96001",
    "request": "UgODOlBzqL",
    "modified": "2015-12-11T18:25:12.585Z",
    "deleted": null,
    "cc": [
      "30f530c4-ce6c-4724-9cfd-37a16e787068"
    ],
    "categories": [
      "24f530c4-ce6c-4724-9cfd-37a16e787007",
      "24f530c4-ce6c-4724-9cfd-37a16e787003",
      "24f530c4-ce6c-4724-9cfd-37a16e787001"
    ],
    "number": 35
  },
  "model": "ticket.ticket"
},
{
  "pk": "40f530c4-ce6c-4724-9cfd-37a16e787036",
  "fields": {
    "location": "a8283447-256c-4701-9dca-e85e952d31f3",
    "requester": "30f530c4-ce6c-4724-9cfd-37a16e787169",
    "status": "def11673-d4ab-41a6-a37f-0c6846b96002",
    "created": "2015-12-11T18:25:12.635Z",
    "assignee": "30f530c4-ce6c-4724-9cfd-37a16e787118",
    "priority": "def21673-d4ab-41a6-a37f-0c6846b96001",
    "request": "DujXLjDjfB",
    "modified": "2015-12-11T18:25:12.635Z",
    "deleted": null,
    "cc": [
      "30f530c4-ce6c-4724-9cfd-37a16e787175"
    ],
    "categories": [
      "24f530c4-ce6c-4724-9cfd-37a16e787007",
      "24f530c4-ce6c-4724-9cfd-37a16e787003",
      "24f530c4-ce6c-4724-9cfd-37a16e787001"
    ],
    "number": 36
  },
  "model": "ticket.ticket"
},
{
  "pk": "40f530c4-ce6c-4724-9cfd-37a16e787037",
  "fields": {
    "location": "1674e9cf-4ea9-4043-acbb-5545af11ed41",
    "requester": "30f530c4-ce6c-4724-9cfd-37a16e787176",
    "status": "def11673-d4ab-41a6-a37f-0c6846b96003",
    "created": "2015-12-11T18:25:12.685Z",
    "assignee": "30f530c4-ce6c-4724-9cfd-37a16e787039",
    "priority": "def21673-d4ab-41a6-a37f-0c6846b96001",
    "request": "kuJKziBvGf",
    "modified": "2015-12-11T18:25:12.685Z",
    "deleted": null,
    "cc": [
      "30f530c4-ce6c-4724-9cfd-37a16e787004"
    ],
    "categories": [
      "24f530c4-ce6c-4724-9cfd-37a16e787007",
      "24f530c4-ce6c-4724-9cfd-37a16e787003",
      "24f530c4-ce6c-4724-9cfd-37a16e787001"
    ],
    "number": 37
  },
  "model": "ticket.ticket"
},
{
  "pk": "40f530c4-ce6c-4724-9cfd-37a16e787038",
  "fields": {
    "location": "9fa58029-0dbc-4c03-ad09-512298c7f6d4",
    "requester": "30f530c4-ce6c-4724-9cfd-37a16e787013",
    "status": "def11673-d4ab-41a6-a37f-0c6846b96005",
    "created": "2015-12-11T18:25:12.736Z",
    "assignee": "30f530c4-ce6c-4724-9cfd-37a16e787083",
    "priority": "def21673-d4ab-41a6-a37f-0c6846b96001",
    "request": "ZMajbmnweD",
    "modified": "2015-12-11T18:25:12.736Z",
    "deleted": null,
    "cc": [
      "30f530c4-ce6c-4724-9cfd-37a16e787093"
    ],
    "categories": [
      "24f530c4-ce6c-4724-9cfd-37a16e787007",
      "24f530c4-ce6c-4724-9cfd-37a16e787003",
      "24f530c4-ce6c-4724-9cfd-37a16e787001"
    ],
    "number": 38
  },
  "model": "ticket.ticket"
},
{
  "pk": "40f530c4-ce6c-4724-9cfd-37a16e787039",
  "fields": {
    "location": "589145b7-a520-4954-8bb4-38d188b716b6",
    "requester": "30f530c4-ce6c-4724-9cfd-37a16e787163",
    "status": "def11673-d4ab-41a6-a37f-0c6846b96008",
    "created": "2015-12-11T18:25:12.786Z",
    "assignee": "30f530c4-ce6c-4724-9cfd-37a16e787187",
    "priority": "def21673-d4ab-41a6-a37f-0c6846b96002",
    "request": "XErvUnnnwN",
    "modified": "2015-12-11T18:25:12.786Z",
    "deleted": null,
    "cc": [
      "30f530c4-ce6c-4724-9cfd-37a16e787091"
    ],
    "categories": [
      "24f530c4-ce6c-4724-9cfd-37a16e787007",
      "24f530c4-ce6c-4724-9cfd-37a16e787003",
      "24f530c4-ce6c-4724-9cfd-37a16e787001"
    ],
    "number": 39
  },
  "model": "ticket.ticket"
},
{
  "pk": "40f530c4-ce6c-4724-9cfd-37a16e787040",
  "fields": {
    "location": "1674e9cf-4ea9-4043-acbb-5545af11ed41",
    "requester": "30f530c4-ce6c-4724-9cfd-37a16e787034",
    "status": "def11673-d4ab-41a6-a37f-0c6846b96003",
    "created": "2015-12-11T18:25:12.836Z",
    "assignee": "30f530c4-ce6c-4724-9cfd-37a16e787082",
    "priority": "def21673-d4ab-41a6-a37f-0c6846b96002",
    "request": "manuljJcsu",
    "modified": "2015-12-11T18:25:12.836Z",
    "deleted": null,
    "cc": [
      "30f530c4-ce6c-4724-9cfd-37a16e787061"
    ],
    "categories": [
      "24f530c4-ce6c-4724-9cfd-37a16e787007",
      "24f530c4-ce6c-4724-9cfd-37a16e787003",
      "24f530c4-ce6c-4724-9cfd-37a16e787001"
    ],
    "number": 40
  },
  "model": "ticket.ticket"
},
{
  "pk": "40f530c4-ce6c-4724-9cfd-37a16e787041",
  "fields": {
    "location": "a8283447-256c-4701-9dca-e85e952d31f3",
    "requester": "30f530c4-ce6c-4724-9cfd-37a16e787081",
    "status": "def11673-d4ab-41a6-a37f-0c6846b96008",
    "created": "2015-12-11T18:25:12.886Z",
    "assignee": "30f530c4-ce6c-4724-9cfd-37a16e787004",
    "priority": "def21673-d4ab-41a6-a37f-0c6846b96001",
    "request": "GeFrddqvUP",
    "modified": "2015-12-11T18:25:12.886Z",
    "deleted": null,
    "cc": [
      "30f530c4-ce6c-4724-9cfd-37a16e787099"
    ],
    "categories": [
      "24f530c4-ce6c-4724-9cfd-37a16e787007",
      "24f530c4-ce6c-4724-9cfd-37a16e787003",
      "24f530c4-ce6c-4724-9cfd-37a16e787001"
    ],
    "number": 41
  },
  "model": "ticket.ticket"
},
{
  "pk": "40f530c4-ce6c-4724-9cfd-37a16e787042",
  "fields": {
    "location": "0e75c4bb-1a11-451f-a8ef-4311df235c26",
    "requester": "30f530c4-ce6c-4724-9cfd-37a16e787075",
    "status": "def11673-d4ab-41a6-a37f-0c6846b96009",
    "created": "2015-12-11T18:25:12.936Z",
    "assignee": "30f530c4-ce6c-4724-9cfd-37a16e787061",
    "priority": "def21673-d4ab-41a6-a37f-0c6846b96002",
    "request": "KRlhvUQqaU",
    "modified": "2015-12-11T18:25:12.936Z",
    "deleted": null,
    "cc": [
      "30f530c4-ce6c-4724-9cfd-37a16e787016"
    ],
    "categories": [
      "24f530c4-ce6c-4724-9cfd-37a16e787007",
      "24f530c4-ce6c-4724-9cfd-37a16e787003",
      "24f530c4-ce6c-4724-9cfd-37a16e787001"
    ],
    "number": 42
  },
  "model": "ticket.ticket"
},
{
  "pk": "40f530c4-ce6c-4724-9cfd-37a16e787043",
  "fields": {
    "location": "0e75c4bb-1a11-451f-a8ef-4311df235c26",
    "requester": "30f530c4-ce6c-4724-9cfd-37a16e787023",
    "status": "def11673-d4ab-41a6-a37f-0c6846b96003",
    "created": "2015-12-11T18:25:12.987Z",
    "assignee": "30f530c4-ce6c-4724-9cfd-37a16e787124",
    "priority": "def21673-d4ab-41a6-a37f-0c6846b96001",
    "request": "yUJIjshrAc",
    "modified": "2015-12-11T18:25:12.987Z",
    "deleted": null,
    "cc": [
      "30f530c4-ce6c-4724-9cfd-37a16e787062"
    ],
    "categories": [
      "24f530c4-ce6c-4724-9cfd-37a16e787007",
      "24f530c4-ce6c-4724-9cfd-37a16e787003",
      "24f530c4-ce6c-4724-9cfd-37a16e787001"
    ],
    "number": 43
  },
  "model": "ticket.ticket"
},
{
  "pk": "40f530c4-ce6c-4724-9cfd-37a16e787044",
  "fields": {
    "location": "9fa58029-0dbc-4c03-ad09-512298c7f6d4",
    "requester": "30f530c4-ce6c-4724-9cfd-37a16e787137",
    "status": "def11673-d4ab-41a6-a37f-0c6846b96004",
    "created": "2015-12-11T18:25:13.037Z",
    "assignee": "30f530c4-ce6c-4724-9cfd-37a16e787054",
    "priority": "def21673-d4ab-41a6-a37f-0c6846b96004",
    "request": "IEXPFfymGC",
    "modified": "2015-12-11T18:25:13.037Z",
    "deleted": null,
    "cc": [
      "30f530c4-ce6c-4724-9cfd-37a16e787147"
    ],
    "categories": [
      "24f530c4-ce6c-4724-9cfd-37a16e787007",
      "24f530c4-ce6c-4724-9cfd-37a16e787003",
      "24f530c4-ce6c-4724-9cfd-37a16e787001"
    ],
    "number": 44
  },
  "model": "ticket.ticket"
},
{
  "pk": "40f530c4-ce6c-4724-9cfd-37a16e787045",
  "fields": {
    "location": "0e75c4bb-1a11-451f-a8ef-4311df235c26",
    "requester": "30f530c4-ce6c-4724-9cfd-37a16e787043",
    "status": "def11673-d4ab-41a6-a37f-0c6846b96004",
    "created": "2015-12-11T18:25:13.087Z",
    "assignee": "30f530c4-ce6c-4724-9cfd-37a16e787066",
    "priority": "def21673-d4ab-41a6-a37f-0c6846b96004",
    "request": "DnkMOXtISd",
    "modified": "2015-12-11T18:25:13.087Z",
    "deleted": null,
    "cc": [
      "30f530c4-ce6c-4724-9cfd-37a16e787100"
    ],
    "categories": [
      "24f530c4-ce6c-4724-9cfd-37a16e787007",
      "24f530c4-ce6c-4724-9cfd-37a16e787003",
      "24f530c4-ce6c-4724-9cfd-37a16e787001"
    ],
    "number": 45
  },
  "model": "ticket.ticket"
},
{
  "pk": "40f530c4-ce6c-4724-9cfd-37a16e787046",
  "fields": {
    "location": "f09e3733-699e-423d-8948-9a98aaf1951c",
    "requester": "30f530c4-ce6c-4724-9cfd-37a16e787125",
    "status": "def11673-d4ab-41a6-a37f-0c6846b96006",
    "created": "2015-12-11T18:25:13.138Z",
    "assignee": "30f530c4-ce6c-4724-9cfd-37a16e787186",
    "priority": "def21673-d4ab-41a6-a37f-0c6846b96002",
    "request": "RIOYyKJjGE",
    "modified": "2015-12-11T18:25:13.138Z",
    "deleted": null,
    "cc": [
      "30f530c4-ce6c-4724-9cfd-37a16e787141"
    ],
    "categories": [
      "24f530c4-ce6c-4724-9cfd-37a16e787007",
      "24f530c4-ce6c-4724-9cfd-37a16e787003",
      "24f530c4-ce6c-4724-9cfd-37a16e787001"
    ],
    "number": 46
  },
  "model": "ticket.ticket"
},
{
  "pk": "40f530c4-ce6c-4724-9cfd-37a16e787047",
  "fields": {
    "location": "107dcfd8-92d4-4b1c-8268-c64c935e7fcc",
    "requester": "30f530c4-ce6c-4724-9cfd-37a16e787093",
    "status": "def11673-d4ab-41a6-a37f-0c6846b96006",
    "created": "2015-12-11T18:25:13.188Z",
    "assignee": "30f530c4-ce6c-4724-9cfd-37a16e787105",
    "priority": "def21673-d4ab-41a6-a37f-0c6846b96002",
    "request": "ZpEjXLfeaU",
    "modified": "2015-12-11T18:25:13.188Z",
    "deleted": null,
    "cc": [
      "30f530c4-ce6c-4724-9cfd-37a16e787079"
    ],
    "categories": [
      "24f530c4-ce6c-4724-9cfd-37a16e787007",
      "24f530c4-ce6c-4724-9cfd-37a16e787003",
      "24f530c4-ce6c-4724-9cfd-37a16e787001"
    ],
    "number": 47
  },
  "model": "ticket.ticket"
},
{
  "pk": "40f530c4-ce6c-4724-9cfd-37a16e787048",
  "fields": {
    "location": "a8283447-256c-4701-9dca-e85e952d31f3",
    "requester": "30f530c4-ce6c-4724-9cfd-37a16e787175",
    "status": "def11673-d4ab-41a6-a37f-0c6846b96003",
    "created": "2015-12-11T18:25:13.238Z",
    "assignee": "30f530c4-ce6c-4724-9cfd-37a16e787060",
    "priority": "def21673-d4ab-41a6-a37f-0c6846b96004",
    "request": "TvzryDMTKo",
    "modified": "2015-12-11T18:25:13.238Z",
    "deleted": null,
    "cc": [
      "30f530c4-ce6c-4724-9cfd-37a16e787018"
    ],
    "categories": [
      "24f530c4-ce6c-4724-9cfd-37a16e787007",
      "24f530c4-ce6c-4724-9cfd-37a16e787003",
      "24f530c4-ce6c-4724-9cfd-37a16e787001"
    ],
    "number": 48
  },
  "model": "ticket.ticket"
},
{
  "pk": "40f530c4-ce6c-4724-9cfd-37a16e787049",
  "fields": {
    "location": "f09e3733-699e-423d-8948-9a98aaf1951c",
    "requester": "30f530c4-ce6c-4724-9cfd-37a16e787042",
    "status": "def11673-d4ab-41a6-a37f-0c6846b96003",
    "created": "2015-12-11T18:25:13.288Z",
    "assignee": "30f530c4-ce6c-4724-9cfd-37a16e787105",
    "priority": "def21673-d4ab-41a6-a37f-0c6846b96004",
    "request": "zQwNOTGwtf",
    "modified": "2015-12-11T18:25:13.288Z",
    "deleted": null,
    "cc": [
      "30f530c4-ce6c-4724-9cfd-37a16e787048"
    ],
    "categories": [
      "24f530c4-ce6c-4724-9cfd-37a16e787007",
      "24f530c4-ce6c-4724-9cfd-37a16e787003",
      "24f530c4-ce6c-4724-9cfd-37a16e787001"
    ],
    "number": 49
  },
  "model": "ticket.ticket"
},
{
  "pk": "40f530c4-ce6c-4724-9cfd-37a16e787050",
  "fields": {
    "location": "9fa58029-0dbc-4c03-ad09-512298c7f6d4",
    "requester": "30f530c4-ce6c-4724-9cfd-37a16e787077",
    "status": "def11673-d4ab-41a6-a37f-0c6846b96006",
    "created": "2015-12-11T18:25:13.338Z",
    "assignee": "30f530c4-ce6c-4724-9cfd-37a16e787186",
    "priority": "def21673-d4ab-41a6-a37f-0c6846b96001",
    "request": "kGBqyuzaWp",
    "modified": "2015-12-11T18:25:13.338Z",
    "deleted": null,
    "cc": [
      "30f530c4-ce6c-4724-9cfd-37a16e787013"
    ],
    "categories": [
      "24f530c4-ce6c-4724-9cfd-37a16e787007",
      "24f530c4-ce6c-4724-9cfd-37a16e787003",
      "24f530c4-ce6c-4724-9cfd-37a16e787001"
    ],
    "number": 50
  },
  "model": "ticket.ticket"
},
{
  "pk": "40f530c4-ce6c-4724-9cfd-37a16e787051",
  "fields": {
    "location": "dddd7e16-f57a-424f-847f-8bb938b43d0b",
    "requester": "30f530c4-ce6c-4724-9cfd-37a16e787028",
    "status": "def11673-d4ab-41a6-a37f-0c6846b96002",
    "created": "2015-12-11T18:25:13.389Z",
    "assignee": "30f530c4-ce6c-4724-9cfd-37a16e787092",
    "priority": "def21673-d4ab-41a6-a37f-0c6846b96004",
    "request": "ZriWjGjlJM",
    "modified": "2015-12-11T18:25:13.389Z",
    "deleted": null,
    "cc": [
      "30f530c4-ce6c-4724-9cfd-37a16e787180"
    ],
    "categories": [
      "24f530c4-ce6c-4724-9cfd-37a16e787007",
      "24f530c4-ce6c-4724-9cfd-37a16e787003",
      "24f530c4-ce6c-4724-9cfd-37a16e787001"
    ],
    "number": 51
  },
  "model": "ticket.ticket"
}
]
