[
{
  "fields": {
    "modified": "2015-11-17T23:49:23.742Z",
    "name": "ticket.status.unsatisfactory_completion",
    "deleted": null,
    "created": "2015-11-17T23:49:23.742Z"
  },
  "model": "ticket.ticketstatus",
  "pk": "654cfbb8-a78a-4f3c-a432-4b2ba950d5b3"
},
{
  "fields": {
    "modified": "2015-11-17T23:49:23.734Z",
    "name": "ticket.status.problem_solved",
    "deleted": null,
    "created": "2015-11-17T23:49:23.734Z"
  },
  "model": "ticket.ticketstatus",
  "pk": "97d122fe-67b1-482d-9495-982551c3c4af"
},
{
  "fields": {
    "modified": "2015-11-17T23:49:23.739Z",
    "name": "ticket.status.new",
    "deleted": null,
    "created": "2015-11-17T23:49:23.739Z"
  },
  "model": "ticket.ticketstatus",
  "pk": "cc9fb23a-c372-4911-95af-5f7afc2e49ce"
},
{
  "fields": {
    "modified": "2015-11-17T23:49:23.736Z",
    "name": "ticket.status.complete",
    "deleted": null,
    "created": "2015-11-17T23:49:23.736Z"
  },
  "model": "ticket.ticketstatus",
  "pk": "def21673-d4ab-41a6-a37f-0c6846b96971"
},
{
  "fields": {
    "modified": "2015-11-17T23:49:23.727Z",
    "name": "ticket.status.draft",
    "deleted": null,
    "created": "2015-11-17T23:49:23.727Z"
  },
  "model": "ticket.ticketstatus",
  "pk": "df2b3464-946b-4aac-b506-e9449e01101e"
},
{
  "fields": {
    "modified": "2015-11-17T23:49:23.738Z",
    "name": "ticket.status.deferred",
    "deleted": null,
    "created": "2015-11-17T23:49:23.737Z"
  },
  "model": "ticket.ticketstatus",
  "pk": "e00c73e6-3196-4c5c-99a3-9bfd5cb8e99d"
},
{
  "fields": {
    "modified": "2015-11-17T23:49:23.732Z",
    "name": "ticket.status.denied",
    "deleted": null,
    "created": "2015-11-17T23:49:23.732Z"
  },
  "model": "ticket.ticketstatus",
  "pk": "ef22b75c-f045-4ddc-bc7b-aa55c1e1995e"
},
{
  "fields": {
    "modified": "2015-11-17T23:49:23.741Z",
    "name": "ticket.status.in_progress",
    "deleted": null,
    "created": "2015-11-17T23:49:23.741Z"
  },
  "model": "ticket.ticketstatus",
  "pk": "f151db78-b6cf-4a56-8c38-0d4967b467e9"
},
{
  "fields": {
    "modified": "2015-11-17T23:49:23.744Z",
    "name": "ticket.priority.medium",
    "deleted": null,
    "created": "2015-11-17T23:49:23.744Z"
  },
  "model": "ticket.ticketpriority",
  "pk": "052cdd8f-2f12-4519-a0d9-1fecef41e8ea"
},
{
  "fields": {
    "modified": "2015-11-17T23:49:23.746Z",
    "name": "ticket.priority.low",
    "deleted": null,
    "created": "2015-11-17T23:49:23.746Z"
  },
  "model": "ticket.ticketpriority",
  "pk": "669d4bcb-96e5-4391-9582-89b5ffa19763"
},
{
  "fields": {
    "modified": "2015-11-20T00:48:54.469Z",
    "name": "ticket.priority.new",
    "deleted": null,
    "created": "2015-11-20T00:48:54.469Z"
  },
  "model": "ticket.ticketpriority",
  "pk": "7044c4cf-4ca2-4a0d-a901-7594a2652ea2"
},
{
  "fields": {
    "modified": "2015-11-17T23:49:23.749Z",
    "name": "ticket.priority.emergency",
    "deleted": null,
    "created": "2015-11-17T23:49:23.749Z"
  },
  "model": "ticket.ticketpriority",
  "pk": "81f29b2c-9ed4-4620-baeb-53cfcd9210a9"
},
{
  "fields": {
    "modified": "2015-11-17T23:49:23.747Z",
    "name": "ticket.priority.high",
    "deleted": null,
    "created": "2015-11-17T23:49:23.747Z"
  },
  "model": "ticket.ticketpriority",
  "pk": "ae7eb416-d2cb-4414-8c38-56348b88948d"
},
{
  "fields": {
    "priority": "81f29b2c-9ed4-4620-baeb-53cfcd9210a9",
    "assignee": "30f530c4-ce6c-4724-9cfd-37a16e787172",
    "status": "f151db78-b6cf-4a56-8c38-0d4967b467e9",
    "modified": "2015-11-17T23:49:23.763Z",
    "categories": [
      "24f530c4-ce6c-4724-9cfd-37a16e787006",
      "24f530c4-ce6c-4724-9cfd-37a16e787003",
      "24f530c4-ce6c-4724-9cfd-37a16e787001"
    ],
    "created": "2015-11-17T23:49:23.763Z",
    "location": "51c5df66-0afb-4f61-9219-96e4ddcd109a",
    "deleted": null,
    "request": "bbtgKAvnIF",
    "requester": "30f530c4-ce6c-4724-9cfd-37a16e787061",
    "cc": [
      "30f530c4-ce6c-4724-9cfd-37a16e787070"
    ],
    "number": 1
  },
  "model": "ticket.ticket",
  "pk": "40f530c4-ce6c-4724-9cfd-37a16e787001"
},
{
  "fields": {
    "priority": "ae7eb416-d2cb-4414-8c38-56348b88948d",
    "assignee": "30f530c4-ce6c-4724-9cfd-37a16e787068",
    "status": "ef22b75c-f045-4ddc-bc7b-aa55c1e1995e",
    "modified": "2015-11-17T23:49:23.808Z",
    "categories": [
      "24f530c4-ce6c-4724-9cfd-37a16e787006",
      "24f530c4-ce6c-4724-9cfd-37a16e787003",
      "24f530c4-ce6c-4724-9cfd-37a16e787001"
    ],
    "created": "2015-11-17T23:49:23.808Z",
    "location": "6b01553c-fc44-4633-accd-5c7dc517521d",
    "deleted": null,
    "request": "kJoXnrNUAg",
    "requester": "30f530c4-ce6c-4724-9cfd-37a16e787168",
    "cc": [
      "30f530c4-ce6c-4724-9cfd-37a16e787039"
    ],
    "number": 2
  },
  "model": "ticket.ticket",
  "pk": "40f530c4-ce6c-4724-9cfd-37a16e787002"
},
{
  "fields": {
    "priority": "669d4bcb-96e5-4391-9582-89b5ffa19763",
    "assignee": "30f530c4-ce6c-4724-9cfd-37a16e787179",
    "status": "df2b3464-946b-4aac-b506-e9449e01101e",
    "modified": "2015-11-17T23:49:23.849Z",
    "categories": [
      "24f530c4-ce6c-4724-9cfd-37a16e787006",
      "24f530c4-ce6c-4724-9cfd-37a16e787003",
      "24f530c4-ce6c-4724-9cfd-37a16e787001"
    ],
    "created": "2015-11-17T23:49:23.849Z",
    "location": "eb81b549-5cd8-4e77-8b5f-e5a519a8fd1e",
    "deleted": null,
    "request": "NPLWhwmalI",
    "requester": "30f530c4-ce6c-4724-9cfd-37a16e787055",
    "cc": [
      "30f530c4-ce6c-4724-9cfd-37a16e787155"
    ],
    "number": 3
  },
  "model": "ticket.ticket",
  "pk": "40f530c4-ce6c-4724-9cfd-37a16e787003"
},
{
  "fields": {
    "priority": "ae7eb416-d2cb-4414-8c38-56348b88948d",
    "assignee": "30f530c4-ce6c-4724-9cfd-37a16e787170",
    "status": "ef22b75c-f045-4ddc-bc7b-aa55c1e1995e",
    "modified": "2015-11-17T23:49:23.893Z",
    "categories": [
      "24f530c4-ce6c-4724-9cfd-37a16e787006",
      "24f530c4-ce6c-4724-9cfd-37a16e787003",
      "24f530c4-ce6c-4724-9cfd-37a16e787001"
    ],
    "created": "2015-11-17T23:49:23.893Z",
    "location": "4666d475-ecf2-43a3-b322-737cf3e91f38",
    "deleted": null,
    "request": "pvRNqMXZZL",
    "requester": "30f530c4-ce6c-4724-9cfd-37a16e787096",
    "cc": [
      "30f530c4-ce6c-4724-9cfd-37a16e787010"
    ],
    "number": 4
  },
  "model": "ticket.ticket",
  "pk": "40f530c4-ce6c-4724-9cfd-37a16e787004"
},
{
  "fields": {
    "priority": "81f29b2c-9ed4-4620-baeb-53cfcd9210a9",
    "assignee": "30f530c4-ce6c-4724-9cfd-37a16e787115",
    "status": "654cfbb8-a78a-4f3c-a432-4b2ba950d5b3",
    "modified": "2015-11-17T23:49:23.932Z",
    "categories": [
      "24f530c4-ce6c-4724-9cfd-37a16e787006",
      "24f530c4-ce6c-4724-9cfd-37a16e787003",
      "24f530c4-ce6c-4724-9cfd-37a16e787001"
    ],
    "created": "2015-11-17T23:49:23.932Z",
    "location": "67d81fbb-a41b-4e67-9daa-595e0b8fb5ed",
    "deleted": null,
    "request": "sEbvElUNtL",
    "requester": "30f530c4-ce6c-4724-9cfd-37a16e787015",
    "cc": [
      "30f530c4-ce6c-4724-9cfd-37a16e787133"
    ],
    "number": 5
  },
  "model": "ticket.ticket",
  "pk": "40f530c4-ce6c-4724-9cfd-37a16e787005"
},
{
  "fields": {
    "priority": "81f29b2c-9ed4-4620-baeb-53cfcd9210a9",
    "assignee": "30f530c4-ce6c-4724-9cfd-37a16e787018",
    "status": "f151db78-b6cf-4a56-8c38-0d4967b467e9",
    "modified": "2015-11-17T23:49:23.973Z",
    "categories": [
      "24f530c4-ce6c-4724-9cfd-37a16e787006",
      "24f530c4-ce6c-4724-9cfd-37a16e787003",
      "24f530c4-ce6c-4724-9cfd-37a16e787001"
    ],
    "created": "2015-11-17T23:49:23.973Z",
    "location": "1939587f-2416-48b1-8848-b0ccc5d0f800",
    "deleted": null,
    "request": "AcWurXxhiO",
    "requester": "30f530c4-ce6c-4724-9cfd-37a16e787081",
    "cc": [
      "30f530c4-ce6c-4724-9cfd-37a16e787027"
    ],
    "number": 6
  },
  "model": "ticket.ticket",
  "pk": "40f530c4-ce6c-4724-9cfd-37a16e787006"
},
{
  "fields": {
    "priority": "81f29b2c-9ed4-4620-baeb-53cfcd9210a9",
    "assignee": "30f530c4-ce6c-4724-9cfd-37a16e787079",
    "status": "654cfbb8-a78a-4f3c-a432-4b2ba950d5b3",
    "modified": "2015-11-17T23:49:24.014Z",
    "categories": [
      "24f530c4-ce6c-4724-9cfd-37a16e787006",
      "24f530c4-ce6c-4724-9cfd-37a16e787003",
      "24f530c4-ce6c-4724-9cfd-37a16e787001"
    ],
    "created": "2015-11-17T23:49:24.014Z",
    "location": "278fc38c-8f8c-4b17-b185-ed6566d4c34d",
    "deleted": null,
    "request": "sPxrMnYFYt",
    "requester": "30f530c4-ce6c-4724-9cfd-37a16e787077",
    "cc": [
      "30f530c4-ce6c-4724-9cfd-37a16e787168"
    ],
    "number": 7
  },
  "model": "ticket.ticket",
  "pk": "40f530c4-ce6c-4724-9cfd-37a16e787007"
},
{
  "fields": {
    "priority": "669d4bcb-96e5-4391-9582-89b5ffa19763",
    "assignee": "30f530c4-ce6c-4724-9cfd-37a16e787021",
    "status": "ef22b75c-f045-4ddc-bc7b-aa55c1e1995e",
    "modified": "2015-11-17T23:49:24.054Z",
    "categories": [
      "24f530c4-ce6c-4724-9cfd-37a16e787006",
      "24f530c4-ce6c-4724-9cfd-37a16e787003",
      "24f530c4-ce6c-4724-9cfd-37a16e787001"
    ],
    "created": "2015-11-17T23:49:24.054Z",
    "location": "4666d475-ecf2-43a3-b322-737cf3e91f38",
    "deleted": null,
    "request": "xWcfSxyCxn",
    "requester": "30f530c4-ce6c-4724-9cfd-37a16e787012",
    "cc": [
      "30f530c4-ce6c-4724-9cfd-37a16e787165"
    ],
    "number": 8
  },
  "model": "ticket.ticket",
  "pk": "40f530c4-ce6c-4724-9cfd-37a16e787008"
},
{
  "fields": {
    "priority": "ae7eb416-d2cb-4414-8c38-56348b88948d",
    "assignee": "30f530c4-ce6c-4724-9cfd-37a16e787077",
    "status": "f151db78-b6cf-4a56-8c38-0d4967b467e9",
    "modified": "2015-11-17T23:49:24.093Z",
    "categories": [
      "24f530c4-ce6c-4724-9cfd-37a16e787006",
      "24f530c4-ce6c-4724-9cfd-37a16e787003",
      "24f530c4-ce6c-4724-9cfd-37a16e787001"
    ],
    "created": "2015-11-17T23:49:24.093Z",
    "location": "fc4f3929-320d-4b54-a166-bd8f981a541d",
    "deleted": null,
    "request": "rApZAuOJOV",
    "requester": "30f530c4-ce6c-4724-9cfd-37a16e787152",
    "cc": [
      "30f530c4-ce6c-4724-9cfd-37a16e787076"
    ],
    "number": 9
  },
  "model": "ticket.ticket",
  "pk": "40f530c4-ce6c-4724-9cfd-37a16e787009"
},
{
  "fields": {
    "priority": "ae7eb416-d2cb-4414-8c38-56348b88948d",
    "assignee": "30f530c4-ce6c-4724-9cfd-37a16e787133",
    "status": "df2b3464-946b-4aac-b506-e9449e01101e",
    "modified": "2015-11-17T23:49:24.132Z",
    "categories": [
      "24f530c4-ce6c-4724-9cfd-37a16e787006",
      "24f530c4-ce6c-4724-9cfd-37a16e787003",
      "24f530c4-ce6c-4724-9cfd-37a16e787001"
    ],
    "created": "2015-11-17T23:49:24.132Z",
    "location": "93eb665f-a5a9-4a73-85fc-949d2f4ebbda",
    "deleted": null,
    "request": "IJmbBLTHMr",
    "requester": "30f530c4-ce6c-4724-9cfd-37a16e787046",
    "cc": [
      "30f530c4-ce6c-4724-9cfd-37a16e787002"
    ],
    "number": 10
  },
  "model": "ticket.ticket",
  "pk": "40f530c4-ce6c-4724-9cfd-37a16e787010"
},
{
  "fields": {
    "priority": "ae7eb416-d2cb-4414-8c38-56348b88948d",
    "assignee": "30f530c4-ce6c-4724-9cfd-37a16e787051",
    "status": "f151db78-b6cf-4a56-8c38-0d4967b467e9",
    "modified": "2015-11-17T23:49:24.172Z",
    "categories": [
      "24f530c4-ce6c-4724-9cfd-37a16e787006",
      "24f530c4-ce6c-4724-9cfd-37a16e787003",
      "24f530c4-ce6c-4724-9cfd-37a16e787001"
    ],
    "created": "2015-11-17T23:49:24.172Z",
    "location": "fc4f3929-320d-4b54-a166-bd8f981a541d",
    "deleted": null,
    "request": "isqIkDBmpU",
    "requester": "30f530c4-ce6c-4724-9cfd-37a16e787132",
    "cc": [
      "30f530c4-ce6c-4724-9cfd-37a16e787031"
    ],
    "number": 11
  },
  "model": "ticket.ticket",
  "pk": "40f530c4-ce6c-4724-9cfd-37a16e787011"
},
{
  "fields": {
    "weight": 1,
    "modified": "2015-11-20T00:48:53.363Z",
    "name": "categories",
    "deleted": null,
    "created": "2015-11-20T00:48:53.363Z"
  },
  "model": "ticket.ticketactivitytype",
  "pk": "4d3ccfb3-1f18-43d2-940d-9b683ee1db67"
},
{
  "fields": {
    "weight": 1,
    "modified": "2015-11-20T00:48:53.354Z",
    "name": "assignee",
    "deleted": null,
    "created": "2015-11-20T00:48:53.354Z"
  },
  "model": "ticket.ticketactivitytype",
  "pk": "53e3447d-759c-4bbd-8a63-85f8211f549e"
},
{
  "fields": {
    "weight": 1,
    "modified": "2015-11-20T00:48:53.360Z",
    "name": "status",
    "deleted": null,
    "created": "2015-11-20T00:48:53.360Z"
  },
  "model": "ticket.ticketactivitytype",
  "pk": "64e61f6c-1b22-408f-bb4d-1f27cd58ff36"
},
{
  "fields": {
    "weight": 1,
    "modified": "2015-11-20T00:48:53.356Z",
    "name": "cc_add",
    "deleted": null,
    "created": "2015-11-20T00:48:53.356Z"
  },
  "model": "ticket.ticketactivitytype",
  "pk": "735c1970-7547-4094-af8e-340d46745ebc"
},
{
  "fields": {
    "weight": 1,
    "modified": "2015-11-20T00:48:52.973Z",
    "name": "create",
    "deleted": null,
    "created": "2015-11-20T00:48:52.973Z"
  },
  "model": "ticket.ticketactivitytype",
  "pk": "d7a00f90-dcd0-403e-8fd1-e2cb847ac173"
},
{
  "fields": {
    "weight": 1,
    "modified": "2015-11-20T00:48:53.362Z",
    "name": "priority",
    "deleted": null,
    "created": "2015-11-20T00:48:53.362Z"
  },
  "model": "ticket.ticketactivitytype",
  "pk": "e0a260b7-f849-4ee3-9ae9-9e55f5d9b58e"
},
{
  "fields": {
    "weight": 1,
    "modified": "2015-11-20T00:48:53.358Z",
    "name": "cc_remove",
    "deleted": null,
    "created": "2015-11-20T00:48:53.358Z"
  },
  "model": "ticket.ticketactivitytype",
  "pk": "e4d059cd-e8c8-453f-a705-1823ed89d172"
},
{
  "fields": {
    "weight": 1,
    "modified": "2015-11-20T00:48:53.365Z",
    "name": "comment",
    "deleted": null,
    "created": "2015-11-20T00:48:53.365Z"
  },
  "model": "ticket.ticketactivitytype",
  "pk": "f711f5c9-7635-4d93-948a-5d49584c5884"
},
{
  "fields": {
    "ticket": "40f530c4-ce6c-4724-9cfd-37a16e787001",
    "content": "{\"0\": \"30f530c4-ce6c-4724-9cfd-37a16e787110\"}",
    "type": "735c1970-7547-4094-af8e-340d46745ebc",
    "person": "30f530c4-ce6c-4724-9cfd-37a16e787061",
    "created": "2015-11-20T00:48:53.751Z"
  },
  "model": "ticket.ticketactivity",
  "pk": "364a2b00-4bfc-45d0-87bf-e09a64b4333d"
},
{
  "fields": {
    "ticket": "40f530c4-ce6c-4724-9cfd-37a16e787001",
    "content": "{\"to_0\": \"24f530c4-ce6c-4724-9cfd-37a16e787008\", \"from_0\": \"24f530c4-ce6c-4724-9cfd-37a16e787006\"}",
    "type": "4d3ccfb3-1f18-43d2-940d-9b683ee1db67",
    "person": "30f530c4-ce6c-4724-9cfd-37a16e787061",
    "created": "2015-11-20T00:48:54.859Z"
  },
  "model": "ticket.ticketactivity",
  "pk": "656faea4-8341-4bdf-a2f2-4ff1f160d76a"
},
{
  "fields": {
    "ticket": "40f530c4-ce6c-4724-9cfd-37a16e787001",
    "content": "{\"comment\": \"with comment\"}",
    "type": "f711f5c9-7635-4d93-948a-5d49584c5884",
    "person": "30f530c4-ce6c-4724-9cfd-37a16e787061",
    "created": "2015-11-20T00:48:55.044Z"
  },
  "model": "ticket.ticketactivity",
  "pk": "73527257-434e-413b-bcce-5f7ef810a779"
},
{
  "fields": {
    "ticket": "40f530c4-ce6c-4724-9cfd-37a16e787001",
    "content": "{\"to\": \"cc9fb23a-c372-4911-95af-5f7afc2e49ce\", \"from\": \"f151db78-b6cf-4a56-8c38-0d4967b467e9\"}",
    "type": "64e61f6c-1b22-408f-bb4d-1f27cd58ff36",
    "person": "30f530c4-ce6c-4724-9cfd-37a16e787061",
    "created": "2015-11-20T00:48:54.281Z"
  },
  "model": "ticket.ticketactivity",
  "pk": "76cf627e-e5cf-4fa9-bacb-446745cc1a31"
},
{
  "fields": {
    "ticket": "40f530c4-ce6c-4724-9cfd-37a16e787001",
    "content": "{\"to\": \"30f530c4-ce6c-4724-9cfd-37a16e787061\", \"from\": \"30f530c4-ce6c-4724-9cfd-37a16e787059\"}",
    "type": "53e3447d-759c-4bbd-8a63-85f8211f549e",
    "person": "30f530c4-ce6c-4724-9cfd-37a16e787061",
    "created": "2015-11-20T00:48:53.563Z"
  },
  "model": "ticket.ticketactivity",
  "pk": "b02f1d88-5e97-42fb-a7ea-3376b4efff10"
},
{
  "fields": {
    "ticket": "40f530c4-ce6c-4724-9cfd-37a16e787001",
    "content": "{\"to\": \"7044c4cf-4ca2-4a0d-a901-7594a2652ea2\", \"from\": \"81f29b2c-9ed4-4620-baeb-53cfcd9210a9\"}",
    "type": "e0a260b7-f849-4ee3-9ae9-9e55f5d9b58e",
    "person": "30f530c4-ce6c-4724-9cfd-37a16e787061",
    "created": "2015-11-20T00:48:54.473Z"
  },
  "model": "ticket.ticketactivity",
  "pk": "be5ac137-2482-488f-9338-b3489f9bd691"
},
{
  "fields": {
    "ticket": "40f530c4-ce6c-4724-9cfd-37a16e787001",
    "content": null,
    "type": "d7a00f90-dcd0-403e-8fd1-e2cb847ac173",
    "person": "30f530c4-ce6c-4724-9cfd-37a16e787061",
    "created": "2015-11-20T00:48:52.979Z"
  },
  "model": "ticket.ticketactivity",
  "pk": "e8a58cf4-f963-4898-ad04-41ad0a16d702"
},
{
  "fields": {
    "ticket": "40f530c4-ce6c-4724-9cfd-37a16e787001",
    "content": "{\"0\": \"30f530c4-ce6c-4724-9cfd-37a16e787088\"}",
    "type": "e4d059cd-e8c8-453f-a705-1823ed89d172",
    "person": "30f530c4-ce6c-4724-9cfd-37a16e787061",
    "created": "2015-11-20T00:48:53.911Z"
  },
  "model": "ticket.ticketactivity",
  "pk": "f73899a9-37ea-4a72-97bb-682b2bcc174c"
}
]
