[
{
  "pk": "def11673-d4ab-41a6-a37f-0c6846b96001",
  "model": "ticket.ticketstatus",
  "fields": {
    "modified": "2015-12-10T19:03:39.855Z",
    "created": "2015-12-10T19:03:39.855Z",
    "deleted": null,
    "name": "ticket.status.draft"
  }
},
{
  "pk": "def11673-d4ab-41a6-a37f-0c6846b96002",
  "model": "ticket.ticketstatus",
  "fields": {
    "modified": "2015-12-10T19:03:39.858Z",
    "created": "2015-12-10T19:03:39.858Z",
    "deleted": null,
    "name": "ticket.status.new"
  }
},
{
  "pk": "def11673-d4ab-41a6-a37f-0c6846b96003",
  "model": "ticket.ticketstatus",
  "fields": {
    "modified": "2015-12-10T19:03:39.860Z",
    "created": "2015-12-10T19:03:39.860Z",
    "deleted": null,
    "name": "ticket.status.in_progress"
  }
},
{
  "pk": "def11673-d4ab-41a6-a37f-0c6846b96004",
  "model": "ticket.ticketstatus",
  "fields": {
    "modified": "2015-12-10T19:03:39.862Z",
    "created": "2015-12-10T19:03:39.862Z",
    "deleted": null,
    "name": "ticket.status.deferred"
  }
},
{
  "pk": "def11673-d4ab-41a6-a37f-0c6846b96005",
  "model": "ticket.ticketstatus",
  "fields": {
    "modified": "2015-12-10T19:03:39.864Z",
    "created": "2015-12-10T19:03:39.864Z",
    "deleted": null,
    "name": "ticket.status.denied"
  }
},
{
  "pk": "def11673-d4ab-41a6-a37f-0c6846b96006",
  "model": "ticket.ticketstatus",
  "fields": {
    "modified": "2015-12-10T19:03:39.866Z",
    "created": "2015-12-10T19:03:39.866Z",
    "deleted": null,
    "name": "ticket.status.problem_solved"
  }
},
{
  "pk": "def11673-d4ab-41a6-a37f-0c6846b96007",
  "model": "ticket.ticketstatus",
  "fields": {
    "modified": "2015-12-10T19:03:39.868Z",
    "created": "2015-12-10T19:03:39.868Z",
    "deleted": null,
    "name": "ticket.status.completed"
  }
},
{
  "pk": "def11673-d4ab-41a6-a37f-0c6846b96008",
  "model": "ticket.ticketstatus",
  "fields": {
    "modified": "2015-12-10T19:03:39.870Z",
    "created": "2015-12-10T19:03:39.870Z",
    "deleted": null,
    "name": "ticket.status.closed"
  }
},
{
  "pk": "def11673-d4ab-41a6-a37f-0c6846b96009",
  "model": "ticket.ticketstatus",
  "fields": {
    "modified": "2015-12-10T19:03:39.872Z",
    "created": "2015-12-10T19:03:39.872Z",
    "deleted": null,
    "name": "ticket.status.unsatisfactory_completion"
  }
},
{
  "pk": "def21673-d4ab-41a6-a37f-0c6846b96001",
  "model": "ticket.ticketpriority",
  "fields": {
    "modified": "2015-12-10T19:03:39.875Z",
    "created": "2015-12-10T19:03:39.875Z",
    "deleted": null,
    "name": "ticket.priority.emergency"
  }
},
{
  "pk": "def21673-d4ab-41a6-a37f-0c6846b96002",
  "model": "ticket.ticketpriority",
  "fields": {
    "modified": "2015-12-10T19:03:39.877Z",
    "created": "2015-12-10T19:03:39.877Z",
    "deleted": null,
    "name": "ticket.priority.high"
  }
},
{
  "pk": "def21673-d4ab-41a6-a37f-0c6846b96003",
  "model": "ticket.ticketpriority",
  "fields": {
    "modified": "2015-12-10T19:03:39.879Z",
    "created": "2015-12-10T19:03:39.879Z",
    "deleted": null,
    "name": "ticket.priority.medium"
  }
},
{
  "pk": "def21673-d4ab-41a6-a37f-0c6846b96004",
  "model": "ticket.ticketpriority",
  "fields": {
    "modified": "2015-12-10T19:03:39.881Z",
    "created": "2015-12-10T19:03:39.881Z",
    "deleted": null,
    "name": "ticket.priority.low"
  }
},
{
  "pk": "40f530c4-ce6c-4724-9cfd-37a16e787001",
  "model": "ticket.ticket",
  "fields": {
    "status": "def11673-d4ab-41a6-a37f-0c6846b96003",
    "categories": [
      "24f530c4-ce6c-4724-9cfd-37a16e787007",
      "24f530c4-ce6c-4724-9cfd-37a16e787003",
      "24f530c4-ce6c-4724-9cfd-37a16e787001"
    ],
    "cc": [
      "30f530c4-ce6c-4724-9cfd-37a16e787171"
    ],
    "priority": "def21673-d4ab-41a6-a37f-0c6846b96002",
    "requester": "30f530c4-ce6c-4724-9cfd-37a16e787064",
    "number": 1,
    "assignee": "30f530c4-ce6c-4724-9cfd-37a16e787031",
    "request": "sZieiNqCiu",
    "location": "8b2ba31b-8595-481c-bd40-0a85143b4874",
    "deleted": null,
    "modified": "2015-12-10T19:03:39.897Z",
    "created": "2015-12-10T19:03:39.897Z"
  }
},
{
  "pk": "40f530c4-ce6c-4724-9cfd-37a16e787002",
  "model": "ticket.ticket",
  "fields": {
    "status": "def11673-d4ab-41a6-a37f-0c6846b96005",
    "categories": [
      "24f530c4-ce6c-4724-9cfd-37a16e787007",
      "24f530c4-ce6c-4724-9cfd-37a16e787003",
      "24f530c4-ce6c-4724-9cfd-37a16e787001"
    ],
    "cc": [
      "30f530c4-ce6c-4724-9cfd-37a16e787085"
    ],
    "priority": "def21673-d4ab-41a6-a37f-0c6846b96004",
    "requester": "30f530c4-ce6c-4724-9cfd-37a16e787050",
    "number": 2,
    "assignee": "30f530c4-ce6c-4724-9cfd-37a16e787165",
    "request": "xzllNtvvWL",
    "location": "062dbf6e-7fb3-4564-828b-a457ea2522c3",
    "deleted": null,
    "modified": "2015-12-10T19:03:39.950Z",
    "created": "2015-12-10T19:03:39.950Z"
  }
},
{
  "pk": "40f530c4-ce6c-4724-9cfd-37a16e787003",
  "model": "ticket.ticket",
  "fields": {
    "status": "def11673-d4ab-41a6-a37f-0c6846b96005",
    "categories": [
      "24f530c4-ce6c-4724-9cfd-37a16e787007",
      "24f530c4-ce6c-4724-9cfd-37a16e787003",
      "24f530c4-ce6c-4724-9cfd-37a16e787001"
    ],
    "cc": [
      "30f530c4-ce6c-4724-9cfd-37a16e787074"
    ],
    "priority": "def21673-d4ab-41a6-a37f-0c6846b96002",
    "requester": "30f530c4-ce6c-4724-9cfd-37a16e787184",
    "number": 3,
    "assignee": "30f530c4-ce6c-4724-9cfd-37a16e787101",
    "request": "TCPDhkkOgc",
    "location": "062dbf6e-7fb3-4564-828b-a457ea2522c3",
    "deleted": null,
    "modified": "2015-12-10T19:03:40.001Z",
    "created": "2015-12-10T19:03:40.000Z"
  }
},
{
  "pk": "40f530c4-ce6c-4724-9cfd-37a16e787004",
  "model": "ticket.ticket",
  "fields": {
    "status": "def11673-d4ab-41a6-a37f-0c6846b96008",
    "categories": [
      "24f530c4-ce6c-4724-9cfd-37a16e787007",
      "24f530c4-ce6c-4724-9cfd-37a16e787003",
      "24f530c4-ce6c-4724-9cfd-37a16e787001"
    ],
    "cc": [
      "30f530c4-ce6c-4724-9cfd-37a16e787090"
    ],
    "priority": "def21673-d4ab-41a6-a37f-0c6846b96002",
    "requester": "30f530c4-ce6c-4724-9cfd-37a16e787100",
    "number": 4,
    "assignee": "30f530c4-ce6c-4724-9cfd-37a16e787030",
    "request": "kpYJnXICbn",
    "location": "062dbf6e-7fb3-4564-828b-a457ea2522c3",
    "deleted": null,
    "modified": "2015-12-10T19:03:40.050Z",
    "created": "2015-12-10T19:03:40.050Z"
  }
},
{
  "pk": "40f530c4-ce6c-4724-9cfd-37a16e787005",
  "model": "ticket.ticket",
  "fields": {
    "status": "def11673-d4ab-41a6-a37f-0c6846b96004",
    "categories": [
      "24f530c4-ce6c-4724-9cfd-37a16e787007",
      "24f530c4-ce6c-4724-9cfd-37a16e787003",
      "24f530c4-ce6c-4724-9cfd-37a16e787001"
    ],
    "cc": [
      "30f530c4-ce6c-4724-9cfd-37a16e787045"
    ],
    "priority": "def21673-d4ab-41a6-a37f-0c6846b96004",
    "requester": "30f530c4-ce6c-4724-9cfd-37a16e787095",
    "number": 5,
    "assignee": "30f530c4-ce6c-4724-9cfd-37a16e787121",
    "request": "ywATGzIRcm",
    "location": "062dbf6e-7fb3-4564-828b-a457ea2522c3",
    "deleted": null,
    "modified": "2015-12-10T19:03:40.101Z",
    "created": "2015-12-10T19:03:40.101Z"
  }
},
{
  "pk": "40f530c4-ce6c-4724-9cfd-37a16e787006",
  "model": "ticket.ticket",
  "fields": {
    "status": "def11673-d4ab-41a6-a37f-0c6846b96004",
    "categories": [
      "24f530c4-ce6c-4724-9cfd-37a16e787007",
      "24f530c4-ce6c-4724-9cfd-37a16e787003",
      "24f530c4-ce6c-4724-9cfd-37a16e787001"
    ],
    "cc": [
      "30f530c4-ce6c-4724-9cfd-37a16e787150"
    ],
    "priority": "def21673-d4ab-41a6-a37f-0c6846b96004",
    "requester": "30f530c4-ce6c-4724-9cfd-37a16e787141",
    "number": 6,
    "assignee": "30f530c4-ce6c-4724-9cfd-37a16e787077",
    "request": "ryHZVHeMnw",
    "location": "7d5c77d9-775a-47cf-8c17-bdcaee8d0cb0",
    "deleted": null,
    "modified": "2015-12-10T19:03:40.149Z",
    "created": "2015-12-10T19:03:40.149Z"
  }
},
{
  "pk": "40f530c4-ce6c-4724-9cfd-37a16e787007",
  "model": "ticket.ticket",
  "fields": {
    "status": "def11673-d4ab-41a6-a37f-0c6846b96008",
    "categories": [
      "24f530c4-ce6c-4724-9cfd-37a16e787007",
      "24f530c4-ce6c-4724-9cfd-37a16e787003",
      "24f530c4-ce6c-4724-9cfd-37a16e787001"
    ],
    "cc": [
      "30f530c4-ce6c-4724-9cfd-37a16e787009"
    ],
    "priority": "def21673-d4ab-41a6-a37f-0c6846b96004",
    "requester": "30f530c4-ce6c-4724-9cfd-37a16e787025",
    "number": 7,
    "assignee": "30f530c4-ce6c-4724-9cfd-37a16e787183",
    "request": "JrBKKRVcQA",
    "location": "a112c447-066d-4fa5-a5ac-ef1fe864f8bf",
    "deleted": null,
    "modified": "2015-12-10T19:03:40.199Z",
    "created": "2015-12-10T19:03:40.199Z"
  }
},
{
  "pk": "40f530c4-ce6c-4724-9cfd-37a16e787008",
  "model": "ticket.ticket",
  "fields": {
    "status": "def11673-d4ab-41a6-a37f-0c6846b96007",
    "categories": [
      "24f530c4-ce6c-4724-9cfd-37a16e787007",
      "24f530c4-ce6c-4724-9cfd-37a16e787003",
      "24f530c4-ce6c-4724-9cfd-37a16e787001"
    ],
    "cc": [
      "30f530c4-ce6c-4724-9cfd-37a16e787118"
    ],
    "priority": "def21673-d4ab-41a6-a37f-0c6846b96004",
    "requester": "30f530c4-ce6c-4724-9cfd-37a16e787073",
    "number": 8,
    "assignee": "30f530c4-ce6c-4724-9cfd-37a16e787073",
    "request": "BJCNyrnBey",
    "location": "bb9ce47b-bae6-43b8-81c0-fc1d365de82b",
    "deleted": null,
    "modified": "2015-12-10T19:03:40.246Z",
    "created": "2015-12-10T19:03:40.246Z"
  }
},
{
  "pk": "40f530c4-ce6c-4724-9cfd-37a16e787009",
  "model": "ticket.ticket",
  "fields": {
    "status": "def11673-d4ab-41a6-a37f-0c6846b96003",
    "categories": [
      "24f530c4-ce6c-4724-9cfd-37a16e787007",
      "24f530c4-ce6c-4724-9cfd-37a16e787003",
      "24f530c4-ce6c-4724-9cfd-37a16e787001"
    ],
    "cc": [
      "30f530c4-ce6c-4724-9cfd-37a16e787034"
    ],
    "priority": "def21673-d4ab-41a6-a37f-0c6846b96002",
    "requester": "30f530c4-ce6c-4724-9cfd-37a16e787009",
    "number": 9,
    "assignee": "30f530c4-ce6c-4724-9cfd-37a16e787105",
    "request": "jgGasmwUWZ",
    "location": "8b2ba31b-8595-481c-bd40-0a85143b4874",
    "deleted": null,
    "modified": "2015-12-10T19:03:40.292Z",
    "created": "2015-12-10T19:03:40.292Z"
  }
},
{
  "pk": "40f530c4-ce6c-4724-9cfd-37a16e787010",
  "model": "ticket.ticket",
  "fields": {
    "status": "def11673-d4ab-41a6-a37f-0c6846b96008",
    "categories": [
      "24f530c4-ce6c-4724-9cfd-37a16e787007",
      "24f530c4-ce6c-4724-9cfd-37a16e787003",
      "24f530c4-ce6c-4724-9cfd-37a16e787001"
    ],
    "cc": [
      "30f530c4-ce6c-4724-9cfd-37a16e787183"
    ],
    "priority": "def21673-d4ab-41a6-a37f-0c6846b96004",
    "requester": "30f530c4-ce6c-4724-9cfd-37a16e787085",
    "number": 10,
    "assignee": "30f530c4-ce6c-4724-9cfd-37a16e787063",
    "request": "zPGyluWiBw",
    "location": "062dbf6e-7fb3-4564-828b-a457ea2522c3",
    "deleted": null,
    "modified": "2015-12-10T19:03:40.342Z",
    "created": "2015-12-10T19:03:40.342Z"
  }
},
{
  "pk": "40f530c4-ce6c-4724-9cfd-37a16e787011",
  "model": "ticket.ticket",
  "fields": {
    "status": "def11673-d4ab-41a6-a37f-0c6846b96003",
    "categories": [
      "24f530c4-ce6c-4724-9cfd-37a16e787007",
      "24f530c4-ce6c-4724-9cfd-37a16e787003",
      "24f530c4-ce6c-4724-9cfd-37a16e787001"
    ],
    "cc": [
      "30f530c4-ce6c-4724-9cfd-37a16e787040"
    ],
    "priority": "def21673-d4ab-41a6-a37f-0c6846b96004",
    "requester": "30f530c4-ce6c-4724-9cfd-37a16e787020",
    "number": 11,
    "assignee": "30f530c4-ce6c-4724-9cfd-37a16e787040",
    "request": "RDwTnMSqhF",
    "location": "a112c447-066d-4fa5-a5ac-ef1fe864f8bf",
    "deleted": null,
    "modified": "2015-12-10T19:03:40.390Z",
    "created": "2015-12-10T19:03:40.390Z"
  }
},
{
  "pk": "40f530c4-ce6c-4724-9cfd-37a16e787012",
  "model": "ticket.ticket",
  "fields": {
    "status": "def11673-d4ab-41a6-a37f-0c6846b96003",
    "categories": [
      "24f530c4-ce6c-4724-9cfd-37a16e787007",
      "24f530c4-ce6c-4724-9cfd-37a16e787003",
      "24f530c4-ce6c-4724-9cfd-37a16e787001"
    ],
    "cc": [
      "30f530c4-ce6c-4724-9cfd-37a16e787030"
    ],
    "priority": "def21673-d4ab-41a6-a37f-0c6846b96001",
    "requester": "30f530c4-ce6c-4724-9cfd-37a16e787160",
    "number": 12,
    "assignee": "30f530c4-ce6c-4724-9cfd-37a16e787070",
    "request": "faBMOkFQfN",
    "location": "062dbf6e-7fb3-4564-828b-a457ea2522c3",
    "deleted": null,
    "modified": "2015-12-10T19:03:40.437Z",
    "created": "2015-12-10T19:03:40.437Z"
  }
},
{
  "pk": "40f530c4-ce6c-4724-9cfd-37a16e787013",
  "model": "ticket.ticket",
  "fields": {
    "status": "def11673-d4ab-41a6-a37f-0c6846b96007",
    "categories": [
      "24f530c4-ce6c-4724-9cfd-37a16e787007",
      "24f530c4-ce6c-4724-9cfd-37a16e787003",
      "24f530c4-ce6c-4724-9cfd-37a16e787001"
    ],
    "cc": [
      "30f530c4-ce6c-4724-9cfd-37a16e787133"
    ],
    "priority": "def21673-d4ab-41a6-a37f-0c6846b96004",
    "requester": "30f530c4-ce6c-4724-9cfd-37a16e787178",
    "number": 13,
    "assignee": "30f530c4-ce6c-4724-9cfd-37a16e787078",
    "request": "cUJgSMrgvg",
    "location": "7d5c77d9-775a-47cf-8c17-bdcaee8d0cb0",
    "deleted": null,
    "modified": "2015-12-10T19:03:40.483Z",
    "created": "2015-12-10T19:03:40.483Z"
  }
},
{
  "pk": "40f530c4-ce6c-4724-9cfd-37a16e787014",
  "model": "ticket.ticket",
  "fields": {
    "status": "def11673-d4ab-41a6-a37f-0c6846b96006",
    "categories": [
      "24f530c4-ce6c-4724-9cfd-37a16e787007",
      "24f530c4-ce6c-4724-9cfd-37a16e787003",
      "24f530c4-ce6c-4724-9cfd-37a16e787001"
    ],
    "cc": [
      "30f530c4-ce6c-4724-9cfd-37a16e787057"
    ],
    "priority": "def21673-d4ab-41a6-a37f-0c6846b96003",
    "requester": "30f530c4-ce6c-4724-9cfd-37a16e787095",
    "number": 14,
    "assignee": "30f530c4-ce6c-4724-9cfd-37a16e787124",
    "request": "XNnrDuZJGJ",
    "location": "a112c447-066d-4fa5-a5ac-ef1fe864f8bf",
    "deleted": null,
    "modified": "2015-12-10T19:03:40.532Z",
    "created": "2015-12-10T19:03:40.532Z"
  }
},
{
  "pk": "40f530c4-ce6c-4724-9cfd-37a16e787015",
  "model": "ticket.ticket",
  "fields": {
    "status": "def11673-d4ab-41a6-a37f-0c6846b96003",
    "categories": [
      "24f530c4-ce6c-4724-9cfd-37a16e787007",
      "24f530c4-ce6c-4724-9cfd-37a16e787003",
      "24f530c4-ce6c-4724-9cfd-37a16e787001"
    ],
    "cc": [
      "30f530c4-ce6c-4724-9cfd-37a16e787158"
    ],
    "priority": "def21673-d4ab-41a6-a37f-0c6846b96004",
    "requester": "30f530c4-ce6c-4724-9cfd-37a16e787003",
    "number": 15,
    "assignee": "30f530c4-ce6c-4724-9cfd-37a16e787067",
    "request": "gQoQCcXfTR",
    "location": "bb9ce47b-bae6-43b8-81c0-fc1d365de82b",
    "deleted": null,
    "modified": "2015-12-10T19:03:40.579Z",
    "created": "2015-12-10T19:03:40.579Z"
  }
},
{
  "pk": "40f530c4-ce6c-4724-9cfd-37a16e787016",
  "model": "ticket.ticket",
  "fields": {
    "status": "def11673-d4ab-41a6-a37f-0c6846b96009",
    "categories": [
      "24f530c4-ce6c-4724-9cfd-37a16e787007",
      "24f530c4-ce6c-4724-9cfd-37a16e787003",
      "24f530c4-ce6c-4724-9cfd-37a16e787001"
    ],
    "cc": [
      "30f530c4-ce6c-4724-9cfd-37a16e787123"
    ],
    "priority": "def21673-d4ab-41a6-a37f-0c6846b96001",
    "requester": "30f530c4-ce6c-4724-9cfd-37a16e787104",
    "number": 16,
    "assignee": "30f530c4-ce6c-4724-9cfd-37a16e787045",
    "request": "jvOjBneEAt",
    "location": "8b2ba31b-8595-481c-bd40-0a85143b4874",
    "deleted": null,
    "modified": "2015-12-10T19:03:40.624Z",
    "created": "2015-12-10T19:03:40.624Z"
  }
},
{
  "pk": "40f530c4-ce6c-4724-9cfd-37a16e787017",
  "model": "ticket.ticket",
  "fields": {
    "status": "def11673-d4ab-41a6-a37f-0c6846b96007",
    "categories": [
      "24f530c4-ce6c-4724-9cfd-37a16e787007",
      "24f530c4-ce6c-4724-9cfd-37a16e787003",
      "24f530c4-ce6c-4724-9cfd-37a16e787001"
    ],
    "cc": [
      "30f530c4-ce6c-4724-9cfd-37a16e787101"
    ],
    "priority": "def21673-d4ab-41a6-a37f-0c6846b96003",
    "requester": "30f530c4-ce6c-4724-9cfd-37a16e787101",
    "number": 17,
    "assignee": "30f530c4-ce6c-4724-9cfd-37a16e787014",
    "request": "vuOFffCGtl",
    "location": "a112c447-066d-4fa5-a5ac-ef1fe864f8bf",
    "deleted": null,
    "modified": "2015-12-10T19:03:40.672Z",
    "created": "2015-12-10T19:03:40.672Z"
  }
},
{
  "pk": "40f530c4-ce6c-4724-9cfd-37a16e787018",
  "model": "ticket.ticket",
  "fields": {
    "status": "def11673-d4ab-41a6-a37f-0c6846b96006",
    "categories": [
      "24f530c4-ce6c-4724-9cfd-37a16e787007",
      "24f530c4-ce6c-4724-9cfd-37a16e787003",
      "24f530c4-ce6c-4724-9cfd-37a16e787001"
    ],
    "cc": [
      "30f530c4-ce6c-4724-9cfd-37a16e787049"
    ],
    "priority": "def21673-d4ab-41a6-a37f-0c6846b96001",
    "requester": "30f530c4-ce6c-4724-9cfd-37a16e787154",
    "number": 18,
    "assignee": "30f530c4-ce6c-4724-9cfd-37a16e787089",
    "request": "sRYUuulnhE",
    "location": "bb9ce47b-bae6-43b8-81c0-fc1d365de82b",
    "deleted": null,
    "modified": "2015-12-10T19:03:40.721Z",
    "created": "2015-12-10T19:03:40.721Z"
  }
},
{
  "pk": "40f530c4-ce6c-4724-9cfd-37a16e787019",
  "model": "ticket.ticket",
  "fields": {
    "status": "def11673-d4ab-41a6-a37f-0c6846b96002",
    "categories": [
      "24f530c4-ce6c-4724-9cfd-37a16e787007",
      "24f530c4-ce6c-4724-9cfd-37a16e787003",
      "24f530c4-ce6c-4724-9cfd-37a16e787001"
    ],
    "cc": [
      "30f530c4-ce6c-4724-9cfd-37a16e787134"
    ],
    "priority": "def21673-d4ab-41a6-a37f-0c6846b96003",
    "requester": "30f530c4-ce6c-4724-9cfd-37a16e787142",
    "number": 19,
    "assignee": "30f530c4-ce6c-4724-9cfd-37a16e787165",
    "request": "dOLlaXHYsE",
    "location": "062dbf6e-7fb3-4564-828b-a457ea2522c3",
    "deleted": null,
    "modified": "2015-12-10T19:03:40.768Z",
    "created": "2015-12-10T19:03:40.768Z"
  }
},
{
  "pk": "40f530c4-ce6c-4724-9cfd-37a16e787020",
  "model": "ticket.ticket",
  "fields": {
    "status": "def11673-d4ab-41a6-a37f-0c6846b96002",
    "categories": [
      "24f530c4-ce6c-4724-9cfd-37a16e787007",
      "24f530c4-ce6c-4724-9cfd-37a16e787003",
      "24f530c4-ce6c-4724-9cfd-37a16e787001"
    ],
    "cc": [
      "30f530c4-ce6c-4724-9cfd-37a16e787088"
    ],
    "priority": "def21673-d4ab-41a6-a37f-0c6846b96001",
    "requester": "30f530c4-ce6c-4724-9cfd-37a16e787026",
    "number": 20,
    "assignee": "30f530c4-ce6c-4724-9cfd-37a16e787012",
    "request": "JkwYusxzBj",
    "location": "8b2ba31b-8595-481c-bd40-0a85143b4874",
    "deleted": null,
    "modified": "2015-12-10T19:03:40.814Z",
    "created": "2015-12-10T19:03:40.814Z"
  }
},
{
  "pk": "40f530c4-ce6c-4724-9cfd-37a16e787021",
  "model": "ticket.ticket",
  "fields": {
    "status": "def11673-d4ab-41a6-a37f-0c6846b96009",
    "categories": [
      "24f530c4-ce6c-4724-9cfd-37a16e787007",
      "24f530c4-ce6c-4724-9cfd-37a16e787003",
      "24f530c4-ce6c-4724-9cfd-37a16e787001"
    ],
    "cc": [
      "30f530c4-ce6c-4724-9cfd-37a16e787167"
    ],
    "priority": "def21673-d4ab-41a6-a37f-0c6846b96002",
    "requester": "30f530c4-ce6c-4724-9cfd-37a16e787170",
    "number": 21,
    "assignee": "30f530c4-ce6c-4724-9cfd-37a16e787140",
    "request": "aGPbihJYlH",
    "location": "062dbf6e-7fb3-4564-828b-a457ea2522c3",
    "deleted": null,
    "modified": "2015-12-10T19:03:40.862Z",
    "created": "2015-12-10T19:03:40.862Z"
  }
},
{
  "pk": "40f530c4-ce6c-4724-9cfd-37a16e787022",
  "model": "ticket.ticket",
  "fields": {
    "status": "def11673-d4ab-41a6-a37f-0c6846b96001",
    "categories": [
      "24f530c4-ce6c-4724-9cfd-37a16e787007",
      "24f530c4-ce6c-4724-9cfd-37a16e787003",
      "24f530c4-ce6c-4724-9cfd-37a16e787001"
    ],
    "cc": [
      "30f530c4-ce6c-4724-9cfd-37a16e787051"
    ],
    "priority": "def21673-d4ab-41a6-a37f-0c6846b96003",
    "requester": "30f530c4-ce6c-4724-9cfd-37a16e787113",
    "number": 22,
    "assignee": "30f530c4-ce6c-4724-9cfd-37a16e787158",
    "request": "DhwhzxPWNk",
    "location": "bb9ce47b-bae6-43b8-81c0-fc1d365de82b",
    "deleted": null,
    "modified": "2015-12-10T19:03:40.910Z",
    "created": "2015-12-10T19:03:40.910Z"
  }
},
{
  "pk": "40f530c4-ce6c-4724-9cfd-37a16e787023",
  "model": "ticket.ticket",
  "fields": {
    "status": "def11673-d4ab-41a6-a37f-0c6846b96002",
    "categories": [
      "24f530c4-ce6c-4724-9cfd-37a16e787007",
      "24f530c4-ce6c-4724-9cfd-37a16e787003",
      "24f530c4-ce6c-4724-9cfd-37a16e787001"
    ],
    "cc": [
      "30f530c4-ce6c-4724-9cfd-37a16e787057"
    ],
    "priority": "def21673-d4ab-41a6-a37f-0c6846b96001",
    "requester": "30f530c4-ce6c-4724-9cfd-37a16e787099",
    "number": 23,
    "assignee": "30f530c4-ce6c-4724-9cfd-37a16e787099",
    "request": "WBPWuJvAfi",
    "location": "bb9ce47b-bae6-43b8-81c0-fc1d365de82b",
    "deleted": null,
    "modified": "2015-12-10T19:03:40.955Z",
    "created": "2015-12-10T19:03:40.955Z"
  }
},
{
  "pk": "40f530c4-ce6c-4724-9cfd-37a16e787024",
  "model": "ticket.ticket",
  "fields": {
    "status": "def11673-d4ab-41a6-a37f-0c6846b96007",
    "categories": [
      "24f530c4-ce6c-4724-9cfd-37a16e787007",
      "24f530c4-ce6c-4724-9cfd-37a16e787003",
      "24f530c4-ce6c-4724-9cfd-37a16e787001"
    ],
    "cc": [
      "30f530c4-ce6c-4724-9cfd-37a16e787090"
    ],
    "priority": "def21673-d4ab-41a6-a37f-0c6846b96002",
    "requester": "30f530c4-ce6c-4724-9cfd-37a16e787064",
    "number": 24,
    "assignee": "30f530c4-ce6c-4724-9cfd-37a16e787131",
    "request": "trkLokDIEF",
    "location": "7d5c77d9-775a-47cf-8c17-bdcaee8d0cb0",
    "deleted": null,
    "modified": "2015-12-10T19:03:41.004Z",
    "created": "2015-12-10T19:03:41.004Z"
  }
},
{
  "pk": "40f530c4-ce6c-4724-9cfd-37a16e787025",
  "model": "ticket.ticket",
  "fields": {
    "status": "def11673-d4ab-41a6-a37f-0c6846b96003",
    "categories": [
      "24f530c4-ce6c-4724-9cfd-37a16e787007",
      "24f530c4-ce6c-4724-9cfd-37a16e787003",
      "24f530c4-ce6c-4724-9cfd-37a16e787001"
    ],
    "cc": [
      "30f530c4-ce6c-4724-9cfd-37a16e787103"
    ],
    "priority": "def21673-d4ab-41a6-a37f-0c6846b96002",
    "requester": "30f530c4-ce6c-4724-9cfd-37a16e787141",
    "number": 25,
    "assignee": "30f530c4-ce6c-4724-9cfd-37a16e787068",
    "request": "FdCrrxsAVC",
    "location": "8b2ba31b-8595-481c-bd40-0a85143b4874",
    "deleted": null,
    "modified": "2015-12-10T19:03:41.051Z",
    "created": "2015-12-10T19:03:41.051Z"
  }
},
{
  "pk": "40f530c4-ce6c-4724-9cfd-37a16e787026",
  "model": "ticket.ticket",
  "fields": {
    "status": "def11673-d4ab-41a6-a37f-0c6846b96007",
    "categories": [
      "24f530c4-ce6c-4724-9cfd-37a16e787007",
      "24f530c4-ce6c-4724-9cfd-37a16e787003",
      "24f530c4-ce6c-4724-9cfd-37a16e787001"
    ],
    "cc": [
      "30f530c4-ce6c-4724-9cfd-37a16e787089"
    ],
    "priority": "def21673-d4ab-41a6-a37f-0c6846b96004",
    "requester": "30f530c4-ce6c-4724-9cfd-37a16e787002",
    "number": 26,
    "assignee": "30f530c4-ce6c-4724-9cfd-37a16e787154",
    "request": "ZWKlnwDQAo",
    "location": "7d5c77d9-775a-47cf-8c17-bdcaee8d0cb0",
    "deleted": null,
    "modified": "2015-12-10T19:03:41.103Z",
    "created": "2015-12-10T19:03:41.103Z"
  }
},
{
  "pk": "40f530c4-ce6c-4724-9cfd-37a16e787027",
  "model": "ticket.ticket",
  "fields": {
    "status": "def11673-d4ab-41a6-a37f-0c6846b96009",
    "categories": [
      "24f530c4-ce6c-4724-9cfd-37a16e787007",
      "24f530c4-ce6c-4724-9cfd-37a16e787003",
      "24f530c4-ce6c-4724-9cfd-37a16e787001"
    ],
    "cc": [
      "30f530c4-ce6c-4724-9cfd-37a16e787145"
    ],
    "priority": "def21673-d4ab-41a6-a37f-0c6846b96002",
    "requester": "30f530c4-ce6c-4724-9cfd-37a16e787056",
    "number": 27,
    "assignee": "30f530c4-ce6c-4724-9cfd-37a16e787072",
    "request": "UeXgIGxQUG",
    "location": "7d5c77d9-775a-47cf-8c17-bdcaee8d0cb0",
    "deleted": null,
    "modified": "2015-12-10T19:03:41.151Z",
    "created": "2015-12-10T19:03:41.151Z"
  }
},
{
  "pk": "40f530c4-ce6c-4724-9cfd-37a16e787028",
  "model": "ticket.ticket",
  "fields": {
    "status": "def11673-d4ab-41a6-a37f-0c6846b96007",
    "categories": [
      "24f530c4-ce6c-4724-9cfd-37a16e787007",
      "24f530c4-ce6c-4724-9cfd-37a16e787003",
      "24f530c4-ce6c-4724-9cfd-37a16e787001"
    ],
    "cc": [
      "30f530c4-ce6c-4724-9cfd-37a16e787009"
    ],
    "priority": "def21673-d4ab-41a6-a37f-0c6846b96002",
    "requester": "30f530c4-ce6c-4724-9cfd-37a16e787049",
    "number": 28,
    "assignee": "30f530c4-ce6c-4724-9cfd-37a16e787001",
    "request": "kAKzJHXYAV",
    "location": "062dbf6e-7fb3-4564-828b-a457ea2522c3",
    "deleted": null,
    "modified": "2015-12-10T19:03:41.202Z",
    "created": "2015-12-10T19:03:41.202Z"
  }
},
{
  "pk": "40f530c4-ce6c-4724-9cfd-37a16e787029",
  "model": "ticket.ticket",
  "fields": {
    "status": "def11673-d4ab-41a6-a37f-0c6846b96002",
    "categories": [
      "24f530c4-ce6c-4724-9cfd-37a16e787007",
      "24f530c4-ce6c-4724-9cfd-37a16e787003",
      "24f530c4-ce6c-4724-9cfd-37a16e787001"
    ],
    "cc": [
      "30f530c4-ce6c-4724-9cfd-37a16e787083"
    ],
    "priority": "def21673-d4ab-41a6-a37f-0c6846b96003",
    "requester": "30f530c4-ce6c-4724-9cfd-37a16e787060",
    "number": 29,
    "assignee": "30f530c4-ce6c-4724-9cfd-37a16e787072",
    "request": "mUdyRPRlqP",
    "location": "8b2ba31b-8595-481c-bd40-0a85143b4874",
    "deleted": null,
    "modified": "2015-12-10T19:03:41.254Z",
    "created": "2015-12-10T19:03:41.253Z"
  }
},
{
  "pk": "40f530c4-ce6c-4724-9cfd-37a16e787030",
  "model": "ticket.ticket",
  "fields": {
    "status": "def11673-d4ab-41a6-a37f-0c6846b96005",
    "categories": [
      "24f530c4-ce6c-4724-9cfd-37a16e787007",
      "24f530c4-ce6c-4724-9cfd-37a16e787003",
      "24f530c4-ce6c-4724-9cfd-37a16e787001"
    ],
    "cc": [
      "30f530c4-ce6c-4724-9cfd-37a16e787069"
    ],
    "priority": "def21673-d4ab-41a6-a37f-0c6846b96001",
    "requester": "30f530c4-ce6c-4724-9cfd-37a16e787119",
    "number": 30,
    "assignee": "30f530c4-ce6c-4724-9cfd-37a16e787157",
    "request": "gvbTPIuItB",
    "location": "a112c447-066d-4fa5-a5ac-ef1fe864f8bf",
    "deleted": null,
    "modified": "2015-12-10T19:03:41.317Z",
    "created": "2015-12-10T19:03:41.317Z"
  }
},
{
  "pk": "40f530c4-ce6c-4724-9cfd-37a16e787031",
  "model": "ticket.ticket",
  "fields": {
    "status": "def11673-d4ab-41a6-a37f-0c6846b96006",
    "categories": [
      "24f530c4-ce6c-4724-9cfd-37a16e787007",
      "24f530c4-ce6c-4724-9cfd-37a16e787003",
      "24f530c4-ce6c-4724-9cfd-37a16e787001"
    ],
    "cc": [
      "30f530c4-ce6c-4724-9cfd-37a16e787149"
    ],
    "priority": "def21673-d4ab-41a6-a37f-0c6846b96003",
    "requester": "30f530c4-ce6c-4724-9cfd-37a16e787079",
    "number": 31,
    "assignee": "30f530c4-ce6c-4724-9cfd-37a16e787108",
    "request": "xnhDytFSfv",
    "location": "a112c447-066d-4fa5-a5ac-ef1fe864f8bf",
    "deleted": null,
    "modified": "2015-12-10T19:03:41.367Z",
    "created": "2015-12-10T19:03:41.367Z"
  }
},
{
  "pk": "40f530c4-ce6c-4724-9cfd-37a16e787032",
  "model": "ticket.ticket",
  "fields": {
    "status": "def11673-d4ab-41a6-a37f-0c6846b96007",
    "categories": [
      "24f530c4-ce6c-4724-9cfd-37a16e787007",
      "24f530c4-ce6c-4724-9cfd-37a16e787003",
      "24f530c4-ce6c-4724-9cfd-37a16e787001"
    ],
    "cc": [
      "30f530c4-ce6c-4724-9cfd-37a16e787016"
    ],
    "priority": "def21673-d4ab-41a6-a37f-0c6846b96001",
    "requester": "30f530c4-ce6c-4724-9cfd-37a16e787171",
    "number": 32,
    "assignee": "30f530c4-ce6c-4724-9cfd-37a16e787153",
    "request": "jhjlhMoJoE",
    "location": "8b2ba31b-8595-481c-bd40-0a85143b4874",
    "deleted": null,
    "modified": "2015-12-10T19:03:41.414Z",
    "created": "2015-12-10T19:03:41.414Z"
  }
},
{
  "pk": "40f530c4-ce6c-4724-9cfd-37a16e787033",
  "model": "ticket.ticket",
  "fields": {
    "status": "def11673-d4ab-41a6-a37f-0c6846b96004",
    "categories": [
      "24f530c4-ce6c-4724-9cfd-37a16e787007",
      "24f530c4-ce6c-4724-9cfd-37a16e787003",
      "24f530c4-ce6c-4724-9cfd-37a16e787001"
    ],
    "cc": [
      "30f530c4-ce6c-4724-9cfd-37a16e787109"
    ],
    "priority": "def21673-d4ab-41a6-a37f-0c6846b96001",
    "requester": "30f530c4-ce6c-4724-9cfd-37a16e787010",
    "number": 33,
    "assignee": "30f530c4-ce6c-4724-9cfd-37a16e787153",
    "request": "rSZtARdDDD",
    "location": "bb9ce47b-bae6-43b8-81c0-fc1d365de82b",
    "deleted": null,
    "modified": "2015-12-10T19:03:41.461Z",
    "created": "2015-12-10T19:03:41.461Z"
  }
},
{
  "pk": "40f530c4-ce6c-4724-9cfd-37a16e787034",
  "model": "ticket.ticket",
  "fields": {
    "status": "def11673-d4ab-41a6-a37f-0c6846b96007",
    "categories": [
      "24f530c4-ce6c-4724-9cfd-37a16e787007",
      "24f530c4-ce6c-4724-9cfd-37a16e787003",
      "24f530c4-ce6c-4724-9cfd-37a16e787001"
    ],
    "cc": [
      "30f530c4-ce6c-4724-9cfd-37a16e787111"
    ],
    "priority": "def21673-d4ab-41a6-a37f-0c6846b96002",
    "requester": "30f530c4-ce6c-4724-9cfd-37a16e787180",
    "number": 34,
    "assignee": "30f530c4-ce6c-4724-9cfd-37a16e787140",
    "request": "yaNNeOApgL",
    "location": "062dbf6e-7fb3-4564-828b-a457ea2522c3",
    "deleted": null,
    "modified": "2015-12-10T19:03:41.509Z",
    "created": "2015-12-10T19:03:41.509Z"
  }
},
{
  "pk": "40f530c4-ce6c-4724-9cfd-37a16e787035",
  "model": "ticket.ticket",
  "fields": {
    "status": "def11673-d4ab-41a6-a37f-0c6846b96003",
    "categories": [
      "24f530c4-ce6c-4724-9cfd-37a16e787007",
      "24f530c4-ce6c-4724-9cfd-37a16e787003",
      "24f530c4-ce6c-4724-9cfd-37a16e787001"
    ],
    "cc": [
      "30f530c4-ce6c-4724-9cfd-37a16e787003"
    ],
    "priority": "def21673-d4ab-41a6-a37f-0c6846b96004",
    "requester": "30f530c4-ce6c-4724-9cfd-37a16e787127",
    "number": 35,
    "assignee": "30f530c4-ce6c-4724-9cfd-37a16e787148",
    "request": "twUQjespOO",
    "location": "a112c447-066d-4fa5-a5ac-ef1fe864f8bf",
    "deleted": null,
    "modified": "2015-12-10T19:03:41.557Z",
    "created": "2015-12-10T19:03:41.557Z"
  }
},
{
  "pk": "40f530c4-ce6c-4724-9cfd-37a16e787036",
  "model": "ticket.ticket",
  "fields": {
    "status": "def11673-d4ab-41a6-a37f-0c6846b96008",
    "categories": [
      "24f530c4-ce6c-4724-9cfd-37a16e787007",
      "24f530c4-ce6c-4724-9cfd-37a16e787003",
      "24f530c4-ce6c-4724-9cfd-37a16e787001"
    ],
    "cc": [
      "30f530c4-ce6c-4724-9cfd-37a16e787094"
    ],
    "priority": "def21673-d4ab-41a6-a37f-0c6846b96001",
    "requester": "30f530c4-ce6c-4724-9cfd-37a16e787072",
    "number": 36,
    "assignee": "30f530c4-ce6c-4724-9cfd-37a16e787129",
    "request": "jRZNWCbbWF",
    "location": "a112c447-066d-4fa5-a5ac-ef1fe864f8bf",
    "deleted": null,
    "modified": "2015-12-10T19:03:41.603Z",
    "created": "2015-12-10T19:03:41.603Z"
  }
},
{
  "pk": "40f530c4-ce6c-4724-9cfd-37a16e787037",
  "model": "ticket.ticket",
  "fields": {
    "status": "def11673-d4ab-41a6-a37f-0c6846b96004",
    "categories": [
      "24f530c4-ce6c-4724-9cfd-37a16e787007",
      "24f530c4-ce6c-4724-9cfd-37a16e787003",
      "24f530c4-ce6c-4724-9cfd-37a16e787001"
    ],
    "cc": [
      "30f530c4-ce6c-4724-9cfd-37a16e787099"
    ],
    "priority": "def21673-d4ab-41a6-a37f-0c6846b96001",
    "requester": "30f530c4-ce6c-4724-9cfd-37a16e787112",
    "number": 37,
    "assignee": "30f530c4-ce6c-4724-9cfd-37a16e787020",
    "request": "kGNmJkTwOl",
    "location": "bb9ce47b-bae6-43b8-81c0-fc1d365de82b",
    "deleted": null,
    "modified": "2015-12-10T19:03:41.652Z",
    "created": "2015-12-10T19:03:41.652Z"
  }
},
{
  "pk": "40f530c4-ce6c-4724-9cfd-37a16e787038",
  "model": "ticket.ticket",
  "fields": {
    "status": "def11673-d4ab-41a6-a37f-0c6846b96003",
    "categories": [
      "24f530c4-ce6c-4724-9cfd-37a16e787007",
      "24f530c4-ce6c-4724-9cfd-37a16e787003",
      "24f530c4-ce6c-4724-9cfd-37a16e787001"
    ],
    "cc": [
      "30f530c4-ce6c-4724-9cfd-37a16e787089"
    ],
    "priority": "def21673-d4ab-41a6-a37f-0c6846b96002",
    "requester": "30f530c4-ce6c-4724-9cfd-37a16e787164",
    "number": 38,
    "assignee": "30f530c4-ce6c-4724-9cfd-37a16e787039",
    "request": "FBWkPnTlmK",
    "location": "7d5c77d9-775a-47cf-8c17-bdcaee8d0cb0",
    "deleted": null,
    "modified": "2015-12-10T19:03:41.700Z",
    "created": "2015-12-10T19:03:41.700Z"
  }
},
{
  "pk": "40f530c4-ce6c-4724-9cfd-37a16e787039",
  "model": "ticket.ticket",
  "fields": {
    "status": "def11673-d4ab-41a6-a37f-0c6846b96009",
    "categories": [
      "24f530c4-ce6c-4724-9cfd-37a16e787007",
      "24f530c4-ce6c-4724-9cfd-37a16e787003",
      "24f530c4-ce6c-4724-9cfd-37a16e787001"
    ],
    "cc": [
      "30f530c4-ce6c-4724-9cfd-37a16e787104"
    ],
    "priority": "def21673-d4ab-41a6-a37f-0c6846b96001",
    "requester": "30f530c4-ce6c-4724-9cfd-37a16e787126",
    "number": 39,
    "assignee": "30f530c4-ce6c-4724-9cfd-37a16e787162",
    "request": "hDEVNsYfaR",
    "location": "bb9ce47b-bae6-43b8-81c0-fc1d365de82b",
    "deleted": null,
    "modified": "2015-12-10T19:03:41.746Z",
    "created": "2015-12-10T19:03:41.746Z"
  }
},
{
  "pk": "40f530c4-ce6c-4724-9cfd-37a16e787040",
  "model": "ticket.ticket",
  "fields": {
    "status": "def11673-d4ab-41a6-a37f-0c6846b96009",
    "categories": [
      "24f530c4-ce6c-4724-9cfd-37a16e787007",
      "24f530c4-ce6c-4724-9cfd-37a16e787003",
      "24f530c4-ce6c-4724-9cfd-37a16e787001"
    ],
    "cc": [
      "30f530c4-ce6c-4724-9cfd-37a16e787134"
    ],
    "priority": "def21673-d4ab-41a6-a37f-0c6846b96002",
    "requester": "30f530c4-ce6c-4724-9cfd-37a16e787140",
    "number": 40,
    "assignee": "30f530c4-ce6c-4724-9cfd-37a16e787055",
    "request": "ENCeWkeHDx",
    "location": "7d5c77d9-775a-47cf-8c17-bdcaee8d0cb0",
    "deleted": null,
    "modified": "2015-12-10T19:03:41.794Z",
    "created": "2015-12-10T19:03:41.794Z"
  }
},
{
  "pk": "40f530c4-ce6c-4724-9cfd-37a16e787041",
  "model": "ticket.ticket",
  "fields": {
    "status": "def11673-d4ab-41a6-a37f-0c6846b96007",
    "categories": [
      "24f530c4-ce6c-4724-9cfd-37a16e787007",
      "24f530c4-ce6c-4724-9cfd-37a16e787003",
      "24f530c4-ce6c-4724-9cfd-37a16e787001"
    ],
    "cc": [
      "30f530c4-ce6c-4724-9cfd-37a16e787163"
    ],
    "priority": "def21673-d4ab-41a6-a37f-0c6846b96003",
    "requester": "30f530c4-ce6c-4724-9cfd-37a16e787037",
    "number": 41,
    "assignee": "30f530c4-ce6c-4724-9cfd-37a16e787183",
    "request": "ZBFeaUnVzS",
    "location": "8b2ba31b-8595-481c-bd40-0a85143b4874",
    "deleted": null,
    "modified": "2015-12-10T19:03:41.843Z",
    "created": "2015-12-10T19:03:41.843Z"
  }
},
{
  "pk": "40f530c4-ce6c-4724-9cfd-37a16e787042",
  "model": "ticket.ticket",
  "fields": {
    "status": "def11673-d4ab-41a6-a37f-0c6846b96005",
    "categories": [
      "24f530c4-ce6c-4724-9cfd-37a16e787007",
      "24f530c4-ce6c-4724-9cfd-37a16e787003",
      "24f530c4-ce6c-4724-9cfd-37a16e787001"
    ],
    "cc": [
      "30f530c4-ce6c-4724-9cfd-37a16e787130"
    ],
    "priority": "def21673-d4ab-41a6-a37f-0c6846b96002",
    "requester": "30f530c4-ce6c-4724-9cfd-37a16e787028",
    "number": 42,
    "assignee": "30f530c4-ce6c-4724-9cfd-37a16e787147",
    "request": "LoLotYjXpJ",
    "location": "8b2ba31b-8595-481c-bd40-0a85143b4874",
    "deleted": null,
    "modified": "2015-12-10T19:03:41.890Z",
    "created": "2015-12-10T19:03:41.890Z"
  }
},
{
  "pk": "40f530c4-ce6c-4724-9cfd-37a16e787043",
  "model": "ticket.ticket",
  "fields": {
    "status": "def11673-d4ab-41a6-a37f-0c6846b96008",
    "categories": [
      "24f530c4-ce6c-4724-9cfd-37a16e787007",
      "24f530c4-ce6c-4724-9cfd-37a16e787003",
      "24f530c4-ce6c-4724-9cfd-37a16e787001"
    ],
    "cc": [
      "30f530c4-ce6c-4724-9cfd-37a16e787013"
    ],
    "priority": "def21673-d4ab-41a6-a37f-0c6846b96004",
    "requester": "30f530c4-ce6c-4724-9cfd-37a16e787185",
    "number": 43,
    "assignee": "30f530c4-ce6c-4724-9cfd-37a16e787122",
    "request": "hwAUsivvkO",
    "location": "7d5c77d9-775a-47cf-8c17-bdcaee8d0cb0",
    "deleted": null,
    "modified": "2015-12-10T19:03:41.938Z",
    "created": "2015-12-10T19:03:41.938Z"
  }
},
{
  "pk": "40f530c4-ce6c-4724-9cfd-37a16e787044",
  "model": "ticket.ticket",
  "fields": {
    "status": "def11673-d4ab-41a6-a37f-0c6846b96007",
    "categories": [
      "24f530c4-ce6c-4724-9cfd-37a16e787007",
      "24f530c4-ce6c-4724-9cfd-37a16e787003",
      "24f530c4-ce6c-4724-9cfd-37a16e787001"
    ],
    "cc": [
      "30f530c4-ce6c-4724-9cfd-37a16e787139"
    ],
    "priority": "def21673-d4ab-41a6-a37f-0c6846b96001",
    "requester": "30f530c4-ce6c-4724-9cfd-37a16e787091",
    "number": 44,
    "assignee": "30f530c4-ce6c-4724-9cfd-37a16e787038",
    "request": "RzzfDKWOAz",
    "location": "062dbf6e-7fb3-4564-828b-a457ea2522c3",
    "deleted": null,
    "modified": "2015-12-10T19:03:41.986Z",
    "created": "2015-12-10T19:03:41.986Z"
  }
},
{
  "pk": "40f530c4-ce6c-4724-9cfd-37a16e787045",
  "model": "ticket.ticket",
  "fields": {
    "status": "def11673-d4ab-41a6-a37f-0c6846b96009",
    "categories": [
      "24f530c4-ce6c-4724-9cfd-37a16e787007",
      "24f530c4-ce6c-4724-9cfd-37a16e787003",
      "24f530c4-ce6c-4724-9cfd-37a16e787001"
    ],
    "cc": [
      "30f530c4-ce6c-4724-9cfd-37a16e787166"
    ],
    "priority": "def21673-d4ab-41a6-a37f-0c6846b96001",
    "requester": "30f530c4-ce6c-4724-9cfd-37a16e787122",
    "number": 45,
    "assignee": "30f530c4-ce6c-4724-9cfd-37a16e787122",
    "request": "XzMAmgznXA",
    "location": "a112c447-066d-4fa5-a5ac-ef1fe864f8bf",
    "deleted": null,
    "modified": "2015-12-10T19:03:42.034Z",
    "created": "2015-12-10T19:03:42.034Z"
  }
},
{
  "pk": "40f530c4-ce6c-4724-9cfd-37a16e787046",
  "model": "ticket.ticket",
  "fields": {
    "status": "def11673-d4ab-41a6-a37f-0c6846b96007",
    "categories": [
      "24f530c4-ce6c-4724-9cfd-37a16e787007",
      "24f530c4-ce6c-4724-9cfd-37a16e787003",
      "24f530c4-ce6c-4724-9cfd-37a16e787001"
    ],
    "cc": [
      "30f530c4-ce6c-4724-9cfd-37a16e787132"
    ],
    "priority": "def21673-d4ab-41a6-a37f-0c6846b96001",
    "requester": "30f530c4-ce6c-4724-9cfd-37a16e787110",
    "number": 46,
    "assignee": "30f530c4-ce6c-4724-9cfd-37a16e787089",
    "request": "WakWqnMsBy",
    "location": "7d5c77d9-775a-47cf-8c17-bdcaee8d0cb0",
    "deleted": null,
    "modified": "2015-12-10T19:03:42.081Z",
    "created": "2015-12-10T19:03:42.081Z"
  }
},
{
  "pk": "40f530c4-ce6c-4724-9cfd-37a16e787047",
  "model": "ticket.ticket",
  "fields": {
    "status": "def11673-d4ab-41a6-a37f-0c6846b96009",
    "categories": [
      "24f530c4-ce6c-4724-9cfd-37a16e787007",
      "24f530c4-ce6c-4724-9cfd-37a16e787003",
      "24f530c4-ce6c-4724-9cfd-37a16e787001"
    ],
    "cc": [
      "30f530c4-ce6c-4724-9cfd-37a16e787119"
    ],
    "priority": "def21673-d4ab-41a6-a37f-0c6846b96004",
    "requester": "30f530c4-ce6c-4724-9cfd-37a16e787114",
    "number": 47,
    "assignee": "30f530c4-ce6c-4724-9cfd-37a16e787176",
    "request": "yfzPoRqAMe",
    "location": "a112c447-066d-4fa5-a5ac-ef1fe864f8bf",
    "deleted": null,
    "modified": "2015-12-10T19:03:42.129Z",
    "created": "2015-12-10T19:03:42.129Z"
  }
},
{
  "pk": "40f530c4-ce6c-4724-9cfd-37a16e787048",
  "model": "ticket.ticket",
  "fields": {
    "status": "def11673-d4ab-41a6-a37f-0c6846b96004",
    "categories": [
      "24f530c4-ce6c-4724-9cfd-37a16e787007",
      "24f530c4-ce6c-4724-9cfd-37a16e787003",
      "24f530c4-ce6c-4724-9cfd-37a16e787001"
    ],
    "cc": [
      "30f530c4-ce6c-4724-9cfd-37a16e787184"
    ],
    "priority": "def21673-d4ab-41a6-a37f-0c6846b96003",
    "requester": "30f530c4-ce6c-4724-9cfd-37a16e787172",
    "number": 48,
    "assignee": "30f530c4-ce6c-4724-9cfd-37a16e787077",
    "request": "znDSdpVuzK",
    "location": "a112c447-066d-4fa5-a5ac-ef1fe864f8bf",
    "deleted": null,
    "modified": "2015-12-10T19:03:42.177Z",
    "created": "2015-12-10T19:03:42.177Z"
  }
},
{
  "pk": "40f530c4-ce6c-4724-9cfd-37a16e787049",
  "model": "ticket.ticket",
  "fields": {
    "status": "def11673-d4ab-41a6-a37f-0c6846b96004",
    "categories": [
      "24f530c4-ce6c-4724-9cfd-37a16e787007",
      "24f530c4-ce6c-4724-9cfd-37a16e787003",
      "24f530c4-ce6c-4724-9cfd-37a16e787001"
    ],
    "cc": [
      "30f530c4-ce6c-4724-9cfd-37a16e787160"
    ],
    "priority": "def21673-d4ab-41a6-a37f-0c6846b96001",
    "requester": "30f530c4-ce6c-4724-9cfd-37a16e787085",
    "number": 49,
    "assignee": "30f530c4-ce6c-4724-9cfd-37a16e787180",
    "request": "GprLOucZFH",
    "location": "8b2ba31b-8595-481c-bd40-0a85143b4874",
    "deleted": null,
    "modified": "2015-12-10T19:03:42.225Z",
    "created": "2015-12-10T19:03:42.225Z"
  }
},
{
  "pk": "40f530c4-ce6c-4724-9cfd-37a16e787050",
  "model": "ticket.ticket",
  "fields": {
    "status": "def11673-d4ab-41a6-a37f-0c6846b96002",
    "categories": [
      "24f530c4-ce6c-4724-9cfd-37a16e787007",
      "24f530c4-ce6c-4724-9cfd-37a16e787003",
      "24f530c4-ce6c-4724-9cfd-37a16e787001"
    ],
    "cc": [
      "30f530c4-ce6c-4724-9cfd-37a16e787150"
    ],
    "priority": "def21673-d4ab-41a6-a37f-0c6846b96001",
    "requester": "30f530c4-ce6c-4724-9cfd-37a16e787110",
    "number": 50,
    "assignee": "30f530c4-ce6c-4724-9cfd-37a16e787157",
    "request": "ZMrxadnqQA",
    "location": "bb9ce47b-bae6-43b8-81c0-fc1d365de82b",
    "deleted": null,
    "modified": "2015-12-10T19:03:42.270Z",
    "created": "2015-12-10T19:03:42.269Z"
  }
},
{
  "pk": "40f530c4-ce6c-4724-9cfd-37a16e787051",
  "model": "ticket.ticket",
  "fields": {
    "status": "def11673-d4ab-41a6-a37f-0c6846b96005",
    "categories": [
      "24f530c4-ce6c-4724-9cfd-37a16e787007",
      "24f530c4-ce6c-4724-9cfd-37a16e787003",
      "24f530c4-ce6c-4724-9cfd-37a16e787001"
    ],
    "cc": [
      "30f530c4-ce6c-4724-9cfd-37a16e787041"
    ],
    "priority": "def21673-d4ab-41a6-a37f-0c6846b96001",
    "requester": "30f530c4-ce6c-4724-9cfd-37a16e787130",
    "number": 51,
    "assignee": "30f530c4-ce6c-4724-9cfd-37a16e787020",
    "request": "gmKfgnAycj",
    "location": "7d5c77d9-775a-47cf-8c17-bdcaee8d0cb0",
    "deleted": null,
    "modified": "2015-12-10T19:03:42.319Z",
    "created": "2015-12-10T19:03:42.319Z"
  }
}
]
