[
{
  "model": "ticket.ticketstatus",
  "pk": "def11673-d4ab-41a6-a37f-0c6846b96001",
  "fields": {
    "modified": "2015-12-14T23:41:57.562Z",
    "deleted": null,
    "created": "2015-12-14T23:41:57.562Z",
    "name": "ticket.status.draft"
  }
},
{
  "model": "ticket.ticketstatus",
  "pk": "def11673-d4ab-41a6-a37f-0c6846b96002",
  "fields": {
    "modified": "2015-12-14T23:41:57.568Z",
    "deleted": null,
    "created": "2015-12-14T23:41:57.568Z",
    "name": "ticket.status.new"
  }
},
{
  "model": "ticket.ticketstatus",
  "pk": "def11673-d4ab-41a6-a37f-0c6846b96003",
  "fields": {
    "modified": "2015-12-14T23:41:57.570Z",
    "deleted": null,
    "created": "2015-12-14T23:41:57.570Z",
    "name": "ticket.status.in_progress"
  }
},
{
  "model": "ticket.ticketstatus",
  "pk": "def11673-d4ab-41a6-a37f-0c6846b96004",
  "fields": {
    "modified": "2015-12-14T23:41:57.572Z",
    "deleted": null,
    "created": "2015-12-14T23:41:57.572Z",
    "name": "ticket.status.deferred"
  }
},
{
  "model": "ticket.ticketstatus",
  "pk": "def11673-d4ab-41a6-a37f-0c6846b96005",
  "fields": {
    "modified": "2015-12-14T23:41:57.574Z",
    "deleted": null,
    "created": "2015-12-14T23:41:57.574Z",
    "name": "ticket.status.denied"
  }
},
{
  "model": "ticket.ticketstatus",
  "pk": "def11673-d4ab-41a6-a37f-0c6846b96006",
  "fields": {
    "modified": "2015-12-14T23:41:57.577Z",
    "deleted": null,
    "created": "2015-12-14T23:41:57.577Z",
    "name": "ticket.status.problem_solved"
  }
},
{
  "model": "ticket.ticketstatus",
  "pk": "def11673-d4ab-41a6-a37f-0c6846b96007",
  "fields": {
    "modified": "2015-12-14T23:41:57.579Z",
    "deleted": null,
    "created": "2015-12-14T23:41:57.579Z",
    "name": "ticket.status.completed"
  }
},
{
  "model": "ticket.ticketstatus",
  "pk": "def11673-d4ab-41a6-a37f-0c6846b96008",
  "fields": {
    "modified": "2015-12-14T23:41:57.581Z",
    "deleted": null,
    "created": "2015-12-14T23:41:57.581Z",
    "name": "ticket.status.closed"
  }
},
{
  "model": "ticket.ticketstatus",
  "pk": "def11673-d4ab-41a6-a37f-0c6846b96009",
  "fields": {
    "modified": "2015-12-14T23:41:57.584Z",
    "deleted": null,
    "created": "2015-12-14T23:41:57.584Z",
    "name": "ticket.status.unsatisfactory_completion"
  }
},
{
  "model": "ticket.ticketpriority",
  "pk": "def21673-d4ab-41a6-a37f-0c6846b96001",
  "fields": {
    "modified": "2015-12-14T23:41:57.586Z",
    "deleted": null,
    "created": "2015-12-14T23:41:57.586Z",
    "name": "ticket.priority.emergency"
  }
},
{
  "model": "ticket.ticketpriority",
  "pk": "def21673-d4ab-41a6-a37f-0c6846b96002",
  "fields": {
    "modified": "2015-12-14T23:41:57.588Z",
    "deleted": null,
    "created": "2015-12-14T23:41:57.588Z",
    "name": "ticket.priority.high"
  }
},
{
  "model": "ticket.ticketpriority",
  "pk": "def21673-d4ab-41a6-a37f-0c6846b96003",
  "fields": {
    "modified": "2015-12-14T23:41:57.591Z",
    "deleted": null,
    "created": "2015-12-14T23:41:57.591Z",
    "name": "ticket.priority.medium"
  }
},
{
  "model": "ticket.ticketpriority",
  "pk": "def21673-d4ab-41a6-a37f-0c6846b96004",
  "fields": {
    "modified": "2015-12-14T23:41:57.593Z",
    "deleted": null,
    "created": "2015-12-14T23:41:57.593Z",
    "name": "ticket.priority.low"
  }
},
{
  "model": "ticket.ticket",
  "pk": "40f530c4-ce6c-4724-9cfd-37a16e787001",
  "fields": {
    "categories": [
      "24f530c4-ce6c-4724-9cfd-37a16e787014",
      "24f530c4-ce6c-4724-9cfd-37a16e787006",
      "24f530c4-ce6c-4724-9cfd-37a16e787001"
    ],
    "location": "107dcfd8-92d4-4b1c-8268-c64c935e7fcc",
    "deleted": null,
    "status": "def11673-d4ab-41a6-a37f-0c6846b96004",
    "request": "vhdyruEXOI",
    "priority": "def21673-d4ab-41a6-a37f-0c6846b96001",
    "number": 1,
    "modified": "2015-12-14T23:41:57.596Z",
    "cc": [
      "30f530c4-ce6c-4724-9cfd-37a16e787106"
    ],
    "created": "2015-12-14T23:41:57.596Z",
    "assignee": "30f530c4-ce6c-4724-9cfd-37a16e787067",
    "requester": "30f530c4-ce6c-4724-9cfd-37a16e787023"
  }
},
{
  "model": "ticket.ticket",
  "pk": "40f530c4-ce6c-4724-9cfd-37a16e787002",
  "fields": {
    "categories": [
      "24f530c4-ce6c-4724-9cfd-37a16e787014",
      "24f530c4-ce6c-4724-9cfd-37a16e787006",
      "24f530c4-ce6c-4724-9cfd-37a16e787001"
    ],
    "location": "107dcfd8-92d4-4b1c-8268-c64c935e7fcc",
    "deleted": null,
    "status": "def11673-d4ab-41a6-a37f-0c6846b96002",
    "request": "XbPJyAQLRd",
    "priority": "def21673-d4ab-41a6-a37f-0c6846b96002",
    "number": 2,
    "modified": "2015-12-14T23:41:57.651Z",
    "cc": [
      "30f530c4-ce6c-4724-9cfd-37a16e787002"
    ],
    "created": "2015-12-14T23:41:57.651Z",
    "assignee": "30f530c4-ce6c-4724-9cfd-37a16e787085",
    "requester": "30f530c4-ce6c-4724-9cfd-37a16e787079"
  }
},
{
  "model": "ticket.ticket",
  "pk": "40f530c4-ce6c-4724-9cfd-37a16e787003",
  "fields": {
    "categories": [
      "24f530c4-ce6c-4724-9cfd-37a16e787014",
      "24f530c4-ce6c-4724-9cfd-37a16e787006",
      "24f530c4-ce6c-4724-9cfd-37a16e787001"
    ],
    "location": "589145b7-a520-4954-8bb4-38d188b716b6",
    "deleted": null,
    "status": "def11673-d4ab-41a6-a37f-0c6846b96007",
    "request": "QzOwENQKny",
    "priority": "def21673-d4ab-41a6-a37f-0c6846b96001",
    "number": 3,
    "modified": "2015-12-14T23:41:57.702Z",
    "cc": [
      "30f530c4-ce6c-4724-9cfd-37a16e787137"
    ],
    "created": "2015-12-14T23:41:57.702Z",
    "assignee": "30f530c4-ce6c-4724-9cfd-37a16e787063",
    "requester": "30f530c4-ce6c-4724-9cfd-37a16e787150"
  }
},
{
  "model": "ticket.ticket",
  "pk": "40f530c4-ce6c-4724-9cfd-37a16e787004",
  "fields": {
    "categories": [
      "24f530c4-ce6c-4724-9cfd-37a16e787014",
      "24f530c4-ce6c-4724-9cfd-37a16e787006",
      "24f530c4-ce6c-4724-9cfd-37a16e787001"
    ],
    "location": "589145b7-a520-4954-8bb4-38d188b716b6",
    "deleted": null,
    "status": "def11673-d4ab-41a6-a37f-0c6846b96002",
    "request": "oJVEagfper",
    "priority": "def21673-d4ab-41a6-a37f-0c6846b96003",
    "number": 4,
    "modified": "2015-12-14T23:41:57.753Z",
    "cc": [
      "30f530c4-ce6c-4724-9cfd-37a16e787171"
    ],
    "created": "2015-12-14T23:41:57.753Z",
    "assignee": "30f530c4-ce6c-4724-9cfd-37a16e787167",
    "requester": "30f530c4-ce6c-4724-9cfd-37a16e787035"
  }
},
{
  "model": "ticket.ticket",
  "pk": "40f530c4-ce6c-4724-9cfd-37a16e787005",
  "fields": {
    "categories": [
      "24f530c4-ce6c-4724-9cfd-37a16e787014",
      "24f530c4-ce6c-4724-9cfd-37a16e787006",
      "24f530c4-ce6c-4724-9cfd-37a16e787001"
    ],
    "location": "a8283447-256c-4701-9dca-e85e952d31f3",
    "deleted": null,
    "status": "def11673-d4ab-41a6-a37f-0c6846b96003",
    "request": "dwWeCOVNEe",
    "priority": "def21673-d4ab-41a6-a37f-0c6846b96002",
    "number": 5,
    "modified": "2015-12-14T23:41:57.803Z",
    "cc": [
      "30f530c4-ce6c-4724-9cfd-37a16e787172"
    ],
    "created": "2015-12-14T23:41:57.803Z",
    "assignee": "30f530c4-ce6c-4724-9cfd-37a16e787173",
    "requester": "30f530c4-ce6c-4724-9cfd-37a16e787116"
  }
},
{
  "model": "ticket.ticket",
  "pk": "40f530c4-ce6c-4724-9cfd-37a16e787006",
  "fields": {
    "categories": [
      "24f530c4-ce6c-4724-9cfd-37a16e787014",
      "24f530c4-ce6c-4724-9cfd-37a16e787006",
      "24f530c4-ce6c-4724-9cfd-37a16e787001"
    ],
    "location": "f09e3733-699e-423d-8948-9a98aaf1951c",
    "deleted": null,
    "status": "def11673-d4ab-41a6-a37f-0c6846b96004",
    "request": "jlYIcewVcf",
    "priority": "def21673-d4ab-41a6-a37f-0c6846b96004",
    "number": 6,
    "modified": "2015-12-14T23:41:57.854Z",
    "cc": [
      "30f530c4-ce6c-4724-9cfd-37a16e787087"
    ],
    "created": "2015-12-14T23:41:57.854Z",
    "assignee": "30f530c4-ce6c-4724-9cfd-37a16e787105",
    "requester": "30f530c4-ce6c-4724-9cfd-37a16e787002"
  }
},
{
  "model": "ticket.ticket",
  "pk": "40f530c4-ce6c-4724-9cfd-37a16e787007",
  "fields": {
    "categories": [
      "24f530c4-ce6c-4724-9cfd-37a16e787014",
      "24f530c4-ce6c-4724-9cfd-37a16e787006",
      "24f530c4-ce6c-4724-9cfd-37a16e787001"
    ],
    "location": "9fa58029-0dbc-4c03-ad09-512298c7f6d4",
    "deleted": null,
    "status": "def11673-d4ab-41a6-a37f-0c6846b96003",
    "request": "fNxwYkAVTv",
    "priority": "def21673-d4ab-41a6-a37f-0c6846b96004",
    "number": 7,
    "modified": "2015-12-14T23:41:57.905Z",
    "cc": [
      "30f530c4-ce6c-4724-9cfd-37a16e787155"
    ],
    "created": "2015-12-14T23:41:57.905Z",
    "assignee": "30f530c4-ce6c-4724-9cfd-37a16e787171",
    "requester": "30f530c4-ce6c-4724-9cfd-37a16e787145"
  }
},
{
  "model": "ticket.ticket",
  "pk": "40f530c4-ce6c-4724-9cfd-37a16e787008",
  "fields": {
    "categories": [
      "24f530c4-ce6c-4724-9cfd-37a16e787014",
      "24f530c4-ce6c-4724-9cfd-37a16e787006",
      "24f530c4-ce6c-4724-9cfd-37a16e787001"
    ],
    "location": "589145b7-a520-4954-8bb4-38d188b716b6",
    "deleted": null,
    "status": "def11673-d4ab-41a6-a37f-0c6846b96004",
    "request": "VlqnXYTcWN",
    "priority": "def21673-d4ab-41a6-a37f-0c6846b96001",
    "number": 8,
    "modified": "2015-12-14T23:41:57.956Z",
    "cc": [
      "30f530c4-ce6c-4724-9cfd-37a16e787032"
    ],
    "created": "2015-12-14T23:41:57.956Z",
    "assignee": "30f530c4-ce6c-4724-9cfd-37a16e787130",
    "requester": "30f530c4-ce6c-4724-9cfd-37a16e787078"
  }
},
{
  "model": "ticket.ticket",
  "pk": "40f530c4-ce6c-4724-9cfd-37a16e787009",
  "fields": {
    "categories": [
      "24f530c4-ce6c-4724-9cfd-37a16e787014",
      "24f530c4-ce6c-4724-9cfd-37a16e787006",
      "24f530c4-ce6c-4724-9cfd-37a16e787001"
    ],
    "location": "dddd7e16-f57a-424f-847f-8bb938b43d0b",
    "deleted": null,
    "status": "def11673-d4ab-41a6-a37f-0c6846b96007",
    "request": "UXowSiFYgR",
    "priority": "def21673-d4ab-41a6-a37f-0c6846b96004",
    "number": 9,
    "modified": "2015-12-14T23:41:58.006Z",
    "cc": [
      "30f530c4-ce6c-4724-9cfd-37a16e787083"
    ],
    "created": "2015-12-14T23:41:58.006Z",
    "assignee": "30f530c4-ce6c-4724-9cfd-37a16e787145",
    "requester": "30f530c4-ce6c-4724-9cfd-37a16e787062"
  }
},
{
  "model": "ticket.ticket",
  "pk": "40f530c4-ce6c-4724-9cfd-37a16e787010",
  "fields": {
    "categories": [
      "24f530c4-ce6c-4724-9cfd-37a16e787014",
      "24f530c4-ce6c-4724-9cfd-37a16e787006",
      "24f530c4-ce6c-4724-9cfd-37a16e787001"
    ],
    "location": "1674e9cf-4ea9-4043-acbb-5545af11ed41",
    "deleted": null,
    "status": "def11673-d4ab-41a6-a37f-0c6846b96009",
    "request": "yCSPvqPceJ",
    "priority": "def21673-d4ab-41a6-a37f-0c6846b96003",
    "number": 10,
    "modified": "2015-12-14T23:41:58.056Z",
    "cc": [
      "30f530c4-ce6c-4724-9cfd-37a16e787011"
    ],
    "created": "2015-12-14T23:41:58.056Z",
    "assignee": "30f530c4-ce6c-4724-9cfd-37a16e787148",
    "requester": "30f530c4-ce6c-4724-9cfd-37a16e787078"
  }
},
{
  "model": "ticket.ticket",
  "pk": "40f530c4-ce6c-4724-9cfd-37a16e787011",
  "fields": {
    "categories": [
      "24f530c4-ce6c-4724-9cfd-37a16e787014",
      "24f530c4-ce6c-4724-9cfd-37a16e787006",
      "24f530c4-ce6c-4724-9cfd-37a16e787001"
    ],
    "location": "107dcfd8-92d4-4b1c-8268-c64c935e7fcc",
    "deleted": null,
    "status": "def11673-d4ab-41a6-a37f-0c6846b96004",
    "request": "FMTALWojrt",
    "priority": "def21673-d4ab-41a6-a37f-0c6846b96001",
    "number": 11,
    "modified": "2015-12-14T23:41:58.110Z",
    "cc": [
      "30f530c4-ce6c-4724-9cfd-37a16e787120"
    ],
    "created": "2015-12-14T23:41:58.110Z",
    "assignee": "30f530c4-ce6c-4724-9cfd-37a16e787053",
    "requester": "30f530c4-ce6c-4724-9cfd-37a16e787096"
  }
},
{
  "model": "ticket.ticket",
  "pk": "40f530c4-ce6c-4724-9cfd-37a16e787012",
  "fields": {
    "categories": [
      "24f530c4-ce6c-4724-9cfd-37a16e787014",
      "24f530c4-ce6c-4724-9cfd-37a16e787006",
      "24f530c4-ce6c-4724-9cfd-37a16e787001"
    ],
    "location": "589145b7-a520-4954-8bb4-38d188b716b6",
    "deleted": null,
    "status": "def11673-d4ab-41a6-a37f-0c6846b96003",
    "request": "xCpYdQwPdq",
    "priority": "def21673-d4ab-41a6-a37f-0c6846b96004",
    "number": 12,
    "modified": "2015-12-14T23:41:58.162Z",
    "cc": [
      "30f530c4-ce6c-4724-9cfd-37a16e787088"
    ],
    "created": "2015-12-14T23:41:58.162Z",
    "assignee": "30f530c4-ce6c-4724-9cfd-37a16e787168",
    "requester": "30f530c4-ce6c-4724-9cfd-37a16e787057"
  }
},
{
  "model": "ticket.ticket",
  "pk": "40f530c4-ce6c-4724-9cfd-37a16e787013",
  "fields": {
    "categories": [
      "24f530c4-ce6c-4724-9cfd-37a16e787014",
      "24f530c4-ce6c-4724-9cfd-37a16e787006",
      "24f530c4-ce6c-4724-9cfd-37a16e787001"
    ],
    "location": "9fa58029-0dbc-4c03-ad09-512298c7f6d4",
    "deleted": null,
    "status": "def11673-d4ab-41a6-a37f-0c6846b96003",
    "request": "xYWLiLAMBq",
    "priority": "def21673-d4ab-41a6-a37f-0c6846b96004",
    "number": 13,
    "modified": "2015-12-14T23:41:58.213Z",
    "cc": [
      "30f530c4-ce6c-4724-9cfd-37a16e787097"
    ],
    "created": "2015-12-14T23:41:58.213Z",
    "assignee": "30f530c4-ce6c-4724-9cfd-37a16e787114",
    "requester": "30f530c4-ce6c-4724-9cfd-37a16e787106"
  }
},
{
  "model": "ticket.ticket",
  "pk": "40f530c4-ce6c-4724-9cfd-37a16e787014",
  "fields": {
    "categories": [
      "24f530c4-ce6c-4724-9cfd-37a16e787014",
      "24f530c4-ce6c-4724-9cfd-37a16e787006",
      "24f530c4-ce6c-4724-9cfd-37a16e787001"
    ],
    "location": "589145b7-a520-4954-8bb4-38d188b716b6",
    "deleted": null,
    "status": "def11673-d4ab-41a6-a37f-0c6846b96003",
    "request": "pCJDVbtqmM",
    "priority": "def21673-d4ab-41a6-a37f-0c6846b96004",
    "number": 14,
    "modified": "2015-12-14T23:41:58.264Z",
    "cc": [
      "30f530c4-ce6c-4724-9cfd-37a16e787126"
    ],
    "created": "2015-12-14T23:41:58.264Z",
    "assignee": "30f530c4-ce6c-4724-9cfd-37a16e787174",
    "requester": "30f530c4-ce6c-4724-9cfd-37a16e787143"
  }
},
{
  "model": "ticket.ticket",
  "pk": "40f530c4-ce6c-4724-9cfd-37a16e787015",
  "fields": {
    "categories": [
      "24f530c4-ce6c-4724-9cfd-37a16e787014",
      "24f530c4-ce6c-4724-9cfd-37a16e787006",
      "24f530c4-ce6c-4724-9cfd-37a16e787001"
    ],
    "location": "a8283447-256c-4701-9dca-e85e952d31f3",
    "deleted": null,
    "status": "def11673-d4ab-41a6-a37f-0c6846b96004",
    "request": "jfvcbVkoZE",
    "priority": "def21673-d4ab-41a6-a37f-0c6846b96004",
    "number": 15,
    "modified": "2015-12-14T23:41:58.315Z",
    "cc": [
      "30f530c4-ce6c-4724-9cfd-37a16e787042"
    ],
    "created": "2015-12-14T23:41:58.315Z",
    "assignee": "30f530c4-ce6c-4724-9cfd-37a16e787085",
    "requester": "30f530c4-ce6c-4724-9cfd-37a16e787039"
  }
},
{
  "model": "ticket.ticket",
  "pk": "40f530c4-ce6c-4724-9cfd-37a16e787016",
  "fields": {
    "categories": [
      "24f530c4-ce6c-4724-9cfd-37a16e787014",
      "24f530c4-ce6c-4724-9cfd-37a16e787006",
      "24f530c4-ce6c-4724-9cfd-37a16e787001"
    ],
    "location": "1674e9cf-4ea9-4043-acbb-5545af11ed41",
    "deleted": null,
    "status": "def11673-d4ab-41a6-a37f-0c6846b96005",
    "request": "dzJyhCFNui",
    "priority": "def21673-d4ab-41a6-a37f-0c6846b96002",
    "number": 16,
    "modified": "2015-12-14T23:41:58.366Z",
    "cc": [
      "30f530c4-ce6c-4724-9cfd-37a16e787040"
    ],
    "created": "2015-12-14T23:41:58.366Z",
    "assignee": "30f530c4-ce6c-4724-9cfd-37a16e787090",
    "requester": "30f530c4-ce6c-4724-9cfd-37a16e787032"
  }
},
{
  "model": "ticket.ticket",
  "pk": "40f530c4-ce6c-4724-9cfd-37a16e787017",
  "fields": {
    "categories": [
      "24f530c4-ce6c-4724-9cfd-37a16e787014",
      "24f530c4-ce6c-4724-9cfd-37a16e787006",
      "24f530c4-ce6c-4724-9cfd-37a16e787001"
    ],
    "location": "0e75c4bb-1a11-451f-a8ef-4311df235c26",
    "deleted": null,
    "status": "def11673-d4ab-41a6-a37f-0c6846b96004",
    "request": "jdNdEvfGwF",
    "priority": "def21673-d4ab-41a6-a37f-0c6846b96002",
    "number": 17,
    "modified": "2015-12-14T23:41:58.416Z",
    "cc": [
      "30f530c4-ce6c-4724-9cfd-37a16e787056"
    ],
    "created": "2015-12-14T23:41:58.416Z",
    "assignee": "30f530c4-ce6c-4724-9cfd-37a16e787120",
    "requester": "30f530c4-ce6c-4724-9cfd-37a16e787020"
  }
},
{
  "model": "ticket.ticket",
  "pk": "40f530c4-ce6c-4724-9cfd-37a16e787018",
  "fields": {
    "categories": [
      "24f530c4-ce6c-4724-9cfd-37a16e787014",
      "24f530c4-ce6c-4724-9cfd-37a16e787006",
      "24f530c4-ce6c-4724-9cfd-37a16e787001"
    ],
    "location": "1674e9cf-4ea9-4043-acbb-5545af11ed41",
    "deleted": null,
    "status": "def11673-d4ab-41a6-a37f-0c6846b96009",
    "request": "mSOZnGQjYB",
    "priority": "def21673-d4ab-41a6-a37f-0c6846b96003",
    "number": 18,
    "modified": "2015-12-14T23:41:58.467Z",
    "cc": [
      "30f530c4-ce6c-4724-9cfd-37a16e787092"
    ],
    "created": "2015-12-14T23:41:58.467Z",
    "assignee": "30f530c4-ce6c-4724-9cfd-37a16e787084",
    "requester": "30f530c4-ce6c-4724-9cfd-37a16e787180"
  }
},
{
  "model": "ticket.ticket",
  "pk": "40f530c4-ce6c-4724-9cfd-37a16e787019",
  "fields": {
    "categories": [
      "24f530c4-ce6c-4724-9cfd-37a16e787014",
      "24f530c4-ce6c-4724-9cfd-37a16e787006",
      "24f530c4-ce6c-4724-9cfd-37a16e787001"
    ],
    "location": "107dcfd8-92d4-4b1c-8268-c64c935e7fcc",
    "deleted": null,
    "status": "def11673-d4ab-41a6-a37f-0c6846b96004",
    "request": "gDNqEbyVmA",
    "priority": "def21673-d4ab-41a6-a37f-0c6846b96004",
    "number": 19,
    "modified": "2015-12-14T23:41:58.517Z",
    "cc": [
      "30f530c4-ce6c-4724-9cfd-37a16e787064"
    ],
    "created": "2015-12-14T23:41:58.517Z",
    "assignee": "30f530c4-ce6c-4724-9cfd-37a16e787076",
    "requester": "30f530c4-ce6c-4724-9cfd-37a16e787064"
  }
},
{
  "model": "ticket.ticket",
  "pk": "40f530c4-ce6c-4724-9cfd-37a16e787020",
  "fields": {
    "categories": [
      "24f530c4-ce6c-4724-9cfd-37a16e787014",
      "24f530c4-ce6c-4724-9cfd-37a16e787006",
      "24f530c4-ce6c-4724-9cfd-37a16e787001"
    ],
    "location": "a8283447-256c-4701-9dca-e85e952d31f3",
    "deleted": null,
    "status": "def11673-d4ab-41a6-a37f-0c6846b96004",
    "request": "arTKqKfQsS",
    "priority": "def21673-d4ab-41a6-a37f-0c6846b96004",
    "number": 20,
    "modified": "2015-12-14T23:41:58.568Z",
    "cc": [
      "30f530c4-ce6c-4724-9cfd-37a16e787019"
    ],
    "created": "2015-12-14T23:41:58.568Z",
    "assignee": "30f530c4-ce6c-4724-9cfd-37a16e787133",
    "requester": "30f530c4-ce6c-4724-9cfd-37a16e787132"
  }
},
{
  "model": "ticket.ticket",
  "pk": "40f530c4-ce6c-4724-9cfd-37a16e787021",
  "fields": {
    "categories": [
      "24f530c4-ce6c-4724-9cfd-37a16e787014",
      "24f530c4-ce6c-4724-9cfd-37a16e787006",
      "24f530c4-ce6c-4724-9cfd-37a16e787001"
    ],
    "location": "1674e9cf-4ea9-4043-acbb-5545af11ed41",
    "deleted": null,
    "status": "def11673-d4ab-41a6-a37f-0c6846b96006",
    "request": "azIncVoVmw",
    "priority": "def21673-d4ab-41a6-a37f-0c6846b96001",
    "number": 21,
    "modified": "2015-12-14T23:41:58.618Z",
    "cc": [
      "30f530c4-ce6c-4724-9cfd-37a16e787168"
    ],
    "created": "2015-12-14T23:41:58.618Z",
    "assignee": "30f530c4-ce6c-4724-9cfd-37a16e787006",
    "requester": "30f530c4-ce6c-4724-9cfd-37a16e787186"
  }
},
{
  "model": "ticket.ticket",
  "pk": "40f530c4-ce6c-4724-9cfd-37a16e787022",
  "fields": {
    "categories": [
      "24f530c4-ce6c-4724-9cfd-37a16e787014",
      "24f530c4-ce6c-4724-9cfd-37a16e787006",
      "24f530c4-ce6c-4724-9cfd-37a16e787001"
    ],
    "location": "107dcfd8-92d4-4b1c-8268-c64c935e7fcc",
    "deleted": null,
    "status": "def11673-d4ab-41a6-a37f-0c6846b96004",
    "request": "dInnjPpgQE",
    "priority": "def21673-d4ab-41a6-a37f-0c6846b96002",
    "number": 22,
    "modified": "2015-12-14T23:41:58.669Z",
    "cc": [
      "30f530c4-ce6c-4724-9cfd-37a16e787047"
    ],
    "created": "2015-12-14T23:41:58.669Z",
    "assignee": "30f530c4-ce6c-4724-9cfd-37a16e787095",
    "requester": "30f530c4-ce6c-4724-9cfd-37a16e787088"
  }
},
{
  "model": "ticket.ticket",
  "pk": "40f530c4-ce6c-4724-9cfd-37a16e787023",
  "fields": {
    "categories": [
      "24f530c4-ce6c-4724-9cfd-37a16e787014",
      "24f530c4-ce6c-4724-9cfd-37a16e787006",
      "24f530c4-ce6c-4724-9cfd-37a16e787001"
    ],
    "location": "dddd7e16-f57a-424f-847f-8bb938b43d0b",
    "deleted": null,
    "status": "def11673-d4ab-41a6-a37f-0c6846b96006",
    "request": "ddmrlxdCyx",
    "priority": "def21673-d4ab-41a6-a37f-0c6846b96001",
    "number": 23,
    "modified": "2015-12-14T23:41:58.719Z",
    "cc": [
      "30f530c4-ce6c-4724-9cfd-37a16e787046"
    ],
    "created": "2015-12-14T23:41:58.719Z",
    "assignee": "30f530c4-ce6c-4724-9cfd-37a16e787050",
    "requester": "30f530c4-ce6c-4724-9cfd-37a16e787070"
  }
},
{
  "model": "ticket.ticket",
  "pk": "40f530c4-ce6c-4724-9cfd-37a16e787024",
  "fields": {
    "categories": [
      "24f530c4-ce6c-4724-9cfd-37a16e787014",
      "24f530c4-ce6c-4724-9cfd-37a16e787006",
      "24f530c4-ce6c-4724-9cfd-37a16e787001"
    ],
    "location": "589145b7-a520-4954-8bb4-38d188b716b6",
    "deleted": null,
    "status": "def11673-d4ab-41a6-a37f-0c6846b96008",
    "request": "YgFviqxMfE",
    "priority": "def21673-d4ab-41a6-a37f-0c6846b96001",
    "number": 24,
    "modified": "2015-12-14T23:41:58.769Z",
    "cc": [
      "30f530c4-ce6c-4724-9cfd-37a16e787020"
    ],
    "created": "2015-12-14T23:41:58.769Z",
    "assignee": "30f530c4-ce6c-4724-9cfd-37a16e787136",
    "requester": "30f530c4-ce6c-4724-9cfd-37a16e787170"
  }
},
{
  "model": "ticket.ticket",
  "pk": "40f530c4-ce6c-4724-9cfd-37a16e787025",
  "fields": {
    "categories": [
      "24f530c4-ce6c-4724-9cfd-37a16e787014",
      "24f530c4-ce6c-4724-9cfd-37a16e787006",
      "24f530c4-ce6c-4724-9cfd-37a16e787001"
    ],
    "location": "a8283447-256c-4701-9dca-e85e952d31f3",
    "deleted": null,
    "status": "def11673-d4ab-41a6-a37f-0c6846b96007",
    "request": "bvuaogyYZh",
    "priority": "def21673-d4ab-41a6-a37f-0c6846b96004",
    "number": 25,
    "modified": "2015-12-14T23:41:58.819Z",
    "cc": [
      "30f530c4-ce6c-4724-9cfd-37a16e787102"
    ],
    "created": "2015-12-14T23:41:58.819Z",
    "assignee": "30f530c4-ce6c-4724-9cfd-37a16e787145",
    "requester": "30f530c4-ce6c-4724-9cfd-37a16e787120"
  }
},
{
  "model": "ticket.ticket",
  "pk": "40f530c4-ce6c-4724-9cfd-37a16e787026",
  "fields": {
    "categories": [
      "24f530c4-ce6c-4724-9cfd-37a16e787014",
      "24f530c4-ce6c-4724-9cfd-37a16e787006",
      "24f530c4-ce6c-4724-9cfd-37a16e787001"
    ],
    "location": "1674e9cf-4ea9-4043-acbb-5545af11ed41",
    "deleted": null,
    "status": "def11673-d4ab-41a6-a37f-0c6846b96008",
    "request": "yQCUkYYlSI",
    "priority": "def21673-d4ab-41a6-a37f-0c6846b96002",
    "number": 26,
    "modified": "2015-12-14T23:41:58.871Z",
    "cc": [
      "30f530c4-ce6c-4724-9cfd-37a16e787014"
    ],
    "created": "2015-12-14T23:41:58.871Z",
    "assignee": "30f530c4-ce6c-4724-9cfd-37a16e787130",
    "requester": "30f530c4-ce6c-4724-9cfd-37a16e787152"
  }
},
{
  "model": "ticket.ticket",
  "pk": "40f530c4-ce6c-4724-9cfd-37a16e787027",
  "fields": {
    "categories": [
      "24f530c4-ce6c-4724-9cfd-37a16e787014",
      "24f530c4-ce6c-4724-9cfd-37a16e787006",
      "24f530c4-ce6c-4724-9cfd-37a16e787001"
    ],
    "location": "1674e9cf-4ea9-4043-acbb-5545af11ed41",
    "deleted": null,
    "status": "def11673-d4ab-41a6-a37f-0c6846b96007",
    "request": "LUxaPjxZuI",
    "priority": "def21673-d4ab-41a6-a37f-0c6846b96003",
    "number": 27,
    "modified": "2015-12-14T23:41:58.921Z",
    "cc": [
      "30f530c4-ce6c-4724-9cfd-37a16e787110"
    ],
    "created": "2015-12-14T23:41:58.921Z",
    "assignee": "30f530c4-ce6c-4724-9cfd-37a16e787101",
    "requester": "30f530c4-ce6c-4724-9cfd-37a16e787044"
  }
},
{
  "model": "ticket.ticket",
  "pk": "40f530c4-ce6c-4724-9cfd-37a16e787028",
  "fields": {
    "categories": [
      "24f530c4-ce6c-4724-9cfd-37a16e787014",
      "24f530c4-ce6c-4724-9cfd-37a16e787006",
      "24f530c4-ce6c-4724-9cfd-37a16e787001"
    ],
    "location": "dddd7e16-f57a-424f-847f-8bb938b43d0b",
    "deleted": null,
    "status": "def11673-d4ab-41a6-a37f-0c6846b96004",
    "request": "mcysSdwlVa",
    "priority": "def21673-d4ab-41a6-a37f-0c6846b96004",
    "number": 28,
    "modified": "2015-12-14T23:41:58.972Z",
    "cc": [
      "30f530c4-ce6c-4724-9cfd-37a16e787069"
    ],
    "created": "2015-12-14T23:41:58.972Z",
    "assignee": "30f530c4-ce6c-4724-9cfd-37a16e787175",
    "requester": "30f530c4-ce6c-4724-9cfd-37a16e787053"
  }
},
{
  "model": "ticket.ticket",
  "pk": "40f530c4-ce6c-4724-9cfd-37a16e787029",
  "fields": {
    "categories": [
      "24f530c4-ce6c-4724-9cfd-37a16e787014",
      "24f530c4-ce6c-4724-9cfd-37a16e787006",
      "24f530c4-ce6c-4724-9cfd-37a16e787001"
    ],
    "location": "1674e9cf-4ea9-4043-acbb-5545af11ed41",
    "deleted": null,
    "status": "def11673-d4ab-41a6-a37f-0c6846b96003",
    "request": "DGabdjOtOm",
    "priority": "def21673-d4ab-41a6-a37f-0c6846b96002",
    "number": 29,
    "modified": "2015-12-14T23:41:59.023Z",
    "cc": [
      "30f530c4-ce6c-4724-9cfd-37a16e787171"
    ],
    "created": "2015-12-14T23:41:59.023Z",
    "assignee": "30f530c4-ce6c-4724-9cfd-37a16e787063",
    "requester": "30f530c4-ce6c-4724-9cfd-37a16e787095"
  }
},
{
  "model": "ticket.ticket",
  "pk": "40f530c4-ce6c-4724-9cfd-37a16e787030",
  "fields": {
    "categories": [
      "24f530c4-ce6c-4724-9cfd-37a16e787014",
      "24f530c4-ce6c-4724-9cfd-37a16e787006",
      "24f530c4-ce6c-4724-9cfd-37a16e787001"
    ],
    "location": "f09e3733-699e-423d-8948-9a98aaf1951c",
    "deleted": null,
    "status": "def11673-d4ab-41a6-a37f-0c6846b96004",
    "request": "guLlVwHBfH",
    "priority": "def21673-d4ab-41a6-a37f-0c6846b96004",
    "number": 30,
    "modified": "2015-12-14T23:41:59.092Z",
    "cc": [
      "30f530c4-ce6c-4724-9cfd-37a16e787174"
    ],
    "created": "2015-12-14T23:41:59.092Z",
    "assignee": "30f530c4-ce6c-4724-9cfd-37a16e787099",
    "requester": "30f530c4-ce6c-4724-9cfd-37a16e787088"
  }
},
{
  "model": "ticket.ticket",
  "pk": "40f530c4-ce6c-4724-9cfd-37a16e787031",
  "fields": {
    "categories": [
      "24f530c4-ce6c-4724-9cfd-37a16e787014",
      "24f530c4-ce6c-4724-9cfd-37a16e787006",
      "24f530c4-ce6c-4724-9cfd-37a16e787001"
    ],
    "location": "f09e3733-699e-423d-8948-9a98aaf1951c",
    "deleted": null,
    "status": "def11673-d4ab-41a6-a37f-0c6846b96001",
    "request": "VonyjhaLyz",
    "priority": "def21673-d4ab-41a6-a37f-0c6846b96004",
    "number": 31,
    "modified": "2015-12-14T23:41:59.145Z",
    "cc": [
      "30f530c4-ce6c-4724-9cfd-37a16e787065"
    ],
    "created": "2015-12-14T23:41:59.145Z",
    "assignee": "30f530c4-ce6c-4724-9cfd-37a16e787039",
    "requester": "30f530c4-ce6c-4724-9cfd-37a16e787081"
  }
},
{
  "model": "ticket.ticket",
  "pk": "40f530c4-ce6c-4724-9cfd-37a16e787032",
  "fields": {
    "categories": [
      "24f530c4-ce6c-4724-9cfd-37a16e787014",
      "24f530c4-ce6c-4724-9cfd-37a16e787006",
      "24f530c4-ce6c-4724-9cfd-37a16e787001"
    ],
    "location": "1674e9cf-4ea9-4043-acbb-5545af11ed41",
    "deleted": null,
    "status": "def11673-d4ab-41a6-a37f-0c6846b96004",
    "request": "usfpRKNqgF",
    "priority": "def21673-d4ab-41a6-a37f-0c6846b96004",
    "number": 32,
    "modified": "2015-12-14T23:41:59.195Z",
    "cc": [
      "30f530c4-ce6c-4724-9cfd-37a16e787128"
    ],
    "created": "2015-12-14T23:41:59.195Z",
    "assignee": "30f530c4-ce6c-4724-9cfd-37a16e787094",
    "requester": "30f530c4-ce6c-4724-9cfd-37a16e787067"
  }
},
{
  "model": "ticket.ticket",
  "pk": "40f530c4-ce6c-4724-9cfd-37a16e787033",
  "fields": {
    "categories": [
      "24f530c4-ce6c-4724-9cfd-37a16e787014",
      "24f530c4-ce6c-4724-9cfd-37a16e787006",
      "24f530c4-ce6c-4724-9cfd-37a16e787001"
    ],
    "location": "1674e9cf-4ea9-4043-acbb-5545af11ed41",
    "deleted": null,
    "status": "def11673-d4ab-41a6-a37f-0c6846b96004",
    "request": "ZPOWBUGagM",
    "priority": "def21673-d4ab-41a6-a37f-0c6846b96001",
    "number": 33,
    "modified": "2015-12-14T23:41:59.246Z",
    "cc": [
      "30f530c4-ce6c-4724-9cfd-37a16e787053"
    ],
    "created": "2015-12-14T23:41:59.246Z",
    "assignee": "30f530c4-ce6c-4724-9cfd-37a16e787169",
    "requester": "30f530c4-ce6c-4724-9cfd-37a16e787070"
  }
},
{
  "model": "ticket.ticket",
  "pk": "40f530c4-ce6c-4724-9cfd-37a16e787034",
  "fields": {
    "categories": [
      "24f530c4-ce6c-4724-9cfd-37a16e787014",
      "24f530c4-ce6c-4724-9cfd-37a16e787006",
      "24f530c4-ce6c-4724-9cfd-37a16e787001"
    ],
    "location": "dddd7e16-f57a-424f-847f-8bb938b43d0b",
    "deleted": null,
    "status": "def11673-d4ab-41a6-a37f-0c6846b96007",
    "request": "dYwgEEEXZB",
    "priority": "def21673-d4ab-41a6-a37f-0c6846b96001",
    "number": 34,
    "modified": "2015-12-14T23:41:59.296Z",
    "cc": [
      "30f530c4-ce6c-4724-9cfd-37a16e787135"
    ],
    "created": "2015-12-14T23:41:59.296Z",
    "assignee": "30f530c4-ce6c-4724-9cfd-37a16e787042",
    "requester": "30f530c4-ce6c-4724-9cfd-37a16e787094"
  }
},
{
  "model": "ticket.ticket",
  "pk": "40f530c4-ce6c-4724-9cfd-37a16e787035",
  "fields": {
    "categories": [
      "24f530c4-ce6c-4724-9cfd-37a16e787014",
      "24f530c4-ce6c-4724-9cfd-37a16e787006",
      "24f530c4-ce6c-4724-9cfd-37a16e787001"
    ],
    "location": "a8283447-256c-4701-9dca-e85e952d31f3",
    "deleted": null,
    "status": "def11673-d4ab-41a6-a37f-0c6846b96003",
    "request": "GGIAYBRJRD",
    "priority": "def21673-d4ab-41a6-a37f-0c6846b96004",
    "number": 35,
    "modified": "2015-12-14T23:41:59.346Z",
    "cc": [
      "30f530c4-ce6c-4724-9cfd-37a16e787087"
    ],
    "created": "2015-12-14T23:41:59.346Z",
    "assignee": "30f530c4-ce6c-4724-9cfd-37a16e787007",
    "requester": "30f530c4-ce6c-4724-9cfd-37a16e787114"
  }
},
{
  "model": "ticket.ticket",
  "pk": "40f530c4-ce6c-4724-9cfd-37a16e787036",
  "fields": {
    "categories": [
      "24f530c4-ce6c-4724-9cfd-37a16e787014",
      "24f530c4-ce6c-4724-9cfd-37a16e787006",
      "24f530c4-ce6c-4724-9cfd-37a16e787001"
    ],
    "location": "0e75c4bb-1a11-451f-a8ef-4311df235c26",
    "deleted": null,
    "status": "def11673-d4ab-41a6-a37f-0c6846b96005",
    "request": "aiuOEsdzzL",
    "priority": "def21673-d4ab-41a6-a37f-0c6846b96003",
    "number": 36,
    "modified": "2015-12-14T23:41:59.397Z",
    "cc": [
      "30f530c4-ce6c-4724-9cfd-37a16e787047"
    ],
    "created": "2015-12-14T23:41:59.397Z",
    "assignee": "30f530c4-ce6c-4724-9cfd-37a16e787004",
    "requester": "30f530c4-ce6c-4724-9cfd-37a16e787143"
  }
},
{
  "model": "ticket.ticket",
  "pk": "40f530c4-ce6c-4724-9cfd-37a16e787037",
  "fields": {
    "categories": [
      "24f530c4-ce6c-4724-9cfd-37a16e787014",
      "24f530c4-ce6c-4724-9cfd-37a16e787006",
      "24f530c4-ce6c-4724-9cfd-37a16e787001"
    ],
    "location": "0e75c4bb-1a11-451f-a8ef-4311df235c26",
    "deleted": null,
    "status": "def11673-d4ab-41a6-a37f-0c6846b96008",
    "request": "aCTMHMJIWy",
    "priority": "def21673-d4ab-41a6-a37f-0c6846b96002",
    "number": 37,
    "modified": "2015-12-14T23:41:59.447Z",
    "cc": [
      "30f530c4-ce6c-4724-9cfd-37a16e787185"
    ],
    "created": "2015-12-14T23:41:59.447Z",
    "assignee": "30f530c4-ce6c-4724-9cfd-37a16e787181",
    "requester": "30f530c4-ce6c-4724-9cfd-37a16e787027"
  }
},
{
  "model": "ticket.ticket",
  "pk": "40f530c4-ce6c-4724-9cfd-37a16e787038",
  "fields": {
    "categories": [
      "24f530c4-ce6c-4724-9cfd-37a16e787014",
      "24f530c4-ce6c-4724-9cfd-37a16e787006",
      "24f530c4-ce6c-4724-9cfd-37a16e787001"
    ],
    "location": "1674e9cf-4ea9-4043-acbb-5545af11ed41",
    "deleted": null,
    "status": "def11673-d4ab-41a6-a37f-0c6846b96003",
    "request": "jpyGwJUioh",
    "priority": "def21673-d4ab-41a6-a37f-0c6846b96003",
    "number": 38,
    "modified": "2015-12-14T23:41:59.497Z",
    "cc": [
      "30f530c4-ce6c-4724-9cfd-37a16e787092"
    ],
    "created": "2015-12-14T23:41:59.497Z",
    "assignee": "30f530c4-ce6c-4724-9cfd-37a16e787098",
    "requester": "30f530c4-ce6c-4724-9cfd-37a16e787027"
  }
},
{
  "model": "ticket.ticket",
  "pk": "40f530c4-ce6c-4724-9cfd-37a16e787039",
  "fields": {
    "categories": [
      "24f530c4-ce6c-4724-9cfd-37a16e787014",
      "24f530c4-ce6c-4724-9cfd-37a16e787006",
      "24f530c4-ce6c-4724-9cfd-37a16e787001"
    ],
    "location": "f09e3733-699e-423d-8948-9a98aaf1951c",
    "deleted": null,
    "status": "def11673-d4ab-41a6-a37f-0c6846b96002",
    "request": "auWfMySoep",
    "priority": "def21673-d4ab-41a6-a37f-0c6846b96003",
    "number": 39,
    "modified": "2015-12-14T23:41:59.549Z",
    "cc": [
      "30f530c4-ce6c-4724-9cfd-37a16e787095"
    ],
    "created": "2015-12-14T23:41:59.548Z",
    "assignee": "30f530c4-ce6c-4724-9cfd-37a16e787169",
    "requester": "30f530c4-ce6c-4724-9cfd-37a16e787149"
  }
},
{
  "model": "ticket.ticket",
  "pk": "40f530c4-ce6c-4724-9cfd-37a16e787040",
  "fields": {
    "categories": [
      "24f530c4-ce6c-4724-9cfd-37a16e787014",
      "24f530c4-ce6c-4724-9cfd-37a16e787006",
      "24f530c4-ce6c-4724-9cfd-37a16e787001"
    ],
    "location": "f09e3733-699e-423d-8948-9a98aaf1951c",
    "deleted": null,
    "status": "def11673-d4ab-41a6-a37f-0c6846b96006",
    "request": "arwxpbKFYF",
    "priority": "def21673-d4ab-41a6-a37f-0c6846b96002",
    "number": 40,
    "modified": "2015-12-14T23:41:59.599Z",
    "cc": [
      "30f530c4-ce6c-4724-9cfd-37a16e787011"
    ],
    "created": "2015-12-14T23:41:59.599Z",
    "assignee": "30f530c4-ce6c-4724-9cfd-37a16e787161",
    "requester": "30f530c4-ce6c-4724-9cfd-37a16e787165"
  }
},
{
  "model": "ticket.ticket",
  "pk": "40f530c4-ce6c-4724-9cfd-37a16e787041",
  "fields": {
    "categories": [
      "24f530c4-ce6c-4724-9cfd-37a16e787014",
      "24f530c4-ce6c-4724-9cfd-37a16e787006",
      "24f530c4-ce6c-4724-9cfd-37a16e787001"
    ],
    "location": "f09e3733-699e-423d-8948-9a98aaf1951c",
    "deleted": null,
    "status": "def11673-d4ab-41a6-a37f-0c6846b96001",
    "request": "GOYcZydTMv",
    "priority": "def21673-d4ab-41a6-a37f-0c6846b96004",
    "number": 41,
    "modified": "2015-12-14T23:41:59.649Z",
    "cc": [
      "30f530c4-ce6c-4724-9cfd-37a16e787044"
    ],
    "created": "2015-12-14T23:41:59.649Z",
    "assignee": "30f530c4-ce6c-4724-9cfd-37a16e787116",
    "requester": "30f530c4-ce6c-4724-9cfd-37a16e787069"
  }
},
{
  "model": "ticket.ticket",
  "pk": "40f530c4-ce6c-4724-9cfd-37a16e787042",
  "fields": {
    "categories": [
      "24f530c4-ce6c-4724-9cfd-37a16e787014",
      "24f530c4-ce6c-4724-9cfd-37a16e787006",
      "24f530c4-ce6c-4724-9cfd-37a16e787001"
    ],
    "location": "dddd7e16-f57a-424f-847f-8bb938b43d0b",
    "deleted": null,
    "status": "def11673-d4ab-41a6-a37f-0c6846b96007",
    "request": "KYBJwwMitm",
    "priority": "def21673-d4ab-41a6-a37f-0c6846b96002",
    "number": 42,
    "modified": "2015-12-14T23:41:59.700Z",
    "cc": [
      "30f530c4-ce6c-4724-9cfd-37a16e787165"
    ],
    "created": "2015-12-14T23:41:59.700Z",
    "assignee": "30f530c4-ce6c-4724-9cfd-37a16e787021",
    "requester": "30f530c4-ce6c-4724-9cfd-37a16e787027"
  }
},
{
  "model": "ticket.ticket",
  "pk": "40f530c4-ce6c-4724-9cfd-37a16e787043",
  "fields": {
    "categories": [
      "24f530c4-ce6c-4724-9cfd-37a16e787014",
      "24f530c4-ce6c-4724-9cfd-37a16e787006",
      "24f530c4-ce6c-4724-9cfd-37a16e787001"
    ],
    "location": "0e75c4bb-1a11-451f-a8ef-4311df235c26",
    "deleted": null,
    "status": "def11673-d4ab-41a6-a37f-0c6846b96007",
    "request": "bbiuABkjEv",
    "priority": "def21673-d4ab-41a6-a37f-0c6846b96002",
    "number": 43,
    "modified": "2015-12-14T23:41:59.751Z",
    "cc": [
      "30f530c4-ce6c-4724-9cfd-37a16e787005"
    ],
    "created": "2015-12-14T23:41:59.751Z",
    "assignee": "30f530c4-ce6c-4724-9cfd-37a16e787100",
    "requester": "30f530c4-ce6c-4724-9cfd-37a16e787046"
  }
},
{
  "model": "ticket.ticket",
  "pk": "40f530c4-ce6c-4724-9cfd-37a16e787044",
  "fields": {
    "categories": [
      "24f530c4-ce6c-4724-9cfd-37a16e787014",
      "24f530c4-ce6c-4724-9cfd-37a16e787006",
      "24f530c4-ce6c-4724-9cfd-37a16e787001"
    ],
    "location": "a8283447-256c-4701-9dca-e85e952d31f3",
    "deleted": null,
    "status": "def11673-d4ab-41a6-a37f-0c6846b96005",
    "request": "rUExWFFjqB",
    "priority": "def21673-d4ab-41a6-a37f-0c6846b96004",
    "number": 44,
    "modified": "2015-12-14T23:41:59.801Z",
    "cc": [
      "30f530c4-ce6c-4724-9cfd-37a16e787114"
    ],
    "created": "2015-12-14T23:41:59.801Z",
    "assignee": "30f530c4-ce6c-4724-9cfd-37a16e787001",
    "requester": "30f530c4-ce6c-4724-9cfd-37a16e787041"
  }
},
{
  "model": "ticket.ticket",
  "pk": "40f530c4-ce6c-4724-9cfd-37a16e787045",
  "fields": {
    "categories": [
      "24f530c4-ce6c-4724-9cfd-37a16e787014",
      "24f530c4-ce6c-4724-9cfd-37a16e787006",
      "24f530c4-ce6c-4724-9cfd-37a16e787001"
    ],
    "location": "dddd7e16-f57a-424f-847f-8bb938b43d0b",
    "deleted": null,
    "status": "def11673-d4ab-41a6-a37f-0c6846b96008",
    "request": "vaGoYKANoD",
    "priority": "def21673-d4ab-41a6-a37f-0c6846b96003",
    "number": 45,
    "modified": "2015-12-14T23:41:59.855Z",
    "cc": [
      "30f530c4-ce6c-4724-9cfd-37a16e787152"
    ],
    "created": "2015-12-14T23:41:59.855Z",
    "assignee": "30f530c4-ce6c-4724-9cfd-37a16e787072",
    "requester": "30f530c4-ce6c-4724-9cfd-37a16e787146"
  }
},
{
  "model": "ticket.ticket",
  "pk": "40f530c4-ce6c-4724-9cfd-37a16e787046",
  "fields": {
    "categories": [
      "24f530c4-ce6c-4724-9cfd-37a16e787014",
      "24f530c4-ce6c-4724-9cfd-37a16e787006",
      "24f530c4-ce6c-4724-9cfd-37a16e787001"
    ],
    "location": "0e75c4bb-1a11-451f-a8ef-4311df235c26",
    "deleted": null,
    "status": "def11673-d4ab-41a6-a37f-0c6846b96001",
    "request": "xgbicWYPbT",
    "priority": "def21673-d4ab-41a6-a37f-0c6846b96004",
    "number": 46,
    "modified": "2015-12-14T23:41:59.905Z",
    "cc": [
      "30f530c4-ce6c-4724-9cfd-37a16e787083"
    ],
    "created": "2015-12-14T23:41:59.905Z",
    "assignee": "30f530c4-ce6c-4724-9cfd-37a16e787085",
    "requester": "30f530c4-ce6c-4724-9cfd-37a16e787067"
  }
},
{
  "model": "ticket.ticket",
  "pk": "40f530c4-ce6c-4724-9cfd-37a16e787047",
  "fields": {
    "categories": [
      "24f530c4-ce6c-4724-9cfd-37a16e787014",
      "24f530c4-ce6c-4724-9cfd-37a16e787006",
      "24f530c4-ce6c-4724-9cfd-37a16e787001"
    ],
    "location": "dddd7e16-f57a-424f-847f-8bb938b43d0b",
    "deleted": null,
    "status": "def11673-d4ab-41a6-a37f-0c6846b96008",
    "request": "cmWUzZqRGi",
    "priority": "def21673-d4ab-41a6-a37f-0c6846b96003",
    "number": 47,
    "modified": "2015-12-14T23:41:59.955Z",
    "cc": [
      "30f530c4-ce6c-4724-9cfd-37a16e787139"
    ],
    "created": "2015-12-14T23:41:59.955Z",
    "assignee": "30f530c4-ce6c-4724-9cfd-37a16e787112",
    "requester": "30f530c4-ce6c-4724-9cfd-37a16e787121"
  }
},
{
  "model": "ticket.ticket",
  "pk": "40f530c4-ce6c-4724-9cfd-37a16e787048",
  "fields": {
    "categories": [
      "24f530c4-ce6c-4724-9cfd-37a16e787014",
      "24f530c4-ce6c-4724-9cfd-37a16e787006",
      "24f530c4-ce6c-4724-9cfd-37a16e787001"
    ],
    "location": "f09e3733-699e-423d-8948-9a98aaf1951c",
    "deleted": null,
    "status": "def11673-d4ab-41a6-a37f-0c6846b96002",
    "request": "TdZnunhnGU",
    "priority": "def21673-d4ab-41a6-a37f-0c6846b96003",
    "number": 48,
    "modified": "2015-12-14T23:42:00.006Z",
    "cc": [
      "30f530c4-ce6c-4724-9cfd-37a16e787180"
    ],
    "created": "2015-12-14T23:42:00.006Z",
    "assignee": "30f530c4-ce6c-4724-9cfd-37a16e787126",
    "requester": "30f530c4-ce6c-4724-9cfd-37a16e787093"
  }
},
{
  "model": "ticket.ticket",
  "pk": "40f530c4-ce6c-4724-9cfd-37a16e787049",
  "fields": {
    "categories": [
      "24f530c4-ce6c-4724-9cfd-37a16e787014",
      "24f530c4-ce6c-4724-9cfd-37a16e787006",
      "24f530c4-ce6c-4724-9cfd-37a16e787001"
    ],
    "location": "a8283447-256c-4701-9dca-e85e952d31f3",
    "deleted": null,
    "status": "def11673-d4ab-41a6-a37f-0c6846b96002",
    "request": "lLZMmNoHYM",
    "priority": "def21673-d4ab-41a6-a37f-0c6846b96001",
    "number": 49,
    "modified": "2015-12-14T23:42:00.058Z",
    "cc": [
      "30f530c4-ce6c-4724-9cfd-37a16e787037"
    ],
    "created": "2015-12-14T23:42:00.057Z",
    "assignee": "30f530c4-ce6c-4724-9cfd-37a16e787020",
    "requester": "30f530c4-ce6c-4724-9cfd-37a16e787082"
  }
},
{
  "model": "ticket.ticket",
  "pk": "40f530c4-ce6c-4724-9cfd-37a16e787050",
  "fields": {
    "categories": [
      "24f530c4-ce6c-4724-9cfd-37a16e787014",
      "24f530c4-ce6c-4724-9cfd-37a16e787006",
      "24f530c4-ce6c-4724-9cfd-37a16e787001"
    ],
    "location": "589145b7-a520-4954-8bb4-38d188b716b6",
    "deleted": null,
    "status": "def11673-d4ab-41a6-a37f-0c6846b96003",
    "request": "qjXoxgmgHJ",
    "priority": "def21673-d4ab-41a6-a37f-0c6846b96002",
    "number": 50,
    "modified": "2015-12-14T23:42:00.108Z",
    "cc": [
      "30f530c4-ce6c-4724-9cfd-37a16e787077"
    ],
    "created": "2015-12-14T23:42:00.108Z",
    "assignee": "30f530c4-ce6c-4724-9cfd-37a16e787020",
    "requester": "30f530c4-ce6c-4724-9cfd-37a16e787096"
  }
},
{
  "model": "ticket.ticket",
  "pk": "40f530c4-ce6c-4724-9cfd-37a16e787051",
  "fields": {
    "categories": [
      "24f530c4-ce6c-4724-9cfd-37a16e787014",
      "24f530c4-ce6c-4724-9cfd-37a16e787006",
      "24f530c4-ce6c-4724-9cfd-37a16e787001"
    ],
    "location": "dddd7e16-f57a-424f-847f-8bb938b43d0b",
    "deleted": null,
    "status": "def11673-d4ab-41a6-a37f-0c6846b96005",
    "request": "nqoBhCMAoY",
    "priority": "def21673-d4ab-41a6-a37f-0c6846b96003",
    "number": 51,
    "modified": "2015-12-14T23:42:00.159Z",
    "cc": [
      "30f530c4-ce6c-4724-9cfd-37a16e787131"
    ],
    "created": "2015-12-14T23:42:00.159Z",
    "assignee": "30f530c4-ce6c-4724-9cfd-37a16e787151",
    "requester": "30f530c4-ce6c-4724-9cfd-37a16e787157"
  }
}
]
